
=======================================================
Running Automated SynRXN rbl/complex Tractability Benchmark
=======================================================
Successfully loaded SynRXN rbl/complex dataset with 1748 records.
Scanning the first 512 records for parsability...
[16:57:23] WARNING: not removing hydrogen atom without neighbors
[16:57:23] WARNING: not removing hydrogen atom without neighbors
  [31m✗ Missing reaction data for record complex_163[0m
[16:57:23] WARNING: not removing hydrogen atom without neighbors

[16:57:23] WARNING: not removing hydrogen atom without neighbors
[16:57:23] WARNING: not removing hydrogen atom without neighbors
Classification Summary (first 512 records):
[16:57:23] WARNING: not removing hydrogen atom without neighbors
  ✓ Parsed:   511
[16:57:23] WARNING: not removing hydrogen atom without neighbors
[16:57:23] WARNING: not removing hydrogen atom without neighbors
  ✗ Failed parsing: 1
[16:57:23] WARNING: not removing hydrogen atom without neighbors
[16:57:23] WARNING: not removing hydrogen atom without neighbors
    - Missing reaction data: 1
[16:57:23] WARNING: not removing hydrogen atom without neighbors

[16:57:23] WARNING: not removing hydrogen atom without neighbors
[16:57:23] WARNING: not removing hydrogen atom without neighbors
Performing JIT warm-up on the first parsed problem...
[16:57:23] WARNING: not removing hydrogen atom without neighbors
[Atoms → Molecules] Found 250 molecules.
[16:57:23] WARNING: not removing hydrogen atom without neighbors
      [31m✗ Missing goal molecules.[0m
[16:57:23] WARNING: not removing hydrogen atom without neighbors
[16:57:23] WARNING: not removing hydrogen atom without neighbors
[Problem → Reactions] Found 30000 reactions, 250 molecules.
[16:57:23] WARNING: not removing hydrogen atom without neighbors
[16:57:23] WARNING: not removing hydrogen atom without neighbors
      [31m✗ Missing goal molecules.[0m
[16:57:23] WARNING: not removing hydrogen atom without neighbors
Warm-up complete.
[16:57:23] WARNING: not removing hydrogen atom without neighbors
[16:57:23] WARNING: not removing hydrogen atom without neighbors

[16:57:23] WARNING: not removing hydrogen atom without neighbors

[16:57:23] WARNING: not removing hydrogen atom without neighbors
Evaluating synthesis (stages molecules -> reactions only) on the first 500 parsed problems...
[16:57:24] WARNING: not removing hydrogen atom without neighbors
[16:57:24] WARNING: not removing hydrogen atom without neighbors

[16:57:24] WARNING: not removing hydrogen atom without neighbors
    [1m[With fragments][0m
[16:57:24] WARNING: not removing hydrogen atom without neighbors
    Running missing molecule synthesis subproblem (Atoms → Molecules)...
[16:57:24] WARNING: not removing hydrogen atom without neighbors
[16:57:24] WARNING: not removing hydrogen atom without neighbors
      Filtering reaction complex_1 (1/500)...
[16:57:24] WARNING: not removing hydrogen atom without neighbors
[Atoms → Molecules] Found 250 molecules.
[16:57:24] WARNING: not removing hydrogen atom without neighbors
[16:57:24] WARNING: not removing hydrogen atom without neighbors
      [31m✗ Missing goal molecules.[0m
[16:57:24] WARNING: not removing hydrogen atom without neighbors
[16:57:24] WARNING: not removing hydrogen atom without neighbors
        [31m✗ Missing molecule synthesis subproblem failed in 0.91s[0m
      Filtering reaction complex_2 (2/500)...
[Atoms → Molecules] Found 134 molecules.
      [32m✓ All goal molecules found.[0m
        [32m✓ Missing molecule synthesis subproblem passed in 0.49s[0m
      Filtering reaction complex_3 (3/500)...
[Atoms → Molecules] Found 9 molecules.
      [32m✓ All goal molecules found.[0m
        [32m✓ Missing molecule synthesis subproblem passed in 0.07s[0m
      Filtering reaction complex_4 (4/500)...
[Atoms → Molecules] Found 11 molecules.
      [32m✓ All goal molecules found.[0m
        [32m✓ Missing molecule synthesis subproblem passed in 0.05s[0m
      Filtering reaction complex_5 (5/500)...
[Atoms → Molecules] Found 7 molecules.
      [32m✓ All goal molecules found.[0m
        [32m✓ Missing molecule synthesis subproblem passed in 0.03s[0m
      Filtering reaction complex_6 (6/500)...
[Atoms → Molecules] Found 2 molecules.
      [32m✓ All goal molecules found.[0m
        [32m✓ Missing molecule synthesis subproblem passed in 0.09s[0m
      Filtering reaction complex_7 (7/500)...
[Atoms → Molecules] Found 250 molecules.
      [31m✗ Missing goal molecules.[0m
        [31m✗ Missing molecule synthesis subproblem failed in 0.78s[0m
      Filtering reaction complex_8 (8/500)...
[Atoms → Molecules] Found 4 molecules.
      [32m✓ All goal molecules found.[0m
        [32m✓ Missing molecule synthesis subproblem passed in 0.08s[0m
      Filtering reaction complex_9 (9/500)...
[Atoms → Molecules] Found 10 molecules.
      [32m✓ All goal molecules found.[0m
        [32m✓ Missing molecule synthesis subproblem passed in 0.05s[0m
      Filtering reaction complex_10 (10/500)...
[Atoms → Molecules] Found 14 molecules.
      [32m✓ All goal molecules found.[0m
        [32m✓ Missing molecule synthesis subproblem passed in 0.06s[0m
      Filtering reaction complex_11 (11/500)...
[Atoms → Molecules] Found 10 molecules.
      [32m✓ All goal molecules found.[0m
        [32m✓ Missing molecule synthesis subproblem passed in 0.07s[0m
      Filtering reaction complex_12 (12/500)...
[Atoms → Molecules] Found 250 molecules.
      [31m✗ Missing goal molecules.[0m
        [31m✗ Missing molecule synthesis subproblem failed in 1.53s[0m
      Filtering reaction complex_13 (13/500)...
[Atoms → Molecules] Found 17 molecules.
      [32m✓ All goal molecules found.[0m
        [32m✓ Missing molecule synthesis subproblem passed in 0.08s[0m
      Filtering reaction complex_14 (14/500)...
[Atoms → Molecules] Found 21 molecules.
      [32m✓ All goal molecules found.[0m
        [32m✓ Missing molecule synthesis subproblem passed in 0.08s[0m
      Filtering reaction complex_15 (15/500)...
[Atoms → Molecules] Found 4 molecules.
      [32m✓ All goal molecules found.[0m
        [32m✓ Missing molecule synthesis subproblem passed in 0.03s[0m
      Filtering reaction complex_16 (16/500)...
[Atoms → Molecules] Found 53 molecules.
      [32m✓ All goal molecules found.[0m
        [32m✓ Missing molecule synthesis subproblem passed in 0.1s[0m
      Filtering reaction complex_17 (17/500)...
[Atoms → Molecules] Found 18 molecules.
      [32m✓ All goal molecules found.[0m
        [32m✓ Missing molecule synthesis subproblem passed in 0.04s[0m
      Filtering reaction complex_18 (18/500)...
[Atoms → Molecules] Found 250 molecules.
      [31m✗ Missing goal molecules.[0m
        [31m✗ Missing molecule synthesis subproblem failed in 0.81s[0m
      Filtering reaction complex_19 (19/500)...
[Atoms → Molecules] Found 10 molecules.
      [32m✓ All goal molecules found.[0m
        [32m✓ Missing molecule synthesis subproblem passed in 0.13s[0m
      Filtering reaction complex_20 (20/500)...
[Atoms → Molecules] Found 250 molecules.
      [31m✗ Missing goal molecules.[0m
        [31m✗ Missing molecule synthesis subproblem failed in 0.52s[0m
      Filtering reaction complex_21 (21/500)...
[Atoms → Molecules] Found 69 molecules.
      [32m✓ All goal molecules found.[0m
        [32m✓ Missing molecule synthesis subproblem passed in 0.18s[0m
      Filtering reaction complex_22 (22/500)...
[Atoms → Molecules] Found 250 molecules.
      [31m✗ Missing goal molecules.[0m
        [31m✗ Missing molecule synthesis subproblem failed in 1.11s[0m
      Filtering reaction complex_23 (23/500)...
[Atoms → Molecules] Found 250 molecules.
      [31m✗ Missing goal molecules.[0m
        [31m✗ Missing molecule synthesis subproblem failed in 0.51s[0m
      Filtering reaction complex_24 (24/500)...
[Atoms → Molecules] Found 18 molecules.
      [32m✓ All goal molecules found.[0m
        [32m✓ Missing molecule synthesis subproblem passed in 0.05s[0m
      Filtering reaction complex_25 (25/500)...
[Atoms → Molecules] Found 250 molecules.
      [31m✗ Missing goal molecules.[0m
        [31m✗ Missing molecule synthesis subproblem failed in 0.61s[0m
      Filtering reaction complex_26 (26/500)...
[Atoms → Molecules] Found 18 molecules.
      [32m✓ All goal molecules found.[0m
        [32m✓ Missing molecule synthesis subproblem passed in 0.09s[0m
      Filtering reaction complex_27 (27/500)...
[Atoms → Molecules] Found 250 molecules.
      [31m✗ Missing goal molecules.[0m
        [31m✗ Missing molecule synthesis subproblem failed in 0.84s[0m
      Filtering reaction complex_28 (28/500)...
[Atoms → Molecules] Found 250 molecules.
      [31m✗ Missing goal molecules.[0m
        [31m✗ Missing molecule synthesis subproblem failed in 0.79s[0m
      Filtering reaction complex_29 (29/500)...
[Atoms → Molecules] Found 250 molecules.
      [31m✗ Missing goal molecules.[0m
        [31m✗ Missing molecule synthesis subproblem failed in 1.31s[0m
      Filtering reaction complex_30 (30/500)...
[Atoms → Molecules] Found 2 molecules.
      [32m✓ All goal molecules found.[0m
        [32m✓ Missing molecule synthesis subproblem passed in 0.03s[0m
      Filtering reaction complex_31 (31/500)...
[Atoms → Molecules] Found 17 molecules.
      [32m✓ All goal molecules found.[0m
        [32m✓ Missing molecule synthesis subproblem passed in 0.11s[0m
      Filtering reaction complex_32 (32/500)...
[Atoms → Molecules] Found 250 molecules.
      [31m✗ Missing goal molecules.[0m
        [31m✗ Missing molecule synthesis subproblem failed in 0.8s[0m
      Filtering reaction complex_33 (33/500)...
[Atoms → Molecules] Found 15 molecules.
      [32m✓ All goal molecules found.[0m
        [32m✓ Missing molecule synthesis subproblem passed in 0.06s[0m
      Filtering reaction complex_34 (34/500)...
[Atoms → Molecules] Found 250 molecules.
      [31m✗ Missing goal molecules.[0m
        [31m✗ Missing molecule synthesis subproblem failed in 1.47s[0m
      Filtering reaction complex_35 (35/500)...
[Atoms → Molecules] Found 3 molecules.
      [32m✓ All goal molecules found.[0m
        [32m✓ Missing molecule synthesis subproblem passed in 0.02s[0m
      Filtering reaction complex_36 (36/500)...
[Atoms → Molecules] Found 6 molecules.
      [32m✓ All goal molecules found.[0m
        [32m✓ Missing molecule synthesis subproblem passed in 0.12s[0m
      Filtering reaction complex_37 (37/500)...
[Atoms → Molecules] Found 9 molecules.
      [32m✓ All goal molecules found.[0m
        [32m✓ Missing molecule synthesis subproblem passed in 0.04s[0m
      Filtering reaction complex_38 (38/500)...
[Atoms → Molecules] Found 10 molecules.
      [32m✓ All goal molecules found.[0m
        [32m✓ Missing molecule synthesis subproblem passed in 0.08s[0m
      Filtering reaction complex_39 (39/500)...
[Atoms → Molecules] Found 250 molecules.
      [31m✗ Missing goal molecules.[0m
        [31m✗ Missing molecule synthesis subproblem failed in 0.84s[0m
      Filtering reaction complex_40 (40/500)...
[Atoms → Molecules] Found 4 molecules.
      [32m✓ All goal molecules found.[0m
        [32m✓ Missing molecule synthesis subproblem passed in 0.02s[0m
      Filtering reaction complex_41 (41/500)...
[Atoms → Molecules] Found 250 molecules.
      [31m✗ Missing goal molecules.[0m
        [31m✗ Missing molecule synthesis subproblem failed in 0.69s[0m
      Filtering reaction complex_42 (42/500)...
[Atoms → Molecules] Found 24 molecules.
      [32m✓ All goal molecules found.[0m
        [32m✓ Missing molecule synthesis subproblem passed in 0.13s[0m
      Filtering reaction complex_43 (43/500)...
[Atoms → Molecules] Found 33 molecules.
      [32m✓ All goal molecules found.[0m
        [32m✓ Missing molecule synthesis subproblem passed in 0.16s[0m
      Filtering reaction complex_44 (44/500)...
[Atoms → Molecules] Found 1 molecules.
      [32m✓ All goal molecules found.[0m
        [32m✓ Missing molecule synthesis subproblem passed in 0.05s[0m
      Filtering reaction complex_45 (45/500)...
[Atoms → Molecules] Found 128 molecules.
      [32m✓ All goal molecules found.[0m
        [32m✓ Missing molecule synthesis subproblem passed in 0.26s[0m
      Filtering reaction complex_46 (46/500)...
[Atoms → Molecules] Found 3 molecules.
      [32m✓ All goal molecules found.[0m
        [32m✓ Missing molecule synthesis subproblem passed in 0.05s[0m
      Filtering reaction complex_47 (47/500)...
[Atoms → Molecules] Found 16 molecules.
      [32m✓ All goal molecules found.[0m
        [32m✓ Missing molecule synthesis subproblem passed in 0.07s[0m
      Filtering reaction complex_48 (48/500)...
[Atoms → Molecules] Found 24 molecules.
      [32m✓ All goal molecules found.[0m
        [32m✓ Missing molecule synthesis subproblem passed in 0.1s[0m
      Filtering reaction complex_49 (49/500)...
[Atoms → Molecules] Found 10 molecules.
      [32m✓ All goal molecules found.[0m
        [32m✓ Missing molecule synthesis subproblem passed in 0.1s[0m
      Filtering reaction complex_50 (50/500)...
[Atoms → Molecules] Found 19 molecules.
      [32m✓ All goal molecules found.[0m
        [32m✓ Missing molecule synthesis subproblem passed in 0.07s[0m
      Filtering reaction complex_51 (51/500)...
[Atoms → Molecules] Found 38 molecules.
      [32m✓ All goal molecules found.[0m
        [32m✓ Missing molecule synthesis subproblem passed in 0.25s[0m
      Filtering reaction complex_52 (52/500)...
[Atoms → Molecules] Found 13 molecules.
      [32m✓ All goal molecules found.[0m
        [32m✓ Missing molecule synthesis subproblem passed in 0.08s[0m
      Filtering reaction complex_53 (53/500)...
[Atoms → Molecules] Found 26 molecules.
      [32m✓ All goal molecules found.[0m
        [32m✓ Missing molecule synthesis subproblem passed in 0.11s[0m
      Filtering reaction complex_54 (54/500)...
[Atoms → Molecules] Found 5 molecules.
      [32m✓ All goal molecules found.[0m
        [32m✓ Missing molecule synthesis subproblem passed in 0.03s[0m
      Filtering reaction complex_55 (55/500)...
[Atoms → Molecules] Found 14 molecules.
      [32m✓ All goal molecules found.[0m
        [32m✓ Missing molecule synthesis subproblem passed in 0.08s[0m
      Filtering reaction complex_56 (56/500)...
[Atoms → Molecules] Found 143 molecules.
      [32m✓ All goal molecules found.[0m
        [32m✓ Missing molecule synthesis subproblem passed in 0.34s[0m
      Filtering reaction complex_57 (57/500)...
[Atoms → Molecules] Found 38 molecules.
      [32m✓ All goal molecules found.[0m
        [32m✓ Missing molecule synthesis subproblem passed in 0.17s[0m
      Filtering reaction complex_58 (58/500)...
[Atoms → Molecules] Found 250 molecules.
      [31m✗ Missing goal molecules.[0m
        [31m✗ Missing molecule synthesis subproblem failed in 0.82s[0m
      Filtering reaction complex_59 (59/500)...
[Atoms → Molecules] Found 250 molecules.
      [31m✗ Missing goal molecules.[0m
        [31m✗ Missing molecule synthesis subproblem failed in 0.54s[0m
      Filtering reaction complex_60 (60/500)...
[Atoms → Molecules] Found 5 molecules.
      [32m✓ All goal molecules found.[0m
        [32m✓ Missing molecule synthesis subproblem passed in 0.02s[0m
      Filtering reaction complex_61 (61/500)...
[Atoms → Molecules] Found 9 molecules.
      [32m✓ All goal molecules found.[0m
        [32m✓ Missing molecule synthesis subproblem passed in 0.03s[0m
      Filtering reaction complex_62 (62/500)...
[Atoms → Molecules] Found 73 molecules.
      [32m✓ All goal molecules found.[0m
        [32m✓ Missing molecule synthesis subproblem passed in 0.3s[0m
      Filtering reaction complex_63 (63/500)...
[Atoms → Molecules] Found 74 molecules.
      [32m✓ All goal molecules found.[0m
        [32m✓ Missing molecule synthesis subproblem passed in 1.0s[0m
      Filtering reaction complex_64 (64/500)...
[Atoms → Molecules] Found 60 molecules.
      [32m✓ All goal molecules found.[0m
        [32m✓ Missing molecule synthesis subproblem passed in 0.12s[0m
      Filtering reaction complex_65 (65/500)...
[Atoms → Molecules] Found 82 molecules.
      [32m✓ All goal molecules found.[0m
        [32m✓ Missing molecule synthesis subproblem passed in 0.25s[0m
      Filtering reaction complex_66 (66/500)...
[Atoms → Molecules] Found 30 molecules.
      [32m✓ All goal molecules found.[0m
        [32m✓ Missing molecule synthesis subproblem passed in 0.08s[0m
      Filtering reaction complex_67 (67/500)...
[Atoms → Molecules] Found 60 molecules.
      [32m✓ All goal molecules found.[0m
        [32m✓ Missing molecule synthesis subproblem passed in 0.13s[0m
      Filtering reaction complex_68 (68/500)...
[Atoms → Molecules] Found 69 molecules.
      [32m✓ All goal molecules found.[0m
        [32m✓ Missing molecule synthesis subproblem passed in 0.21s[0m
      Filtering reaction complex_69 (69/500)...
[Atoms → Molecules] Found 2 molecules.
      [32m✓ All goal molecules found.[0m
        [32m✓ Missing molecule synthesis subproblem passed in 0.02s[0m
      Filtering reaction complex_70 (70/500)...
[Atoms → Molecules] Found 76 molecules.
      [32m✓ All goal molecules found.[0m
        [32m✓ Missing molecule synthesis subproblem passed in 0.24s[0m
      Filtering reaction complex_71 (71/500)...
[Atoms → Molecules] Found 182 molecules.
      [32m✓ All goal molecules found.[0m
        [32m✓ Missing molecule synthesis subproblem passed in 0.54s[0m
      Filtering reaction complex_72 (72/500)...
[Atoms → Molecules] Found 79 molecules.
      [32m✓ All goal molecules found.[0m
        [32m✓ Missing molecule synthesis subproblem passed in 0.17s[0m
      Filtering reaction complex_73 (73/500)...
[Atoms → Molecules] Found 33 molecules.
      [32m✓ All goal molecules found.[0m
        [32m✓ Missing molecule synthesis subproblem passed in 0.09s[0m
      Filtering reaction complex_74 (74/500)...
[Atoms → Molecules] Found 250 molecules.
      [31m✗ Missing goal molecules.[0m
        [31m✗ Missing molecule synthesis subproblem failed in 0.72s[0m
      Filtering reaction complex_75 (75/500)...
[Atoms → Molecules] Found 60 molecules.
      [32m✓ All goal molecules found.[0m
        [32m✓ Missing molecule synthesis subproblem passed in 0.19s[0m
      Filtering reaction complex_76 (76/500)...
[Atoms → Molecules] Found 1 molecules.
      [32m✓ All goal molecules found.[0m
        [32m✓ Missing molecule synthesis subproblem passed in 0.01s[0m
      Filtering reaction complex_77 (77/500)...
[Atoms → Molecules] Found 12 molecules.
      [32m✓ All goal molecules found.[0m
        [32m✓ Missing molecule synthesis subproblem passed in 0.03s[0m
      Filtering reaction complex_78 (78/500)...
[Atoms → Molecules] Found 63 molecules.
      [32m✓ All goal molecules found.[0m
        [32m✓ Missing molecule synthesis subproblem passed in 0.25s[0m
      Filtering reaction complex_79 (79/500)...
[Atoms → Molecules] Found 48 molecules.
      [32m✓ All goal molecules found.[0m
        [32m✓ Missing molecule synthesis subproblem passed in 0.16s[0m
      Filtering reaction complex_80 (80/500)...
[Atoms → Molecules] Found 4 molecules.
      [32m✓ All goal molecules found.[0m
        [32m✓ Missing molecule synthesis subproblem passed in 0.02s[0m
      Filtering reaction complex_81 (81/500)...
[Atoms → Molecules] Found 144 molecules.
      [32m✓ All goal molecules found.[0m
        [32m✓ Missing molecule synthesis subproblem passed in 0.29s[0m
      Filtering reaction complex_82 (82/500)...
[Atoms → Molecules] Found 9 molecules.
      [32m✓ All goal molecules found.[0m
        [32m✓ Missing molecule synthesis subproblem passed in 0.02s[0m
      Filtering reaction complex_83 (83/500)...
[Atoms → Molecules] Found 13 molecules.
      [32m✓ All goal molecules found.[0m
        [32m✓ Missing molecule synthesis subproblem passed in 0.02s[0m
      Filtering reaction complex_84 (84/500)...
[Atoms → Molecules] Found 60 molecules.
      [32m✓ All goal molecules found.[0m
        [32m✓ Missing molecule synthesis subproblem passed in 0.2s[0m
      Filtering reaction complex_85 (85/500)...
[Atoms → Molecules] Found 250 molecules.
      [31m✗ Missing goal molecules.[0m
        [31m✗ Missing molecule synthesis subproblem failed in 1.13s[0m
      Filtering reaction complex_86 (86/500)...
[Atoms → Molecules] Found 134 molecules.
      [32m✓ All goal molecules found.[0m
        [32m✓ Missing molecule synthesis subproblem passed in 0.39s[0m
      Filtering reaction complex_87 (87/500)...
[Atoms → Molecules] Found 23 molecules.
      [32m✓ All goal molecules found.[0m
        [32m✓ Missing molecule synthesis subproblem passed in 0.04s[0m
      Filtering reaction complex_88 (88/500)...
[Atoms → Molecules] Found 69 molecules.
      [32m✓ All goal molecules found.[0m
        [32m✓ Missing molecule synthesis subproblem passed in 0.27s[0m
      Filtering reaction complex_89 (89/500)...
[Atoms → Molecules] Found 250 molecules.
      [31m✗ Missing goal molecules.[0m
        [31m✗ Missing molecule synthesis subproblem failed in 0.54s[0m
      Filtering reaction complex_90 (90/500)...
[Atoms → Molecules] Found 62 molecules.
      [32m✓ All goal molecules found.[0m
        [32m✓ Missing molecule synthesis subproblem passed in 0.2s[0m
      Filtering reaction complex_91 (91/500)...
[Atoms → Molecules] Found 54 molecules.
      [32m✓ All goal molecules found.[0m
        [32m✓ Missing molecule synthesis subproblem passed in 0.21s[0m
      Filtering reaction complex_92 (92/500)...
[Atoms → Molecules] Found 26 molecules.
      [32m✓ All goal molecules found.[0m
        [32m✓ Missing molecule synthesis subproblem passed in 0.08s[0m
      Filtering reaction complex_93 (93/500)...
[Atoms → Molecules] Found 150 molecules.
      [32m✓ All goal molecules found.[0m
        [32m✓ Missing molecule synthesis subproblem passed in 0.51s[0m
      Filtering reaction complex_94 (94/500)...
[Atoms → Molecules] Found 18 molecules.
      [32m✓ All goal molecules found.[0m
        [32m✓ Missing molecule synthesis subproblem passed in 0.03s[0m
      Filtering reaction complex_95 (95/500)...
[Atoms → Molecules] Found 2 molecules.
      [32m✓ All goal molecules found.[0m
        [32m✓ Missing molecule synthesis subproblem passed in 0.06s[0m
      Filtering reaction complex_96 (96/500)...
[Atoms → Molecules] Found 41 molecules.
      [32m✓ All goal molecules found.[0m
        [32m✓ Missing molecule synthesis subproblem passed in 0.1s[0m
      Filtering reaction complex_97 (97/500)...
[Atoms → Molecules] Found 145 molecules.
      [32m✓ All goal molecules found.[0m
        [32m✓ Missing molecule synthesis subproblem passed in 0.49s[0m
      Filtering reaction complex_98 (98/500)...
[Atoms → Molecules] Found 4 molecules.
      [32m✓ All goal molecules found.[0m
        [32m✓ Missing molecule synthesis subproblem passed in 0.02s[0m
      Filtering reaction complex_99 (99/500)...
[Atoms → Molecules] Found 13 molecules.
      [32m✓ All goal molecules found.[0m
        [32m✓ Missing molecule synthesis subproblem passed in 0.06s[0m
      Filtering reaction complex_100 (100/500)...
[Atoms → Molecules] Found 9 molecules.
      [32m✓ All goal molecules found.[0m
        [32m✓ Missing molecule synthesis subproblem passed in 0.06s[0m
      Filtering reaction complex_101 (101/500)...
[Atoms → Molecules] Found 17 molecules.
      [32m✓ All goal molecules found.[0m
        [32m✓ Missing molecule synthesis subproblem passed in 0.04s[0m
      Filtering reaction complex_102 (102/500)...
[Atoms → Molecules] Found 20 molecules.
      [32m✓ All goal molecules found.[0m
        [32m✓ Missing molecule synthesis subproblem passed in 0.11s[0m
      Filtering reaction complex_103 (103/500)...
[Atoms → Molecules] Found 4 molecules.
      [32m✓ All goal molecules found.[0m
        [32m✓ Missing molecule synthesis subproblem passed in 0.01s[0m
      Filtering reaction complex_104 (104/500)...
[Atoms → Molecules] Found 250 molecules.
      [31m✗ Missing goal molecules.[0m
        [31m✗ Missing molecule synthesis subproblem failed in 0.8s[0m
      Filtering reaction complex_105 (105/500)...
[Atoms → Molecules] Found 250 molecules.
      [31m✗ Missing goal molecules.[0m
        [31m✗ Missing molecule synthesis subproblem failed in 0.7s[0m
      Filtering reaction complex_106 (106/500)...
[Atoms → Molecules] Found 250 molecules.
      [31m✗ Missing goal molecules.[0m
        [31m✗ Missing molecule synthesis subproblem failed in 0.42s[0m
      Filtering reaction complex_107 (107/500)...
[Atoms → Molecules] Found 90 molecules.
      [32m✓ All goal molecules found.[0m
        [32m✓ Missing molecule synthesis subproblem passed in 0.32s[0m
      Filtering reaction complex_108 (108/500)...
[Atoms → Molecules] Found 250 molecules.
      [31m✗ Missing goal molecules.[0m
        [31m✗ Missing molecule synthesis subproblem failed in 2.25s[0m
      Filtering reaction complex_109 (109/500)...
[Atoms → Molecules] Found 81 molecules.
      [32m✓ All goal molecules found.[0m
        [32m✓ Missing molecule synthesis subproblem passed in 0.37s[0m
      Filtering reaction complex_110 (110/500)...
[Atoms → Molecules] Found 250 molecules.
      [31m✗ Missing goal molecules.[0m
        [31m✗ Missing molecule synthesis subproblem failed in 1.22s[0m
      Filtering reaction complex_111 (111/500)...
[Atoms → Molecules] Found 2 molecules.
      [32m✓ All goal molecules found.[0m
        [32m✓ Missing molecule synthesis subproblem passed in 0.03s[0m
      Filtering reaction complex_112 (112/500)...
[Atoms → Molecules] Found 250 molecules.
      [31m✗ Missing goal molecules.[0m
        [31m✗ Missing molecule synthesis subproblem failed in 1.45s[0m
      Filtering reaction complex_113 (113/500)...
[Atoms → Molecules] Found 250 molecules.
      [31m✗ Missing goal molecules.[0m
        [31m✗ Missing molecule synthesis subproblem failed in 1.22s[0m
      Filtering reaction complex_114 (114/500)...
[Atoms → Molecules] Found 250 molecules.
      [31m✗ Missing goal molecules.[0m
        [31m✗ Missing molecule synthesis subproblem failed in 1.12s[0m
      Filtering reaction complex_115 (115/500)...
[Atoms → Molecules] Found 96 molecules.
      [32m✓ All goal molecules found.[0m
        [32m✓ Missing molecule synthesis subproblem passed in 0.3s[0m
      Filtering reaction complex_116 (116/500)...
[Atoms → Molecules] Found 4 molecules.
      [32m✓ All goal molecules found.[0m
        [32m✓ Missing molecule synthesis subproblem passed in 0.02s[0m
      Filtering reaction complex_117 (117/500)...
[Atoms → Molecules] Found 29 molecules.
      [32m✓ All goal molecules found.[0m
        [32m✓ Missing molecule synthesis subproblem passed in 0.15s[0m
      Filtering reaction complex_118 (118/500)...
[Atoms → Molecules] Found 1 molecules.
      [32m✓ All goal molecules found.[0m
        [32m✓ Missing molecule synthesis subproblem passed in 0.09s[0m
      Filtering reaction complex_119 (119/500)...
[Atoms → Molecules] Found 13 molecules.
      [32m✓ All goal molecules found.[0m
        [32m✓ Missing molecule synthesis subproblem passed in 0.05s[0m
      Filtering reaction complex_120 (120/500)...
[Atoms → Molecules] Found 250 molecules.
      [31m✗ Missing goal molecules.[0m
        [31m✗ Missing molecule synthesis subproblem failed in 2.23s[0m
      Filtering reaction complex_121 (121/500)...
[Atoms → Molecules] Found 250 molecules.
      [31m✗ Missing goal molecules.[0m
        [31m✗ Missing molecule synthesis subproblem failed in 1.94s[0m
      Filtering reaction complex_122 (122/500)...
[Atoms → Molecules] Found 78 molecules.
      [32m✓ All goal molecules found.[0m
        [32m✓ Missing molecule synthesis subproblem passed in 0.29s[0m
      Filtering reaction complex_123 (123/500)...
[Atoms → Molecules] Found 4 molecules.
      [32m✓ All goal molecules found.[0m
        [32m✓ Missing molecule synthesis subproblem passed in 0.04s[0m
      Filtering reaction complex_124 (124/500)...
[Atoms → Molecules] Found 250 molecules.
      [31m✗ Missing goal molecules.[0m
        [31m✗ Missing molecule synthesis subproblem failed in 0.72s[0m
      Filtering reaction complex_125 (125/500)...
[Atoms → Molecules] Found 93 molecules.
      [32m✓ All goal molecules found.[0m
        [32m✓ Missing molecule synthesis subproblem passed in 0.29s[0m
      Filtering reaction complex_126 (126/500)...
[Atoms → Molecules] Found 250 molecules.
      [31m✗ Missing goal molecules.[0m
        [31m✗ Missing molecule synthesis subproblem failed in 0.9s[0m
      Filtering reaction complex_127 (127/500)...
[Atoms → Molecules] Found 38 molecules.
      [32m✓ All goal molecules found.[0m
        [32m✓ Missing molecule synthesis subproblem passed in 0.23s[0m
      Filtering reaction complex_128 (128/500)...
[Atoms → Molecules] Found 250 molecules.
      [31m✗ Missing goal molecules.[0m
        [31m✗ Missing molecule synthesis subproblem failed in 1.17s[0m
      Filtering reaction complex_129 (129/500)...
[Atoms → Molecules] Found 250 molecules.
      [31m✗ Missing goal molecules.[0m
        [31m✗ Missing molecule synthesis subproblem failed in 1.48s[0m
      Filtering reaction complex_130 (130/500)...
[Atoms → Molecules] Found 204 molecules.
      [32m✓ All goal molecules found.[0m
        [32m✓ Missing molecule synthesis subproblem passed in 1.18s[0m
      Filtering reaction complex_131 (131/500)...
[Atoms → Molecules] Found 1 molecules.
      [32m✓ All goal molecules found.[0m
        [32m✓ Missing molecule synthesis subproblem passed in 0.03s[0m
      Filtering reaction complex_132 (132/500)...
[Atoms → Molecules] Found 6 molecules.
      [32m✓ All goal molecules found.[0m
        [32m✓ Missing molecule synthesis subproblem passed in 0.08s[0m
      Filtering reaction complex_133 (133/500)...
[Atoms → Molecules] Found 14 molecules.
      [32m✓ All goal molecules found.[0m
        [32m✓ Missing molecule synthesis subproblem passed in 0.03s[0m
      Filtering reaction complex_134 (134/500)...
[Atoms → Molecules] Found 250 molecules.
      [31m✗ Missing goal molecules.[0m
        [31m✗ Missing molecule synthesis subproblem failed in 0.93s[0m
      Filtering reaction complex_135 (135/500)...
[Atoms → Molecules] Found 250 molecules.
      [31m✗ Missing goal molecules.[0m
        [31m✗ Missing molecule synthesis subproblem failed in 0.92s[0m
      Filtering reaction complex_136 (136/500)...
[Atoms → Molecules] Found 2 molecules.
      [32m✓ All goal molecules found.[0m
        [32m✓ Missing molecule synthesis subproblem passed in 0.02s[0m
      Filtering reaction complex_137 (137/500)...
[Atoms → Molecules] Found 9 molecules.
      [32m✓ All goal molecules found.[0m
        [32m✓ Missing molecule synthesis subproblem passed in 0.03s[0m
      Filtering reaction complex_138 (138/500)...
[Atoms → Molecules] Found 250 molecules.
      [31m✗ Missing goal molecules.[0m
        [31m✗ Missing molecule synthesis subproblem failed in 1.23s[0m
      Filtering reaction complex_139 (139/500)...
[Atoms → Molecules] Found 250 molecules.
      [31m✗ Missing goal molecules.[0m
        [31m✗ Missing molecule synthesis subproblem failed in 4.06s[0m
      Filtering reaction complex_140 (140/500)...
[Atoms → Molecules] Found 63 molecules.
      [32m✓ All goal molecules found.[0m
        [32m✓ Missing molecule synthesis subproblem passed in 0.3s[0m
      Filtering reaction complex_141 (141/500)...
[Atoms → Molecules] Found 250 molecules.
      [31m✗ Missing goal molecules.[0m
        [31m✗ Missing molecule synthesis subproblem failed in 0.77s[0m
      Filtering reaction complex_142 (142/500)...
[Atoms → Molecules] Found 250 molecules.
      [31m✗ Missing goal molecules.[0m
        [31m✗ Missing molecule synthesis subproblem failed in 1.17s[0m
      Filtering reaction complex_143 (143/500)...
[Atoms → Molecules] Found 250 molecules.
      [31m✗ Missing goal molecules.[0m
        [31m✗ Missing molecule synthesis subproblem failed in 2.19s[0m
      Filtering reaction complex_144 (144/500)...
[Atoms → Molecules] Found 20 molecules.
      [32m✓ All goal molecules found.[0m
        [32m✓ Missing molecule synthesis subproblem passed in 0.09s[0m
      Filtering reaction complex_145 (145/500)...
[Atoms → Molecules] Found 250 molecules.
      [31m✗ Missing goal molecules.[0m
        [31m✗ Missing molecule synthesis subproblem failed in 1.8s[0m
      Filtering reaction complex_146 (146/500)...
[Atoms → Molecules] Found 57 molecules.
      [32m✓ All goal molecules found.[0m
        [32m✓ Missing molecule synthesis subproblem passed in 0.16s[0m
      Filtering reaction complex_147 (147/500)...
[Atoms → Molecules] Found 250 molecules.
      [31m✗ Missing goal molecules.[0m
        [31m✗ Missing molecule synthesis subproblem failed in 1.27s[0m
      Filtering reaction complex_148 (148/500)...
[Atoms → Molecules] Found 250 molecules.
      [31m✗ Missing goal molecules.[0m
        [31m✗ Missing molecule synthesis subproblem failed in 0.99s[0m
      Filtering reaction complex_149 (149/500)...
[Atoms → Molecules] Found 250 molecules.
      [31m✗ Missing goal molecules.[0m
        [31m✗ Missing molecule synthesis subproblem failed in 1.92s[0m
      Filtering reaction complex_150 (150/500)...
[Atoms → Molecules] Found 16 molecules.
      [32m✓ All goal molecules found.[0m
        [32m✓ Missing molecule synthesis subproblem passed in 0.04s[0m
      Filtering reaction complex_151 (151/500)...
[Atoms → Molecules] Found 250 molecules.
      [31m✗ Missing goal molecules.[0m
        [31m✗ Missing molecule synthesis subproblem failed in 0.85s[0m
      Filtering reaction complex_152 (152/500)...
[Atoms → Molecules] Found 250 molecules.
      [31m✗ Missing goal molecules.[0m
        [31m✗ Missing molecule synthesis subproblem failed in 0.97s[0m
      Filtering reaction complex_153 (153/500)...
[Atoms → Molecules] Found 3 molecules.
      [32m✓ All goal molecules found.[0m
        [32m✓ Missing molecule synthesis subproblem passed in 0.03s[0m
      Filtering reaction complex_154 (154/500)...
[Atoms → Molecules] Found 6 molecules.
      [32m✓ All goal molecules found.[0m
        [32m✓ Missing molecule synthesis subproblem passed in 0.03s[0m
      Filtering reaction complex_155 (155/500)...
[Atoms → Molecules] Found 250 molecules.
      [31m✗ Missing goal molecules.[0m
        [31m✗ Missing molecule synthesis subproblem failed in 1.04s[0m
      Filtering reaction complex_156 (156/500)...
[Atoms → Molecules] Found 28 molecules.
      [32m✓ All goal molecules found.[0m
        [32m✓ Missing molecule synthesis subproblem passed in 0.08s[0m
      Filtering reaction complex_157 (157/500)...
[Atoms → Molecules] Found 4 molecules.
      [32m✓ All goal molecules found.[0m
        [32m✓ Missing molecule synthesis subproblem passed in 0.02s[0m
      Filtering reaction complex_158 (158/500)...
[Atoms → Molecules] Found 250 molecules.
      [31m✗ Missing goal molecules.[0m
        [31m✗ Missing molecule synthesis subproblem failed in 1.51s[0m
      Filtering reaction complex_159 (159/500)...
[Atoms → Molecules] Found 34 molecules.
      [32m✓ All goal molecules found.[0m
        [32m✓ Missing molecule synthesis subproblem passed in 0.22s[0m
      Filtering reaction complex_160 (160/500)...
[Atoms → Molecules] Found 31 molecules.
      [32m✓ All goal molecules found.[0m
        [32m✓ Missing molecule synthesis subproblem passed in 0.12s[0m
      Filtering reaction complex_161 (161/500)...
[Atoms → Molecules] Found 79 molecules.
      [32m✓ All goal molecules found.[0m
        [32m✓ Missing molecule synthesis subproblem passed in 0.23s[0m
      Filtering reaction complex_162 (162/500)...
[Atoms → Molecules] Found 250 molecules.
      [31m✗ Missing goal molecules.[0m
        [31m✗ Missing molecule synthesis subproblem failed in 0.53s[0m
      Filtering reaction complex_164 (163/500)...
[Atoms → Molecules] Found 250 molecules.
      [31m✗ Missing goal molecules.[0m
        [31m✗ Missing molecule synthesis subproblem failed in 0.73s[0m
      Filtering reaction complex_165 (164/500)...
[Atoms → Molecules] Found 250 molecules.
      [31m✗ Missing goal molecules.[0m
        [31m✗ Missing molecule synthesis subproblem failed in 1.46s[0m
      Filtering reaction complex_166 (165/500)...
[Atoms → Molecules] Found 9 molecules.
      [32m✓ All goal molecules found.[0m
        [32m✓ Missing molecule synthesis subproblem passed in 0.13s[0m
      Filtering reaction complex_167 (166/500)...
[Atoms → Molecules] Found 13 molecules.
      [32m✓ All goal molecules found.[0m
        [32m✓ Missing molecule synthesis subproblem passed in 0.05s[0m
      Filtering reaction complex_168 (167/500)...
[Atoms → Molecules] Found 10 molecules.
      [32m✓ All goal molecules found.[0m
        [32m✓ Missing molecule synthesis subproblem passed in 0.04s[0m
      Filtering reaction complex_169 (168/500)...
[Atoms → Molecules] Found 14 molecules.
      [32m✓ All goal molecules found.[0m
        [32m✓ Missing molecule synthesis subproblem passed in 0.09s[0m
      Filtering reaction complex_170 (169/500)...
[Atoms → Molecules] Found 250 molecules.
      [31m✗ Missing goal molecules.[0m
        [31m✗ Missing molecule synthesis subproblem failed in 1.34s[0m
      Filtering reaction complex_171 (170/500)...
[Atoms → Molecules] Found 10 molecules.
      [32m✓ All goal molecules found.[0m
        [32m✓ Missing molecule synthesis subproblem passed in 0.04s[0m
      Filtering reaction complex_172 (171/500)...
[Atoms → Molecules] Found 250 molecules.
      [31m✗ Missing goal molecules.[0m
        [31m✗ Missing molecule synthesis subproblem failed in 1.13s[0m
      Filtering reaction complex_173 (172/500)...
[Atoms → Molecules] Found 216 molecules.
      [32m✓ All goal molecules found.[0m
        [32m✓ Missing molecule synthesis subproblem passed in 1.75s[0m
      Filtering reaction complex_174 (173/500)...
[Atoms → Molecules] Found 67 molecules.
      [32m✓ All goal molecules found.[0m
        [32m✓ Missing molecule synthesis subproblem passed in 0.19s[0m
      Filtering reaction complex_175 (174/500)...
[Atoms → Molecules] Found 197 molecules.
      [32m✓ All goal molecules found.[0m
        [32m✓ Missing molecule synthesis subproblem passed in 0.77s[0m
      Filtering reaction complex_176 (175/500)...
[Atoms → Molecules] Found 17 molecules.
      [32m✓ All goal molecules found.[0m
        [32m✓ Missing molecule synthesis subproblem passed in 0.07s[0m
      Filtering reaction complex_177 (176/500)...
[Atoms → Molecules] Found 250 molecules.
      [31m✗ Missing goal molecules.[0m
        [31m✗ Missing molecule synthesis subproblem failed in 0.98s[0m
      Filtering reaction complex_178 (177/500)...
[Atoms → Molecules] Found 48 molecules.
      [32m✓ All goal molecules found.[0m
        [32m✓ Missing molecule synthesis subproblem passed in 0.12s[0m
      Filtering reaction complex_179 (178/500)...
[Atoms → Molecules] Found 10 molecules.
      [32m✓ All goal molecules found.[0m
        [32m✓ Missing molecule synthesis subproblem passed in 0.04s[0m
      Filtering reaction complex_180 (179/500)...
[Atoms → Molecules] Found 3 molecules.
      [32m✓ All goal molecules found.[0m
        [32m✓ Missing molecule synthesis subproblem passed in 0.03s[0m
      Filtering reaction complex_181 (180/500)...
[Atoms → Molecules] Found 2 molecules.
      [32m✓ All goal molecules found.[0m
        [32m✓ Missing molecule synthesis subproblem passed in 0.03s[0m
      Filtering reaction complex_182 (181/500)...
[Atoms → Molecules] Found 250 molecules.
      [31m✗ Missing goal molecules.[0m
        [31m✗ Missing molecule synthesis subproblem failed in 1.42s[0m
      Filtering reaction complex_183 (182/500)...
[Atoms → Molecules] Found 250 molecules.
      [31m✗ Missing goal molecules.[0m
        [31m✗ Missing molecule synthesis subproblem failed in 1.92s[0m
      Filtering reaction complex_184 (183/500)...
[Atoms → Molecules] Found 55 molecules.
      [32m✓ All goal molecules found.[0m
        [32m✓ Missing molecule synthesis subproblem passed in 0.13s[0m
      Filtering reaction complex_185 (184/500)...
[Atoms → Molecules] Found 250 molecules.
      [31m✗ Missing goal molecules.[0m
        [31m✗ Missing molecule synthesis subproblem failed in 0.65s[0m
      Filtering reaction complex_186 (185/500)...
[Atoms → Molecules] Found 1 molecules.
      [32m✓ All goal molecules found.[0m
        [32m✓ Missing molecule synthesis subproblem passed in 0.01s[0m
      Filtering reaction complex_187 (186/500)...
[Atoms → Molecules] Found 250 molecules.
      [31m✗ Missing goal molecules.[0m
        [31m✗ Missing molecule synthesis subproblem failed in 0.72s[0m
      Filtering reaction complex_188 (187/500)...
[Atoms → Molecules] Found 3 molecules.
      [32m✓ All goal molecules found.[0m
        [32m✓ Missing molecule synthesis subproblem passed in 0.01s[0m
      Filtering reaction complex_189 (188/500)...
[Atoms → Molecules] Found 8 molecules.
      [32m✓ All goal molecules found.[0m
        [32m✓ Missing molecule synthesis subproblem passed in 0.03s[0m
      Filtering reaction complex_190 (189/500)...
[Atoms → Molecules] Found 2 molecules.
      [32m✓ All goal molecules found.[0m
        [32m✓ Missing molecule synthesis subproblem passed in 0.02s[0m
      Filtering reaction complex_191 (190/500)...
[Atoms → Molecules] Found 4 molecules.
      [32m✓ All goal molecules found.[0m
        [32m✓ Missing molecule synthesis subproblem passed in 0.11s[0m
      Filtering reaction complex_192 (191/500)...
[Atoms → Molecules] Found 4 molecules.
      [32m✓ All goal molecules found.[0m
        [32m✓ Missing molecule synthesis subproblem passed in 0.02s[0m
      Filtering reaction complex_193 (192/500)...
[Atoms → Molecules] Found 2 molecules.
      [32m✓ All goal molecules found.[0m
        [32m✓ Missing molecule synthesis subproblem passed in 0.03s[0m
      Filtering reaction complex_194 (193/500)...
[Atoms → Molecules] Found 5 molecules.
      [32m✓ All goal molecules found.[0m
        [32m✓ Missing molecule synthesis subproblem passed in 0.03s[0m
      Filtering reaction complex_195 (194/500)...
[Atoms → Molecules] Found 250 molecules.
      [31m✗ Missing goal molecules.[0m
        [31m✗ Missing molecule synthesis subproblem failed in 1.57s[0m
      Filtering reaction complex_196 (195/500)...
[Atoms → Molecules] Found 250 molecules.
      [31m✗ Missing goal molecules.[0m
        [31m✗ Missing molecule synthesis subproblem failed in 1.27s[0m
      Filtering reaction complex_197 (196/500)...
[Atoms → Molecules] Found 5 molecules.
      [32m✓ All goal molecules found.[0m
        [32m✓ Missing molecule synthesis subproblem passed in 0.02s[0m
      Filtering reaction complex_198 (197/500)...
[Atoms → Molecules] Found 14 molecules.
      [32m✓ All goal molecules found.[0m
        [32m✓ Missing molecule synthesis subproblem passed in 0.03s[0m
      Filtering reaction complex_199 (198/500)...
[Atoms → Molecules] Found 5 molecules.
      [32m✓ All goal molecules found.[0m
        [32m✓ Missing molecule synthesis subproblem passed in 0.02s[0m
      Filtering reaction complex_200 (199/500)...
[Atoms → Molecules] Found 250 molecules.
      [31m✗ Missing goal molecules.[0m
        [31m✗ Missing molecule synthesis subproblem failed in 1.34s[0m
      Filtering reaction complex_201 (200/500)...
[Atoms → Molecules] Found 250 molecules.
      [31m✗ Missing goal molecules.[0m
        [31m✗ Missing molecule synthesis subproblem failed in 2.93s[0m
      Filtering reaction complex_202 (201/500)...
[Atoms → Molecules] Found 2 molecules.
      [32m✓ All goal molecules found.[0m
        [32m✓ Missing molecule synthesis subproblem passed in 0.02s[0m
      Filtering reaction complex_203 (202/500)...
[Atoms → Molecules] Found 250 molecules.
      [31m✗ Missing goal molecules.[0m
        [31m✗ Missing molecule synthesis subproblem failed in 2.7s[0m
      Filtering reaction complex_204 (203/500)...
[Atoms → Molecules] Found 14 molecules.
      [32m✓ All goal molecules found.[0m
        [32m✓ Missing molecule synthesis subproblem passed in 0.05s[0m
      Filtering reaction complex_205 (204/500)...
[Atoms → Molecules] Found 5 molecules.
      [32m✓ All goal molecules found.[0m
        [32m✓ Missing molecule synthesis subproblem passed in 0.01s[0m
      Filtering reaction complex_206 (205/500)...
[Atoms → Molecules] Found 3 molecules.
      [32m✓ All goal molecules found.[0m
        [32m✓ Missing molecule synthesis subproblem passed in 0.01s[0m
      Filtering reaction complex_207 (206/500)...
[Atoms → Molecules] Found 250 molecules.
      [31m✗ Missing goal molecules.[0m
        [31m✗ Missing molecule synthesis subproblem failed in 0.46s[0m
      Filtering reaction complex_208 (207/500)...
[Atoms → Molecules] Found 250 molecules.
      [31m✗ Missing goal molecules.[0m
        [31m✗ Missing molecule synthesis subproblem failed in 0.63s[0m
      Filtering reaction complex_209 (208/500)...
[Atoms → Molecules] Found 16 molecules.
      [32m✓ All goal molecules found.[0m
        [32m✓ Missing molecule synthesis subproblem passed in 0.04s[0m
      Filtering reaction complex_210 (209/500)...
[Atoms → Molecules] Found 250 molecules.
      [31m✗ Missing goal molecules.[0m
        [31m✗ Missing molecule synthesis subproblem failed in 0.8s[0m
      Filtering reaction complex_211 (210/500)...
[Atoms → Molecules] Found 14 molecules.
      [32m✓ All goal molecules found.[0m
        [32m✓ Missing molecule synthesis subproblem passed in 0.05s[0m
      Filtering reaction complex_212 (211/500)...
[Atoms → Molecules] Found 35 molecules.
      [32m✓ All goal molecules found.[0m
        [32m✓ Missing molecule synthesis subproblem passed in 0.16s[0m
      Filtering reaction complex_213 (212/500)...
[Atoms → Molecules] Found 3 molecules.
      [32m✓ All goal molecules found.[0m
        [32m✓ Missing molecule synthesis subproblem passed in 0.02s[0m
      Filtering reaction complex_214 (213/500)...
[Atoms → Molecules] Found 7 molecules.
      [32m✓ All goal molecules found.[0m
        [32m✓ Missing molecule synthesis subproblem passed in 0.02s[0m
      Filtering reaction complex_215 (214/500)...
[Atoms → Molecules] Found 67 molecules.
      [32m✓ All goal molecules found.[0m
        [32m✓ Missing molecule synthesis subproblem passed in 0.16s[0m
      Filtering reaction complex_216 (215/500)...
[Atoms → Molecules] Found 250 molecules.
      [31m✗ Missing goal molecules.[0m
        [31m✗ Missing molecule synthesis subproblem failed in 3.11s[0m
      Filtering reaction complex_217 (216/500)...
[Atoms → Molecules] Found 185 molecules.
      [32m✓ All goal molecules found.[0m
        [32m✓ Missing molecule synthesis subproblem passed in 0.67s[0m
      Filtering reaction complex_218 (217/500)...
[Atoms → Molecules] Found 250 molecules.
      [31m✗ Missing goal molecules.[0m
        [31m✗ Missing molecule synthesis subproblem failed in 0.9s[0m
      Filtering reaction complex_219 (218/500)...
[Atoms → Molecules] Found 250 molecules.
      [31m✗ Missing goal molecules.[0m
        [31m✗ Missing molecule synthesis subproblem failed in 1.14s[0m
      Filtering reaction complex_220 (219/500)...
[Atoms → Molecules] Found 250 molecules.
      [31m✗ Missing goal molecules.[0m
        [31m✗ Missing molecule synthesis subproblem failed in 0.77s[0m
      Filtering reaction complex_221 (220/500)...
[Atoms → Molecules] Found 22 molecules.
      [32m✓ All goal molecules found.[0m
        [32m✓ Missing molecule synthesis subproblem passed in 0.08s[0m
      Filtering reaction complex_222 (221/500)...
[Atoms → Molecules] Found 250 molecules.
      [31m✗ Missing goal molecules.[0m
        [31m✗ Missing molecule synthesis subproblem failed in 0.47s[0m
      Filtering reaction complex_223 (222/500)...
[Atoms → Molecules] Found 250 molecules.
      [31m✗ Missing goal molecules.[0m
        [31m✗ Missing molecule synthesis subproblem failed in 2.03s[0m
      Filtering reaction complex_224 (223/500)...
[Atoms → Molecules] Found 250 molecules.
      [31m✗ Missing goal molecules.[0m
        [31m✗ Missing molecule synthesis subproblem failed in 0.97s[0m
      Filtering reaction complex_225 (224/500)...
[Atoms → Molecules] Found 250 molecules.
      [31m✗ Missing goal molecules.[0m
        [31m✗ Missing molecule synthesis subproblem failed in 1.27s[0m
      Filtering reaction complex_226 (225/500)...
[Atoms → Molecules] Found 250 molecules.
      [31m✗ Missing goal molecules.[0m
        [31m✗ Missing molecule synthesis subproblem failed in 1.72s[0m
      Filtering reaction complex_227 (226/500)...
[Atoms → Molecules] Found 26 molecules.
      [32m✓ All goal molecules found.[0m
        [32m✓ Missing molecule synthesis subproblem passed in 0.07s[0m
      Filtering reaction complex_228 (227/500)...
[Atoms → Molecules] Found 250 molecules.
      [31m✗ Missing goal molecules.[0m
        [31m✗ Missing molecule synthesis subproblem failed in 1.31s[0m
      Filtering reaction complex_229 (228/500)...
[Atoms → Molecules] Found 250 molecules.
      [31m✗ Missing goal molecules.[0m
        [31m✗ Missing molecule synthesis subproblem failed in 1.34s[0m
      Filtering reaction complex_230 (229/500)...
[Atoms → Molecules] Found 250 molecules.
      [31m✗ Missing goal molecules.[0m
        [31m✗ Missing molecule synthesis subproblem failed in 0.51s[0m
      Filtering reaction complex_231 (230/500)...
[Atoms → Molecules] Found 250 molecules.
      [31m✗ Missing goal molecules.[0m
        [31m✗ Missing molecule synthesis subproblem failed in 1.16s[0m
      Filtering reaction complex_232 (231/500)...
[Atoms → Molecules] Found 250 molecules.
      [31m✗ Missing goal molecules.[0m
        [31m✗ Missing molecule synthesis subproblem failed in 0.6s[0m
      Filtering reaction complex_233 (232/500)...
[Atoms → Molecules] Found 250 molecules.
      [31m✗ Missing goal molecules.[0m
        [31m✗ Missing molecule synthesis subproblem failed in 1.41s[0m
      Filtering reaction complex_234 (233/500)...
[Atoms → Molecules] Found 8 molecules.
      [32m✓ All goal molecules found.[0m
        [32m✓ Missing molecule synthesis subproblem passed in 0.02s[0m
      Filtering reaction complex_235 (234/500)...
[Atoms → Molecules] Found 250 molecules.
      [31m✗ Missing goal molecules.[0m
        [31m✗ Missing molecule synthesis subproblem failed in 0.49s[0m
      Filtering reaction complex_236 (235/500)...
[Atoms → Molecules] Found 24 molecules.
      [32m✓ All goal molecules found.[0m
        [32m✓ Missing molecule synthesis subproblem passed in 0.35s[0m
      Filtering reaction complex_237 (236/500)...
[Atoms → Molecules] Found 250 molecules.
      [31m✗ Missing goal molecules.[0m
        [31m✗ Missing molecule synthesis subproblem failed in 0.81s[0m
      Filtering reaction complex_238 (237/500)...
[Atoms → Molecules] Found 88 molecules.
      [32m✓ All goal molecules found.[0m
        [32m✓ Missing molecule synthesis subproblem passed in 0.15s[0m
      Filtering reaction complex_239 (238/500)...
[Atoms → Molecules] Found 250 molecules.
      [31m✗ Missing goal molecules.[0m
        [31m✗ Missing molecule synthesis subproblem failed in 0.63s[0m
      Filtering reaction complex_240 (239/500)...
[Atoms → Molecules] Found 250 molecules.
      [31m✗ Missing goal molecules.[0m
        [31m✗ Missing molecule synthesis subproblem failed in 1.51s[0m
      Filtering reaction complex_241 (240/500)...
[Atoms → Molecules] Found 6 molecules.
      [32m✓ All goal molecules found.[0m
        [32m✓ Missing molecule synthesis subproblem passed in 0.03s[0m
      Filtering reaction complex_242 (241/500)...
[Atoms → Molecules] Found 250 molecules.
      [31m✗ Missing goal molecules.[0m
        [31m✗ Missing molecule synthesis subproblem failed in 0.71s[0m
      Filtering reaction complex_243 (242/500)...
[Atoms → Molecules] Found 196 molecules.
      [32m✓ All goal molecules found.[0m
        [32m✓ Missing molecule synthesis subproblem passed in 0.79s[0m
      Filtering reaction complex_244 (243/500)...
[Atoms → Molecules] Found 250 molecules.
      [31m✗ Missing goal molecules.[0m
        [31m✗ Missing molecule synthesis subproblem failed in 0.93s[0m
      Filtering reaction complex_245 (244/500)...
[Atoms → Molecules] Found 250 molecules.
      [31m✗ Missing goal molecules.[0m
        [31m✗ Missing molecule synthesis subproblem failed in 0.69s[0m
      Filtering reaction complex_246 (245/500)...
[Atoms → Molecules] Found 10 molecules.
      [32m✓ All goal molecules found.[0m
        [32m✓ Missing molecule synthesis subproblem passed in 0.02s[0m
      Filtering reaction complex_247 (246/500)...
[Atoms → Molecules] Found 43 molecules.
      [32m✓ All goal molecules found.[0m
        [32m✓ Missing molecule synthesis subproblem passed in 0.18s[0m
      Filtering reaction complex_248 (247/500)...
[Atoms → Molecules] Found 73 molecules.
      [32m✓ All goal molecules found.[0m
        [32m✓ Missing molecule synthesis subproblem passed in 0.25s[0m
      Filtering reaction complex_249 (248/500)...
[Atoms → Molecules] Found 250 molecules.
      [31m✗ Missing goal molecules.[0m
        [31m✗ Missing molecule synthesis subproblem failed in 0.75s[0m
      Filtering reaction complex_250 (249/500)...
[Atoms → Molecules] Found 250 molecules.
      [31m✗ Missing goal molecules.[0m
        [31m✗ Missing molecule synthesis subproblem failed in 1.35s[0m
      Filtering reaction complex_251 (250/500)...
[Atoms → Molecules] Found 12 molecules.
      [32m✓ All goal molecules found.[0m
        [32m✓ Missing molecule synthesis subproblem passed in 0.02s[0m
      Filtering reaction complex_252 (251/500)...
[Atoms → Molecules] Found 46 molecules.
      [32m✓ All goal molecules found.[0m
        [32m✓ Missing molecule synthesis subproblem passed in 0.2s[0m
      Filtering reaction complex_253 (252/500)...
[Atoms → Molecules] Found 250 molecules.
      [31m✗ Missing goal molecules.[0m
        [31m✗ Missing molecule synthesis subproblem failed in 0.63s[0m
      Filtering reaction complex_254 (253/500)...
[Atoms → Molecules] Found 250 molecules.
      [31m✗ Missing goal molecules.[0m
        [31m✗ Missing molecule synthesis subproblem failed in 0.7s[0m
      Filtering reaction complex_255 (254/500)...
[Atoms → Molecules] Found 11 molecules.
      [32m✓ All goal molecules found.[0m
        [32m✓ Missing molecule synthesis subproblem passed in 0.04s[0m
      Filtering reaction complex_256 (255/500)...
[Atoms → Molecules] Found 27 molecules.
      [32m✓ All goal molecules found.[0m
        [32m✓ Missing molecule synthesis subproblem passed in 0.13s[0m
      Filtering reaction complex_257 (256/500)...
[Atoms → Molecules] Found 91 molecules.
      [32m✓ All goal molecules found.[0m
        [32m✓ Missing molecule synthesis subproblem passed in 0.24s[0m
      Filtering reaction complex_258 (257/500)...
[Atoms → Molecules] Found 3 molecules.
      [32m✓ All goal molecules found.[0m
        [32m✓ Missing molecule synthesis subproblem passed in 0.05s[0m
      Filtering reaction complex_259 (258/500)...
[Atoms → Molecules] Found 123 molecules.
      [32m✓ All goal molecules found.[0m
        [32m✓ Missing molecule synthesis subproblem passed in 0.44s[0m
      Filtering reaction complex_260 (259/500)...
[Atoms → Molecules] Found 250 molecules.
      [31m✗ Missing goal molecules.[0m
        [31m✗ Missing molecule synthesis subproblem failed in 1.17s[0m
      Filtering reaction complex_261 (260/500)...
[Atoms → Molecules] Found 250 molecules.
      [31m✗ Missing goal molecules.[0m
        [31m✗ Missing molecule synthesis subproblem failed in 0.76s[0m
      Filtering reaction complex_262 (261/500)...
[Atoms → Molecules] Found 72 molecules.
      [32m✓ All goal molecules found.[0m
        [32m✓ Missing molecule synthesis subproblem passed in 0.3s[0m
      Filtering reaction complex_263 (262/500)...
[Atoms → Molecules] Found 10 molecules.
      [32m✓ All goal molecules found.[0m
        [32m✓ Missing molecule synthesis subproblem passed in 0.03s[0m
      Filtering reaction complex_264 (263/500)...
[Atoms → Molecules] Found 250 molecules.
      [31m✗ Missing goal molecules.[0m
        [31m✗ Missing molecule synthesis subproblem failed in 0.84s[0m
      Filtering reaction complex_265 (264/500)...
[Atoms → Molecules] Found 227 molecules.
      [32m✓ All goal molecules found.[0m
        [32m✓ Missing molecule synthesis subproblem passed in 1.69s[0m
      Filtering reaction complex_266 (265/500)...
[Atoms → Molecules] Found 250 molecules.
      [31m✗ Missing goal molecules.[0m
        [31m✗ Missing molecule synthesis subproblem failed in 0.38s[0m
      Filtering reaction complex_267 (266/500)...
[Atoms → Molecules] Found 10 molecules.
      [32m✓ All goal molecules found.[0m
        [32m✓ Missing molecule synthesis subproblem passed in 0.04s[0m
      Filtering reaction complex_268 (267/500)...
[Atoms → Molecules] Found 250 molecules.
      [31m✗ Missing goal molecules.[0m
        [31m✗ Missing molecule synthesis subproblem failed in 2.27s[0m
      Filtering reaction complex_269 (268/500)...
[Atoms → Molecules] Found 250 molecules.
      [31m✗ Missing goal molecules.[0m
        [31m✗ Missing molecule synthesis subproblem failed in 0.34s[0m
      Filtering reaction complex_270 (269/500)...
[Atoms → Molecules] Found 250 molecules.
      [31m✗ Missing goal molecules.[0m
        [31m✗ Missing molecule synthesis subproblem failed in 3.86s[0m
      Filtering reaction complex_271 (270/500)...
[Atoms → Molecules] Found 67 molecules.
      [32m✓ All goal molecules found.[0m
        [32m✓ Missing molecule synthesis subproblem passed in 0.19s[0m
      Filtering reaction complex_272 (271/500)...
[Atoms → Molecules] Found 74 molecules.
      [32m✓ All goal molecules found.[0m
        [32m✓ Missing molecule synthesis subproblem passed in 0.41s[0m
      Filtering reaction complex_273 (272/500)...
[Atoms → Molecules] Found 250 molecules.
      [31m✗ Missing goal molecules.[0m
        [31m✗ Missing molecule synthesis subproblem failed in 0.68s[0m
      Filtering reaction complex_274 (273/500)...
[Atoms → Molecules] Found 250 molecules.
      [31m✗ Missing goal molecules.[0m
        [31m✗ Missing molecule synthesis subproblem failed in 0.56s[0m
      Filtering reaction complex_275 (274/500)...
[Atoms → Molecules] Found 147 molecules.
      [32m✓ All goal molecules found.[0m
        [32m✓ Missing molecule synthesis subproblem passed in 0.6s[0m
      Filtering reaction complex_276 (275/500)...
[Atoms → Molecules] Found 250 molecules.
      [31m✗ Missing goal molecules.[0m
        [31m✗ Missing molecule synthesis subproblem failed in 1.53s[0m
      Filtering reaction complex_277 (276/500)...
[Atoms → Molecules] Found 203 molecules.
      [32m✓ All goal molecules found.[0m
        [32m✓ Missing molecule synthesis subproblem passed in 0.52s[0m
      Filtering reaction complex_278 (277/500)...
[Atoms → Molecules] Found 95 molecules.
      [32m✓ All goal molecules found.[0m
        [32m✓ Missing molecule synthesis subproblem passed in 0.15s[0m
      Filtering reaction complex_279 (278/500)...
[Atoms → Molecules] Found 250 molecules.
      [31m✗ Missing goal molecules.[0m
        [31m✗ Missing molecule synthesis subproblem failed in 1.34s[0m
      Filtering reaction complex_280 (279/500)...
[Atoms → Molecules] Found 250 molecules.
      [31m✗ Missing goal molecules.[0m
        [31m✗ Missing molecule synthesis subproblem failed in 0.46s[0m
      Filtering reaction complex_281 (280/500)...
[Atoms → Molecules] Found 23 molecules.
      [32m✓ All goal molecules found.[0m
        [32m✓ Missing molecule synthesis subproblem passed in 0.07s[0m
      Filtering reaction complex_282 (281/500)...
[Atoms → Molecules] Found 1 molecules.
      [32m✓ All goal molecules found.[0m
        [32m✓ Missing molecule synthesis subproblem passed in 0.04s[0m
      Filtering reaction complex_283 (282/500)...
[Atoms → Molecules] Found 1 molecules.
      [32m✓ All goal molecules found.[0m
        [32m✓ Missing molecule synthesis subproblem passed in 0.14s[0m
      Filtering reaction complex_284 (283/500)...
[Atoms → Molecules] Found 8 molecules.
      [32m✓ All goal molecules found.[0m
        [32m✓ Missing molecule synthesis subproblem passed in 0.05s[0m
      Filtering reaction complex_285 (284/500)...
[Atoms → Molecules] Found 31 molecules.
      [32m✓ All goal molecules found.[0m
        [32m✓ Missing molecule synthesis subproblem passed in 0.07s[0m
      Filtering reaction complex_286 (285/500)...
[Atoms → Molecules] Found 1 molecules.
      [32m✓ All goal molecules found.[0m
        [32m✓ Missing molecule synthesis subproblem passed in 0.02s[0m
      Filtering reaction complex_287 (286/500)...
[Atoms → Molecules] Found 23 molecules.
      [32m✓ All goal molecules found.[0m
        [32m✓ Missing molecule synthesis subproblem passed in 0.09s[0m
      Filtering reaction complex_288 (287/500)...
[Atoms → Molecules] Found 250 molecules.
      [31m✗ Missing goal molecules.[0m
        [31m✗ Missing molecule synthesis subproblem failed in 0.45s[0m
      Filtering reaction complex_289 (288/500)...
[Atoms → Molecules] Found 83 molecules.
      [32m✓ All goal molecules found.[0m
        [32m✓ Missing molecule synthesis subproblem passed in 0.2s[0m
      Filtering reaction complex_290 (289/500)...
[Atoms → Molecules] Found 22 molecules.
      [32m✓ All goal molecules found.[0m
        [32m✓ Missing molecule synthesis subproblem passed in 0.05s[0m
      Filtering reaction complex_291 (290/500)...
[Atoms → Molecules] Found 26 molecules.
      [32m✓ All goal molecules found.[0m
        [32m✓ Missing molecule synthesis subproblem passed in 0.08s[0m
      Filtering reaction complex_292 (291/500)...
[Atoms → Molecules] Found 35 molecules.
      [32m✓ All goal molecules found.[0m
        [32m✓ Missing molecule synthesis subproblem passed in 0.08s[0m
      Filtering reaction complex_293 (292/500)...
[Atoms → Molecules] Found 52 molecules.
      [32m✓ All goal molecules found.[0m
        [32m✓ Missing molecule synthesis subproblem passed in 0.11s[0m
      Filtering reaction complex_294 (293/500)...
[Atoms → Molecules] Found 250 molecules.
      [31m✗ Missing goal molecules.[0m
        [31m✗ Missing molecule synthesis subproblem failed in 0.8s[0m
      Filtering reaction complex_295 (294/500)...
[Atoms → Molecules] Found 250 molecules.
      [31m✗ Missing goal molecules.[0m
        [31m✗ Missing molecule synthesis subproblem failed in 1.39s[0m
      Filtering reaction complex_296 (295/500)...
[Atoms → Molecules] Found 250 molecules.
      [31m✗ Missing goal molecules.[0m
        [31m✗ Missing molecule synthesis subproblem failed in 1.56s[0m
      Filtering reaction complex_297 (296/500)...
[Atoms → Molecules] Found 250 molecules.
      [31m✗ Missing goal molecules.[0m
        [31m✗ Missing molecule synthesis subproblem failed in 1.6s[0m
      Filtering reaction complex_298 (297/500)...
[Atoms → Molecules] Found 182 molecules.
      [32m✓ All goal molecules found.[0m
        [32m✓ Missing molecule synthesis subproblem passed in 0.38s[0m
      Filtering reaction complex_299 (298/500)...
[Atoms → Molecules] Found 44 molecules.
      [32m✓ All goal molecules found.[0m
        [32m✓ Missing molecule synthesis subproblem passed in 0.17s[0m
      Filtering reaction complex_300 (299/500)...
[Atoms → Molecules] Found 28 molecules.
      [32m✓ All goal molecules found.[0m
        [32m✓ Missing molecule synthesis subproblem passed in 0.98s[0m
      Filtering reaction complex_301 (300/500)...
[Atoms → Molecules] Found 23 molecules.
      [32m✓ All goal molecules found.[0m
        [32m✓ Missing molecule synthesis subproblem passed in 0.05s[0m
      Filtering reaction complex_302 (301/500)...
[Atoms → Molecules] Found 250 molecules.
      [31m✗ Missing goal molecules.[0m
        [31m✗ Missing molecule synthesis subproblem failed in 1.15s[0m
      Filtering reaction complex_303 (302/500)...
[Atoms → Molecules] Found 3 molecules.
      [32m✓ All goal molecules found.[0m
        [32m✓ Missing molecule synthesis subproblem passed in 0.11s[0m
      Filtering reaction complex_304 (303/500)...
[Atoms → Molecules] Found 1 molecules.
      [32m✓ All goal molecules found.[0m
        [32m✓ Missing molecule synthesis subproblem passed in 0.01s[0m
      Filtering reaction complex_305 (304/500)...
[Atoms → Molecules] Found 250 molecules.
      [31m✗ Missing goal molecules.[0m
        [31m✗ Missing molecule synthesis subproblem failed in 0.47s[0m
      Filtering reaction complex_306 (305/500)...
[Atoms → Molecules] Found 250 molecules.
      [31m✗ Missing goal molecules.[0m
        [31m✗ Missing molecule synthesis subproblem failed in 0.97s[0m
      Filtering reaction complex_307 (306/500)...
[Atoms → Molecules] Found 73 molecules.
      [32m✓ All goal molecules found.[0m
        [32m✓ Missing molecule synthesis subproblem passed in 0.27s[0m
      Filtering reaction complex_308 (307/500)...
[Atoms → Molecules] Found 66 molecules.
      [32m✓ All goal molecules found.[0m
        [32m✓ Missing molecule synthesis subproblem passed in 0.29s[0m
      Filtering reaction complex_309 (308/500)...
[Atoms → Molecules] Found 10 molecules.
      [32m✓ All goal molecules found.[0m
        [32m✓ Missing molecule synthesis subproblem passed in 0.01s[0m
      Filtering reaction complex_310 (309/500)...
[Atoms → Molecules] Found 37 molecules.
      [32m✓ All goal molecules found.[0m
        [32m✓ Missing molecule synthesis subproblem passed in 0.13s[0m
      Filtering reaction complex_311 (310/500)...
[Atoms → Molecules] Found 25 molecules.
      [32m✓ All goal molecules found.[0m
        [32m✓ Missing molecule synthesis subproblem passed in 0.13s[0m
      Filtering reaction complex_312 (311/500)...
[Atoms → Molecules] Found 47 molecules.
      [32m✓ All goal molecules found.[0m
        [32m✓ Missing molecule synthesis subproblem passed in 0.14s[0m
      Filtering reaction complex_313 (312/500)...
[Atoms → Molecules] Found 65 molecules.
      [32m✓ All goal molecules found.[0m
        [32m✓ Missing molecule synthesis subproblem passed in 0.21s[0m
      Filtering reaction complex_314 (313/500)...
[Atoms → Molecules] Found 43 molecules.
      [32m✓ All goal molecules found.[0m
        [32m✓ Missing molecule synthesis subproblem passed in 0.1s[0m
      Filtering reaction complex_315 (314/500)...
[Atoms → Molecules] Found 250 molecules.
      [31m✗ Missing goal molecules.[0m
        [31m✗ Missing molecule synthesis subproblem failed in 0.56s[0m
      Filtering reaction complex_316 (315/500)...
[Atoms → Molecules] Found 1 molecules.
      [32m✓ All goal molecules found.[0m
        [32m✓ Missing molecule synthesis subproblem passed in 0.02s[0m
      Filtering reaction complex_317 (316/500)...
[Atoms → Molecules] Found 42 molecules.
      [32m✓ All goal molecules found.[0m
        [32m✓ Missing molecule synthesis subproblem passed in 0.1s[0m
      Filtering reaction complex_318 (317/500)...
[Atoms → Molecules] Found 42 molecules.
      [32m✓ All goal molecules found.[0m
        [32m✓ Missing molecule synthesis subproblem passed in 0.11s[0m
      Filtering reaction complex_319 (318/500)...
[Atoms → Molecules] Found 154 molecules.
      [32m✓ All goal molecules found.[0m
        [32m✓ Missing molecule synthesis subproblem passed in 0.39s[0m
      Filtering reaction complex_320 (319/500)...
[Atoms → Molecules] Found 180 molecules.
      [32m✓ All goal molecules found.[0m
        [32m✓ Missing molecule synthesis subproblem passed in 1.09s[0m
      Filtering reaction complex_321 (320/500)...
[Atoms → Molecules] Found 49 molecules.
      [32m✓ All goal molecules found.[0m
        [32m✓ Missing molecule synthesis subproblem passed in 0.15s[0m
      Filtering reaction complex_322 (321/500)...
[Atoms → Molecules] Found 73 molecules.
      [32m✓ All goal molecules found.[0m
        [32m✓ Missing molecule synthesis subproblem passed in 0.19s[0m
      Filtering reaction complex_323 (322/500)...
[Atoms → Molecules] Found 250 molecules.
      [31m✗ Missing goal molecules.[0m
        [31m✗ Missing molecule synthesis subproblem failed in 0.66s[0m
      Filtering reaction complex_324 (323/500)...
[Atoms → Molecules] Found 155 molecules.
      [32m✓ All goal molecules found.[0m
        [32m✓ Missing molecule synthesis subproblem passed in 0.4s[0m
      Filtering reaction complex_325 (324/500)...
[Atoms → Molecules] Found 250 molecules.
      [31m✗ Missing goal molecules.[0m
        [31m✗ Missing molecule synthesis subproblem failed in 0.84s[0m
      Filtering reaction complex_326 (325/500)...
[Atoms → Molecules] Found 250 molecules.
      [31m✗ Missing goal molecules.[0m
        [31m✗ Missing molecule synthesis subproblem failed in 0.99s[0m
      Filtering reaction complex_327 (326/500)...
[Atoms → Molecules] Found 250 molecules.
      [31m✗ Missing goal molecules.[0m
        [31m✗ Missing molecule synthesis subproblem failed in 1.72s[0m
      Filtering reaction complex_328 (327/500)...
[Atoms → Molecules] Found 250 molecules.
      [31m✗ Missing goal molecules.[0m
        [31m✗ Missing molecule synthesis subproblem failed in 0.47s[0m
      Filtering reaction complex_329 (328/500)...
[Atoms → Molecules] Found 79 molecules.
      [32m✓ All goal molecules found.[0m
        [32m✓ Missing molecule synthesis subproblem passed in 0.21s[0m
      Filtering reaction complex_330 (329/500)...
[Atoms → Molecules] Found 14 molecules.
      [32m✓ All goal molecules found.[0m
        [32m✓ Missing molecule synthesis subproblem passed in 0.04s[0m
      Filtering reaction complex_331 (330/500)...
[Atoms → Molecules] Found 34 molecules.
      [32m✓ All goal molecules found.[0m
        [32m✓ Missing molecule synthesis subproblem passed in 0.09s[0m
      Filtering reaction complex_332 (331/500)...
[17:01:16] WARNING: not removing hydrogen atom without neighbors
[Atoms → Molecules] Found 3 molecules.
      [32m✓ All goal molecules found.[0m
        [32m✓ Missing molecule synthesis subproblem passed in 0.04s[0m
      Filtering reaction complex_333 (332/500)...
[Atoms → Molecules] Found 9 molecules.
      [32m✓ All goal molecules found.[0m
        [32m✓ Missing molecule synthesis subproblem passed in 0.19s[0m
      Filtering reaction complex_334 (333/500)...
[Atoms → Molecules] Found 250 molecules.
      [31m✗ Missing goal molecules.[0m
        [31m✗ Missing molecule synthesis subproblem failed in 0.67s[0m
      Filtering reaction complex_335 (334/500)...
[Atoms → Molecules] Found 250 molecules.
      [31m✗ Missing goal molecules.[0m
        [31m✗ Missing molecule synthesis subproblem failed in 0.88s[0m
      Filtering reaction complex_336 (335/500)...
[Atoms → Molecules] Found 244 molecules.
      [32m✓ All goal molecules found.[0m
        [32m✓ Missing molecule synthesis subproblem passed in 0.77s[0m
      Filtering reaction complex_337 (336/500)...
[Atoms → Molecules] Found 250 molecules.
      [31m✗ Missing goal molecules.[0m
        [31m✗ Missing molecule synthesis subproblem failed in 1.16s[0m
      Filtering reaction complex_338 (337/500)...
[Atoms → Molecules] Found 250 molecules.
      [31m✗ Missing goal molecules.[0m
        [31m✗ Missing molecule synthesis subproblem failed in 0.88s[0m
      Filtering reaction complex_339 (338/500)...
[Atoms → Molecules] Found 250 molecules.
      [31m✗ Missing goal molecules.[0m
        [31m✗ Missing molecule synthesis subproblem failed in 0.64s[0m
      Filtering reaction complex_340 (339/500)...
[Atoms → Molecules] Found 250 molecules.
      [31m✗ Missing goal molecules.[0m
        [31m✗ Missing molecule synthesis subproblem failed in 0.65s[0m
      Filtering reaction complex_341 (340/500)...
[Atoms → Molecules] Found 250 molecules.
      [31m✗ Missing goal molecules.[0m
        [31m✗ Missing molecule synthesis subproblem failed in 0.77s[0m
      Filtering reaction complex_342 (341/500)...
[Atoms → Molecules] Found 250 molecules.
      [31m✗ Missing goal molecules.[0m
        [31m✗ Missing molecule synthesis subproblem failed in 1.25s[0m
      Filtering reaction complex_343 (342/500)...
[Atoms → Molecules] Found 33 molecules.
      [32m✓ All goal molecules found.[0m
        [32m✓ Missing molecule synthesis subproblem passed in 0.13s[0m
      Filtering reaction complex_344 (343/500)...
[Atoms → Molecules] Found 9 molecules.
      [32m✓ All goal molecules found.[0m
        [32m✓ Missing molecule synthesis subproblem passed in 0.11s[0m
      Filtering reaction complex_345 (344/500)...
[Atoms → Molecules] Found 28 molecules.
      [32m✓ All goal molecules found.[0m
        [32m✓ Missing molecule synthesis subproblem passed in 0.08s[0m
      Filtering reaction complex_346 (345/500)...
[Atoms → Molecules] Found 80 molecules.
      [32m✓ All goal molecules found.[0m
        [32m✓ Missing molecule synthesis subproblem passed in 0.3s[0m
      Filtering reaction complex_347 (346/500)...
[Atoms → Molecules] Found 26 molecules.
      [32m✓ All goal molecules found.[0m
        [32m✓ Missing molecule synthesis subproblem passed in 0.07s[0m
      Filtering reaction complex_348 (347/500)...
[Atoms → Molecules] Found 49 molecules.
      [32m✓ All goal molecules found.[0m
        [32m✓ Missing molecule synthesis subproblem passed in 0.18s[0m
      Filtering reaction complex_349 (348/500)...
[Atoms → Molecules] Found 18 molecules.
      [32m✓ All goal molecules found.[0m
        [32m✓ Missing molecule synthesis subproblem passed in 0.08s[0m
      Filtering reaction complex_350 (349/500)...
[Atoms → Molecules] Found 55 molecules.
      [32m✓ All goal molecules found.[0m
        [32m✓ Missing molecule synthesis subproblem passed in 0.24s[0m
      Filtering reaction complex_351 (350/500)...
[Atoms → Molecules] Found 250 molecules.
      [31m✗ Missing goal molecules.[0m
        [31m✗ Missing molecule synthesis subproblem failed in 0.56s[0m
      Filtering reaction complex_352 (351/500)...
[Atoms → Molecules] Found 250 molecules.
      [31m✗ Missing goal molecules.[0m
        [31m✗ Missing molecule synthesis subproblem failed in 0.92s[0m
      Filtering reaction complex_353 (352/500)...
[Atoms → Molecules] Found 8 molecules.
      [32m✓ All goal molecules found.[0m
        [32m✓ Missing molecule synthesis subproblem passed in 0.05s[0m
      Filtering reaction complex_354 (353/500)...
[Atoms → Molecules] Found 26 molecules.
      [32m✓ All goal molecules found.[0m
        [32m✓ Missing molecule synthesis subproblem passed in 0.15s[0m
      Filtering reaction complex_355 (354/500)...
[Atoms → Molecules] Found 25 molecules.
      [32m✓ All goal molecules found.[0m
        [32m✓ Missing molecule synthesis subproblem passed in 0.2s[0m
      Filtering reaction complex_356 (355/500)...
[Atoms → Molecules] Found 250 molecules.
      [31m✗ Missing goal molecules.[0m
        [31m✗ Missing molecule synthesis subproblem failed in 1.78s[0m
      Filtering reaction complex_357 (356/500)...
[Atoms → Molecules] Found 250 molecules.
      [31m✗ Missing goal molecules.[0m
        [31m✗ Missing molecule synthesis subproblem failed in 1.02s[0m
      Filtering reaction complex_358 (357/500)...
[Atoms → Molecules] Found 250 molecules.
      [31m✗ Missing goal molecules.[0m
        [31m✗ Missing molecule synthesis subproblem failed in 0.65s[0m
      Filtering reaction complex_359 (358/500)...
[Atoms → Molecules] Found 250 molecules.
      [31m✗ Missing goal molecules.[0m
        [31m✗ Missing molecule synthesis subproblem failed in 1.48s[0m
      Filtering reaction complex_360 (359/500)...
[Atoms → Molecules] Found 32 molecules.
      [32m✓ All goal molecules found.[0m
        [32m✓ Missing molecule synthesis subproblem passed in 0.1s[0m
      Filtering reaction complex_361 (360/500)...
[Atoms → Molecules] Found 14 molecules.
      [32m✓ All goal molecules found.[0m
        [32m✓ Missing molecule synthesis subproblem passed in 0.04s[0m
      Filtering reaction complex_362 (361/500)...
[Atoms → Molecules] Found 30 molecules.
      [32m✓ All goal molecules found.[0m
        [32m✓ Missing molecule synthesis subproblem passed in 0.09s[0m
      Filtering reaction complex_363 (362/500)...
[Atoms → Molecules] Found 58 molecules.
      [32m✓ All goal molecules found.[0m
        [32m✓ Missing molecule synthesis subproblem passed in 0.11s[0m
      Filtering reaction complex_364 (363/500)...
[Atoms → Molecules] Found 250 molecules.
      [31m✗ Missing goal molecules.[0m
        [31m✗ Missing molecule synthesis subproblem failed in 1.03s[0m
      Filtering reaction complex_365 (364/500)...
[Atoms → Molecules] Found 250 molecules.
      [31m✗ Missing goal molecules.[0m
        [31m✗ Missing molecule synthesis subproblem failed in 0.65s[0m
      Filtering reaction complex_366 (365/500)...
[Atoms → Molecules] Found 62 molecules.
      [32m✓ All goal molecules found.[0m
        [32m✓ Missing molecule synthesis subproblem passed in 0.11s[0m
      Filtering reaction complex_367 (366/500)...
[Atoms → Molecules] Found 250 molecules.
      [31m✗ Missing goal molecules.[0m
        [31m✗ Missing molecule synthesis subproblem failed in 0.67s[0m
      Filtering reaction complex_368 (367/500)...
[Atoms → Molecules] Found 4 molecules.
      [32m✓ All goal molecules found.[0m
        [32m✓ Missing molecule synthesis subproblem passed in 0.02s[0m
      Filtering reaction complex_369 (368/500)...
[Atoms → Molecules] Found 12 molecules.
      [32m✓ All goal molecules found.[0m
        [32m✓ Missing molecule synthesis subproblem passed in 0.03s[0m
      Filtering reaction complex_370 (369/500)...
[Atoms → Molecules] Found 250 molecules.
      [31m✗ Missing goal molecules.[0m
        [31m✗ Missing molecule synthesis subproblem failed in 0.62s[0m
      Filtering reaction complex_371 (370/500)...
[Atoms → Molecules] Found 73 molecules.
      [32m✓ All goal molecules found.[0m
        [32m✓ Missing molecule synthesis subproblem passed in 0.23s[0m
      Filtering reaction complex_372 (371/500)...
[Atoms → Molecules] Found 3 molecules.
      [32m✓ All goal molecules found.[0m
        [32m✓ Missing molecule synthesis subproblem passed in 0.02s[0m
      Filtering reaction complex_373 (372/500)...
[Atoms → Molecules] Found 18 molecules.
      [32m✓ All goal molecules found.[0m
        [32m✓ Missing molecule synthesis subproblem passed in 0.15s[0m
      Filtering reaction complex_374 (373/500)...
[Atoms → Molecules] Found 23 molecules.
      [32m✓ All goal molecules found.[0m
        [32m✓ Missing molecule synthesis subproblem passed in 0.1s[0m
      Filtering reaction complex_375 (374/500)...
[Atoms → Molecules] Found 23 molecules.
      [32m✓ All goal molecules found.[0m
        [32m✓ Missing molecule synthesis subproblem passed in 0.11s[0m
      Filtering reaction complex_376 (375/500)...
[17:01:36] WARNING: not removing hydrogen atom without neighbors
[Atoms → Molecules] Found 126 molecules.
      [32m✓ All goal molecules found.[0m
        [32m✓ Missing molecule synthesis subproblem passed in 0.32s[0m
      Filtering reaction complex_377 (376/500)...
[Atoms → Molecules] Found 10 molecules.
      [32m✓ All goal molecules found.[0m
        [32m✓ Missing molecule synthesis subproblem passed in 0.05s[0m
      Filtering reaction complex_378 (377/500)...
[Atoms → Molecules] Found 3 molecules.
      [32m✓ All goal molecules found.[0m
        [32m✓ Missing molecule synthesis subproblem passed in 0.01s[0m
      Filtering reaction complex_379 (378/500)...
[Atoms → Molecules] Found 28 molecules.
      [32m✓ All goal molecules found.[0m
        [32m✓ Missing molecule synthesis subproblem passed in 0.07s[0m
      Filtering reaction complex_380 (379/500)...
[Atoms → Molecules] Found 1 molecules.
      [32m✓ All goal molecules found.[0m
        [32m✓ Missing molecule synthesis subproblem passed in 0.04s[0m
      Filtering reaction complex_381 (380/500)...
[Atoms → Molecules] Found 250 molecules.
      [31m✗ Missing goal molecules.[0m
        [31m✗ Missing molecule synthesis subproblem failed in 0.54s[0m
      Filtering reaction complex_382 (381/500)...
[Atoms → Molecules] Found 250 molecules.
      [31m✗ Missing goal molecules.[0m
        [31m✗ Missing molecule synthesis subproblem failed in 0.49s[0m
      Filtering reaction complex_383 (382/500)...
[Atoms → Molecules] Found 43 molecules.
      [32m✓ All goal molecules found.[0m
        [32m✓ Missing molecule synthesis subproblem passed in 0.18s[0m
      Filtering reaction complex_384 (383/500)...
[Atoms → Molecules] Found 143 molecules.
      [32m✓ All goal molecules found.[0m
        [32m✓ Missing molecule synthesis subproblem passed in 0.51s[0m
      Filtering reaction complex_385 (384/500)...
[Atoms → Molecules] Found 250 molecules.
      [31m✗ Missing goal molecules.[0m
        [31m✗ Missing molecule synthesis subproblem failed in 0.63s[0m
      Filtering reaction complex_386 (385/500)...
[Atoms → Molecules] Found 250 molecules.
      [31m✗ Missing goal molecules.[0m
        [31m✗ Missing molecule synthesis subproblem failed in 1.12s[0m
      Filtering reaction complex_387 (386/500)...
[Atoms → Molecules] Found 8 molecules.
      [32m✓ All goal molecules found.[0m
        [32m✓ Missing molecule synthesis subproblem passed in 0.02s[0m
      Filtering reaction complex_388 (387/500)...
[Atoms → Molecules] Found 1 molecules.
      [32m✓ All goal molecules found.[0m
        [32m✓ Missing molecule synthesis subproblem passed in 0.06s[0m
      Filtering reaction complex_389 (388/500)...
[Atoms → Molecules] Found 250 molecules.
      [31m✗ Missing goal molecules.[0m
        [31m✗ Missing molecule synthesis subproblem failed in 0.57s[0m
      Filtering reaction complex_390 (389/500)...
[Atoms → Molecules] Found 250 molecules.
      [31m✗ Missing goal molecules.[0m
        [31m✗ Missing molecule synthesis subproblem failed in 0.58s[0m
      Filtering reaction complex_391 (390/500)...
[Atoms → Molecules] Found 250 molecules.
      [31m✗ Missing goal molecules.[0m
        [31m✗ Missing molecule synthesis subproblem failed in 0.58s[0m
      Filtering reaction complex_392 (391/500)...
[Atoms → Molecules] Found 250 molecules.
      [31m✗ Missing goal molecules.[0m
        [31m✗ Missing molecule synthesis subproblem failed in 0.54s[0m
      Filtering reaction complex_393 (392/500)...
[Atoms → Molecules] Found 250 molecules.
      [31m✗ Missing goal molecules.[0m
        [31m✗ Missing molecule synthesis subproblem failed in 1.22s[0m
      Filtering reaction complex_394 (393/500)...
[Atoms → Molecules] Found 250 molecules.
      [31m✗ Missing goal molecules.[0m
        [31m✗ Missing molecule synthesis subproblem failed in 0.7s[0m
      Filtering reaction complex_395 (394/500)...
[Atoms → Molecules] Found 13 molecules.
      [32m✓ All goal molecules found.[0m
        [32m✓ Missing molecule synthesis subproblem passed in 0.09s[0m
      Filtering reaction complex_396 (395/500)...
[Atoms → Molecules] Found 250 molecules.
      [31m✗ Missing goal molecules.[0m
        [31m✗ Missing molecule synthesis subproblem failed in 0.8s[0m
      Filtering reaction complex_397 (396/500)...
[Atoms → Molecules] Found 71 molecules.
      [32m✓ All goal molecules found.[0m
        [32m✓ Missing molecule synthesis subproblem passed in 0.29s[0m
      Filtering reaction complex_398 (397/500)...
[Atoms → Molecules] Found 250 molecules.
      [31m✗ Missing goal molecules.[0m
        [31m✗ Missing molecule synthesis subproblem failed in 0.7s[0m
      Filtering reaction complex_399 (398/500)...
[Atoms → Molecules] Found 19 molecules.
      [32m✓ All goal molecules found.[0m
        [32m✓ Missing molecule synthesis subproblem passed in 0.37s[0m
      Filtering reaction complex_400 (399/500)...
[Atoms → Molecules] Found 40 molecules.
      [32m✓ All goal molecules found.[0m
        [32m✓ Missing molecule synthesis subproblem passed in 0.43s[0m
      Filtering reaction complex_401 (400/500)...
[Atoms → Molecules] Found 250 molecules.
      [31m✗ Missing goal molecules.[0m
        [31m✗ Missing molecule synthesis subproblem failed in 1.02s[0m
      Filtering reaction complex_402 (401/500)...
[Atoms → Molecules] Found 250 molecules.
      [31m✗ Missing goal molecules.[0m
        [31m✗ Missing molecule synthesis subproblem failed in 0.96s[0m
      Filtering reaction complex_403 (402/500)...
[Atoms → Molecules] Found 250 molecules.
      [31m✗ Missing goal molecules.[0m
        [31m✗ Missing molecule synthesis subproblem failed in 0.89s[0m
      Filtering reaction complex_404 (403/500)...
[Atoms → Molecules] Found 250 molecules.
      [31m✗ Missing goal molecules.[0m
        [31m✗ Missing molecule synthesis subproblem failed in 0.78s[0m
      Filtering reaction complex_405 (404/500)...
[Atoms → Molecules] Found 250 molecules.
      [31m✗ Missing goal molecules.[0m
        [31m✗ Missing molecule synthesis subproblem failed in 1.0s[0m
      Filtering reaction complex_406 (405/500)...
[Atoms → Molecules] Found 3 molecules.
      [32m✓ All goal molecules found.[0m
        [32m✓ Missing molecule synthesis subproblem passed in 0.05s[0m
      Filtering reaction complex_407 (406/500)...
[Atoms → Molecules] Found 112 molecules.
      [32m✓ All goal molecules found.[0m
        [32m✓ Missing molecule synthesis subproblem passed in 0.27s[0m
      Filtering reaction complex_408 (407/500)...
[Atoms → Molecules] Found 250 molecules.
      [31m✗ Missing goal molecules.[0m
        [31m✗ Missing molecule synthesis subproblem failed in 1.13s[0m
      Filtering reaction complex_409 (408/500)...
[Atoms → Molecules] Found 250 molecules.
      [31m✗ Missing goal molecules.[0m
        [31m✗ Missing molecule synthesis subproblem failed in 0.95s[0m
      Filtering reaction complex_410 (409/500)...
[Atoms → Molecules] Found 250 molecules.
      [31m✗ Missing goal molecules.[0m
        [31m✗ Missing molecule synthesis subproblem failed in 0.68s[0m
      Filtering reaction complex_411 (410/500)...
[Atoms → Molecules] Found 250 molecules.
      [31m✗ Missing goal molecules.[0m
        [31m✗ Missing molecule synthesis subproblem failed in 1.86s[0m
      Filtering reaction complex_412 (411/500)...
[Atoms → Molecules] Found 79 molecules.
      [32m✓ All goal molecules found.[0m
        [32m✓ Missing molecule synthesis subproblem passed in 0.45s[0m
      Filtering reaction complex_413 (412/500)...
[Atoms → Molecules] Found 130 molecules.
      [32m✓ All goal molecules found.[0m
        [32m✓ Missing molecule synthesis subproblem passed in 0.32s[0m
      Filtering reaction complex_414 (413/500)...
[Atoms → Molecules] Found 250 molecules.
      [31m✗ Missing goal molecules.[0m
        [31m✗ Missing molecule synthesis subproblem failed in 0.93s[0m
      Filtering reaction complex_415 (414/500)...
[Atoms → Molecules] Found 250 molecules.
      [31m✗ Missing goal molecules.[0m
        [31m✗ Missing molecule synthesis subproblem failed in 0.91s[0m
      Filtering reaction complex_416 (415/500)...
[Atoms → Molecules] Found 250 molecules.
      [31m✗ Missing goal molecules.[0m
        [31m✗ Missing molecule synthesis subproblem failed in 0.97s[0m
      Filtering reaction complex_417 (416/500)...
[Atoms → Molecules] Found 250 molecules.
      [31m✗ Missing goal molecules.[0m
        [31m✗ Missing molecule synthesis subproblem failed in 0.81s[0m
      Filtering reaction complex_418 (417/500)...
[Atoms → Molecules] Found 250 molecules.
      [31m✗ Missing goal molecules.[0m
        [31m✗ Missing molecule synthesis subproblem failed in 0.81s[0m
      Filtering reaction complex_419 (418/500)...
[Atoms → Molecules] Found 1 molecules.
      [32m✓ All goal molecules found.[0m
        [32m✓ Missing molecule synthesis subproblem passed in 0.09s[0m
      Filtering reaction complex_420 (419/500)...
[Atoms → Molecules] Found 250 molecules.
      [31m✗ Missing goal molecules.[0m
        [31m✗ Missing molecule synthesis subproblem failed in 0.73s[0m
      Filtering reaction complex_421 (420/500)...
[Atoms → Molecules] Found 250 molecules.
      [31m✗ Missing goal molecules.[0m
        [31m✗ Missing molecule synthesis subproblem failed in 0.71s[0m
      Filtering reaction complex_422 (421/500)...
[Atoms → Molecules] Found 250 molecules.
      [31m✗ Missing goal molecules.[0m
        [31m✗ Missing molecule synthesis subproblem failed in 0.75s[0m
      Filtering reaction complex_423 (422/500)...
[Atoms → Molecules] Found 98 molecules.
      [32m✓ All goal molecules found.[0m
        [32m✓ Missing molecule synthesis subproblem passed in 0.29s[0m
      Filtering reaction complex_424 (423/500)...
[Atoms → Molecules] Found 250 molecules.
      [31m✗ Missing goal molecules.[0m
        [31m✗ Missing molecule synthesis subproblem failed in 0.98s[0m
      Filtering reaction complex_425 (424/500)...
[Atoms → Molecules] Found 250 molecules.
      [31m✗ Missing goal molecules.[0m
        [31m✗ Missing molecule synthesis subproblem failed in 0.95s[0m
      Filtering reaction complex_426 (425/500)...
[Atoms → Molecules] Found 250 molecules.
      [31m✗ Missing goal molecules.[0m
        [31m✗ Missing molecule synthesis subproblem failed in 0.49s[0m
      Filtering reaction complex_427 (426/500)...
[Atoms → Molecules] Found 250 molecules.
      [31m✗ Missing goal molecules.[0m
        [31m✗ Missing molecule synthesis subproblem failed in 0.59s[0m
      Filtering reaction complex_428 (427/500)...
[Atoms → Molecules] Found 250 molecules.
      [31m✗ Missing goal molecules.[0m
        [31m✗ Missing molecule synthesis subproblem failed in 0.75s[0m
      Filtering reaction complex_429 (428/500)...
[Atoms → Molecules] Found 49 molecules.
      [32m✓ All goal molecules found.[0m
        [32m✓ Missing molecule synthesis subproblem passed in 0.31s[0m
      Filtering reaction complex_430 (429/500)...
[Atoms → Molecules] Found 49 molecules.
      [32m✓ All goal molecules found.[0m
        [32m✓ Missing molecule synthesis subproblem passed in 0.16s[0m
      Filtering reaction complex_431 (430/500)...
[Atoms → Molecules] Found 121 molecules.
      [32m✓ All goal molecules found.[0m
        [32m✓ Missing molecule synthesis subproblem passed in 0.39s[0m
      Filtering reaction complex_432 (431/500)...
[Atoms → Molecules] Found 250 molecules.
      [31m✗ Missing goal molecules.[0m
        [31m✗ Missing molecule synthesis subproblem failed in 0.67s[0m
      Filtering reaction complex_433 (432/500)...
[Atoms → Molecules] Found 250 molecules.
      [31m✗ Missing goal molecules.[0m
        [31m✗ Missing molecule synthesis subproblem failed in 0.92s[0m
      Filtering reaction complex_434 (433/500)...
[Atoms → Molecules] Found 250 molecules.
      [31m✗ Missing goal molecules.[0m
        [31m✗ Missing molecule synthesis subproblem failed in 0.77s[0m
      Filtering reaction complex_435 (434/500)...
[Atoms → Molecules] Found 250 molecules.
      [31m✗ Missing goal molecules.[0m
        [31m✗ Missing molecule synthesis subproblem failed in 0.94s[0m
      Filtering reaction complex_436 (435/500)...
[Atoms → Molecules] Found 230 molecules.
      [32m✓ All goal molecules found.[0m
        [32m✓ Missing molecule synthesis subproblem passed in 0.99s[0m
      Filtering reaction complex_437 (436/500)...
[Atoms → Molecules] Found 250 molecules.
      [31m✗ Missing goal molecules.[0m
        [31m✗ Missing molecule synthesis subproblem failed in 0.97s[0m
      Filtering reaction complex_438 (437/500)...
[Atoms → Molecules] Found 250 molecules.
      [31m✗ Missing goal molecules.[0m
        [31m✗ Missing molecule synthesis subproblem failed in 0.84s[0m
      Filtering reaction complex_439 (438/500)...
[Atoms → Molecules] Found 250 molecules.
      [31m✗ Missing goal molecules.[0m
        [31m✗ Missing molecule synthesis subproblem failed in 0.81s[0m
      Filtering reaction complex_440 (439/500)...
[Atoms → Molecules] Found 146 molecules.
      [32m✓ All goal molecules found.[0m
        [32m✓ Missing molecule synthesis subproblem passed in 0.61s[0m
      Filtering reaction complex_441 (440/500)...
[Atoms → Molecules] Found 250 molecules.
      [31m✗ Missing goal molecules.[0m
        [31m✗ Missing molecule synthesis subproblem failed in 0.28s[0m
      Filtering reaction complex_442 (441/500)...
[Atoms → Molecules] Found 11 molecules.
      [32m✓ All goal molecules found.[0m
        [32m✓ Missing molecule synthesis subproblem passed in 0.9s[0m
      Filtering reaction complex_443 (442/500)...
[Atoms → Molecules] Found 218 molecules.
      [32m✓ All goal molecules found.[0m
        [32m✓ Missing molecule synthesis subproblem passed in 0.41s[0m
      Filtering reaction complex_444 (443/500)...
[Atoms → Molecules] Found 1 molecules.
      [32m✓ All goal molecules found.[0m
        [32m✓ Missing molecule synthesis subproblem passed in 0.01s[0m
      Filtering reaction complex_445 (444/500)...
[Atoms → Molecules] Found 90 molecules.
      [32m✓ All goal molecules found.[0m
        [32m✓ Missing molecule synthesis subproblem passed in 0.24s[0m
      Filtering reaction complex_446 (445/500)...
[Atoms → Molecules] Found 250 molecules.
      [31m✗ Missing goal molecules.[0m
        [31m✗ Missing molecule synthesis subproblem failed in 1.66s[0m
      Filtering reaction complex_447 (446/500)...
[Atoms → Molecules] Found 250 molecules.
      [31m✗ Missing goal molecules.[0m
        [31m✗ Missing molecule synthesis subproblem failed in 1.11s[0m
      Filtering reaction complex_448 (447/500)...
[Atoms → Molecules] Found 34 molecules.
      [32m✓ All goal molecules found.[0m
        [32m✓ Missing molecule synthesis subproblem passed in 0.2s[0m
      Filtering reaction complex_449 (448/500)...
[Atoms → Molecules] Found 250 molecules.
      [31m✗ Missing goal molecules.[0m
        [31m✗ Missing molecule synthesis subproblem failed in 0.52s[0m
      Filtering reaction complex_450 (449/500)...
[Atoms → Molecules] Found 192 molecules.
      [32m✓ All goal molecules found.[0m
        [32m✓ Missing molecule synthesis subproblem passed in 0.5s[0m
      Filtering reaction complex_451 (450/500)...
[Atoms → Molecules] Found 250 molecules.
      [31m✗ Missing goal molecules.[0m
        [31m✗ Missing molecule synthesis subproblem failed in 0.56s[0m
      Filtering reaction complex_452 (451/500)...
[Atoms → Molecules] Found 17 molecules.
      [32m✓ All goal molecules found.[0m
        [32m✓ Missing molecule synthesis subproblem passed in 0.06s[0m
      Filtering reaction complex_453 (452/500)...
[Atoms → Molecules] Found 250 molecules.
      [31m✗ Missing goal molecules.[0m
        [31m✗ Missing molecule synthesis subproblem failed in 1.24s[0m
      Filtering reaction complex_454 (453/500)...
[Atoms → Molecules] Found 250 molecules.
      [31m✗ Missing goal molecules.[0m
        [31m✗ Missing molecule synthesis subproblem failed in 0.57s[0m
      Filtering reaction complex_455 (454/500)...
[Atoms → Molecules] Found 250 molecules.
      [31m✗ Missing goal molecules.[0m
        [31m✗ Missing molecule synthesis subproblem failed in 1.04s[0m
      Filtering reaction complex_456 (455/500)...
[Atoms → Molecules] Found 1 molecules.
      [32m✓ All goal molecules found.[0m
        [32m✓ Missing molecule synthesis subproblem passed in 0.08s[0m
      Filtering reaction complex_457 (456/500)...
[17:02:25] WARNING: not removing hydrogen atom without neighbors
[Atoms → Molecules] Found 18 molecules.
      [32m✓ All goal molecules found.[0m
        [32m✓ Missing molecule synthesis subproblem passed in 0.09s[0m
      Filtering reaction complex_458 (457/500)...
[Atoms → Molecules] Found 13 molecules.
      [32m✓ All goal molecules found.[0m
        [32m✓ Missing molecule synthesis subproblem passed in 0.08s[0m
      Filtering reaction complex_459 (458/500)...
[Atoms → Molecules] Found 250 molecules.
      [31m✗ Missing goal molecules.[0m
        [31m✗ Missing molecule synthesis subproblem failed in 1.04s[0m
      Filtering reaction complex_460 (459/500)...
[Atoms → Molecules] Found 250 molecules.
      [31m✗ Missing goal molecules.[0m
        [31m✗ Missing molecule synthesis subproblem failed in 0.86s[0m
      Filtering reaction complex_461 (460/500)...
[Atoms → Molecules] Found 250 molecules.
      [31m✗ Missing goal molecules.[0m
        [31m✗ Missing molecule synthesis subproblem failed in 0.95s[0m
      Filtering reaction complex_462 (461/500)...
[Atoms → Molecules] Found 250 molecules.
      [31m✗ Missing goal molecules.[0m
        [31m✗ Missing molecule synthesis subproblem failed in 0.57s[0m
      Filtering reaction complex_463 (462/500)...
[Atoms → Molecules] Found 118 molecules.
      [32m✓ All goal molecules found.[0m
        [32m✓ Missing molecule synthesis subproblem passed in 0.43s[0m
      Filtering reaction complex_464 (463/500)...
[Atoms → Molecules] Found 250 molecules.
      [31m✗ Missing goal molecules.[0m
        [31m✗ Missing molecule synthesis subproblem failed in 0.71s[0m
      Filtering reaction complex_465 (464/500)...
[Atoms → Molecules] Found 13 molecules.
      [32m✓ All goal molecules found.[0m
        [32m✓ Missing molecule synthesis subproblem passed in 0.09s[0m
      Filtering reaction complex_466 (465/500)...
[Atoms → Molecules] Found 250 molecules.
      [31m✗ Missing goal molecules.[0m
        [31m✗ Missing molecule synthesis subproblem failed in 0.53s[0m
      Filtering reaction complex_467 (466/500)...
[Atoms → Molecules] Found 131 molecules.
      [32m✓ All goal molecules found.[0m
        [32m✓ Missing molecule synthesis subproblem passed in 0.31s[0m
      Filtering reaction complex_468 (467/500)...
[17:02:31] WARNING: not removing hydrogen atom without neighbors
[Atoms → Molecules] Found 250 molecules.
      [31m✗ Missing goal molecules.[0m
        [31m✗ Missing molecule synthesis subproblem failed in 1.0s[0m
      Filtering reaction complex_469 (468/500)...
[Atoms → Molecules] Found 55 molecules.
      [32m✓ All goal molecules found.[0m
        [32m✓ Missing molecule synthesis subproblem passed in 0.18s[0m
      Filtering reaction complex_470 (469/500)...
[Atoms → Molecules] Found 20 molecules.
      [32m✓ All goal molecules found.[0m
        [32m✓ Missing molecule synthesis subproblem passed in 0.1s[0m
      Filtering reaction complex_471 (470/500)...
[Atoms → Molecules] Found 250 molecules.
      [31m✗ Missing goal molecules.[0m
        [31m✗ Missing molecule synthesis subproblem failed in 2.25s[0m
      Filtering reaction complex_472 (471/500)...
[Atoms → Molecules] Found 250 molecules.
      [31m✗ Missing goal molecules.[0m
        [31m✗ Missing molecule synthesis subproblem failed in 3.53s[0m
      Filtering reaction complex_473 (472/500)...
[Atoms → Molecules] Found 250 molecules.
      [31m✗ Missing goal molecules.[0m
        [31m✗ Missing molecule synthesis subproblem failed in 0.56s[0m
      Filtering reaction complex_474 (473/500)...
[Atoms → Molecules] Found 22 molecules.
      [32m✓ All goal molecules found.[0m
        [32m✓ Missing molecule synthesis subproblem passed in 0.06s[0m
      Filtering reaction complex_475 (474/500)...
[Atoms → Molecules] Found 55 molecules.
      [32m✓ All goal molecules found.[0m
        [32m✓ Missing molecule synthesis subproblem passed in 0.16s[0m
      Filtering reaction complex_476 (475/500)...
[Atoms → Molecules] Found 20 molecules.
      [32m✓ All goal molecules found.[0m
        [32m✓ Missing molecule synthesis subproblem passed in 0.05s[0m
      Filtering reaction complex_477 (476/500)...
[Atoms → Molecules] Found 42 molecules.
      [32m✓ All goal molecules found.[0m
        [32m✓ Missing molecule synthesis subproblem passed in 0.08s[0m
      Filtering reaction complex_478 (477/500)...
[Atoms → Molecules] Found 59 molecules.
      [32m✓ All goal molecules found.[0m
        [32m✓ Missing molecule synthesis subproblem passed in 0.13s[0m
      Filtering reaction complex_479 (478/500)...
[Atoms → Molecules] Found 25 molecules.
      [32m✓ All goal molecules found.[0m
        [32m✓ Missing molecule synthesis subproblem passed in 0.07s[0m
      Filtering reaction complex_480 (479/500)...
[Atoms → Molecules] Found 91 molecules.
      [32m✓ All goal molecules found.[0m
        [32m✓ Missing molecule synthesis subproblem passed in 0.31s[0m
      Filtering reaction complex_481 (480/500)...
[Atoms → Molecules] Found 43 molecules.
      [32m✓ All goal molecules found.[0m
        [32m✓ Missing molecule synthesis subproblem passed in 0.38s[0m
      Filtering reaction complex_482 (481/500)...
[Atoms → Molecules] Found 250 molecules.
      [31m✗ Missing goal molecules.[0m
        [31m✗ Missing molecule synthesis subproblem failed in 1.27s[0m
      Filtering reaction complex_483 (482/500)...
[Atoms → Molecules] Found 37 molecules.
      [32m✓ All goal molecules found.[0m
        [32m✓ Missing molecule synthesis subproblem passed in 0.13s[0m
      Filtering reaction complex_484 (483/500)...
[Atoms → Molecules] Found 35 molecules.
      [32m✓ All goal molecules found.[0m
        [32m✓ Missing molecule synthesis subproblem passed in 0.11s[0m
      Filtering reaction complex_485 (484/500)...
[Atoms → Molecules] Found 250 molecules.
      [31m✗ Missing goal molecules.[0m
        [31m✗ Missing molecule synthesis subproblem failed in 0.77s[0m
      Filtering reaction complex_486 (485/500)...
[Atoms → Molecules] Found 55 molecules.
      [32m✓ All goal molecules found.[0m
        [32m✓ Missing molecule synthesis subproblem passed in 0.14s[0m
      Filtering reaction complex_487 (486/500)...
[Atoms → Molecules] Found 250 molecules.
      [31m✗ Missing goal molecules.[0m
        [31m✗ Missing molecule synthesis subproblem failed in 0.55s[0m
      Filtering reaction complex_488 (487/500)...
[Atoms → Molecules] Found 11 molecules.
      [32m✓ All goal molecules found.[0m
        [32m✓ Missing molecule synthesis subproblem passed in 0.03s[0m
      Filtering reaction complex_489 (488/500)...
[Atoms → Molecules] Found 250 molecules.
      [31m✗ Missing goal molecules.[0m
        [31m✗ Missing molecule synthesis subproblem failed in 0.88s[0m
      Filtering reaction complex_490 (489/500)...
[Atoms → Molecules] Found 52 molecules.
      [32m✓ All goal molecules found.[0m
        [32m✓ Missing molecule synthesis subproblem passed in 0.31s[0m
      Filtering reaction complex_491 (490/500)...
[Atoms → Molecules] Found 13 molecules.
      [32m✓ All goal molecules found.[0m
        [32m✓ Missing molecule synthesis subproblem passed in 0.05s[0m
      Filtering reaction complex_492 (491/500)...
[Atoms → Molecules] Found 12 molecules.
      [32m✓ All goal molecules found.[0m
        [32m✓ Missing molecule synthesis subproblem passed in 0.06s[0m
      Filtering reaction complex_493 (492/500)...
[Atoms → Molecules] Found 250 molecules.
      [31m✗ Missing goal molecules.[0m
        [31m✗ Missing molecule synthesis subproblem failed in 0.88s[0m
      Filtering reaction complex_494 (493/500)...
[Atoms → Molecules] Found 250 molecules.
      [31m✗ Missing goal molecules.[0m
        [31m✗ Missing molecule synthesis subproblem failed in 0.91s[0m
      Filtering reaction complex_495 (494/500)...
[Atoms → Molecules] Found 250 molecules.
      [31m✗ Missing goal molecules.[0m
        [31m✗ Missing molecule synthesis subproblem failed in 0.49s[0m
      Filtering reaction complex_496 (495/500)...
[Atoms → Molecules] Found 14 molecules.
      [32m✓ All goal molecules found.[0m
        [32m✓ Missing molecule synthesis subproblem passed in 0.01s[0m
      Filtering reaction complex_497 (496/500)...
[Atoms → Molecules] Found 250 molecules.
      [31m✗ Missing goal molecules.[0m
        [31m✗ Missing molecule synthesis subproblem failed in 0.26s[0m
      Filtering reaction complex_498 (497/500)...
[Atoms → Molecules] Found 11 molecules.
      [32m✓ All goal molecules found.[0m
        [32m✓ Missing molecule synthesis subproblem passed in 0.02s[0m
      Filtering reaction complex_499 (498/500)...
[Atoms → Molecules] Found 250 molecules.
      [31m✗ Missing goal molecules.[0m
        [31m✗ Missing molecule synthesis subproblem failed in 0.97s[0m
      Filtering reaction complex_500 (499/500)...
[Atoms → Molecules] Found 91 molecules.
      [32m✓ All goal molecules found.[0m
        [32m✓ Missing molecule synthesis subproblem passed in 0.17s[0m
      Filtering reaction complex_501 (500/500)...
[Atoms → Molecules] Found 54 molecules.
      [32m✓ All goal molecules found.[0m
        [32m✓ Missing molecule synthesis subproblem passed in 0.12s[0m

  [1mSimilarity Metric: none[0m
      Evaluating reaction complex_1 (1/500)...
        [31m✗ Skipped reaction synthesis (missing molecule synthesis subproblem failed).[0m
      Evaluating reaction complex_2 (2/500)...
[Problem → Reactions] Found 4476 reactions, 250 molecules.
      [32m✓ All goal molecules found.[0m
      [32m✓ All goal reactions found.[0m
        [32m✓ Target reaction successfully synthesized in 10.83s![0m
      Evaluating reaction complex_3 (3/500)...
[Problem → Reactions] Found 363 reactions, 250 molecules.
      [32m✓ All goal molecules found.[0m
      [32m✓ All goal reactions found.[0m
        [32m✓ Target reaction successfully synthesized in 0.79s![0m
      Evaluating reaction complex_4 (4/500)...
[Problem → Reactions] Found 140 reactions, 250 molecules.
      [32m✓ All goal molecules found.[0m
      [32m✓ All goal reactions found.[0m
        [32m✓ Target reaction successfully synthesized in 1.09s![0m
      Evaluating reaction complex_5 (5/500)...
[Problem → Reactions] Found 95 reactions, 250 molecules.
      [32m✓ All goal molecules found.[0m
      [32m✓ All goal reactions found.[0m
        [32m✓ Target reaction successfully synthesized in 0.66s![0m
      Evaluating reaction complex_6 (6/500)...
[Problem → Reactions] Found 530 reactions, 250 molecules.
      [32m✓ All goal molecules found.[0m
      [32m✓ All goal reactions found.[0m
        [32m✓ Target reaction successfully synthesized in 3.15s![0m
      Evaluating reaction complex_7 (7/500)...
        [31m✗ Skipped reaction synthesis (missing molecule synthesis subproblem failed).[0m
      Evaluating reaction complex_8 (8/500)...
[Problem → Reactions] Found 105 reactions, 250 molecules.
      [32m✓ All goal molecules found.[0m
      [32m✓ All goal reactions found.[0m
        [32m✓ Target reaction successfully synthesized in 1.26s![0m
      Evaluating reaction complex_9 (9/500)...
[Problem → Reactions] Found 135 reactions, 250 molecules.
      [32m✓ All goal molecules found.[0m
      [32m✓ All goal reactions found.[0m
        [32m✓ Target reaction successfully synthesized in 0.87s![0m
      Evaluating reaction complex_10 (10/500)...
[Problem → Reactions] Found 452 reactions, 250 molecules.
      [32m✓ All goal molecules found.[0m
      [32m✓ All goal reactions found.[0m
        [32m✓ Target reaction successfully synthesized in 1.06s![0m
      Evaluating reaction complex_11 (11/500)...
[Problem → Reactions] Found 161 reactions, 250 molecules.
      [32m✓ All goal molecules found.[0m
      [32m✓ All goal reactions found.[0m
        [32m✓ Target reaction successfully synthesized in 1.2s![0m
      Evaluating reaction complex_12 (12/500)...
        [31m✗ Skipped reaction synthesis (missing molecule synthesis subproblem failed).[0m
      Evaluating reaction complex_13 (13/500)...
[Problem → Reactions] Found 290 reactions, 250 molecules.
      [32m✓ All goal molecules found.[0m
      [32m✓ All goal reactions found.[0m
        [32m✓ Target reaction successfully synthesized in 0.83s![0m
      Evaluating reaction complex_14 (14/500)...
[Problem → Reactions] Found 30000 reactions, 250 molecules.
      [32m✓ All goal molecules found.[0m
      [31m✗ Missing goal reactions.[0m
        [31m✗ Synthesis failed or timed out in 78.15s.[0m
      Evaluating reaction complex_15 (15/500)...
[Problem → Reactions] Found 113 reactions, 250 molecules.
      [32m✓ All goal molecules found.[0m
      [32m✓ All goal reactions found.[0m
        [32m✓ Target reaction successfully synthesized in 0.76s![0m
      Evaluating reaction complex_16 (16/500)...
[Problem → Reactions] Found 30000 reactions, 250 molecules.
      [32m✓ All goal molecules found.[0m
      [31m✗ Missing goal reactions.[0m
        [31m✗ Synthesis failed or timed out in 68.02s.[0m
      Evaluating reaction complex_17 (17/500)...
[Problem → Reactions] Found 273 reactions, 250 molecules.
      [32m✓ All goal molecules found.[0m
      [32m✓ All goal reactions found.[0m
        [32m✓ Target reaction successfully synthesized in 0.75s![0m
      Evaluating reaction complex_18 (18/500)...
        [31m✗ Skipped reaction synthesis (missing molecule synthesis subproblem failed).[0m
      Evaluating reaction complex_19 (19/500)...
[Problem → Reactions] Found 507 reactions, 250 molecules.
      [32m✓ All goal molecules found.[0m
      [32m✓ All goal reactions found.[0m
        [32m✓ Target reaction successfully synthesized in 1.88s![0m
      Evaluating reaction complex_20 (20/500)...
        [31m✗ Skipped reaction synthesis (missing molecule synthesis subproblem failed).[0m
      Evaluating reaction complex_21 (21/500)...
[Problem → Reactions] Found 30000 reactions, 250 molecules.
      [32m✓ All goal molecules found.[0m
      [31m✗ Missing goal reactions.[0m
        [31m✗ Synthesis failed or timed out in 79.55s.[0m
      Evaluating reaction complex_22 (22/500)...
        [31m✗ Skipped reaction synthesis (missing molecule synthesis subproblem failed).[0m
      Evaluating reaction complex_23 (23/500)...
        [31m✗ Skipped reaction synthesis (missing molecule synthesis subproblem failed).[0m
      Evaluating reaction complex_24 (24/500)...
[Problem → Reactions] Found 428 reactions, 250 molecules.
      [32m✓ All goal molecules found.[0m
      [32m✓ All goal reactions found.[0m
        [32m✓ Target reaction successfully synthesized in 0.81s![0m
      Evaluating reaction complex_25 (25/500)...
        [31m✗ Skipped reaction synthesis (missing molecule synthesis subproblem failed).[0m
      Evaluating reaction complex_26 (26/500)...
[Problem → Reactions] Found 339 reactions, 250 molecules.
      [32m✓ All goal molecules found.[0m
      [32m✓ All goal reactions found.[0m
        [32m✓ Target reaction successfully synthesized in 1.78s![0m
      Evaluating reaction complex_27 (27/500)...
        [31m✗ Skipped reaction synthesis (missing molecule synthesis subproblem failed).[0m
      Evaluating reaction complex_28 (28/500)...
        [31m✗ Skipped reaction synthesis (missing molecule synthesis subproblem failed).[0m
      Evaluating reaction complex_29 (29/500)...
        [31m✗ Skipped reaction synthesis (missing molecule synthesis subproblem failed).[0m
      Evaluating reaction complex_30 (30/500)...
[Problem → Reactions] Found 245 reactions, 250 molecules.
      [32m✓ All goal molecules found.[0m
      [32m✓ All goal reactions found.[0m
        [32m✓ Target reaction successfully synthesized in 2.56s![0m
      Evaluating reaction complex_31 (31/500)...
[Problem → Reactions] Found 459 reactions, 250 molecules.
      [32m✓ All goal molecules found.[0m
      [32m✓ All goal reactions found.[0m
        [32m✓ Target reaction successfully synthesized in 1.14s![0m
      Evaluating reaction complex_32 (32/500)...
        [31m✗ Skipped reaction synthesis (missing molecule synthesis subproblem failed).[0m
      Evaluating reaction complex_33 (33/500)...
[Problem → Reactions] Found 509 reactions, 250 molecules.
      [32m✓ All goal molecules found.[0m
      [32m✓ All goal reactions found.[0m
        [32m✓ Target reaction successfully synthesized in 0.96s![0m
      Evaluating reaction complex_34 (34/500)...
        [31m✗ Skipped reaction synthesis (missing molecule synthesis subproblem failed).[0m
      Evaluating reaction complex_35 (35/500)...
[Problem → Reactions] Found 404 reactions, 250 molecules.
      [32m✓ All goal molecules found.[0m
      [32m✓ All goal reactions found.[0m
        [32m✓ Target reaction successfully synthesized in 3.48s![0m
      Evaluating reaction complex_36 (36/500)...
[Problem → Reactions] Found 287 reactions, 250 molecules.
      [32m✓ All goal molecules found.[0m
      [32m✓ All goal reactions found.[0m
        [32m✓ Target reaction successfully synthesized in 1.23s![0m
      Evaluating reaction complex_37 (37/500)...
[Problem → Reactions] Found 155 reactions, 250 molecules.
      [32m✓ All goal molecules found.[0m
      [32m✓ All goal reactions found.[0m
        [32m✓ Target reaction successfully synthesized in 2.13s![0m
      Evaluating reaction complex_38 (38/500)...
[Problem → Reactions] Found 1064 reactions, 250 molecules.
      [32m✓ All goal molecules found.[0m
      [32m✓ All goal reactions found.[0m
        [32m✓ Target reaction successfully synthesized in 1.32s![0m
      Evaluating reaction complex_39 (39/500)...
        [31m✗ Skipped reaction synthesis (missing molecule synthesis subproblem failed).[0m
      Evaluating reaction complex_40 (40/500)...
[Problem → Reactions] Found 429 reactions, 250 molecules.
      [32m✓ All goal molecules found.[0m
      [32m✓ All goal reactions found.[0m
        [32m✓ Target reaction successfully synthesized in 0.62s![0m
      Evaluating reaction complex_41 (41/500)...
        [31m✗ Skipped reaction synthesis (missing molecule synthesis subproblem failed).[0m
      Evaluating reaction complex_42 (42/500)...
[Problem → Reactions] Found 272 reactions, 250 molecules.
      [32m✓ All goal molecules found.[0m
      [32m✓ All goal reactions found.[0m
        [32m✓ Target reaction successfully synthesized in 1.11s![0m
      Evaluating reaction complex_43 (43/500)...
[Problem → Reactions] Found 291 reactions, 250 molecules.
      [32m✓ All goal molecules found.[0m
      [32m✓ All goal reactions found.[0m
        [32m✓ Target reaction successfully synthesized in 1.23s![0m
      Evaluating reaction complex_44 (44/500)...
[Problem → Reactions] Found 158 reactions, 250 molecules.
      [32m✓ All goal molecules found.[0m
      [32m✓ All goal reactions found.[0m
        [32m✓ Target reaction successfully synthesized in 1.24s![0m
      Evaluating reaction complex_45 (45/500)...
[Problem → Reactions] Found 30000 reactions, 250 molecules.
      [32m✓ All goal molecules found.[0m
      [31m✗ Missing goal reactions.[0m
        [31m✗ Synthesis failed or timed out in 54.9s.[0m
      Evaluating reaction complex_46 (46/500)...
[Problem → Reactions] Found 461 reactions, 250 molecules.
      [32m✓ All goal molecules found.[0m
      [32m✓ All goal reactions found.[0m
        [32m✓ Target reaction successfully synthesized in 0.79s![0m
      Evaluating reaction complex_47 (47/500)...
[Problem → Reactions] Found 395 reactions, 250 molecules.
      [32m✓ All goal molecules found.[0m
      [32m✓ All goal reactions found.[0m
        [32m✓ Target reaction successfully synthesized in 1.04s![0m
      Evaluating reaction complex_48 (48/500)...
[Problem → Reactions] Found 135 reactions, 250 molecules.
      [32m✓ All goal molecules found.[0m
      [32m✓ All goal reactions found.[0m
        [32m✓ Target reaction successfully synthesized in 1.17s![0m
      Evaluating reaction complex_49 (49/500)...
[Problem → Reactions] Found 225 reactions, 250 molecules.
      [32m✓ All goal molecules found.[0m
      [32m✓ All goal reactions found.[0m
        [32m✓ Target reaction successfully synthesized in 2.71s![0m
      Evaluating reaction complex_50 (50/500)...
[Problem → Reactions] Found 134 reactions, 250 molecules.
      [32m✓ All goal molecules found.[0m
      [32m✓ All goal reactions found.[0m
        [32m✓ Target reaction successfully synthesized in 2.48s![0m
      Evaluating reaction complex_51 (51/500)...
[Problem → Reactions] Found 338 reactions, 250 molecules.
      [32m✓ All goal molecules found.[0m
      [32m✓ All goal reactions found.[0m
        [32m✓ Target reaction successfully synthesized in 1.6s![0m
      Evaluating reaction complex_52 (52/500)...
[Problem → Reactions] Found 123 reactions, 250 molecules.
      [32m✓ All goal molecules found.[0m
      [32m✓ All goal reactions found.[0m
        [32m✓ Target reaction successfully synthesized in 2.12s![0m
      Evaluating reaction complex_53 (53/500)...
[Problem → Reactions] Found 248 reactions, 250 molecules.
      [32m✓ All goal molecules found.[0m
      [32m✓ All goal reactions found.[0m
        [32m✓ Target reaction successfully synthesized in 1.0s![0m
      Evaluating reaction complex_54 (54/500)...
[Problem → Reactions] Found 135 reactions, 250 molecules.
      [32m✓ All goal molecules found.[0m
      [32m✓ All goal reactions found.[0m
        [32m✓ Target reaction successfully synthesized in 1.15s![0m
      Evaluating reaction complex_55 (55/500)...
[Problem → Reactions] Found 287 reactions, 250 molecules.
      [32m✓ All goal molecules found.[0m
      [32m✓ All goal reactions found.[0m
        [32m✓ Target reaction successfully synthesized in 1.96s![0m
      Evaluating reaction complex_56 (56/500)...
[Problem → Reactions] Found 30000 reactions, 250 molecules.
      [32m✓ All goal molecules found.[0m
      [31m✗ Missing goal reactions.[0m
        [31m✗ Synthesis failed or timed out in 60.66s.[0m
      Evaluating reaction complex_57 (57/500)...
[Problem → Reactions] Found 99 reactions, 250 molecules.
      [32m✓ All goal molecules found.[0m
      [32m✓ All goal reactions found.[0m
        [32m✓ Target reaction successfully synthesized in 1.35s![0m
      Evaluating reaction complex_58 (58/500)...
        [31m✗ Skipped reaction synthesis (missing molecule synthesis subproblem failed).[0m
      Evaluating reaction complex_59 (59/500)...
        [31m✗ Skipped reaction synthesis (missing molecule synthesis subproblem failed).[0m
      Evaluating reaction complex_60 (60/500)...
[Problem → Reactions] Found 30000 reactions, 250 molecules.
      [32m✓ All goal molecules found.[0m
      [31m✗ Missing goal reactions.[0m
        [31m✗ Synthesis failed or timed out in 57.06s.[0m
      Evaluating reaction complex_61 (61/500)...
[Problem → Reactions] Found 30000 reactions, 250 molecules.
      [32m✓ All goal molecules found.[0m
      [31m✗ Missing goal reactions.[0m
        [31m✗ Synthesis failed or timed out in 61.81s.[0m
      Evaluating reaction complex_62 (62/500)...
[Problem → Reactions] Found 30000 reactions, 250 molecules.
      [32m✓ All goal molecules found.[0m
      [31m✗ Missing goal reactions.[0m
        [31m✗ Synthesis failed or timed out in 65.98s.[0m
      Evaluating reaction complex_63 (63/500)...
[Problem → Reactions] Found 30000 reactions, 250 molecules.
      [32m✓ All goal molecules found.[0m
      [31m✗ Missing goal reactions.[0m
        [31m✗ Synthesis failed or timed out in 82.09s.[0m
      Evaluating reaction complex_64 (64/500)...
[Problem → Reactions] Found 30000 reactions, 250 molecules.
      [32m✓ All goal molecules found.[0m
      [31m✗ Missing goal reactions.[0m
        [31m✗ Synthesis failed or timed out in 81.04s.[0m
      Evaluating reaction complex_65 (65/500)...
[Problem → Reactions] Found 30000 reactions, 250 molecules.
      [32m✓ All goal molecules found.[0m
      [31m✗ Missing goal reactions.[0m
        [31m✗ Synthesis failed or timed out in 63.86s.[0m
      Evaluating reaction complex_66 (66/500)...
[Problem → Reactions] Found 30000 reactions, 250 molecules.
      [32m✓ All goal molecules found.[0m
      [31m✗ Missing goal reactions.[0m
        [31m✗ Synthesis failed or timed out in 66.54s.[0m
      Evaluating reaction complex_67 (67/500)...
[Problem → Reactions] Found 30000 reactions, 250 molecules.
      [32m✓ All goal molecules found.[0m
      [31m✗ Missing goal reactions.[0m
        [31m✗ Synthesis failed or timed out in 71.01s.[0m
      Evaluating reaction complex_68 (68/500)...
[Problem → Reactions] Found 30000 reactions, 250 molecules.
      [32m✓ All goal molecules found.[0m
      [31m✗ Missing goal reactions.[0m
        [31m✗ Synthesis failed or timed out in 72.87s.[0m
      Evaluating reaction complex_69 (69/500)...
[Problem → Reactions] Found 363 reactions, 250 molecules.
      [32m✓ All goal molecules found.[0m
      [32m✓ All goal reactions found.[0m
        [32m✓ Target reaction successfully synthesized in 5.29s![0m
      Evaluating reaction complex_70 (70/500)...
[Problem → Reactions] Found 30000 reactions, 250 molecules.
      [32m✓ All goal molecules found.[0m
      [31m✗ Missing goal reactions.[0m
        [31m✗ Synthesis failed or timed out in 62.82s.[0m
      Evaluating reaction complex_71 (71/500)...
[Problem → Reactions] Found 30000 reactions, 250 molecules.
      [32m✓ All goal molecules found.[0m
      [31m✗ Missing goal reactions.[0m
        [31m✗ Synthesis failed or timed out in 78.58s.[0m
      Evaluating reaction complex_72 (72/500)...
[Problem → Reactions] Found 30000 reactions, 250 molecules.
      [32m✓ All goal molecules found.[0m
      [31m✗ Missing goal reactions.[0m
        [31m✗ Synthesis failed or timed out in 71.06s.[0m
      Evaluating reaction complex_73 (73/500)...
[Problem → Reactions] Found 30000 reactions, 250 molecules.
      [32m✓ All goal molecules found.[0m
      [31m✗ Missing goal reactions.[0m
        [31m✗ Synthesis failed or timed out in 73.07s.[0m
      Evaluating reaction complex_74 (74/500)...
        [31m✗ Skipped reaction synthesis (missing molecule synthesis subproblem failed).[0m
      Evaluating reaction complex_75 (75/500)...
[Problem → Reactions] Found 30000 reactions, 250 molecules.
      [32m✓ All goal molecules found.[0m
      [31m✗ Missing goal reactions.[0m
        [31m✗ Synthesis failed or timed out in 70.94s.[0m
      Evaluating reaction complex_76 (76/500)...
[Problem → Reactions] Found 1686 reactions, 250 molecules.
      [32m✓ All goal molecules found.[0m
      [32m✓ All goal reactions found.[0m
        [32m✓ Target reaction successfully synthesized in 1.47s![0m
      Evaluating reaction complex_77 (77/500)...
[Problem → Reactions] Found 30000 reactions, 250 molecules.
      [32m✓ All goal molecules found.[0m
      [31m✗ Missing goal reactions.[0m
        [31m✗ Synthesis failed or timed out in 75.05s.[0m
      Evaluating reaction complex_78 (78/500)...
[Problem → Reactions] Found 30000 reactions, 250 molecules.
      [32m✓ All goal molecules found.[0m
      [31m✗ Missing goal reactions.[0m
        [31m✗ Synthesis failed or timed out in 69.36s.[0m
      Evaluating reaction complex_79 (79/500)...
[Problem → Reactions] Found 30000 reactions, 250 molecules.
      [32m✓ All goal molecules found.[0m
      [31m✗ Missing goal reactions.[0m
        [31m✗ Synthesis failed or timed out in 59.29s.[0m
      Evaluating reaction complex_80 (80/500)...
[Problem → Reactions] Found 99 reactions, 250 molecules.
      [32m✓ All goal molecules found.[0m
      [32m✓ All goal reactions found.[0m
        [32m✓ Target reaction successfully synthesized in 1.22s![0m
      Evaluating reaction complex_81 (81/500)...
[Problem → Reactions] Found 30000 reactions, 250 molecules.
      [32m✓ All goal molecules found.[0m
      [31m✗ Missing goal reactions.[0m
        [31m✗ Synthesis failed or timed out in 65.07s.[0m
      Evaluating reaction complex_82 (82/500)...
[Problem → Reactions] Found 30000 reactions, 250 molecules.
      [32m✓ All goal molecules found.[0m
      [31m✗ Missing goal reactions.[0m
        [31m✗ Synthesis failed or timed out in 47.66s.[0m
      Evaluating reaction complex_83 (83/500)...
[Problem → Reactions] Found 30000 reactions, 250 molecules.
      [32m✓ All goal molecules found.[0m
      [31m✗ Missing goal reactions.[0m
        [31m✗ Synthesis failed or timed out in 41.95s.[0m
      Evaluating reaction complex_84 (84/500)...
[Problem → Reactions] Found 83 reactions, 250 molecules.
      [32m✓ All goal molecules found.[0m
      [32m✓ All goal reactions found.[0m
        [32m✓ Target reaction successfully synthesized in 1.01s![0m
      Evaluating reaction complex_85 (85/500)...
        [31m✗ Skipped reaction synthesis (missing molecule synthesis subproblem failed).[0m
      Evaluating reaction complex_86 (86/500)...
[Problem → Reactions] Found 119 reactions, 250 molecules.
      [32m✓ All goal molecules found.[0m
      [32m✓ All goal reactions found.[0m
        [32m✓ Target reaction successfully synthesized in 0.84s![0m
      Evaluating reaction complex_87 (87/500)...
[Problem → Reactions] Found 30000 reactions, 250 molecules.
      [32m✓ All goal molecules found.[0m
      [31m✗ Missing goal reactions.[0m
        [31m✗ Synthesis failed or timed out in 74.69s.[0m
      Evaluating reaction complex_88 (88/500)...
[Problem → Reactions] Found 30000 reactions, 250 molecules.
      [32m✓ All goal molecules found.[0m
      [31m✗ Missing goal reactions.[0m
        [31m✗ Synthesis failed or timed out in 67.91s.[0m
      Evaluating reaction complex_89 (89/500)...
        [31m✗ Skipped reaction synthesis (missing molecule synthesis subproblem failed).[0m
      Evaluating reaction complex_90 (90/500)...
[Problem → Reactions] Found 107 reactions, 250 molecules.
      [32m✓ All goal molecules found.[0m
      [32m✓ All goal reactions found.[0m
        [32m✓ Target reaction successfully synthesized in 0.92s![0m
      Evaluating reaction complex_91 (91/500)...
[Problem → Reactions] Found 137 reactions, 250 molecules.
      [32m✓ All goal molecules found.[0m
      [32m✓ All goal reactions found.[0m
        [32m✓ Target reaction successfully synthesized in 1.02s![0m
      Evaluating reaction complex_92 (92/500)...
[Problem → Reactions] Found 30000 reactions, 250 molecules.
      [32m✓ All goal molecules found.[0m
      [31m✗ Missing goal reactions.[0m
        [31m✗ Synthesis failed or timed out in 72.42s.[0m
      Evaluating reaction complex_93 (93/500)...
[Problem → Reactions] Found 30000 reactions, 250 molecules.
      [32m✓ All goal molecules found.[0m
      [31m✗ Missing goal reactions.[0m
        [31m✗ Synthesis failed or timed out in 60.49s.[0m
      Evaluating reaction complex_94 (94/500)...
[Problem → Reactions] Found 30000 reactions, 250 molecules.
      [32m✓ All goal molecules found.[0m
      [31m✗ Missing goal reactions.[0m
        [31m✗ Synthesis failed or timed out in 72.02s.[0m
      Evaluating reaction complex_95 (95/500)...
[Problem → Reactions] Found 30000 reactions, 250 molecules.
      [32m✓ All goal molecules found.[0m
      [31m✗ Missing goal reactions.[0m
        [31m✗ Synthesis failed or timed out in 44.13s.[0m
      Evaluating reaction complex_96 (96/500)...
[Problem → Reactions] Found 30000 reactions, 250 molecules.
      [32m✓ All goal molecules found.[0m
      [31m✗ Missing goal reactions.[0m
        [31m✗ Synthesis failed or timed out in 72.7s.[0m
      Evaluating reaction complex_97 (97/500)...
[Problem → Reactions] Found 30000 reactions, 250 molecules.
      [32m✓ All goal molecules found.[0m
      [31m✗ Missing goal reactions.[0m
        [31m✗ Synthesis failed or timed out in 64.17s.[0m
      Evaluating reaction complex_98 (98/500)...
[Problem → Reactions] Found 111 reactions, 250 molecules.
      [32m✓ All goal molecules found.[0m
      [32m✓ All goal reactions found.[0m
        [32m✓ Target reaction successfully synthesized in 1.11s![0m
      Evaluating reaction complex_99 (99/500)...
[Problem → Reactions] Found 105 reactions, 250 molecules.
      [32m✓ All goal molecules found.[0m
      [32m✓ All goal reactions found.[0m
        [32m✓ Target reaction successfully synthesized in 0.9s![0m
      Evaluating reaction complex_100 (100/500)...
[Problem → Reactions] Found 866 reactions, 250 molecules.
      [32m✓ All goal molecules found.[0m
      [32m✓ All goal reactions found.[0m
        [32m✓ Target reaction successfully synthesized in 1.18s![0m
      Evaluating reaction complex_101 (101/500)...
[Problem → Reactions] Found 417 reactions, 250 molecules.
      [32m✓ All goal molecules found.[0m
      [32m✓ All goal reactions found.[0m
        [32m✓ Target reaction successfully synthesized in 0.71s![0m
      Evaluating reaction complex_102 (102/500)...
[Problem → Reactions] Found 30000 reactions, 250 molecules.
      [32m✓ All goal molecules found.[0m
      [31m✗ Missing goal reactions.[0m
        [31m✗ Synthesis failed or timed out in 65.27s.[0m
      Evaluating reaction complex_103 (103/500)...
[Problem → Reactions] Found 489 reactions, 250 molecules.
      [32m✓ All goal molecules found.[0m
      [32m✓ All goal reactions found.[0m
        [32m✓ Target reaction successfully synthesized in 2.1s![0m
      Evaluating reaction complex_104 (104/500)...
        [31m✗ Skipped reaction synthesis (missing molecule synthesis subproblem failed).[0m
      Evaluating reaction complex_105 (105/500)...
        [31m✗ Skipped reaction synthesis (missing molecule synthesis subproblem failed).[0m
      Evaluating reaction complex_106 (106/500)...
        [31m✗ Skipped reaction synthesis (missing molecule synthesis subproblem failed).[0m
      Evaluating reaction complex_107 (107/500)...
[Problem → Reactions] Found 30000 reactions, 250 molecules.
      [32m✓ All goal molecules found.[0m
      [31m✗ Missing goal reactions.[0m
        [31m✗ Synthesis failed or timed out in 48.21s.[0m
      Evaluating reaction complex_108 (108/500)...
        [31m✗ Skipped reaction synthesis (missing molecule synthesis subproblem failed).[0m
      Evaluating reaction complex_109 (109/500)...
[Problem → Reactions] Found 30000 reactions, 250 molecules.
      [32m✓ All goal molecules found.[0m
      [31m✗ Missing goal reactions.[0m
        [31m✗ Synthesis failed or timed out in 53.02s.[0m
      Evaluating reaction complex_110 (110/500)...
        [31m✗ Skipped reaction synthesis (missing molecule synthesis subproblem failed).[0m
      Evaluating reaction complex_111 (111/500)...
[Problem → Reactions] Found 399 reactions, 250 molecules.
      [32m✓ All goal molecules found.[0m
      [32m✓ All goal reactions found.[0m
        [32m✓ Target reaction successfully synthesized in 1.22s![0m
      Evaluating reaction complex_112 (112/500)...
        [31m✗ Skipped reaction synthesis (missing molecule synthesis subproblem failed).[0m
      Evaluating reaction complex_113 (113/500)...
        [31m✗ Skipped reaction synthesis (missing molecule synthesis subproblem failed).[0m
      Evaluating reaction complex_114 (114/500)...
        [31m✗ Skipped reaction synthesis (missing molecule synthesis subproblem failed).[0m
      Evaluating reaction complex_115 (115/500)...
[Problem → Reactions] Found 140 reactions, 250 molecules.
      [32m✓ All goal molecules found.[0m
      [32m✓ All goal reactions found.[0m
        [32m✓ Target reaction successfully synthesized in 1.08s![0m
      Evaluating reaction complex_116 (116/500)...
[Problem → Reactions] Found 131 reactions, 250 molecules.
      [32m✓ All goal molecules found.[0m
      [32m✓ All goal reactions found.[0m
        [32m✓ Target reaction successfully synthesized in 0.84s![0m
      Evaluating reaction complex_117 (117/500)...
[Problem → Reactions] Found 176 reactions, 250 molecules.
      [32m✓ All goal molecules found.[0m
      [32m✓ All goal reactions found.[0m
        [32m✓ Target reaction successfully synthesized in 2.08s![0m
      Evaluating reaction complex_118 (118/500)...
[Problem → Reactions] Found 575 reactions, 250 molecules.
      [32m✓ All goal molecules found.[0m
      [32m✓ All goal reactions found.[0m
        [32m✓ Target reaction successfully synthesized in 1.91s![0m
      Evaluating reaction complex_119 (119/500)...
[Problem → Reactions] Found 639 reactions, 250 molecules.
      [32m✓ All goal molecules found.[0m
      [32m✓ All goal reactions found.[0m
        [32m✓ Target reaction successfully synthesized in 0.92s![0m
      Evaluating reaction complex_120 (120/500)...
        [31m✗ Skipped reaction synthesis (missing molecule synthesis subproblem failed).[0m
      Evaluating reaction complex_121 (121/500)...
        [31m✗ Skipped reaction synthesis (missing molecule synthesis subproblem failed).[0m
      Evaluating reaction complex_122 (122/500)...
[Problem → Reactions] Found 201 reactions, 250 molecules.
      [32m✓ All goal molecules found.[0m
      [32m✓ All goal reactions found.[0m
        [32m✓ Target reaction successfully synthesized in 1.55s![0m
      Evaluating reaction complex_123 (123/500)...
[Problem → Reactions] Found 269 reactions, 250 molecules.
      [32m✓ All goal molecules found.[0m
      [32m✓ All goal reactions found.[0m
        [32m✓ Target reaction successfully synthesized in 0.83s![0m
      Evaluating reaction complex_124 (124/500)...
        [31m✗ Skipped reaction synthesis (missing molecule synthesis subproblem failed).[0m
      Evaluating reaction complex_125 (125/500)...
[Problem → Reactions] Found 30000 reactions, 250 molecules.
      [32m✓ All goal molecules found.[0m
      [31m✗ Missing goal reactions.[0m
        [31m✗ Synthesis failed or timed out in 67.86s.[0m
      Evaluating reaction complex_126 (126/500)...
        [31m✗ Skipped reaction synthesis (missing molecule synthesis subproblem failed).[0m
      Evaluating reaction complex_127 (127/500)...
[Problem → Reactions] Found 888 reactions, 250 molecules.
      [32m✓ All goal molecules found.[0m
      [32m✓ All goal reactions found.[0m
        [32m✓ Target reaction successfully synthesized in 5.16s![0m
      Evaluating reaction complex_128 (128/500)...
        [31m✗ Skipped reaction synthesis (missing molecule synthesis subproblem failed).[0m
      Evaluating reaction complex_129 (129/500)...
        [31m✗ Skipped reaction synthesis (missing molecule synthesis subproblem failed).[0m
      Evaluating reaction complex_130 (130/500)...
[Problem → Reactions] Found 30000 reactions, 250 molecules.
      [32m✓ All goal molecules found.[0m
      [31m✗ Missing goal reactions.[0m
        [31m✗ Synthesis failed or timed out in 61.64s.[0m
      Evaluating reaction complex_131 (131/500)...
[Problem → Reactions] Found 255 reactions, 250 molecules.
      [32m✓ All goal molecules found.[0m
      [32m✓ All goal reactions found.[0m
        [32m✓ Target reaction successfully synthesized in 1.57s![0m
      Evaluating reaction complex_132 (132/500)...
[Problem → Reactions] Found 209 reactions, 250 molecules.
      [32m✓ All goal molecules found.[0m
      [32m✓ All goal reactions found.[0m
        [32m✓ Target reaction successfully synthesized in 0.57s![0m
      Evaluating reaction complex_133 (133/500)...
[Problem → Reactions] Found 218 reactions, 250 molecules.
      [32m✓ All goal molecules found.[0m
      [32m✓ All goal reactions found.[0m
        [32m✓ Target reaction successfully synthesized in 0.69s![0m
      Evaluating reaction complex_134 (134/500)...
        [31m✗ Skipped reaction synthesis (missing molecule synthesis subproblem failed).[0m
      Evaluating reaction complex_135 (135/500)...
        [31m✗ Skipped reaction synthesis (missing molecule synthesis subproblem failed).[0m
      Evaluating reaction complex_136 (136/500)...
[Problem → Reactions] Found 296 reactions, 250 molecules.
      [32m✓ All goal molecules found.[0m
      [32m✓ All goal reactions found.[0m
        [32m✓ Target reaction successfully synthesized in 3.05s![0m
      Evaluating reaction complex_137 (137/500)...
[Problem → Reactions] Found 500 reactions, 250 molecules.
      [32m✓ All goal molecules found.[0m
      [32m✓ All goal reactions found.[0m
        [32m✓ Target reaction successfully synthesized in 1.72s![0m
      Evaluating reaction complex_138 (138/500)...
        [31m✗ Skipped reaction synthesis (missing molecule synthesis subproblem failed).[0m
      Evaluating reaction complex_139 (139/500)...
        [31m✗ Skipped reaction synthesis (missing molecule synthesis subproblem failed).[0m
      Evaluating reaction complex_140 (140/500)...
[Problem → Reactions] Found 30000 reactions, 250 molecules.
      [32m✓ All goal molecules found.[0m
      [31m✗ Missing goal reactions.[0m
        [31m✗ Synthesis failed or timed out in 63.52s.[0m
      Evaluating reaction complex_141 (141/500)...
        [31m✗ Skipped reaction synthesis (missing molecule synthesis subproblem failed).[0m
      Evaluating reaction complex_142 (142/500)...
        [31m✗ Skipped reaction synthesis (missing molecule synthesis subproblem failed).[0m
      Evaluating reaction complex_143 (143/500)...
        [31m✗ Skipped reaction synthesis (missing molecule synthesis subproblem failed).[0m
      Evaluating reaction complex_144 (144/500)...
[Problem → Reactions] Found 30000 reactions, 250 molecules.
      [32m✓ All goal molecules found.[0m
      [31m✗ Missing goal reactions.[0m
        [31m✗ Synthesis failed or timed out in 46.17s.[0m
      Evaluating reaction complex_145 (145/500)...
        [31m✗ Skipped reaction synthesis (missing molecule synthesis subproblem failed).[0m
      Evaluating reaction complex_146 (146/500)...
[Problem → Reactions] Found 30000 reactions, 250 molecules.
      [32m✓ All goal molecules found.[0m
      [31m✗ Missing goal reactions.[0m
        [31m✗ Synthesis failed or timed out in 87.21s.[0m
      Evaluating reaction complex_147 (147/500)...
        [31m✗ Skipped reaction synthesis (missing molecule synthesis subproblem failed).[0m
      Evaluating reaction complex_148 (148/500)...
        [31m✗ Skipped reaction synthesis (missing molecule synthesis subproblem failed).[0m
      Evaluating reaction complex_149 (149/500)...
        [31m✗ Skipped reaction synthesis (missing molecule synthesis subproblem failed).[0m
      Evaluating reaction complex_150 (150/500)...
[Problem → Reactions] Found 753 reactions, 250 molecules.
      [32m✓ All goal molecules found.[0m
      [32m✓ All goal reactions found.[0m
        [32m✓ Target reaction successfully synthesized in 0.86s![0m
      Evaluating reaction complex_151 (151/500)...
        [31m✗ Skipped reaction synthesis (missing molecule synthesis subproblem failed).[0m
      Evaluating reaction complex_152 (152/500)...
        [31m✗ Skipped reaction synthesis (missing molecule synthesis subproblem failed).[0m
      Evaluating reaction complex_153 (153/500)...
[Problem → Reactions] Found 746 reactions, 250 molecules.
      [32m✓ All goal molecules found.[0m
      [32m✓ All goal reactions found.[0m
        [32m✓ Target reaction successfully synthesized in 0.82s![0m
      Evaluating reaction complex_154 (154/500)...
[Problem → Reactions] Found 765 reactions, 250 molecules.
      [32m✓ All goal molecules found.[0m
      [32m✓ All goal reactions found.[0m
        [32m✓ Target reaction successfully synthesized in 1.99s![0m
      Evaluating reaction complex_155 (155/500)...
        [31m✗ Skipped reaction synthesis (missing molecule synthesis subproblem failed).[0m
      Evaluating reaction complex_156 (156/500)...
[Problem → Reactions] Found 275 reactions, 250 molecules.
      [32m✓ All goal molecules found.[0m
      [32m✓ All goal reactions found.[0m
        [32m✓ Target reaction successfully synthesized in 1.85s![0m
      Evaluating reaction complex_157 (157/500)...
[Problem → Reactions] Found 140 reactions, 250 molecules.
      [32m✓ All goal molecules found.[0m
      [32m✓ All goal reactions found.[0m
        [32m✓ Target reaction successfully synthesized in 1.4s![0m
      Evaluating reaction complex_158 (158/500)...
        [31m✗ Skipped reaction synthesis (missing molecule synthesis subproblem failed).[0m
      Evaluating reaction complex_159 (159/500)...
[Problem → Reactions] Found 30000 reactions, 250 molecules.
      [32m✓ All goal molecules found.[0m
      [31m✗ Missing goal reactions.[0m
        [31m✗ Synthesis failed or timed out in 58.5s.[0m
      Evaluating reaction complex_160 (160/500)...
[Problem → Reactions] Found 269 reactions, 250 molecules.
      [32m✓ All goal molecules found.[0m
      [32m✓ All goal reactions found.[0m
        [32m✓ Target reaction successfully synthesized in 2.51s![0m
      Evaluating reaction complex_161 (161/500)...
[Problem → Reactions] Found 30000 reactions, 250 molecules.
      [32m✓ All goal molecules found.[0m
      [31m✗ Missing goal reactions.[0m
        [31m✗ Synthesis failed or timed out in 76.19s.[0m
      Evaluating reaction complex_162 (162/500)...
        [31m✗ Skipped reaction synthesis (missing molecule synthesis subproblem failed).[0m
      Evaluating reaction complex_164 (163/500)...
        [31m✗ Skipped reaction synthesis (missing molecule synthesis subproblem failed).[0m
      Evaluating reaction complex_165 (164/500)...
        [31m✗ Skipped reaction synthesis (missing molecule synthesis subproblem failed).[0m
      Evaluating reaction complex_166 (165/500)...
[Problem → Reactions] Found 236 reactions, 250 molecules.
      [32m✓ All goal molecules found.[0m
      [32m✓ All goal reactions found.[0m
        [32m✓ Target reaction successfully synthesized in 1.82s![0m
      Evaluating reaction complex_167 (166/500)...
[Problem → Reactions] Found 189 reactions, 250 molecules.
      [32m✓ All goal molecules found.[0m
      [32m✓ All goal reactions found.[0m
        [32m✓ Target reaction successfully synthesized in 0.88s![0m
      Evaluating reaction complex_168 (167/500)...
[Problem → Reactions] Found 69 reactions, 250 molecules.
      [32m✓ All goal molecules found.[0m
      [32m✓ All goal reactions found.[0m
        [32m✓ Target reaction successfully synthesized in 2.35s![0m
      Evaluating reaction complex_169 (168/500)...
[Problem → Reactions] Found 30000 reactions, 250 molecules.
      [32m✓ All goal molecules found.[0m
      [31m✗ Missing goal reactions.[0m
        [31m✗ Synthesis failed or timed out in 48.46s.[0m
      Evaluating reaction complex_170 (169/500)...
        [31m✗ Skipped reaction synthesis (missing molecule synthesis subproblem failed).[0m
      Evaluating reaction complex_171 (170/500)...
[Problem → Reactions] Found 615 reactions, 250 molecules.
      [32m✓ All goal molecules found.[0m
      [32m✓ All goal reactions found.[0m
        [32m✓ Target reaction successfully synthesized in 3.16s![0m
      Evaluating reaction complex_172 (171/500)...
        [31m✗ Skipped reaction synthesis (missing molecule synthesis subproblem failed).[0m
      Evaluating reaction complex_173 (172/500)...
[Problem → Reactions] Found 155 reactions, 250 molecules.
      [32m✓ All goal molecules found.[0m
      [32m✓ All goal reactions found.[0m
        [32m✓ Target reaction successfully synthesized in 1.44s![0m
      Evaluating reaction complex_174 (173/500)...
[Problem → Reactions] Found 30000 reactions, 250 molecules.
      [32m✓ All goal molecules found.[0m
      [31m✗ Missing goal reactions.[0m
        [31m✗ Synthesis failed or timed out in 81.62s.[0m
      Evaluating reaction complex_175 (174/500)...
[Problem → Reactions] Found 1489 reactions, 250 molecules.
      [32m✓ All goal molecules found.[0m
      [32m✓ All goal reactions found.[0m
        [32m✓ Target reaction successfully synthesized in 1.75s![0m
      Evaluating reaction complex_176 (175/500)...
[Problem → Reactions] Found 30000 reactions, 250 molecules.
      [32m✓ All goal molecules found.[0m
      [31m✗ Missing goal reactions.[0m
        [31m✗ Synthesis failed or timed out in 74.73s.[0m
      Evaluating reaction complex_177 (176/500)...
        [31m✗ Skipped reaction synthesis (missing molecule synthesis subproblem failed).[0m
      Evaluating reaction complex_178 (177/500)...
[Problem → Reactions] Found 83 reactions, 250 molecules.
      [32m✓ All goal molecules found.[0m
      [32m✓ All goal reactions found.[0m
        [32m✓ Target reaction successfully synthesized in 0.89s![0m
      Evaluating reaction complex_179 (178/500)...
[Problem → Reactions] Found 30000 reactions, 250 molecules.
      [32m✓ All goal molecules found.[0m
      [31m✗ Missing goal reactions.[0m
        [31m✗ Synthesis failed or timed out in 63.08s.[0m
      Evaluating reaction complex_180 (179/500)...
[Problem → Reactions] Found 9541 reactions, 250 molecules.
      [32m✓ All goal molecules found.[0m
      [32m✓ All goal reactions found.[0m
        [32m✓ Target reaction successfully synthesized in 13.44s![0m
      Evaluating reaction complex_181 (180/500)...
[Problem → Reactions] Found 18895 reactions, 250 molecules.
      [32m✓ All goal molecules found.[0m
      [32m✓ All goal reactions found.[0m
        [32m✓ Target reaction successfully synthesized in 31.07s![0m
      Evaluating reaction complex_182 (181/500)...
        [31m✗ Skipped reaction synthesis (missing molecule synthesis subproblem failed).[0m
      Evaluating reaction complex_183 (182/500)...
        [31m✗ Skipped reaction synthesis (missing molecule synthesis subproblem failed).[0m
      Evaluating reaction complex_184 (183/500)...
[Problem → Reactions] Found 189 reactions, 250 molecules.
      [32m✓ All goal molecules found.[0m
      [32m✓ All goal reactions found.[0m
        [32m✓ Target reaction successfully synthesized in 0.9s![0m
      Evaluating reaction complex_185 (184/500)...
        [31m✗ Skipped reaction synthesis (missing molecule synthesis subproblem failed).[0m
      Evaluating reaction complex_186 (185/500)...
[Problem → Reactions] Found 4968 reactions, 250 molecules.
      [32m✓ All goal molecules found.[0m
      [32m✓ All goal reactions found.[0m
        [32m✓ Target reaction successfully synthesized in 2.71s![0m
      Evaluating reaction complex_187 (186/500)...
        [31m✗ Skipped reaction synthesis (missing molecule synthesis subproblem failed).[0m
      Evaluating reaction complex_188 (187/500)...
[Problem → Reactions] Found 1905 reactions, 250 molecules.
      [32m✓ All goal molecules found.[0m
      [32m✓ All goal reactions found.[0m
        [32m✓ Target reaction successfully synthesized in 6.87s![0m
      Evaluating reaction complex_189 (188/500)...
[Problem → Reactions] Found 245 reactions, 250 molecules.
      [32m✓ All goal molecules found.[0m
      [32m✓ All goal reactions found.[0m
        [32m✓ Target reaction successfully synthesized in 1.07s![0m
      Evaluating reaction complex_190 (189/500)...
[Problem → Reactions] Found 326 reactions, 250 molecules.
      [32m✓ All goal molecules found.[0m
      [32m✓ All goal reactions found.[0m
        [32m✓ Target reaction successfully synthesized in 3.08s![0m
      Evaluating reaction complex_191 (190/500)...
[Problem → Reactions] Found 675 reactions, 250 molecules.
      [32m✓ All goal molecules found.[0m
      [32m✓ All goal reactions found.[0m
        [32m✓ Target reaction successfully synthesized in 2.02s![0m
      Evaluating reaction complex_192 (191/500)...
[Problem → Reactions] Found 123 reactions, 250 molecules.
      [32m✓ All goal molecules found.[0m
      [32m✓ All goal reactions found.[0m
        [32m✓ Target reaction successfully synthesized in 1.5s![0m
      Evaluating reaction complex_193 (192/500)...
[Problem → Reactions] Found 464 reactions, 250 molecules.
      [32m✓ All goal molecules found.[0m
      [32m✓ All goal reactions found.[0m
        [32m✓ Target reaction successfully synthesized in 4.25s![0m
      Evaluating reaction complex_194 (193/500)...
[Problem → Reactions] Found 3648 reactions, 250 molecules.
      [32m✓ All goal molecules found.[0m
      [32m✓ All goal reactions found.[0m
        [32m✓ Target reaction successfully synthesized in 2.94s![0m
      Evaluating reaction complex_195 (194/500)...
        [31m✗ Skipped reaction synthesis (missing molecule synthesis subproblem failed).[0m
      Evaluating reaction complex_196 (195/500)...
        [31m✗ Skipped reaction synthesis (missing molecule synthesis subproblem failed).[0m
      Evaluating reaction complex_197 (196/500)...
[Problem → Reactions] Found 101 reactions, 250 molecules.
      [32m✓ All goal molecules found.[0m
      [32m✓ All goal reactions found.[0m
        [32m✓ Target reaction successfully synthesized in 1.27s![0m
      Evaluating reaction complex_198 (197/500)...
[Problem → Reactions] Found 371 reactions, 250 molecules.
      [32m✓ All goal molecules found.[0m
      [32m✓ All goal reactions found.[0m
        [32m✓ Target reaction successfully synthesized in 1.76s![0m
      Evaluating reaction complex_199 (198/500)...
[Problem → Reactions] Found 233 reactions, 250 molecules.
      [32m✓ All goal molecules found.[0m
      [32m✓ All goal reactions found.[0m
        [32m✓ Target reaction successfully synthesized in 0.98s![0m
      Evaluating reaction complex_200 (199/500)...
        [31m✗ Skipped reaction synthesis (missing molecule synthesis subproblem failed).[0m
      Evaluating reaction complex_201 (200/500)...
        [31m✗ Skipped reaction synthesis (missing molecule synthesis subproblem failed).[0m
      Evaluating reaction complex_202 (201/500)...
[Problem → Reactions] Found 297 reactions, 250 molecules.
      [32m✓ All goal molecules found.[0m
      [32m✓ All goal reactions found.[0m
        [32m✓ Target reaction successfully synthesized in 3.68s![0m
      Evaluating reaction complex_203 (202/500)...
        [31m✗ Skipped reaction synthesis (missing molecule synthesis subproblem failed).[0m
      Evaluating reaction complex_204 (203/500)...
[Problem → Reactions] Found 218 reactions, 250 molecules.
      [32m✓ All goal molecules found.[0m
      [32m✓ All goal reactions found.[0m
        [32m✓ Target reaction successfully synthesized in 1.68s![0m
      Evaluating reaction complex_205 (204/500)...
[Problem → Reactions] Found 30000 reactions, 250 molecules.
      [32m✓ All goal molecules found.[0m
      [31m✗ Missing goal reactions.[0m
        [31m✗ Synthesis failed or timed out in 77.05s.[0m
      Evaluating reaction complex_206 (205/500)...
[Problem → Reactions] Found 30000 reactions, 250 molecules.
      [32m✓ All goal molecules found.[0m
      [31m✗ Missing goal reactions.[0m
        [31m✗ Synthesis failed or timed out in 76.0s.[0m
      Evaluating reaction complex_207 (206/500)...
        [31m✗ Skipped reaction synthesis (missing molecule synthesis subproblem failed).[0m
      Evaluating reaction complex_208 (207/500)...
        [31m✗ Skipped reaction synthesis (missing molecule synthesis subproblem failed).[0m
      Evaluating reaction complex_209 (208/500)...
[Problem → Reactions] Found 375 reactions, 250 molecules.
      [32m✓ All goal molecules found.[0m
      [32m✓ All goal reactions found.[0m
        [32m✓ Target reaction successfully synthesized in 0.92s![0m
      Evaluating reaction complex_210 (209/500)...
        [31m✗ Skipped reaction synthesis (missing molecule synthesis subproblem failed).[0m
      Evaluating reaction complex_211 (210/500)...
[Problem → Reactions] Found 218 reactions, 250 molecules.
      [32m✓ All goal molecules found.[0m
      [32m✓ All goal reactions found.[0m
        [32m✓ Target reaction successfully synthesized in 1.75s![0m
      Evaluating reaction complex_212 (211/500)...
[Problem → Reactions] Found 312 reactions, 250 molecules.
      [32m✓ All goal molecules found.[0m
      [32m✓ All goal reactions found.[0m
        [32m✓ Target reaction successfully synthesized in 3.63s![0m
      Evaluating reaction complex_213 (212/500)...
[Problem → Reactions] Found 182 reactions, 250 molecules.
      [32m✓ All goal molecules found.[0m
      [32m✓ All goal reactions found.[0m
        [32m✓ Target reaction successfully synthesized in 1.25s![0m
      Evaluating reaction complex_214 (213/500)...
[Problem → Reactions] Found 30000 reactions, 250 molecules.
      [32m✓ All goal molecules found.[0m
      [31m✗ Missing goal reactions.[0m
        [31m✗ Synthesis failed or timed out in 77.96s.[0m
      Evaluating reaction complex_215 (214/500)...
[Problem → Reactions] Found 110 reactions, 250 molecules.
      [32m✓ All goal molecules found.[0m
      [32m✓ All goal reactions found.[0m
        [32m✓ Target reaction successfully synthesized in 1.19s![0m
      Evaluating reaction complex_216 (215/500)...
        [31m✗ Skipped reaction synthesis (missing molecule synthesis subproblem failed).[0m
      Evaluating reaction complex_217 (216/500)...
[Problem → Reactions] Found 12179 reactions, 250 molecules.
      [32m✓ All goal molecules found.[0m
      [32m✓ All goal reactions found.[0m
        [32m✓ Target reaction successfully synthesized in 28.41s![0m
      Evaluating reaction complex_218 (217/500)...
        [31m✗ Skipped reaction synthesis (missing molecule synthesis subproblem failed).[0m
      Evaluating reaction complex_219 (218/500)...
        [31m✗ Skipped reaction synthesis (missing molecule synthesis subproblem failed).[0m
      Evaluating reaction complex_220 (219/500)...
        [31m✗ Skipped reaction synthesis (missing molecule synthesis subproblem failed).[0m
      Evaluating reaction complex_221 (220/500)...
[Problem → Reactions] Found 416 reactions, 250 molecules.
      [32m✓ All goal molecules found.[0m
      [32m✓ All goal reactions found.[0m
        [32m✓ Target reaction successfully synthesized in 1.71s![0m
      Evaluating reaction complex_222 (221/500)...
        [31m✗ Skipped reaction synthesis (missing molecule synthesis subproblem failed).[0m
      Evaluating reaction complex_223 (222/500)...
        [31m✗ Skipped reaction synthesis (missing molecule synthesis subproblem failed).[0m
      Evaluating reaction complex_224 (223/500)...
        [31m✗ Skipped reaction synthesis (missing molecule synthesis subproblem failed).[0m
      Evaluating reaction complex_225 (224/500)...
        [31m✗ Skipped reaction synthesis (missing molecule synthesis subproblem failed).[0m
      Evaluating reaction complex_226 (225/500)...
        [31m✗ Skipped reaction synthesis (missing molecule synthesis subproblem failed).[0m
      Evaluating reaction complex_227 (226/500)...
[Problem → Reactions] Found 179 reactions, 250 molecules.
      [32m✓ All goal molecules found.[0m
      [32m✓ All goal reactions found.[0m
        [32m✓ Target reaction successfully synthesized in 0.57s![0m
      Evaluating reaction complex_228 (227/500)...
        [31m✗ Skipped reaction synthesis (missing molecule synthesis subproblem failed).[0m
      Evaluating reaction complex_229 (228/500)...
        [31m✗ Skipped reaction synthesis (missing molecule synthesis subproblem failed).[0m
      Evaluating reaction complex_230 (229/500)...
        [31m✗ Skipped reaction synthesis (missing molecule synthesis subproblem failed).[0m
      Evaluating reaction complex_231 (230/500)...
        [31m✗ Skipped reaction synthesis (missing molecule synthesis subproblem failed).[0m
      Evaluating reaction complex_232 (231/500)...
        [31m✗ Skipped reaction synthesis (missing molecule synthesis subproblem failed).[0m
      Evaluating reaction complex_233 (232/500)...
        [31m✗ Skipped reaction synthesis (missing molecule synthesis subproblem failed).[0m
      Evaluating reaction complex_234 (233/500)...
[Problem → Reactions] Found 4702 reactions, 250 molecules.
      [32m✓ All goal molecules found.[0m
      [32m✓ All goal reactions found.[0m
        [32m✓ Target reaction successfully synthesized in 5.45s![0m
      Evaluating reaction complex_235 (234/500)...
        [31m✗ Skipped reaction synthesis (missing molecule synthesis subproblem failed).[0m
      Evaluating reaction complex_236 (235/500)...
[Problem → Reactions] Found 30000 reactions, 250 molecules.
      [32m✓ All goal molecules found.[0m
      [31m✗ Missing goal reactions.[0m
        [31m✗ Synthesis failed or timed out in 68.04s.[0m
      Evaluating reaction complex_237 (236/500)...
        [31m✗ Skipped reaction synthesis (missing molecule synthesis subproblem failed).[0m
      Evaluating reaction complex_238 (237/500)...
[Problem → Reactions] Found 30000 reactions, 250 molecules.
      [32m✓ All goal molecules found.[0m
      [31m✗ Missing goal reactions.[0m
        [31m✗ Synthesis failed or timed out in 92.8s.[0m
      Evaluating reaction complex_239 (238/500)...
        [31m✗ Skipped reaction synthesis (missing molecule synthesis subproblem failed).[0m
      Evaluating reaction complex_240 (239/500)...
        [31m✗ Skipped reaction synthesis (missing molecule synthesis subproblem failed).[0m
      Evaluating reaction complex_241 (240/500)...
[Problem → Reactions] Found 30000 reactions, 250 molecules.
      [32m✓ All goal molecules found.[0m
      [31m✗ Missing goal reactions.[0m
        [31m✗ Synthesis failed or timed out in 85.26s.[0m
      Evaluating reaction complex_242 (241/500)...
        [31m✗ Skipped reaction synthesis (missing molecule synthesis subproblem failed).[0m
      Evaluating reaction complex_243 (242/500)...
[Problem → Reactions] Found 30000 reactions, 250 molecules.
      [32m✓ All goal molecules found.[0m
      [31m✗ Missing goal reactions.[0m
        [31m✗ Synthesis failed or timed out in 65.08s.[0m
      Evaluating reaction complex_244 (243/500)...
        [31m✗ Skipped reaction synthesis (missing molecule synthesis subproblem failed).[0m
      Evaluating reaction complex_245 (244/500)...
        [31m✗ Skipped reaction synthesis (missing molecule synthesis subproblem failed).[0m
      Evaluating reaction complex_246 (245/500)...
[Problem → Reactions] Found 116 reactions, 250 molecules.
      [32m✓ All goal molecules found.[0m
      [32m✓ All goal reactions found.[0m
        [32m✓ Target reaction successfully synthesized in 0.65s![0m
      Evaluating reaction complex_247 (246/500)...
[Problem → Reactions] Found 287 reactions, 250 molecules.
      [32m✓ All goal molecules found.[0m
      [32m✓ All goal reactions found.[0m
        [32m✓ Target reaction successfully synthesized in 2.29s![0m
      Evaluating reaction complex_248 (247/500)...
[Problem → Reactions] Found 2993 reactions, 250 molecules.
      [32m✓ All goal molecules found.[0m
      [32m✓ All goal reactions found.[0m
        [32m✓ Target reaction successfully synthesized in 1.38s![0m
      Evaluating reaction complex_249 (248/500)...
        [31m✗ Skipped reaction synthesis (missing molecule synthesis subproblem failed).[0m
      Evaluating reaction complex_250 (249/500)...
        [31m✗ Skipped reaction synthesis (missing molecule synthesis subproblem failed).[0m
      Evaluating reaction complex_251 (250/500)...
[Problem → Reactions] Found 30000 reactions, 250 molecules.
      [32m✓ All goal molecules found.[0m
      [31m✗ Missing goal reactions.[0m
        [31m✗ Synthesis failed or timed out in 92.27s.[0m
      Evaluating reaction complex_252 (251/500)...
[Problem → Reactions] Found 30000 reactions, 250 molecules.
      [32m✓ All goal molecules found.[0m
      [31m✗ Missing goal reactions.[0m
        [31m✗ Synthesis failed or timed out in 71.56s.[0m
      Evaluating reaction complex_253 (252/500)...
        [31m✗ Skipped reaction synthesis (missing molecule synthesis subproblem failed).[0m
      Evaluating reaction complex_254 (253/500)...
        [31m✗ Skipped reaction synthesis (missing molecule synthesis subproblem failed).[0m
      Evaluating reaction complex_255 (254/500)...
[Problem → Reactions] Found 30000 reactions, 250 molecules.
      [32m✓ All goal molecules found.[0m
      [31m✗ Missing goal reactions.[0m
        [31m✗ Synthesis failed or timed out in 83.08s.[0m
      Evaluating reaction complex_256 (255/500)...
[Problem → Reactions] Found 12266 reactions, 250 molecules.
      [32m✓ All goal molecules found.[0m
      [32m✓ All goal reactions found.[0m
        [32m✓ Target reaction successfully synthesized in 19.18s![0m
      Evaluating reaction complex_257 (256/500)...
[Problem → Reactions] Found 7022 reactions, 250 molecules.
      [32m✓ All goal molecules found.[0m
      [32m✓ All goal reactions found.[0m
        [32m✓ Target reaction successfully synthesized in 15.31s![0m
      Evaluating reaction complex_258 (257/500)...
[Problem → Reactions] Found 179 reactions, 250 molecules.
      [32m✓ All goal molecules found.[0m
      [32m✓ All goal reactions found.[0m
        [32m✓ Target reaction successfully synthesized in 1.21s![0m
      Evaluating reaction complex_259 (258/500)...
[Problem → Reactions] Found 5657 reactions, 250 molecules.
      [32m✓ All goal molecules found.[0m
      [32m✓ All goal reactions found.[0m
        [32m✓ Target reaction successfully synthesized in 2.14s![0m
      Evaluating reaction complex_260 (259/500)...
        [31m✗ Skipped reaction synthesis (missing molecule synthesis subproblem failed).[0m
      Evaluating reaction complex_261 (260/500)...
        [31m✗ Skipped reaction synthesis (missing molecule synthesis subproblem failed).[0m
      Evaluating reaction complex_262 (261/500)...
[Problem → Reactions] Found 30000 reactions, 250 molecules.
      [32m✓ All goal molecules found.[0m
      [31m✗ Missing goal reactions.[0m
        [31m✗ Synthesis failed or timed out in 38.94s.[0m
      Evaluating reaction complex_263 (262/500)...
[Problem → Reactions] Found 149 reactions, 250 molecules.
      [32m✓ All goal molecules found.[0m
      [32m✓ All goal reactions found.[0m
        [32m✓ Target reaction successfully synthesized in 3.31s![0m
      Evaluating reaction complex_264 (263/500)...
        [31m✗ Skipped reaction synthesis (missing molecule synthesis subproblem failed).[0m
      Evaluating reaction complex_265 (264/500)...
[Problem → Reactions] Found 30000 reactions, 250 molecules.
      [32m✓ All goal molecules found.[0m
      [31m✗ Missing goal reactions.[0m
        [31m✗ Synthesis failed or timed out in 47.7s.[0m
      Evaluating reaction complex_266 (265/500)...
        [31m✗ Skipped reaction synthesis (missing molecule synthesis subproblem failed).[0m
      Evaluating reaction complex_267 (266/500)...
[Problem → Reactions] Found 164 reactions, 250 molecules.
      [32m✓ All goal molecules found.[0m
      [32m✓ All goal reactions found.[0m
        [32m✓ Target reaction successfully synthesized in 0.79s![0m
      Evaluating reaction complex_268 (267/500)...
        [31m✗ Skipped reaction synthesis (missing molecule synthesis subproblem failed).[0m
      Evaluating reaction complex_269 (268/500)...
        [31m✗ Skipped reaction synthesis (missing molecule synthesis subproblem failed).[0m
      Evaluating reaction complex_270 (269/500)...
        [31m✗ Skipped reaction synthesis (missing molecule synthesis subproblem failed).[0m
      Evaluating reaction complex_271 (270/500)...
[Problem → Reactions] Found 30000 reactions, 250 molecules.
      [32m✓ All goal molecules found.[0m
      [31m✗ Missing goal reactions.[0m
        [31m✗ Synthesis failed or timed out in 77.35s.[0m
      Evaluating reaction complex_272 (271/500)...
[Problem → Reactions] Found 30000 reactions, 250 molecules.
      [32m✓ All goal molecules found.[0m
      [31m✗ Missing goal reactions.[0m
        [31m✗ Synthesis failed or timed out in 86.88s.[0m
      Evaluating reaction complex_273 (272/500)...
        [31m✗ Skipped reaction synthesis (missing molecule synthesis subproblem failed).[0m
      Evaluating reaction complex_274 (273/500)...
        [31m✗ Skipped reaction synthesis (missing molecule synthesis subproblem failed).[0m
      Evaluating reaction complex_275 (274/500)...
[Problem → Reactions] Found 30000 reactions, 250 molecules.
      [32m✓ All goal molecules found.[0m
      [31m✗ Missing goal reactions.[0m
        [31m✗ Synthesis failed or timed out in 95.4s.[0m
      Evaluating reaction complex_276 (275/500)...
        [31m✗ Skipped reaction synthesis (missing molecule synthesis subproblem failed).[0m
      Evaluating reaction complex_277 (276/500)...
[Problem → Reactions] Found 30000 reactions, 250 molecules.
      [32m✓ All goal molecules found.[0m
      [31m✗ Missing goal reactions.[0m
        [31m✗ Synthesis failed or timed out in 82.13s.[0m
      Evaluating reaction complex_278 (277/500)...
[Problem → Reactions] Found 30000 reactions, 250 molecules.
      [32m✓ All goal molecules found.[0m
      [31m✗ Missing goal reactions.[0m
        [31m✗ Synthesis failed or timed out in 99.17s.[0m
      Evaluating reaction complex_279 (278/500)...
        [31m✗ Skipped reaction synthesis (missing molecule synthesis subproblem failed).[0m
      Evaluating reaction complex_280 (279/500)...
        [31m✗ Skipped reaction synthesis (missing molecule synthesis subproblem failed).[0m
      Evaluating reaction complex_281 (280/500)...
[Problem → Reactions] Found 290 reactions, 250 molecules.
      [32m✓ All goal molecules found.[0m
      [32m✓ All goal reactions found.[0m
        [32m✓ Target reaction successfully synthesized in 0.82s![0m
      Evaluating reaction complex_282 (281/500)...
[Problem → Reactions] Found 30000 reactions, 250 molecules.
      [32m✓ All goal molecules found.[0m
      [31m✗ Missing goal reactions.[0m
        [31m✗ Synthesis failed or timed out in 77.94s.[0m
      Evaluating reaction complex_283 (282/500)...
[Problem → Reactions] Found 30000 reactions, 250 molecules.
      [32m✓ All goal molecules found.[0m
      [31m✗ Missing goal reactions.[0m
        [31m✗ Synthesis failed or timed out in 89.18s.[0m
      Evaluating reaction complex_284 (283/500)...
[Problem → Reactions] Found 218 reactions, 250 molecules.
      [32m✓ All goal molecules found.[0m
      [32m✓ All goal reactions found.[0m
        [32m✓ Target reaction successfully synthesized in 0.79s![0m
      Evaluating reaction complex_285 (284/500)...
[Problem → Reactions] Found 30000 reactions, 250 molecules.
      [32m✓ All goal molecules found.[0m
      [31m✗ Missing goal reactions.[0m
        [31m✗ Synthesis failed or timed out in 75.65s.[0m
      Evaluating reaction complex_286 (285/500)...
[Problem → Reactions] Found 30000 reactions, 250 molecules.
      [32m✓ All goal molecules found.[0m
      [31m✗ Missing goal reactions.[0m
        [31m✗ Synthesis failed or timed out in 73.31s.[0m
      Evaluating reaction complex_287 (286/500)...
[Problem → Reactions] Found 3780 reactions, 250 molecules.
      [32m✓ All goal molecules found.[0m
      [32m✓ All goal reactions found.[0m
        [32m✓ Target reaction successfully synthesized in 1.51s![0m
      Evaluating reaction complex_288 (287/500)...
        [31m✗ Skipped reaction synthesis (missing molecule synthesis subproblem failed).[0m
      Evaluating reaction complex_289 (288/500)...
[Problem → Reactions] Found 30000 reactions, 250 molecules.
      [32m✓ All goal molecules found.[0m
      [31m✗ Missing goal reactions.[0m
        [31m✗ Synthesis failed or timed out in 81.88s.[0m
      Evaluating reaction complex_290 (289/500)...
[Problem → Reactions] Found 30000 reactions, 250 molecules.
      [32m✓ All goal molecules found.[0m
      [31m✗ Missing goal reactions.[0m
        [31m✗ Synthesis failed or timed out in 81.28s.[0m
      Evaluating reaction complex_291 (290/500)...
[Problem → Reactions] Found 30000 reactions, 250 molecules.
      [32m✓ All goal molecules found.[0m
      [31m✗ Missing goal reactions.[0m
        [31m✗ Synthesis failed or timed out in 64.88s.[0m
      Evaluating reaction complex_292 (291/500)...
[Problem → Reactions] Found 30000 reactions, 250 molecules.
      [32m✓ All goal molecules found.[0m
      [31m✗ Missing goal reactions.[0m
        [31m✗ Synthesis failed or timed out in 91.06s.[0m
      Evaluating reaction complex_293 (292/500)...
[Problem → Reactions] Found 30000 reactions, 250 molecules.
      [32m✓ All goal molecules found.[0m
      [31m✗ Missing goal reactions.[0m
        [31m✗ Synthesis failed or timed out in 85.78s.[0m
      Evaluating reaction complex_294 (293/500)...
        [31m✗ Skipped reaction synthesis (missing molecule synthesis subproblem failed).[0m
      Evaluating reaction complex_295 (294/500)...
        [31m✗ Skipped reaction synthesis (missing molecule synthesis subproblem failed).[0m
      Evaluating reaction complex_296 (295/500)...
        [31m✗ Skipped reaction synthesis (missing molecule synthesis subproblem failed).[0m
      Evaluating reaction complex_297 (296/500)...
        [31m✗ Skipped reaction synthesis (missing molecule synthesis subproblem failed).[0m
      Evaluating reaction complex_298 (297/500)...
[Problem → Reactions] Found 30000 reactions, 250 molecules.
      [32m✓ All goal molecules found.[0m
      [31m✗ Missing goal reactions.[0m
        [31m✗ Synthesis failed or timed out in 54.89s.[0m
      Evaluating reaction complex_299 (298/500)...
[Problem → Reactions] Found 30000 reactions, 250 molecules.
      [32m✓ All goal molecules found.[0m
      [31m✗ Missing goal reactions.[0m
        [31m✗ Synthesis failed or timed out in 85.19s.[0m
      Evaluating reaction complex_300 (299/500)...
[Problem → Reactions] Found 30000 reactions, 250 molecules.
      [32m✓ All goal molecules found.[0m
      [31m✗ Missing goal reactions.[0m
        [31m✗ Synthesis failed or timed out in 68.43s.[0m
      Evaluating reaction complex_301 (300/500)...
[Problem → Reactions] Found 30000 reactions, 250 molecules.
      [32m✓ All goal molecules found.[0m
      [31m✗ Missing goal reactions.[0m
        [31m✗ Synthesis failed or timed out in 84.93s.[0m
      Evaluating reaction complex_302 (301/500)...
        [31m✗ Skipped reaction synthesis (missing molecule synthesis subproblem failed).[0m
      Evaluating reaction complex_303 (302/500)...
[Problem → Reactions] Found 30000 reactions, 250 molecules.
      [32m✓ All goal molecules found.[0m
      [31m✗ Missing goal reactions.[0m
        [31m✗ Synthesis failed or timed out in 70.98s.[0m
      Evaluating reaction complex_304 (303/500)...
[Problem → Reactions] Found 30000 reactions, 250 molecules.
      [32m✓ All goal molecules found.[0m
      [31m✗ Missing goal reactions.[0m
        [31m✗ Synthesis failed or timed out in 72.06s.[0m
      Evaluating reaction complex_305 (304/500)...
        [31m✗ Skipped reaction synthesis (missing molecule synthesis subproblem failed).[0m
      Evaluating reaction complex_306 (305/500)...
        [31m✗ Skipped reaction synthesis (missing molecule synthesis subproblem failed).[0m
      Evaluating reaction complex_307 (306/500)...
[Problem → Reactions] Found 30000 reactions, 250 molecules.
      [32m✓ All goal molecules found.[0m
      [31m✗ Missing goal reactions.[0m
        [31m✗ Synthesis failed or timed out in 80.56s.[0m
      Evaluating reaction complex_308 (307/500)...
[Problem → Reactions] Found 30000 reactions, 250 molecules.
      [32m✓ All goal molecules found.[0m
      [31m✗ Missing goal reactions.[0m
        [31m✗ Synthesis failed or timed out in 93.3s.[0m
      Evaluating reaction complex_309 (308/500)...
[Problem → Reactions] Found 30000 reactions, 250 molecules.
      [32m✓ All goal molecules found.[0m
      [31m✗ Missing goal reactions.[0m
        [31m✗ Synthesis failed or timed out in 58.77s.[0m
      Evaluating reaction complex_310 (309/500)...
[Problem → Reactions] Found 30000 reactions, 250 molecules.
      [32m✓ All goal molecules found.[0m
      [31m✗ Missing goal reactions.[0m
        [31m✗ Synthesis failed or timed out in 93.95s.[0m
      Evaluating reaction complex_311 (310/500)...
[Problem → Reactions] Found 30000 reactions, 250 molecules.
      [32m✓ All goal molecules found.[0m
      [31m✗ Missing goal reactions.[0m
        [31m✗ Synthesis failed or timed out in 85.59s.[0m
      Evaluating reaction complex_312 (311/500)...
[Problem → Reactions] Found 30000 reactions, 250 molecules.
      [32m✓ All goal molecules found.[0m
      [31m✗ Missing goal reactions.[0m
        [31m✗ Synthesis failed or timed out in 90.34s.[0m
      Evaluating reaction complex_313 (312/500)...
[Problem → Reactions] Found 30000 reactions, 250 molecules.
      [32m✓ All goal molecules found.[0m
      [31m✗ Missing goal reactions.[0m
        [31m✗ Synthesis failed or timed out in 81.35s.[0m
      Evaluating reaction complex_314 (313/500)...
[Problem → Reactions] Found 30000 reactions, 250 molecules.
      [32m✓ All goal molecules found.[0m
      [31m✗ Missing goal reactions.[0m
        [31m✗ Synthesis failed or timed out in 59.08s.[0m
      Evaluating reaction complex_315 (314/500)...
        [31m✗ Skipped reaction synthesis (missing molecule synthesis subproblem failed).[0m
      Evaluating reaction complex_316 (315/500)...
[Problem → Reactions] Found 30000 reactions, 250 molecules.
      [32m✓ All goal molecules found.[0m
      [31m✗ Missing goal reactions.[0m
        [31m✗ Synthesis failed or timed out in 65.57s.[0m
      Evaluating reaction complex_317 (316/500)...
[Problem → Reactions] Found 30000 reactions, 250 molecules.
      [32m✓ All goal molecules found.[0m
      [31m✗ Missing goal reactions.[0m
        [31m✗ Synthesis failed or timed out in 81.08s.[0m
      Evaluating reaction complex_318 (317/500)...
[Problem → Reactions] Found 30000 reactions, 250 molecules.
      [32m✓ All goal molecules found.[0m
      [31m✗ Missing goal reactions.[0m
        [31m✗ Synthesis failed or timed out in 83.17s.[0m
      Evaluating reaction complex_319 (318/500)...
[Problem → Reactions] Found 30000 reactions, 250 molecules.
      [32m✓ All goal molecules found.[0m
      [31m✗ Missing goal reactions.[0m
        [31m✗ Synthesis failed or timed out in 92.9s.[0m
      Evaluating reaction complex_320 (319/500)...
[Problem → Reactions] Found 30000 reactions, 250 molecules.
      [32m✓ All goal molecules found.[0m
      [31m✗ Missing goal reactions.[0m
        [31m✗ Synthesis failed or timed out in 45.0s.[0m
      Evaluating reaction complex_321 (320/500)...
[Problem → Reactions] Found 30000 reactions, 250 molecules.
      [32m✓ All goal molecules found.[0m
      [31m✗ Missing goal reactions.[0m
        [31m✗ Synthesis failed or timed out in 61.54s.[0m
      Evaluating reaction complex_322 (321/500)...
[Problem → Reactions] Found 30000 reactions, 250 molecules.
      [32m✓ All goal molecules found.[0m
      [31m✗ Missing goal reactions.[0m
        [31m✗ Synthesis failed or timed out in 82.26s.[0m
      Evaluating reaction complex_323 (322/500)...
        [31m✗ Skipped reaction synthesis (missing molecule synthesis subproblem failed).[0m
      Evaluating reaction complex_324 (323/500)...
[Problem → Reactions] Found 30000 reactions, 250 molecules.
      [32m✓ All goal molecules found.[0m
      [31m✗ Missing goal reactions.[0m
        [31m✗ Synthesis failed or timed out in 60.68s.[0m
      Evaluating reaction complex_325 (324/500)...
        [31m✗ Skipped reaction synthesis (missing molecule synthesis subproblem failed).[0m
      Evaluating reaction complex_326 (325/500)...
        [31m✗ Skipped reaction synthesis (missing molecule synthesis subproblem failed).[0m
      Evaluating reaction complex_327 (326/500)...
        [31m✗ Skipped reaction synthesis (missing molecule synthesis subproblem failed).[0m
      Evaluating reaction complex_328 (327/500)...
        [31m✗ Skipped reaction synthesis (missing molecule synthesis subproblem failed).[0m
      Evaluating reaction complex_329 (328/500)...
[Problem → Reactions] Found 30000 reactions, 250 molecules.
      [32m✓ All goal molecules found.[0m
      [31m✗ Missing goal reactions.[0m
        [31m✗ Synthesis failed or timed out in 90.11s.[0m
      Evaluating reaction complex_330 (329/500)...
[Problem → Reactions] Found 30000 reactions, 250 molecules.
      [32m✓ All goal molecules found.[0m
      [31m✗ Missing goal reactions.[0m
        [31m✗ Synthesis failed or timed out in 76.73s.[0m
      Evaluating reaction complex_331 (330/500)...
[Problem → Reactions] Found 30000 reactions, 250 molecules.
      [32m✓ All goal molecules found.[0m
      [31m✗ Missing goal reactions.[0m
        [31m✗ Synthesis failed or timed out in 88.35s.[0m
      Evaluating reaction complex_332 (331/500)...
[19:05:13] WARNING: not removing hydrogen atom without neighbors
[Problem → Reactions] Found 30000 reactions, 250 molecules.
      [32m✓ All goal molecules found.[0m
      [31m✗ Missing goal reactions.[0m
        [31m✗ Synthesis failed or timed out in 87.4s.[0m
      Evaluating reaction complex_333 (332/500)...
[Problem → Reactions] Found 30000 reactions, 250 molecules.
      [32m✓ All goal molecules found.[0m
      [31m✗ Missing goal reactions.[0m
        [31m✗ Synthesis failed or timed out in 90.91s.[0m
      Evaluating reaction complex_334 (333/500)...
        [31m✗ Skipped reaction synthesis (missing molecule synthesis subproblem failed).[0m
      Evaluating reaction complex_335 (334/500)...
        [31m✗ Skipped reaction synthesis (missing molecule synthesis subproblem failed).[0m
      Evaluating reaction complex_336 (335/500)...
[Problem → Reactions] Found 30000 reactions, 250 molecules.
      [32m✓ All goal molecules found.[0m
      [31m✗ Missing goal reactions.[0m
        [31m✗ Synthesis failed or timed out in 86.73s.[0m
      Evaluating reaction complex_337 (336/500)...
        [31m✗ Skipped reaction synthesis (missing molecule synthesis subproblem failed).[0m
      Evaluating reaction complex_338 (337/500)...
        [31m✗ Skipped reaction synthesis (missing molecule synthesis subproblem failed).[0m
      Evaluating reaction complex_339 (338/500)...
        [31m✗ Skipped reaction synthesis (missing molecule synthesis subproblem failed).[0m
      Evaluating reaction complex_340 (339/500)...
        [31m✗ Skipped reaction synthesis (missing molecule synthesis subproblem failed).[0m
      Evaluating reaction complex_341 (340/500)...
        [31m✗ Skipped reaction synthesis (missing molecule synthesis subproblem failed).[0m
      Evaluating reaction complex_342 (341/500)...
        [31m✗ Skipped reaction synthesis (missing molecule synthesis subproblem failed).[0m
      Evaluating reaction complex_343 (342/500)...
[Problem → Reactions] Found 30000 reactions, 250 molecules.
      [32m✓ All goal molecules found.[0m
      [31m✗ Missing goal reactions.[0m
        [31m✗ Synthesis failed or timed out in 59.16s.[0m
      Evaluating reaction complex_344 (343/500)...
[Problem → Reactions] Found 30000 reactions, 250 molecules.
      [32m✓ All goal molecules found.[0m
      [31m✗ Missing goal reactions.[0m
        [31m✗ Synthesis failed or timed out in 107.04s.[0m
      Evaluating reaction complex_345 (344/500)...
[Problem → Reactions] Found 153 reactions, 250 molecules.
      [32m✓ All goal molecules found.[0m
      [32m✓ All goal reactions found.[0m
        [32m✓ Target reaction successfully synthesized in 0.6s![0m
      Evaluating reaction complex_346 (345/500)...
[Problem → Reactions] Found 30000 reactions, 250 molecules.
      [32m✓ All goal molecules found.[0m
      [31m✗ Missing goal reactions.[0m
        [31m✗ Synthesis failed or timed out in 72.23s.[0m
      Evaluating reaction complex_347 (346/500)...
[Problem → Reactions] Found 30000 reactions, 250 molecules.
      [32m✓ All goal molecules found.[0m
      [31m✗ Missing goal reactions.[0m
        [31m✗ Synthesis failed or timed out in 106.2s.[0m
      Evaluating reaction complex_348 (347/500)...
[Problem → Reactions] Found 30000 reactions, 250 molecules.
      [32m✓ All goal molecules found.[0m
      [31m✗ Missing goal reactions.[0m
        [31m✗ Synthesis failed or timed out in 85.49s.[0m
      Evaluating reaction complex_349 (348/500)...
[Problem → Reactions] Found 30000 reactions, 250 molecules.
      [32m✓ All goal molecules found.[0m
      [31m✗ Missing goal reactions.[0m
        [31m✗ Synthesis failed or timed out in 87.07s.[0m
      Evaluating reaction complex_350 (349/500)...
[Problem → Reactions] Found 30000 reactions, 250 molecules.
      [32m✓ All goal molecules found.[0m
      [31m✗ Missing goal reactions.[0m
        [31m✗ Synthesis failed or timed out in 78.62s.[0m
      Evaluating reaction complex_351 (350/500)...
        [31m✗ Skipped reaction synthesis (missing molecule synthesis subproblem failed).[0m
      Evaluating reaction complex_352 (351/500)...
        [31m✗ Skipped reaction synthesis (missing molecule synthesis subproblem failed).[0m
      Evaluating reaction complex_353 (352/500)...
[Problem → Reactions] Found 30000 reactions, 250 molecules.
      [32m✓ All goal molecules found.[0m
      [31m✗ Missing goal reactions.[0m
        [31m✗ Synthesis failed or timed out in 92.2s.[0m
      Evaluating reaction complex_354 (353/500)...
[Problem → Reactions] Found 30000 reactions, 250 molecules.
      [32m✓ All goal molecules found.[0m
      [31m✗ Missing goal reactions.[0m
        [31m✗ Synthesis failed or timed out in 72.71s.[0m
      Evaluating reaction complex_355 (354/500)...
[Problem → Reactions] Found 30000 reactions, 250 molecules.
      [32m✓ All goal molecules found.[0m
      [31m✗ Missing goal reactions.[0m
        [31m✗ Synthesis failed or timed out in 82.07s.[0m
      Evaluating reaction complex_356 (355/500)...
        [31m✗ Skipped reaction synthesis (missing molecule synthesis subproblem failed).[0m
      Evaluating reaction complex_357 (356/500)...
        [31m✗ Skipped reaction synthesis (missing molecule synthesis subproblem failed).[0m
      Evaluating reaction complex_358 (357/500)...
        [31m✗ Skipped reaction synthesis (missing molecule synthesis subproblem failed).[0m
      Evaluating reaction complex_359 (358/500)...
        [31m✗ Skipped reaction synthesis (missing molecule synthesis subproblem failed).[0m
      Evaluating reaction complex_360 (359/500)...
[Problem → Reactions] Found 30000 reactions, 250 molecules.
      [32m✓ All goal molecules found.[0m
      [31m✗ Missing goal reactions.[0m
        [31m✗ Synthesis failed or timed out in 111.52s.[0m
      Evaluating reaction complex_361 (360/500)...
[Problem → Reactions] Found 30000 reactions, 250 molecules.
      [32m✓ All goal molecules found.[0m
      [31m✗ Missing goal reactions.[0m
        [31m✗ Synthesis failed or timed out in 43.99s.[0m
      Evaluating reaction complex_362 (361/500)...
[Problem → Reactions] Found 30000 reactions, 250 molecules.
      [32m✓ All goal molecules found.[0m
      [31m✗ Missing goal reactions.[0m
        [31m✗ Synthesis failed or timed out in 59.89s.[0m
      Evaluating reaction complex_363 (362/500)...
[Problem → Reactions] Found 30000 reactions, 250 molecules.
      [32m✓ All goal molecules found.[0m
      [31m✗ Missing goal reactions.[0m
        [31m✗ Synthesis failed or timed out in 86.28s.[0m
      Evaluating reaction complex_364 (363/500)...
        [31m✗ Skipped reaction synthesis (missing molecule synthesis subproblem failed).[0m
      Evaluating reaction complex_365 (364/500)...
        [31m✗ Skipped reaction synthesis (missing molecule synthesis subproblem failed).[0m
      Evaluating reaction complex_366 (365/500)...
[Problem → Reactions] Found 30000 reactions, 250 molecules.
      [32m✓ All goal molecules found.[0m
      [31m✗ Missing goal reactions.[0m
        [31m✗ Synthesis failed or timed out in 75.55s.[0m
      Evaluating reaction complex_367 (366/500)...
        [31m✗ Skipped reaction synthesis (missing molecule synthesis subproblem failed).[0m
      Evaluating reaction complex_368 (367/500)...
[Problem → Reactions] Found 147 reactions, 250 molecules.
      [32m✓ All goal molecules found.[0m
      [32m✓ All goal reactions found.[0m
        [32m✓ Target reaction successfully synthesized in 0.86s![0m
      Evaluating reaction complex_369 (368/500)...
[Problem → Reactions] Found 30000 reactions, 250 molecules.
      [32m✓ All goal molecules found.[0m
      [31m✗ Missing goal reactions.[0m
        [31m✗ Synthesis failed or timed out in 90.85s.[0m
      Evaluating reaction complex_370 (369/500)...
        [31m✗ Skipped reaction synthesis (missing molecule synthesis subproblem failed).[0m
      Evaluating reaction complex_371 (370/500)...
[Problem → Reactions] Found 30000 reactions, 250 molecules.
      [32m✓ All goal molecules found.[0m
      [31m✗ Missing goal reactions.[0m
        [31m✗ Synthesis failed or timed out in 96.77s.[0m
      Evaluating reaction complex_372 (371/500)...
[Problem → Reactions] Found 119 reactions, 250 molecules.
      [32m✓ All goal molecules found.[0m
      [32m✓ All goal reactions found.[0m
        [32m✓ Target reaction successfully synthesized in 1.22s![0m
      Evaluating reaction complex_373 (372/500)...
[Problem → Reactions] Found 30000 reactions, 250 molecules.
      [32m✓ All goal molecules found.[0m
      [31m✗ Missing goal reactions.[0m
        [31m✗ Synthesis failed or timed out in 54.54s.[0m
      Evaluating reaction complex_374 (373/500)...
[Problem → Reactions] Found 30000 reactions, 250 molecules.
      [32m✓ All goal molecules found.[0m
      [31m✗ Missing goal reactions.[0m
        [31m✗ Synthesis failed or timed out in 40.83s.[0m
      Evaluating reaction complex_375 (374/500)...
[Problem → Reactions] Found 30000 reactions, 250 molecules.
      [32m✓ All goal molecules found.[0m
      [31m✗ Missing goal reactions.[0m
        [31m✗ Synthesis failed or timed out in 42.65s.[0m
      Evaluating reaction complex_376 (375/500)...
[19:35:27] WARNING: not removing hydrogen atom without neighbors
[Problem → Reactions] Found 30000 reactions, 250 molecules.
      [32m✓ All goal molecules found.[0m
      [31m✗ Missing goal reactions.[0m
        [31m✗ Synthesis failed or timed out in 95.43s.[0m
      Evaluating reaction complex_377 (376/500)...
[Problem → Reactions] Found 105 reactions, 250 molecules.
      [32m✓ All goal molecules found.[0m
      [32m✓ All goal reactions found.[0m
        [32m✓ Target reaction successfully synthesized in 1.83s![0m
      Evaluating reaction complex_378 (377/500)...
[Problem → Reactions] Found 30000 reactions, 250 molecules.
      [32m✓ All goal molecules found.[0m
      [31m✗ Missing goal reactions.[0m
        [31m✗ Synthesis failed or timed out in 65.31s.[0m
      Evaluating reaction complex_379 (378/500)...
[Problem → Reactions] Found 30000 reactions, 250 molecules.
      [32m✓ All goal molecules found.[0m
      [31m✗ Missing goal reactions.[0m
        [31m✗ Synthesis failed or timed out in 51.83s.[0m
      Evaluating reaction complex_380 (379/500)...
[Problem → Reactions] Found 30000 reactions, 250 molecules.
      [32m✓ All goal molecules found.[0m
      [31m✗ Missing goal reactions.[0m
        [31m✗ Synthesis failed or timed out in 73.79s.[0m
      Evaluating reaction complex_381 (380/500)...
        [31m✗ Skipped reaction synthesis (missing molecule synthesis subproblem failed).[0m
      Evaluating reaction complex_382 (381/500)...
        [31m✗ Skipped reaction synthesis (missing molecule synthesis subproblem failed).[0m
      Evaluating reaction complex_383 (382/500)...
[Problem → Reactions] Found 113 reactions, 250 molecules.
      [32m✓ All goal molecules found.[0m
      [32m✓ All goal reactions found.[0m
        [32m✓ Target reaction successfully synthesized in 1.63s![0m
      Evaluating reaction complex_384 (383/500)...
[Problem → Reactions] Found 30000 reactions, 250 molecules.
      [32m✓ All goal molecules found.[0m
      [31m✗ Missing goal reactions.[0m
        [31m✗ Synthesis failed or timed out in 93.67s.[0m
      Evaluating reaction complex_385 (384/500)...
        [31m✗ Skipped reaction synthesis (missing molecule synthesis subproblem failed).[0m
      Evaluating reaction complex_386 (385/500)...
        [31m✗ Skipped reaction synthesis (missing molecule synthesis subproblem failed).[0m
      Evaluating reaction complex_387 (386/500)...
[Problem → Reactions] Found 30000 reactions, 250 molecules.
      [32m✓ All goal molecules found.[0m
      [31m✗ Missing goal reactions.[0m
        [31m✗ Synthesis failed or timed out in 81.18s.[0m
      Evaluating reaction complex_388 (387/500)...
[Problem → Reactions] Found 30000 reactions, 250 molecules.
      [32m✓ All goal molecules found.[0m
      [31m✗ Missing goal reactions.[0m
        [31m✗ Synthesis failed or timed out in 63.41s.[0m
      Evaluating reaction complex_389 (388/500)...
        [31m✗ Skipped reaction synthesis (missing molecule synthesis subproblem failed).[0m
      Evaluating reaction complex_390 (389/500)...
        [31m✗ Skipped reaction synthesis (missing molecule synthesis subproblem failed).[0m
      Evaluating reaction complex_391 (390/500)...
        [31m✗ Skipped reaction synthesis (missing molecule synthesis subproblem failed).[0m
      Evaluating reaction complex_392 (391/500)...
        [31m✗ Skipped reaction synthesis (missing molecule synthesis subproblem failed).[0m
      Evaluating reaction complex_393 (392/500)...
        [31m✗ Skipped reaction synthesis (missing molecule synthesis subproblem failed).[0m
      Evaluating reaction complex_394 (393/500)...
        [31m✗ Skipped reaction synthesis (missing molecule synthesis subproblem failed).[0m
      Evaluating reaction complex_395 (394/500)...
[Problem → Reactions] Found 30000 reactions, 250 molecules.
      [32m✓ All goal molecules found.[0m
      [31m✗ Missing goal reactions.[0m
        [31m✗ Synthesis failed or timed out in 93.31s.[0m
      Evaluating reaction complex_396 (395/500)...
        [31m✗ Skipped reaction synthesis (missing molecule synthesis subproblem failed).[0m
      Evaluating reaction complex_397 (396/500)...
[Problem → Reactions] Found 30000 reactions, 250 molecules.
      [32m✓ All goal molecules found.[0m
      [31m✗ Missing goal reactions.[0m
        [31m✗ Synthesis failed or timed out in 80.61s.[0m
      Evaluating reaction complex_398 (397/500)...
        [31m✗ Skipped reaction synthesis (missing molecule synthesis subproblem failed).[0m
      Evaluating reaction complex_399 (398/500)...
[Problem → Reactions] Found 30000 reactions, 250 molecules.
      [32m✓ All goal molecules found.[0m
      [31m✗ Missing goal reactions.[0m
        [31m✗ Synthesis failed or timed out in 60.31s.[0m
      Evaluating reaction complex_400 (399/500)...
[Problem → Reactions] Found 30000 reactions, 250 molecules.
      [32m✓ All goal molecules found.[0m
      [31m✗ Missing goal reactions.[0m
        [31m✗ Synthesis failed or timed out in 66.25s.[0m
      Evaluating reaction complex_401 (400/500)...
        [31m✗ Skipped reaction synthesis (missing molecule synthesis subproblem failed).[0m
      Evaluating reaction complex_402 (401/500)...
        [31m✗ Skipped reaction synthesis (missing molecule synthesis subproblem failed).[0m
      Evaluating reaction complex_403 (402/500)...
        [31m✗ Skipped reaction synthesis (missing molecule synthesis subproblem failed).[0m
      Evaluating reaction complex_404 (403/500)...
        [31m✗ Skipped reaction synthesis (missing molecule synthesis subproblem failed).[0m
      Evaluating reaction complex_405 (404/500)...
        [31m✗ Skipped reaction synthesis (missing molecule synthesis subproblem failed).[0m
      Evaluating reaction complex_406 (405/500)...
[Problem → Reactions] Found 30000 reactions, 250 molecules.
      [32m✓ All goal molecules found.[0m
      [31m✗ Missing goal reactions.[0m
        [31m✗ Synthesis failed or timed out in 94.34s.[0m
      Evaluating reaction complex_407 (406/500)...
[Problem → Reactions] Found 30000 reactions, 250 molecules.
      [32m✓ All goal molecules found.[0m
      [31m✗ Missing goal reactions.[0m
        [31m✗ Synthesis failed or timed out in 87.22s.[0m
      Evaluating reaction complex_408 (407/500)...
        [31m✗ Skipped reaction synthesis (missing molecule synthesis subproblem failed).[0m
      Evaluating reaction complex_409 (408/500)...
        [31m✗ Skipped reaction synthesis (missing molecule synthesis subproblem failed).[0m
      Evaluating reaction complex_410 (409/500)...
        [31m✗ Skipped reaction synthesis (missing molecule synthesis subproblem failed).[0m
      Evaluating reaction complex_411 (410/500)...
        [31m✗ Skipped reaction synthesis (missing molecule synthesis subproblem failed).[0m
      Evaluating reaction complex_412 (411/500)...
[Problem → Reactions] Found 30000 reactions, 250 molecules.
      [32m✓ All goal molecules found.[0m
      [31m✗ Missing goal reactions.[0m
        [31m✗ Synthesis failed or timed out in 77.29s.[0m
      Evaluating reaction complex_413 (412/500)...
[Problem → Reactions] Found 30000 reactions, 250 molecules.
      [32m✓ All goal molecules found.[0m
      [31m✗ Missing goal reactions.[0m
        [31m✗ Synthesis failed or timed out in 73.82s.[0m
      Evaluating reaction complex_414 (413/500)...
        [31m✗ Skipped reaction synthesis (missing molecule synthesis subproblem failed).[0m
      Evaluating reaction complex_415 (414/500)...
        [31m✗ Skipped reaction synthesis (missing molecule synthesis subproblem failed).[0m
      Evaluating reaction complex_416 (415/500)...
        [31m✗ Skipped reaction synthesis (missing molecule synthesis subproblem failed).[0m
      Evaluating reaction complex_417 (416/500)...
        [31m✗ Skipped reaction synthesis (missing molecule synthesis subproblem failed).[0m
      Evaluating reaction complex_418 (417/500)...
        [31m✗ Skipped reaction synthesis (missing molecule synthesis subproblem failed).[0m
      Evaluating reaction complex_419 (418/500)...
[Problem → Reactions] Found 30000 reactions, 250 molecules.
      [32m✓ All goal molecules found.[0m
      [31m✗ Missing goal reactions.[0m
        [31m✗ Synthesis failed or timed out in 84.9s.[0m
      Evaluating reaction complex_420 (419/500)...
        [31m✗ Skipped reaction synthesis (missing molecule synthesis subproblem failed).[0m
      Evaluating reaction complex_421 (420/500)...
        [31m✗ Skipped reaction synthesis (missing molecule synthesis subproblem failed).[0m
      Evaluating reaction complex_422 (421/500)...
        [31m✗ Skipped reaction synthesis (missing molecule synthesis subproblem failed).[0m
      Evaluating reaction complex_423 (422/500)...
[Problem → Reactions] Found 30000 reactions, 250 molecules.
      [32m✓ All goal molecules found.[0m
      [31m✗ Missing goal reactions.[0m
        [31m✗ Synthesis failed or timed out in 75.02s.[0m
      Evaluating reaction complex_424 (423/500)...
        [31m✗ Skipped reaction synthesis (missing molecule synthesis subproblem failed).[0m
      Evaluating reaction complex_425 (424/500)...
        [31m✗ Skipped reaction synthesis (missing molecule synthesis subproblem failed).[0m
      Evaluating reaction complex_426 (425/500)...
        [31m✗ Skipped reaction synthesis (missing molecule synthesis subproblem failed).[0m
      Evaluating reaction complex_427 (426/500)...
        [31m✗ Skipped reaction synthesis (missing molecule synthesis subproblem failed).[0m
      Evaluating reaction complex_428 (427/500)...
        [31m✗ Skipped reaction synthesis (missing molecule synthesis subproblem failed).[0m
      Evaluating reaction complex_429 (428/500)...
[Problem → Reactions] Found 30000 reactions, 250 molecules.
      [32m✓ All goal molecules found.[0m
      [31m✗ Missing goal reactions.[0m
        [31m✗ Synthesis failed or timed out in 51.26s.[0m
      Evaluating reaction complex_430 (429/500)...
[Problem → Reactions] Found 30000 reactions, 250 molecules.
      [32m✓ All goal molecules found.[0m
      [31m✗ Missing goal reactions.[0m
        [31m✗ Synthesis failed or timed out in 75.8s.[0m
      Evaluating reaction complex_431 (430/500)...
[Problem → Reactions] Found 30000 reactions, 250 molecules.
      [32m✓ All goal molecules found.[0m
      [31m✗ Missing goal reactions.[0m
        [31m✗ Synthesis failed or timed out in 50.06s.[0m
      Evaluating reaction complex_432 (431/500)...
        [31m✗ Skipped reaction synthesis (missing molecule synthesis subproblem failed).[0m
      Evaluating reaction complex_433 (432/500)...
        [31m✗ Skipped reaction synthesis (missing molecule synthesis subproblem failed).[0m
      Evaluating reaction complex_434 (433/500)...
        [31m✗ Skipped reaction synthesis (missing molecule synthesis subproblem failed).[0m
      Evaluating reaction complex_435 (434/500)...
        [31m✗ Skipped reaction synthesis (missing molecule synthesis subproblem failed).[0m
      Evaluating reaction complex_436 (435/500)...
[Problem → Reactions] Found 30000 reactions, 250 molecules.
      [32m✓ All goal molecules found.[0m
      [31m✗ Missing goal reactions.[0m
        [31m✗ Synthesis failed or timed out in 45.96s.[0m
      Evaluating reaction complex_437 (436/500)...
        [31m✗ Skipped reaction synthesis (missing molecule synthesis subproblem failed).[0m
      Evaluating reaction complex_438 (437/500)...
        [31m✗ Skipped reaction synthesis (missing molecule synthesis subproblem failed).[0m
      Evaluating reaction complex_439 (438/500)...
        [31m✗ Skipped reaction synthesis (missing molecule synthesis subproblem failed).[0m
      Evaluating reaction complex_440 (439/500)...
[Problem → Reactions] Found 30000 reactions, 250 molecules.
      [32m✓ All goal molecules found.[0m
      [31m✗ Missing goal reactions.[0m
        [31m✗ Synthesis failed or timed out in 86.41s.[0m
      Evaluating reaction complex_441 (440/500)...
        [31m✗ Skipped reaction synthesis (missing molecule synthesis subproblem failed).[0m
      Evaluating reaction complex_442 (441/500)...
[Problem → Reactions] Found 30000 reactions, 250 molecules.
      [32m✓ All goal molecules found.[0m
      [31m✗ Missing goal reactions.[0m
        [31m✗ Synthesis failed or timed out in 72.44s.[0m
      Evaluating reaction complex_443 (442/500)...
[Problem → Reactions] Found 30000 reactions, 250 molecules.
      [32m✓ All goal molecules found.[0m
      [31m✗ Missing goal reactions.[0m
        [31m✗ Synthesis failed or timed out in 98.79s.[0m
      Evaluating reaction complex_444 (443/500)...
[Problem → Reactions] Found 30000 reactions, 250 molecules.
      [32m✓ All goal molecules found.[0m
      [31m✗ Missing goal reactions.[0m
        [31m✗ Synthesis failed or timed out in 63.86s.[0m
      Evaluating reaction complex_445 (444/500)...
[Problem → Reactions] Found 30000 reactions, 250 molecules.
      [32m✓ All goal molecules found.[0m
      [31m✗ Missing goal reactions.[0m
        [31m✗ Synthesis failed or timed out in 95.62s.[0m
      Evaluating reaction complex_446 (445/500)...
        [31m✗ Skipped reaction synthesis (missing molecule synthesis subproblem failed).[0m
      Evaluating reaction complex_447 (446/500)...
        [31m✗ Skipped reaction synthesis (missing molecule synthesis subproblem failed).[0m
      Evaluating reaction complex_448 (447/500)...
[Problem → Reactions] Found 30000 reactions, 250 molecules.
      [32m✓ All goal molecules found.[0m
      [31m✗ Missing goal reactions.[0m
        [31m✗ Synthesis failed or timed out in 77.34s.[0m
      Evaluating reaction complex_449 (448/500)...
        [31m✗ Skipped reaction synthesis (missing molecule synthesis subproblem failed).[0m
      Evaluating reaction complex_450 (449/500)...
[Problem → Reactions] Found 30000 reactions, 250 molecules.
      [32m✓ All goal molecules found.[0m
      [31m✗ Missing goal reactions.[0m
        [31m✗ Synthesis failed or timed out in 71.37s.[0m
      Evaluating reaction complex_451 (450/500)...
        [31m✗ Skipped reaction synthesis (missing molecule synthesis subproblem failed).[0m
      Evaluating reaction complex_452 (451/500)...
[Problem → Reactions] Found 30000 reactions, 250 molecules.
      [32m✓ All goal molecules found.[0m
      [31m✗ Missing goal reactions.[0m
        [31m✗ Synthesis failed or timed out in 73.44s.[0m
      Evaluating reaction complex_453 (452/500)...
        [31m✗ Skipped reaction synthesis (missing molecule synthesis subproblem failed).[0m
      Evaluating reaction complex_454 (453/500)...
        [31m✗ Skipped reaction synthesis (missing molecule synthesis subproblem failed).[0m
      Evaluating reaction complex_455 (454/500)...
        [31m✗ Skipped reaction synthesis (missing molecule synthesis subproblem failed).[0m
      Evaluating reaction complex_456 (455/500)...
[Problem → Reactions] Found 30000 reactions, 250 molecules.
      [32m✓ All goal molecules found.[0m
      [31m✗ Missing goal reactions.[0m
        [31m✗ Synthesis failed or timed out in 69.19s.[0m
      Evaluating reaction complex_457 (456/500)...
[20:12:59] WARNING: not removing hydrogen atom without neighbors
[Problem → Reactions] Found 30000 reactions, 250 molecules.
      [32m✓ All goal molecules found.[0m
      [31m✗ Missing goal reactions.[0m
        [31m✗ Synthesis failed or timed out in 47.45s.[0m
      Evaluating reaction complex_458 (457/500)...
[Problem → Reactions] Found 30000 reactions, 250 molecules.
      [32m✓ All goal molecules found.[0m
      [31m✗ Missing goal reactions.[0m
        [31m✗ Synthesis failed or timed out in 60.04s.[0m
      Evaluating reaction complex_459 (458/500)...
        [31m✗ Skipped reaction synthesis (missing molecule synthesis subproblem failed).[0m
      Evaluating reaction complex_460 (459/500)...
        [31m✗ Skipped reaction synthesis (missing molecule synthesis subproblem failed).[0m
      Evaluating reaction complex_461 (460/500)...
        [31m✗ Skipped reaction synthesis (missing molecule synthesis subproblem failed).[0m
      Evaluating reaction complex_462 (461/500)...
        [31m✗ Skipped reaction synthesis (missing molecule synthesis subproblem failed).[0m
      Evaluating reaction complex_463 (462/500)...
[Problem → Reactions] Found 30000 reactions, 250 molecules.
      [32m✓ All goal molecules found.[0m
      [31m✗ Missing goal reactions.[0m
        [31m✗ Synthesis failed or timed out in 73.88s.[0m
      Evaluating reaction complex_464 (463/500)...
        [31m✗ Skipped reaction synthesis (missing molecule synthesis subproblem failed).[0m
      Evaluating reaction complex_465 (464/500)...
[Problem → Reactions] Found 30000 reactions, 250 molecules.
      [32m✓ All goal molecules found.[0m
      [31m✗ Missing goal reactions.[0m
        [31m✗ Synthesis failed or timed out in 68.95s.[0m
      Evaluating reaction complex_466 (465/500)...
        [31m✗ Skipped reaction synthesis (missing molecule synthesis subproblem failed).[0m
      Evaluating reaction complex_467 (466/500)...
[Problem → Reactions] Found 30000 reactions, 250 molecules.
      [32m✓ All goal molecules found.[0m
      [31m✗ Missing goal reactions.[0m
        [31m✗ Synthesis failed or timed out in 70.75s.[0m
      Evaluating reaction complex_468 (467/500)...
        [31m✗ Skipped reaction synthesis (missing molecule synthesis subproblem failed).[0m
      Evaluating reaction complex_469 (468/500)...
[Problem → Reactions] Found 30000 reactions, 250 molecules.
      [32m✓ All goal molecules found.[0m
      [31m✗ Missing goal reactions.[0m
        [31m✗ Synthesis failed or timed out in 70.89s.[0m
      Evaluating reaction complex_470 (469/500)...
[Problem → Reactions] Found 30000 reactions, 250 molecules.
      [32m✓ All goal molecules found.[0m
      [31m✗ Missing goal reactions.[0m
        [31m✗ Synthesis failed or timed out in 91.48s.[0m
      Evaluating reaction complex_471 (470/500)...
        [31m✗ Skipped reaction synthesis (missing molecule synthesis subproblem failed).[0m
      Evaluating reaction complex_472 (471/500)...
        [31m✗ Skipped reaction synthesis (missing molecule synthesis subproblem failed).[0m
      Evaluating reaction complex_473 (472/500)...
        [31m✗ Skipped reaction synthesis (missing molecule synthesis subproblem failed).[0m
      Evaluating reaction complex_474 (473/500)...
[Problem → Reactions] Found 30000 reactions, 250 molecules.
      [32m✓ All goal molecules found.[0m
      [31m✗ Missing goal reactions.[0m
        [31m✗ Synthesis failed or timed out in 57.07s.[0m
      Evaluating reaction complex_475 (474/500)...
[Problem → Reactions] Found 30000 reactions, 250 molecules.
      [32m✓ All goal molecules found.[0m
      [31m✗ Missing goal reactions.[0m
        [31m✗ Synthesis failed or timed out in 68.5s.[0m
      Evaluating reaction complex_476 (475/500)...
[Problem → Reactions] Found 30000 reactions, 250 molecules.
      [32m✓ All goal molecules found.[0m
      [31m✗ Missing goal reactions.[0m
        [31m✗ Synthesis failed or timed out in 60.71s.[0m
      Evaluating reaction complex_477 (476/500)...
[Problem → Reactions] Found 30000 reactions, 250 molecules.
      [32m✓ All goal molecules found.[0m
      [31m✗ Missing goal reactions.[0m
        [31m✗ Synthesis failed or timed out in 60.33s.[0m
      Evaluating reaction complex_478 (477/500)...
[Problem → Reactions] Found 30000 reactions, 250 molecules.
      [32m✓ All goal molecules found.[0m
      [31m✗ Missing goal reactions.[0m
        [31m✗ Synthesis failed or timed out in 59.85s.[0m
      Evaluating reaction complex_479 (478/500)...
[Problem → Reactions] Found 30000 reactions, 250 molecules.
      [32m✓ All goal molecules found.[0m
      [31m✗ Missing goal reactions.[0m
        [31m✗ Synthesis failed or timed out in 65.01s.[0m
      Evaluating reaction complex_480 (479/500)...
[Problem → Reactions] Found 30000 reactions, 250 molecules.
      [32m✓ All goal molecules found.[0m
      [31m✗ Missing goal reactions.[0m
        [31m✗ Synthesis failed or timed out in 87.12s.[0m
      Evaluating reaction complex_481 (480/500)...
[Problem → Reactions] Found 30000 reactions, 250 molecules.
      [32m✓ All goal molecules found.[0m
      [31m✗ Missing goal reactions.[0m
        [31m✗ Synthesis failed or timed out in 92.26s.[0m
      Evaluating reaction complex_482 (481/500)...
        [31m✗ Skipped reaction synthesis (missing molecule synthesis subproblem failed).[0m
      Evaluating reaction complex_483 (482/500)...
[Problem → Reactions] Found 446 reactions, 250 molecules.
      [32m✓ All goal molecules found.[0m
      [32m✓ All goal reactions found.[0m
        [32m✓ Target reaction successfully synthesized in 1.37s![0m
      Evaluating reaction complex_484 (483/500)...
[Problem → Reactions] Found 407 reactions, 250 molecules.
      [32m✓ All goal molecules found.[0m
      [32m✓ All goal reactions found.[0m
        [32m✓ Target reaction successfully synthesized in 1.14s![0m
      Evaluating reaction complex_485 (484/500)...
        [31m✗ Skipped reaction synthesis (missing molecule synthesis subproblem failed).[0m
      Evaluating reaction complex_486 (485/500)...
[Problem → Reactions] Found 30000 reactions, 250 molecules.
      [32m✓ All goal molecules found.[0m
      [31m✗ Missing goal reactions.[0m
        [31m✗ Synthesis failed or timed out in 64.5s.[0m
      Evaluating reaction complex_487 (486/500)...
        [31m✗ Skipped reaction synthesis (missing molecule synthesis subproblem failed).[0m
      Evaluating reaction complex_488 (487/500)...
[Problem → Reactions] Found 185 reactions, 250 molecules.
      [32m✓ All goal molecules found.[0m
      [32m✓ All goal reactions found.[0m
        [32m✓ Target reaction successfully synthesized in 1.37s![0m
      Evaluating reaction complex_489 (488/500)...
        [31m✗ Skipped reaction synthesis (missing molecule synthesis subproblem failed).[0m
      Evaluating reaction complex_490 (489/500)...
[Problem → Reactions] Found 30000 reactions, 250 molecules.
      [32m✓ All goal molecules found.[0m
      [31m✗ Missing goal reactions.[0m
        [31m✗ Synthesis failed or timed out in 76.11s.[0m
      Evaluating reaction complex_491 (490/500)...
[Problem → Reactions] Found 30000 reactions, 250 molecules.
      [32m✓ All goal molecules found.[0m
      [31m✗ Missing goal reactions.[0m
        [31m✗ Synthesis failed or timed out in 60.63s.[0m
      Evaluating reaction complex_492 (491/500)...
[Problem → Reactions] Found 152 reactions, 250 molecules.
      [32m✓ All goal molecules found.[0m
      [32m✓ All goal reactions found.[0m
        [32m✓ Target reaction successfully synthesized in 1.32s![0m
      Evaluating reaction complex_493 (492/500)...
        [31m✗ Skipped reaction synthesis (missing molecule synthesis subproblem failed).[0m
      Evaluating reaction complex_494 (493/500)...
        [31m✗ Skipped reaction synthesis (missing molecule synthesis subproblem failed).[0m
      Evaluating reaction complex_495 (494/500)...
        [31m✗ Skipped reaction synthesis (missing molecule synthesis subproblem failed).[0m
      Evaluating reaction complex_496 (495/500)...
[Problem → Reactions] Found 30000 reactions, 250 molecules.
      [32m✓ All goal molecules found.[0m
      [31m✗ Missing goal reactions.[0m
        [31m✗ Synthesis failed or timed out in 70.43s.[0m
      Evaluating reaction complex_497 (496/500)...
        [31m✗ Skipped reaction synthesis (missing molecule synthesis subproblem failed).[0m
      Evaluating reaction complex_498 (497/500)...
[Problem → Reactions] Found 1731 reactions, 250 molecules.
      [32m✓ All goal molecules found.[0m
      [32m✓ All goal reactions found.[0m
        [32m✓ Target reaction successfully synthesized in 2.27s![0m
      Evaluating reaction complex_499 (498/500)...
        [31m✗ Skipped reaction synthesis (missing molecule synthesis subproblem failed).[0m
      Evaluating reaction complex_500 (499/500)...
[Problem → Reactions] Found 30000 reactions, 250 molecules.
      [32m✓ All goal molecules found.[0m
      [31m✗ Missing goal reactions.[0m
        [31m✗ Synthesis failed or timed out in 99.15s.[0m
      Evaluating reaction complex_501 (500/500)...
[Problem → Reactions] Found 30000 reactions, 250 molecules.
      [32m✓ All goal molecules found.[0m
      [31m✗ Missing goal reactions.[0m
        [31m✗ Synthesis failed or timed out in 59.68s.[0m

      Synthesis Performance (Metric: none, With fragments) on Tractable Subspace:
        - Evaluated runs: 500
        - Success rate:   24.6%
        - Average time:   2.54s

  [1mSimilarity Metric: tanimoto[0m
      Evaluating reaction complex_1 (1/500)...
        [31m✗ Skipped reaction synthesis (missing molecule synthesis subproblem failed).[0m
      Evaluating reaction complex_2 (2/500)...
[Problem → Reactions] Found 4488 reactions, 250 molecules.
      [32m✓ All goal molecules found.[0m
      [32m✓ All goal reactions found.[0m
        [32m✓ Target reaction successfully synthesized in 14.81s![0m
      Evaluating reaction complex_3 (3/500)...
[Problem → Reactions] Found 363 reactions, 250 molecules.
      [32m✓ All goal molecules found.[0m
      [32m✓ All goal reactions found.[0m
        [32m✓ Target reaction successfully synthesized in 0.85s![0m
      Evaluating reaction complex_4 (4/500)...
[Problem → Reactions] Found 140 reactions, 250 molecules.
      [32m✓ All goal molecules found.[0m
      [32m✓ All goal reactions found.[0m
        [32m✓ Target reaction successfully synthesized in 1.34s![0m
      Evaluating reaction complex_5 (5/500)...
[Problem → Reactions] Found 95 reactions, 250 molecules.
      [32m✓ All goal molecules found.[0m
      [32m✓ All goal reactions found.[0m
        [32m✓ Target reaction successfully synthesized in 0.92s![0m
      Evaluating reaction complex_6 (6/500)...
[Problem → Reactions] Found 530 reactions, 250 molecules.
      [32m✓ All goal molecules found.[0m
      [32m✓ All goal reactions found.[0m
        [32m✓ Target reaction successfully synthesized in 3.48s![0m
      Evaluating reaction complex_7 (7/500)...
        [31m✗ Skipped reaction synthesis (missing molecule synthesis subproblem failed).[0m
      Evaluating reaction complex_8 (8/500)...
[Problem → Reactions] Found 105 reactions, 250 molecules.
      [32m✓ All goal molecules found.[0m
      [32m✓ All goal reactions found.[0m
        [32m✓ Target reaction successfully synthesized in 1.75s![0m
      Evaluating reaction complex_9 (9/500)...
[Problem → Reactions] Found 135 reactions, 250 molecules.
      [32m✓ All goal molecules found.[0m
      [32m✓ All goal reactions found.[0m
        [32m✓ Target reaction successfully synthesized in 1.01s![0m
      Evaluating reaction complex_10 (10/500)...
[Problem → Reactions] Found 452 reactions, 250 molecules.
      [32m✓ All goal molecules found.[0m
      [32m✓ All goal reactions found.[0m
        [32m✓ Target reaction successfully synthesized in 1.4s![0m
      Evaluating reaction complex_11 (11/500)...
[Problem → Reactions] Found 161 reactions, 250 molecules.
      [32m✓ All goal molecules found.[0m
      [32m✓ All goal reactions found.[0m
        [32m✓ Target reaction successfully synthesized in 1.3s![0m
      Evaluating reaction complex_12 (12/500)...
        [31m✗ Skipped reaction synthesis (missing molecule synthesis subproblem failed).[0m
      Evaluating reaction complex_13 (13/500)...
[Problem → Reactions] Found 290 reactions, 250 molecules.
      [32m✓ All goal molecules found.[0m
      [32m✓ All goal reactions found.[0m
        [32m✓ Target reaction successfully synthesized in 1.08s![0m
      Evaluating reaction complex_14 (14/500)...
[Problem → Reactions] Found 30000 reactions, 250 molecules.
      [32m✓ All goal molecules found.[0m
      [31m✗ Missing goal reactions.[0m
        [31m✗ Synthesis failed or timed out in 100.36s.[0m
      Evaluating reaction complex_15 (15/500)...
[Problem → Reactions] Found 113 reactions, 250 molecules.
      [32m✓ All goal molecules found.[0m
      [32m✓ All goal reactions found.[0m
        [32m✓ Target reaction successfully synthesized in 0.85s![0m
      Evaluating reaction complex_16 (16/500)...
[Problem → Reactions] Found 30000 reactions, 250 molecules.
      [32m✓ All goal molecules found.[0m
      [31m✗ Missing goal reactions.[0m
        [31m✗ Synthesis failed or timed out in 70.1s.[0m
      Evaluating reaction complex_17 (17/500)...
[Problem → Reactions] Found 273 reactions, 250 molecules.
      [32m✓ All goal molecules found.[0m
      [32m✓ All goal reactions found.[0m
        [32m✓ Target reaction successfully synthesized in 0.8s![0m
      Evaluating reaction complex_18 (18/500)...
        [31m✗ Skipped reaction synthesis (missing molecule synthesis subproblem failed).[0m
      Evaluating reaction complex_19 (19/500)...
[Problem → Reactions] Found 507 reactions, 250 molecules.
      [32m✓ All goal molecules found.[0m
      [32m✓ All goal reactions found.[0m
        [32m✓ Target reaction successfully synthesized in 2.11s![0m
      Evaluating reaction complex_20 (20/500)...
        [31m✗ Skipped reaction synthesis (missing molecule synthesis subproblem failed).[0m
      Evaluating reaction complex_21 (21/500)...
[Problem → Reactions] Found 30000 reactions, 250 molecules.
      [32m✓ All goal molecules found.[0m
      [31m✗ Missing goal reactions.[0m
        [31m✗ Synthesis failed or timed out in 104.28s.[0m
      Evaluating reaction complex_22 (22/500)...
        [31m✗ Skipped reaction synthesis (missing molecule synthesis subproblem failed).[0m
      Evaluating reaction complex_23 (23/500)...
        [31m✗ Skipped reaction synthesis (missing molecule synthesis subproblem failed).[0m
      Evaluating reaction complex_24 (24/500)...
[Problem → Reactions] Found 428 reactions, 250 molecules.
      [32m✓ All goal molecules found.[0m
      [32m✓ All goal reactions found.[0m
        [32m✓ Target reaction successfully synthesized in 0.87s![0m
      Evaluating reaction complex_25 (25/500)...
        [31m✗ Skipped reaction synthesis (missing molecule synthesis subproblem failed).[0m
      Evaluating reaction complex_26 (26/500)...
[Problem → Reactions] Found 339 reactions, 250 molecules.
      [32m✓ All goal molecules found.[0m
      [32m✓ All goal reactions found.[0m
        [32m✓ Target reaction successfully synthesized in 2.14s![0m
      Evaluating reaction complex_27 (27/500)...
        [31m✗ Skipped reaction synthesis (missing molecule synthesis subproblem failed).[0m
      Evaluating reaction complex_28 (28/500)...
        [31m✗ Skipped reaction synthesis (missing molecule synthesis subproblem failed).[0m
      Evaluating reaction complex_29 (29/500)...
        [31m✗ Skipped reaction synthesis (missing molecule synthesis subproblem failed).[0m
      Evaluating reaction complex_30 (30/500)...
[Problem → Reactions] Found 245 reactions, 250 molecules.
      [32m✓ All goal molecules found.[0m
      [32m✓ All goal reactions found.[0m
        [32m✓ Target reaction successfully synthesized in 3.18s![0m
      Evaluating reaction complex_31 (31/500)...
[Problem → Reactions] Found 459 reactions, 250 molecules.
      [32m✓ All goal molecules found.[0m
      [32m✓ All goal reactions found.[0m
        [32m✓ Target reaction successfully synthesized in 1.25s![0m
      Evaluating reaction complex_32 (32/500)...
        [31m✗ Skipped reaction synthesis (missing molecule synthesis subproblem failed).[0m
      Evaluating reaction complex_33 (33/500)...
[Problem → Reactions] Found 509 reactions, 250 molecules.
      [32m✓ All goal molecules found.[0m
      [32m✓ All goal reactions found.[0m
        [32m✓ Target reaction successfully synthesized in 1.18s![0m
      Evaluating reaction complex_34 (34/500)...
        [31m✗ Skipped reaction synthesis (missing molecule synthesis subproblem failed).[0m
      Evaluating reaction complex_35 (35/500)...
[Problem → Reactions] Found 404 reactions, 250 molecules.
      [32m✓ All goal molecules found.[0m
      [32m✓ All goal reactions found.[0m
        [32m✓ Target reaction successfully synthesized in 5.06s![0m
      Evaluating reaction complex_36 (36/500)...
[Problem → Reactions] Found 287 reactions, 250 molecules.
      [32m✓ All goal molecules found.[0m
      [32m✓ All goal reactions found.[0m
        [32m✓ Target reaction successfully synthesized in 1.76s![0m
      Evaluating reaction complex_37 (37/500)...
[Problem → Reactions] Found 155 reactions, 250 molecules.
      [32m✓ All goal molecules found.[0m
      [32m✓ All goal reactions found.[0m
        [32m✓ Target reaction successfully synthesized in 1.92s![0m
      Evaluating reaction complex_38 (38/500)...
[Problem → Reactions] Found 1064 reactions, 250 molecules.
      [32m✓ All goal molecules found.[0m
      [32m✓ All goal reactions found.[0m
        [32m✓ Target reaction successfully synthesized in 3.08s![0m
      Evaluating reaction complex_39 (39/500)...
        [31m✗ Skipped reaction synthesis (missing molecule synthesis subproblem failed).[0m
      Evaluating reaction complex_40 (40/500)...
[Problem → Reactions] Found 429 reactions, 250 molecules.
      [32m✓ All goal molecules found.[0m
      [32m✓ All goal reactions found.[0m
        [32m✓ Target reaction successfully synthesized in 0.74s![0m
      Evaluating reaction complex_41 (41/500)...
        [31m✗ Skipped reaction synthesis (missing molecule synthesis subproblem failed).[0m
      Evaluating reaction complex_42 (42/500)...
[Problem → Reactions] Found 272 reactions, 250 molecules.
      [32m✓ All goal molecules found.[0m
      [32m✓ All goal reactions found.[0m
        [32m✓ Target reaction successfully synthesized in 1.23s![0m
      Evaluating reaction complex_43 (43/500)...
[Problem → Reactions] Found 291 reactions, 250 molecules.
      [32m✓ All goal molecules found.[0m
      [32m✓ All goal reactions found.[0m
        [32m✓ Target reaction successfully synthesized in 1.57s![0m
      Evaluating reaction complex_44 (44/500)...
[Problem → Reactions] Found 158 reactions, 250 molecules.
      [32m✓ All goal molecules found.[0m
      [32m✓ All goal reactions found.[0m
        [32m✓ Target reaction successfully synthesized in 1.5s![0m
      Evaluating reaction complex_45 (45/500)...
[Problem → Reactions] Found 30000 reactions, 250 molecules.
      [32m✓ All goal molecules found.[0m
      [31m✗ Missing goal reactions.[0m
        [31m✗ Synthesis failed or timed out in 85.95s.[0m
      Evaluating reaction complex_46 (46/500)...
[Problem → Reactions] Found 461 reactions, 250 molecules.
      [32m✓ All goal molecules found.[0m
      [32m✓ All goal reactions found.[0m
        [32m✓ Target reaction successfully synthesized in 0.98s![0m
      Evaluating reaction complex_47 (47/500)...
[Problem → Reactions] Found 395 reactions, 250 molecules.
      [32m✓ All goal molecules found.[0m
      [32m✓ All goal reactions found.[0m
        [32m✓ Target reaction successfully synthesized in 1.61s![0m
      Evaluating reaction complex_48 (48/500)...
[Problem → Reactions] Found 135 reactions, 250 molecules.
      [32m✓ All goal molecules found.[0m
      [32m✓ All goal reactions found.[0m
        [32m✓ Target reaction successfully synthesized in 1.52s![0m
      Evaluating reaction complex_49 (49/500)...
[Problem → Reactions] Found 225 reactions, 250 molecules.
      [32m✓ All goal molecules found.[0m
      [32m✓ All goal reactions found.[0m
        [32m✓ Target reaction successfully synthesized in 3.23s![0m
      Evaluating reaction complex_50 (50/500)...
[Problem → Reactions] Found 134 reactions, 250 molecules.
      [32m✓ All goal molecules found.[0m
      [32m✓ All goal reactions found.[0m
        [32m✓ Target reaction successfully synthesized in 4.06s![0m
      Evaluating reaction complex_51 (51/500)...
[Problem → Reactions] Found 338 reactions, 250 molecules.
      [32m✓ All goal molecules found.[0m
      [32m✓ All goal reactions found.[0m
        [32m✓ Target reaction successfully synthesized in 2.33s![0m
      Evaluating reaction complex_52 (52/500)...
[Problem → Reactions] Found 123 reactions, 250 molecules.
      [32m✓ All goal molecules found.[0m
      [32m✓ All goal reactions found.[0m
        [32m✓ Target reaction successfully synthesized in 2.43s![0m
      Evaluating reaction complex_53 (53/500)...
[Problem → Reactions] Found 248 reactions, 250 molecules.
      [32m✓ All goal molecules found.[0m
      [32m✓ All goal reactions found.[0m
        [32m✓ Target reaction successfully synthesized in 1.07s![0m
      Evaluating reaction complex_54 (54/500)...
[Problem → Reactions] Found 135 reactions, 250 molecules.
      [32m✓ All goal molecules found.[0m
      [32m✓ All goal reactions found.[0m
        [32m✓ Target reaction successfully synthesized in 1.57s![0m
      Evaluating reaction complex_55 (55/500)...
[Problem → Reactions] Found 287 reactions, 250 molecules.
      [32m✓ All goal molecules found.[0m
      [32m✓ All goal reactions found.[0m
        [32m✓ Target reaction successfully synthesized in 2.34s![0m
      Evaluating reaction complex_56 (56/500)...
[Problem → Reactions] Found 30000 reactions, 250 molecules.
      [32m✓ All goal molecules found.[0m
      [31m✗ Missing goal reactions.[0m
        [31m✗ Synthesis failed or timed out in 83.85s.[0m
      Evaluating reaction complex_57 (57/500)...
[Problem → Reactions] Found 99 reactions, 250 molecules.
      [32m✓ All goal molecules found.[0m
      [32m✓ All goal reactions found.[0m
        [32m✓ Target reaction successfully synthesized in 1.46s![0m
      Evaluating reaction complex_58 (58/500)...
        [31m✗ Skipped reaction synthesis (missing molecule synthesis subproblem failed).[0m
      Evaluating reaction complex_59 (59/500)...
        [31m✗ Skipped reaction synthesis (missing molecule synthesis subproblem failed).[0m
      Evaluating reaction complex_60 (60/500)...
[Problem → Reactions] Found 30000 reactions, 250 molecules.
      [32m✓ All goal molecules found.[0m
      [31m✗ Missing goal reactions.[0m
        [31m✗ Synthesis failed or timed out in 79.51s.[0m
      Evaluating reaction complex_61 (61/500)...
[Problem → Reactions] Found 30000 reactions, 250 molecules.
      [32m✓ All goal molecules found.[0m
      [31m✗ Missing goal reactions.[0m
        [31m✗ Synthesis failed or timed out in 81.96s.[0m
      Evaluating reaction complex_62 (62/500)...
[Problem → Reactions] Found 30000 reactions, 250 molecules.
      [32m✓ All goal molecules found.[0m
      [31m✗ Missing goal reactions.[0m
        [31m✗ Synthesis failed or timed out in 84.14s.[0m
      Evaluating reaction complex_63 (63/500)...
[Problem → Reactions] Found 30000 reactions, 250 molecules.
      [32m✓ All goal molecules found.[0m
      [31m✗ Missing goal reactions.[0m
        [31m✗ Synthesis failed or timed out in 105.9s.[0m
      Evaluating reaction complex_64 (64/500)...
[Problem → Reactions] Found 30000 reactions, 250 molecules.
      [32m✓ All goal molecules found.[0m
      [31m✗ Missing goal reactions.[0m
        [31m✗ Synthesis failed or timed out in 76.88s.[0m
      Evaluating reaction complex_65 (65/500)...
[Problem → Reactions] Found 30000 reactions, 250 molecules.
      [32m✓ All goal molecules found.[0m
      [31m✗ Missing goal reactions.[0m
        [31m✗ Synthesis failed or timed out in 67.38s.[0m
      Evaluating reaction complex_66 (66/500)...
[Problem → Reactions] Found 30000 reactions, 250 molecules.
      [32m✓ All goal molecules found.[0m
      [31m✗ Missing goal reactions.[0m
        [31m✗ Synthesis failed or timed out in 76.81s.[0m
      Evaluating reaction complex_67 (67/500)...
[Problem → Reactions] Found 30000 reactions, 250 molecules.
      [32m✓ All goal molecules found.[0m
      [31m✗ Missing goal reactions.[0m
        [31m✗ Synthesis failed or timed out in 79.7s.[0m
      Evaluating reaction complex_68 (68/500)...
[Problem → Reactions] Found 30000 reactions, 250 molecules.
      [32m✓ All goal molecules found.[0m
      [31m✗ Missing goal reactions.[0m
        [31m✗ Synthesis failed or timed out in 83.32s.[0m
      Evaluating reaction complex_69 (69/500)...
[Problem → Reactions] Found 363 reactions, 250 molecules.
      [32m✓ All goal molecules found.[0m
      [32m✓ All goal reactions found.[0m
        [32m✓ Target reaction successfully synthesized in 5.78s![0m
      Evaluating reaction complex_70 (70/500)...
[Problem → Reactions] Found 30000 reactions, 250 molecules.
      [32m✓ All goal molecules found.[0m
      [31m✗ Missing goal reactions.[0m
        [31m✗ Synthesis failed or timed out in 79.71s.[0m
      Evaluating reaction complex_71 (71/500)...
[Problem → Reactions] Found 30000 reactions, 250 molecules.
      [32m✓ All goal molecules found.[0m
      [31m✗ Missing goal reactions.[0m
        [31m✗ Synthesis failed or timed out in 90.04s.[0m
      Evaluating reaction complex_72 (72/500)...
[Problem → Reactions] Found 30000 reactions, 250 molecules.
      [32m✓ All goal molecules found.[0m
      [31m✗ Missing goal reactions.[0m
        [31m✗ Synthesis failed or timed out in 82.59s.[0m
      Evaluating reaction complex_73 (73/500)...
[Problem → Reactions] Found 30000 reactions, 250 molecules.
      [32m✓ All goal molecules found.[0m
      [31m✗ Missing goal reactions.[0m
        [31m✗ Synthesis failed or timed out in 84.8s.[0m
      Evaluating reaction complex_74 (74/500)...
        [31m✗ Skipped reaction synthesis (missing molecule synthesis subproblem failed).[0m
      Evaluating reaction complex_75 (75/500)...
[Problem → Reactions] Found 30000 reactions, 250 molecules.
      [32m✓ All goal molecules found.[0m
      [31m✗ Missing goal reactions.[0m
        [31m✗ Synthesis failed or timed out in 76.47s.[0m
      Evaluating reaction complex_76 (76/500)...
[Problem → Reactions] Found 1686 reactions, 250 molecules.
      [32m✓ All goal molecules found.[0m
      [32m✓ All goal reactions found.[0m
        [32m✓ Target reaction successfully synthesized in 1.45s![0m
      Evaluating reaction complex_77 (77/500)...
[Problem → Reactions] Found 30000 reactions, 250 molecules.
      [32m✓ All goal molecules found.[0m
      [31m✗ Missing goal reactions.[0m
        [31m✗ Synthesis failed or timed out in 85.06s.[0m
      Evaluating reaction complex_78 (78/500)...
[Problem → Reactions] Found 30000 reactions, 250 molecules.
      [32m✓ All goal molecules found.[0m
      [31m✗ Missing goal reactions.[0m
        [31m✗ Synthesis failed or timed out in 83.83s.[0m
      Evaluating reaction complex_79 (79/500)...
[Problem → Reactions] Found 30000 reactions, 250 molecules.
      [32m✓ All goal molecules found.[0m
      [31m✗ Missing goal reactions.[0m
        [31m✗ Synthesis failed or timed out in 63.68s.[0m
      Evaluating reaction complex_80 (80/500)...
[Problem → Reactions] Found 99 reactions, 250 molecules.
      [32m✓ All goal molecules found.[0m
      [32m✓ All goal reactions found.[0m
        [32m✓ Target reaction successfully synthesized in 1.22s![0m
      Evaluating reaction complex_81 (81/500)...
[Problem → Reactions] Found 30000 reactions, 250 molecules.
      [32m✓ All goal molecules found.[0m
      [31m✗ Missing goal reactions.[0m
        [31m✗ Synthesis failed or timed out in 68.33s.[0m
      Evaluating reaction complex_82 (82/500)...
[Problem → Reactions] Found 30000 reactions, 250 molecules.
      [32m✓ All goal molecules found.[0m
      [31m✗ Missing goal reactions.[0m
        [31m✗ Synthesis failed or timed out in 52.42s.[0m
      Evaluating reaction complex_83 (83/500)...
[Problem → Reactions] Found 30000 reactions, 250 molecules.
      [32m✓ All goal molecules found.[0m
      [31m✗ Missing goal reactions.[0m
        [31m✗ Synthesis failed or timed out in 46.78s.[0m
      Evaluating reaction complex_84 (84/500)...
[Problem → Reactions] Found 83 reactions, 250 molecules.
      [32m✓ All goal molecules found.[0m
      [32m✓ All goal reactions found.[0m
        [32m✓ Target reaction successfully synthesized in 1.1s![0m
      Evaluating reaction complex_85 (85/500)...
        [31m✗ Skipped reaction synthesis (missing molecule synthesis subproblem failed).[0m
      Evaluating reaction complex_86 (86/500)...
[Problem → Reactions] Found 117 reactions, 250 molecules.
      [32m✓ All goal molecules found.[0m
      [32m✓ All goal reactions found.[0m
        [32m✓ Target reaction successfully synthesized in 0.74s![0m
      Evaluating reaction complex_87 (87/500)...
[Problem → Reactions] Found 30000 reactions, 250 molecules.
      [32m✓ All goal molecules found.[0m
      [31m✗ Missing goal reactions.[0m
        [31m✗ Synthesis failed or timed out in 79.48s.[0m
      Evaluating reaction complex_88 (88/500)...
[Problem → Reactions] Found 30000 reactions, 250 molecules.
      [32m✓ All goal molecules found.[0m
      [31m✗ Missing goal reactions.[0m
        [31m✗ Synthesis failed or timed out in 71.97s.[0m
      Evaluating reaction complex_89 (89/500)...
        [31m✗ Skipped reaction synthesis (missing molecule synthesis subproblem failed).[0m
      Evaluating reaction complex_90 (90/500)...
[Problem → Reactions] Found 107 reactions, 250 molecules.
      [32m✓ All goal molecules found.[0m
      [32m✓ All goal reactions found.[0m
        [32m✓ Target reaction successfully synthesized in 0.94s![0m
      Evaluating reaction complex_91 (91/500)...
[Problem → Reactions] Found 137 reactions, 250 molecules.
      [32m✓ All goal molecules found.[0m
      [32m✓ All goal reactions found.[0m
        [32m✓ Target reaction successfully synthesized in 1.07s![0m
      Evaluating reaction complex_92 (92/500)...
[Problem → Reactions] Found 30000 reactions, 250 molecules.
      [32m✓ All goal molecules found.[0m
      [31m✗ Missing goal reactions.[0m
        [31m✗ Synthesis failed or timed out in 79.42s.[0m
      Evaluating reaction complex_93 (93/500)...
[Problem → Reactions] Found 30000 reactions, 250 molecules.
      [32m✓ All goal molecules found.[0m
      [31m✗ Missing goal reactions.[0m
        [31m✗ Synthesis failed or timed out in 74.71s.[0m
      Evaluating reaction complex_94 (94/500)...
[Problem → Reactions] Found 30000 reactions, 250 molecules.
      [32m✓ All goal molecules found.[0m
      [31m✗ Missing goal reactions.[0m
        [31m✗ Synthesis failed or timed out in 95.77s.[0m
      Evaluating reaction complex_95 (95/500)...
[Problem → Reactions] Found 30000 reactions, 250 molecules.
      [32m✓ All goal molecules found.[0m
      [31m✗ Missing goal reactions.[0m
        [31m✗ Synthesis failed or timed out in 53.14s.[0m
      Evaluating reaction complex_96 (96/500)...
[Problem → Reactions] Found 30000 reactions, 250 molecules.
      [32m✓ All goal molecules found.[0m
      [31m✗ Missing goal reactions.[0m
        [31m✗ Synthesis failed or timed out in 80.03s.[0m
      Evaluating reaction complex_97 (97/500)...
[Problem → Reactions] Found 30000 reactions, 250 molecules.
      [32m✓ All goal molecules found.[0m
      [31m✗ Missing goal reactions.[0m
        [31m✗ Synthesis failed or timed out in 76.75s.[0m
      Evaluating reaction complex_98 (98/500)...
[Problem → Reactions] Found 111 reactions, 250 molecules.
      [32m✓ All goal molecules found.[0m
      [32m✓ All goal reactions found.[0m
        [32m✓ Target reaction successfully synthesized in 1.17s![0m
      Evaluating reaction complex_99 (99/500)...
[Problem → Reactions] Found 105 reactions, 250 molecules.
      [32m✓ All goal molecules found.[0m
      [32m✓ All goal reactions found.[0m
        [32m✓ Target reaction successfully synthesized in 0.93s![0m
      Evaluating reaction complex_100 (100/500)...
[Problem → Reactions] Found 866 reactions, 250 molecules.
      [32m✓ All goal molecules found.[0m
      [32m✓ All goal reactions found.[0m
        [32m✓ Target reaction successfully synthesized in 1.26s![0m
      Evaluating reaction complex_101 (101/500)...
[Problem → Reactions] Found 417 reactions, 250 molecules.
      [32m✓ All goal molecules found.[0m
      [32m✓ All goal reactions found.[0m
        [32m✓ Target reaction successfully synthesized in 0.74s![0m
      Evaluating reaction complex_102 (102/500)...
[Problem → Reactions] Found 30000 reactions, 250 molecules.
      [32m✓ All goal molecules found.[0m
      [31m✗ Missing goal reactions.[0m
        [31m✗ Synthesis failed or timed out in 73.26s.[0m
      Evaluating reaction complex_103 (103/500)...
[Problem → Reactions] Found 489 reactions, 250 molecules.
      [32m✓ All goal molecules found.[0m
      [32m✓ All goal reactions found.[0m
        [32m✓ Target reaction successfully synthesized in 2.14s![0m
      Evaluating reaction complex_104 (104/500)...
        [31m✗ Skipped reaction synthesis (missing molecule synthesis subproblem failed).[0m
      Evaluating reaction complex_105 (105/500)...
        [31m✗ Skipped reaction synthesis (missing molecule synthesis subproblem failed).[0m
      Evaluating reaction complex_106 (106/500)...
        [31m✗ Skipped reaction synthesis (missing molecule synthesis subproblem failed).[0m
      Evaluating reaction complex_107 (107/500)...
[Problem → Reactions] Found 30000 reactions, 250 molecules.
      [32m✓ All goal molecules found.[0m
      [31m✗ Missing goal reactions.[0m
        [31m✗ Synthesis failed or timed out in 54.74s.[0m
      Evaluating reaction complex_108 (108/500)...
        [31m✗ Skipped reaction synthesis (missing molecule synthesis subproblem failed).[0m
      Evaluating reaction complex_109 (109/500)...
[Problem → Reactions] Found 30000 reactions, 250 molecules.
      [32m✓ All goal molecules found.[0m
      [31m✗ Missing goal reactions.[0m
        [31m✗ Synthesis failed or timed out in 55.61s.[0m
      Evaluating reaction complex_110 (110/500)...
        [31m✗ Skipped reaction synthesis (missing molecule synthesis subproblem failed).[0m
      Evaluating reaction complex_111 (111/500)...
[Problem → Reactions] Found 399 reactions, 250 molecules.
      [32m✓ All goal molecules found.[0m
      [32m✓ All goal reactions found.[0m
        [32m✓ Target reaction successfully synthesized in 1.29s![0m
      Evaluating reaction complex_112 (112/500)...
        [31m✗ Skipped reaction synthesis (missing molecule synthesis subproblem failed).[0m
      Evaluating reaction complex_113 (113/500)...
        [31m✗ Skipped reaction synthesis (missing molecule synthesis subproblem failed).[0m
      Evaluating reaction complex_114 (114/500)...
        [31m✗ Skipped reaction synthesis (missing molecule synthesis subproblem failed).[0m
      Evaluating reaction complex_115 (115/500)...
[Problem → Reactions] Found 140 reactions, 250 molecules.
      [32m✓ All goal molecules found.[0m
      [32m✓ All goal reactions found.[0m
        [32m✓ Target reaction successfully synthesized in 0.95s![0m
      Evaluating reaction complex_116 (116/500)...
[Problem → Reactions] Found 131 reactions, 250 molecules.
      [32m✓ All goal molecules found.[0m
      [32m✓ All goal reactions found.[0m
        [32m✓ Target reaction successfully synthesized in 1.11s![0m
      Evaluating reaction complex_117 (117/500)...
[Problem → Reactions] Found 176 reactions, 250 molecules.
      [32m✓ All goal molecules found.[0m
      [32m✓ All goal reactions found.[0m
        [32m✓ Target reaction successfully synthesized in 1.91s![0m
      Evaluating reaction complex_118 (118/500)...
[Problem → Reactions] Found 575 reactions, 250 molecules.
      [32m✓ All goal molecules found.[0m
      [32m✓ All goal reactions found.[0m
        [32m✓ Target reaction successfully synthesized in 1.8s![0m
      Evaluating reaction complex_119 (119/500)...
[Problem → Reactions] Found 639 reactions, 250 molecules.
      [32m✓ All goal molecules found.[0m
      [32m✓ All goal reactions found.[0m
        [32m✓ Target reaction successfully synthesized in 1.0s![0m
      Evaluating reaction complex_120 (120/500)...
        [31m✗ Skipped reaction synthesis (missing molecule synthesis subproblem failed).[0m
      Evaluating reaction complex_121 (121/500)...
        [31m✗ Skipped reaction synthesis (missing molecule synthesis subproblem failed).[0m
      Evaluating reaction complex_122 (122/500)...
[Problem → Reactions] Found 201 reactions, 250 molecules.
      [32m✓ All goal molecules found.[0m
      [32m✓ All goal reactions found.[0m
        [32m✓ Target reaction successfully synthesized in 1.24s![0m
      Evaluating reaction complex_123 (123/500)...
[Problem → Reactions] Found 269 reactions, 250 molecules.
      [32m✓ All goal molecules found.[0m
      [32m✓ All goal reactions found.[0m
        [32m✓ Target reaction successfully synthesized in 0.86s![0m
      Evaluating reaction complex_124 (124/500)...
        [31m✗ Skipped reaction synthesis (missing molecule synthesis subproblem failed).[0m
      Evaluating reaction complex_125 (125/500)...
[Problem → Reactions] Found 30000 reactions, 250 molecules.
      [32m✓ All goal molecules found.[0m
      [31m✗ Missing goal reactions.[0m
        [31m✗ Synthesis failed or timed out in 74.88s.[0m
      Evaluating reaction complex_126 (126/500)...
        [31m✗ Skipped reaction synthesis (missing molecule synthesis subproblem failed).[0m
      Evaluating reaction complex_127 (127/500)...
[Problem → Reactions] Found 980 reactions, 250 molecules.
      [32m✓ All goal molecules found.[0m
      [32m✓ All goal reactions found.[0m
        [32m✓ Target reaction successfully synthesized in 5.94s![0m
      Evaluating reaction complex_128 (128/500)...
        [31m✗ Skipped reaction synthesis (missing molecule synthesis subproblem failed).[0m
      Evaluating reaction complex_129 (129/500)...
        [31m✗ Skipped reaction synthesis (missing molecule synthesis subproblem failed).[0m
      Evaluating reaction complex_130 (130/500)...
[Problem → Reactions] Found 30000 reactions, 250 molecules.
      [32m✓ All goal molecules found.[0m
      [31m✗ Missing goal reactions.[0m
        [31m✗ Synthesis failed or timed out in 62.09s.[0m
      Evaluating reaction complex_131 (131/500)...
[Problem → Reactions] Found 255 reactions, 250 molecules.
      [32m✓ All goal molecules found.[0m
      [32m✓ All goal reactions found.[0m
        [32m✓ Target reaction successfully synthesized in 1.55s![0m
      Evaluating reaction complex_132 (132/500)...
[Problem → Reactions] Found 209 reactions, 250 molecules.
      [32m✓ All goal molecules found.[0m
      [32m✓ All goal reactions found.[0m
        [32m✓ Target reaction successfully synthesized in 0.62s![0m
      Evaluating reaction complex_133 (133/500)...
[Problem → Reactions] Found 218 reactions, 250 molecules.
      [32m✓ All goal molecules found.[0m
      [32m✓ All goal reactions found.[0m
        [32m✓ Target reaction successfully synthesized in 0.86s![0m
      Evaluating reaction complex_134 (134/500)...
        [31m✗ Skipped reaction synthesis (missing molecule synthesis subproblem failed).[0m
      Evaluating reaction complex_135 (135/500)...
        [31m✗ Skipped reaction synthesis (missing molecule synthesis subproblem failed).[0m
      Evaluating reaction complex_136 (136/500)...
[Problem → Reactions] Found 296 reactions, 250 molecules.
      [32m✓ All goal molecules found.[0m
      [32m✓ All goal reactions found.[0m
        [32m✓ Target reaction successfully synthesized in 3.05s![0m
      Evaluating reaction complex_137 (137/500)...
[Problem → Reactions] Found 500 reactions, 250 molecules.
      [32m✓ All goal molecules found.[0m
      [32m✓ All goal reactions found.[0m
        [32m✓ Target reaction successfully synthesized in 1.45s![0m
      Evaluating reaction complex_138 (138/500)...
        [31m✗ Skipped reaction synthesis (missing molecule synthesis subproblem failed).[0m
      Evaluating reaction complex_139 (139/500)...
        [31m✗ Skipped reaction synthesis (missing molecule synthesis subproblem failed).[0m
      Evaluating reaction complex_140 (140/500)...
[Problem → Reactions] Found 30000 reactions, 250 molecules.
      [32m✓ All goal molecules found.[0m
      [31m✗ Missing goal reactions.[0m
        [31m✗ Synthesis failed or timed out in 72.02s.[0m
      Evaluating reaction complex_141 (141/500)...
        [31m✗ Skipped reaction synthesis (missing molecule synthesis subproblem failed).[0m
      Evaluating reaction complex_142 (142/500)...
        [31m✗ Skipped reaction synthesis (missing molecule synthesis subproblem failed).[0m
      Evaluating reaction complex_143 (143/500)...
        [31m✗ Skipped reaction synthesis (missing molecule synthesis subproblem failed).[0m
      Evaluating reaction complex_144 (144/500)...
[Problem → Reactions] Found 30000 reactions, 250 molecules.
      [32m✓ All goal molecules found.[0m
      [31m✗ Missing goal reactions.[0m
        [31m✗ Synthesis failed or timed out in 45.43s.[0m
      Evaluating reaction complex_145 (145/500)...
        [31m✗ Skipped reaction synthesis (missing molecule synthesis subproblem failed).[0m
      Evaluating reaction complex_146 (146/500)...
[Problem → Reactions] Found 30000 reactions, 250 molecules.
      [32m✓ All goal molecules found.[0m
      [31m✗ Missing goal reactions.[0m
        [31m✗ Synthesis failed or timed out in 71.67s.[0m
      Evaluating reaction complex_147 (147/500)...
        [31m✗ Skipped reaction synthesis (missing molecule synthesis subproblem failed).[0m
      Evaluating reaction complex_148 (148/500)...
        [31m✗ Skipped reaction synthesis (missing molecule synthesis subproblem failed).[0m
      Evaluating reaction complex_149 (149/500)...
        [31m✗ Skipped reaction synthesis (missing molecule synthesis subproblem failed).[0m
      Evaluating reaction complex_150 (150/500)...
[Problem → Reactions] Found 753 reactions, 250 molecules.
      [32m✓ All goal molecules found.[0m
      [32m✓ All goal reactions found.[0m
        [32m✓ Target reaction successfully synthesized in 0.67s![0m
      Evaluating reaction complex_151 (151/500)...
        [31m✗ Skipped reaction synthesis (missing molecule synthesis subproblem failed).[0m
      Evaluating reaction complex_152 (152/500)...
        [31m✗ Skipped reaction synthesis (missing molecule synthesis subproblem failed).[0m
      Evaluating reaction complex_153 (153/500)...
[Problem → Reactions] Found 746 reactions, 250 molecules.
      [32m✓ All goal molecules found.[0m
      [32m✓ All goal reactions found.[0m
        [32m✓ Target reaction successfully synthesized in 0.87s![0m
      Evaluating reaction complex_154 (154/500)...
[Problem → Reactions] Found 765 reactions, 250 molecules.
      [32m✓ All goal molecules found.[0m
      [32m✓ All goal reactions found.[0m
        [32m✓ Target reaction successfully synthesized in 1.14s![0m
      Evaluating reaction complex_155 (155/500)...
        [31m✗ Skipped reaction synthesis (missing molecule synthesis subproblem failed).[0m
      Evaluating reaction complex_156 (156/500)...
[Problem → Reactions] Found 275 reactions, 250 molecules.
      [32m✓ All goal molecules found.[0m
      [32m✓ All goal reactions found.[0m
        [32m✓ Target reaction successfully synthesized in 1.57s![0m
      Evaluating reaction complex_157 (157/500)...
[Problem → Reactions] Found 140 reactions, 250 molecules.
      [32m✓ All goal molecules found.[0m
      [32m✓ All goal reactions found.[0m
        [32m✓ Target reaction successfully synthesized in 1.3s![0m
      Evaluating reaction complex_158 (158/500)...
        [31m✗ Skipped reaction synthesis (missing molecule synthesis subproblem failed).[0m
      Evaluating reaction complex_159 (159/500)...
[Problem → Reactions] Found 30000 reactions, 250 molecules.
      [32m✓ All goal molecules found.[0m
      [31m✗ Missing goal reactions.[0m
        [31m✗ Synthesis failed or timed out in 45.81s.[0m
      Evaluating reaction complex_160 (160/500)...
[Problem → Reactions] Found 269 reactions, 250 molecules.
      [32m✓ All goal molecules found.[0m
      [32m✓ All goal reactions found.[0m
        [32m✓ Target reaction successfully synthesized in 2.4s![0m
      Evaluating reaction complex_161 (161/500)...
[Problem → Reactions] Found 30000 reactions, 250 molecules.
      [32m✓ All goal molecules found.[0m
      [31m✗ Missing goal reactions.[0m
        [31m✗ Synthesis failed or timed out in 62.89s.[0m
      Evaluating reaction complex_162 (162/500)...
        [31m✗ Skipped reaction synthesis (missing molecule synthesis subproblem failed).[0m
      Evaluating reaction complex_164 (163/500)...
        [31m✗ Skipped reaction synthesis (missing molecule synthesis subproblem failed).[0m
      Evaluating reaction complex_165 (164/500)...
        [31m✗ Skipped reaction synthesis (missing molecule synthesis subproblem failed).[0m
      Evaluating reaction complex_166 (165/500)...
[Problem → Reactions] Found 236 reactions, 250 molecules.
      [32m✓ All goal molecules found.[0m
      [32m✓ All goal reactions found.[0m
        [32m✓ Target reaction successfully synthesized in 1.48s![0m
      Evaluating reaction complex_167 (166/500)...
[Problem → Reactions] Found 189 reactions, 250 molecules.
      [32m✓ All goal molecules found.[0m
      [32m✓ All goal reactions found.[0m
        [32m✓ Target reaction successfully synthesized in 0.77s![0m
      Evaluating reaction complex_168 (167/500)...
[Problem → Reactions] Found 69 reactions, 250 molecules.
      [32m✓ All goal molecules found.[0m
      [32m✓ All goal reactions found.[0m
        [32m✓ Target reaction successfully synthesized in 1.94s![0m
      Evaluating reaction complex_169 (168/500)...
[Problem → Reactions] Found 30000 reactions, 250 molecules.
      [32m✓ All goal molecules found.[0m
      [31m✗ Missing goal reactions.[0m
        [31m✗ Synthesis failed or timed out in 36.5s.[0m
      Evaluating reaction complex_170 (169/500)...
        [31m✗ Skipped reaction synthesis (missing molecule synthesis subproblem failed).[0m
      Evaluating reaction complex_171 (170/500)...
[Problem → Reactions] Found 615 reactions, 250 molecules.
      [32m✓ All goal molecules found.[0m
      [32m✓ All goal reactions found.[0m
        [32m✓ Target reaction successfully synthesized in 2.96s![0m
      Evaluating reaction complex_172 (171/500)...
        [31m✗ Skipped reaction synthesis (missing molecule synthesis subproblem failed).[0m
      Evaluating reaction complex_173 (172/500)...
[Problem → Reactions] Found 155 reactions, 250 molecules.
      [32m✓ All goal molecules found.[0m
      [32m✓ All goal reactions found.[0m
        [32m✓ Target reaction successfully synthesized in 1.35s![0m
      Evaluating reaction complex_174 (173/500)...
[Problem → Reactions] Found 30000 reactions, 250 molecules.
      [32m✓ All goal molecules found.[0m
      [31m✗ Missing goal reactions.[0m
        [31m✗ Synthesis failed or timed out in 66.22s.[0m
      Evaluating reaction complex_175 (174/500)...
[Problem → Reactions] Found 1489 reactions, 250 molecules.
      [32m✓ All goal molecules found.[0m
      [32m✓ All goal reactions found.[0m
        [32m✓ Target reaction successfully synthesized in 1.31s![0m
      Evaluating reaction complex_176 (175/500)...
[Problem → Reactions] Found 30000 reactions, 250 molecules.
      [32m✓ All goal molecules found.[0m
      [31m✗ Missing goal reactions.[0m
        [31m✗ Synthesis failed or timed out in 65.03s.[0m
      Evaluating reaction complex_177 (176/500)...
        [31m✗ Skipped reaction synthesis (missing molecule synthesis subproblem failed).[0m
      Evaluating reaction complex_178 (177/500)...
[Problem → Reactions] Found 83 reactions, 250 molecules.
      [32m✓ All goal molecules found.[0m
      [32m✓ All goal reactions found.[0m
        [32m✓ Target reaction successfully synthesized in 0.84s![0m
      Evaluating reaction complex_179 (178/500)...
[Problem → Reactions] Found 30000 reactions, 250 molecules.
      [32m✓ All goal molecules found.[0m
      [31m✗ Missing goal reactions.[0m
        [31m✗ Synthesis failed or timed out in 53.23s.[0m
      Evaluating reaction complex_180 (179/500)...
[Problem → Reactions] Found 9541 reactions, 250 molecules.
      [32m✓ All goal molecules found.[0m
      [32m✓ All goal reactions found.[0m
        [32m✓ Target reaction successfully synthesized in 10.97s![0m
      Evaluating reaction complex_181 (180/500)...
[Problem → Reactions] Found 18895 reactions, 250 molecules.
      [32m✓ All goal molecules found.[0m
      [32m✓ All goal reactions found.[0m
        [32m✓ Target reaction successfully synthesized in 21.91s![0m
      Evaluating reaction complex_182 (181/500)...
        [31m✗ Skipped reaction synthesis (missing molecule synthesis subproblem failed).[0m
      Evaluating reaction complex_183 (182/500)...
        [31m✗ Skipped reaction synthesis (missing molecule synthesis subproblem failed).[0m
      Evaluating reaction complex_184 (183/500)...
[Problem → Reactions] Found 189 reactions, 250 molecules.
      [32m✓ All goal molecules found.[0m
      [32m✓ All goal reactions found.[0m
        [32m✓ Target reaction successfully synthesized in 0.71s![0m
      Evaluating reaction complex_185 (184/500)...
        [31m✗ Skipped reaction synthesis (missing molecule synthesis subproblem failed).[0m
      Evaluating reaction complex_186 (185/500)...
[Problem → Reactions] Found 4972 reactions, 250 molecules.
      [32m✓ All goal molecules found.[0m
      [32m✓ All goal reactions found.[0m
        [32m✓ Target reaction successfully synthesized in 2.26s![0m
      Evaluating reaction complex_187 (186/500)...
        [31m✗ Skipped reaction synthesis (missing molecule synthesis subproblem failed).[0m
      Evaluating reaction complex_188 (187/500)...
[Problem → Reactions] Found 1905 reactions, 250 molecules.
      [32m✓ All goal molecules found.[0m
      [32m✓ All goal reactions found.[0m
        [32m✓ Target reaction successfully synthesized in 5.59s![0m
      Evaluating reaction complex_189 (188/500)...
[Problem → Reactions] Found 245 reactions, 250 molecules.
      [32m✓ All goal molecules found.[0m
      [32m✓ All goal reactions found.[0m
        [32m✓ Target reaction successfully synthesized in 0.98s![0m
      Evaluating reaction complex_190 (189/500)...
[Problem → Reactions] Found 326 reactions, 250 molecules.
      [32m✓ All goal molecules found.[0m
      [32m✓ All goal reactions found.[0m
        [32m✓ Target reaction successfully synthesized in 2.73s![0m
      Evaluating reaction complex_191 (190/500)...
[Problem → Reactions] Found 675 reactions, 250 molecules.
      [32m✓ All goal molecules found.[0m
      [32m✓ All goal reactions found.[0m
        [32m✓ Target reaction successfully synthesized in 1.6s![0m
      Evaluating reaction complex_192 (191/500)...
[Problem → Reactions] Found 123 reactions, 250 molecules.
      [32m✓ All goal molecules found.[0m
      [32m✓ All goal reactions found.[0m
        [32m✓ Target reaction successfully synthesized in 1.27s![0m
      Evaluating reaction complex_193 (192/500)...
[Problem → Reactions] Found 464 reactions, 250 molecules.
      [32m✓ All goal molecules found.[0m
      [32m✓ All goal reactions found.[0m
        [32m✓ Target reaction successfully synthesized in 3.27s![0m
      Evaluating reaction complex_194 (193/500)...
[Problem → Reactions] Found 3648 reactions, 250 molecules.
      [32m✓ All goal molecules found.[0m
      [32m✓ All goal reactions found.[0m
        [32m✓ Target reaction successfully synthesized in 2.33s![0m
      Evaluating reaction complex_195 (194/500)...
        [31m✗ Skipped reaction synthesis (missing molecule synthesis subproblem failed).[0m
      Evaluating reaction complex_196 (195/500)...
        [31m✗ Skipped reaction synthesis (missing molecule synthesis subproblem failed).[0m
      Evaluating reaction complex_197 (196/500)...
[Problem → Reactions] Found 101 reactions, 250 molecules.
      [32m✓ All goal molecules found.[0m
      [32m✓ All goal reactions found.[0m
        [32m✓ Target reaction successfully synthesized in 1.08s![0m
      Evaluating reaction complex_198 (197/500)...
[Problem → Reactions] Found 371 reactions, 250 molecules.
      [32m✓ All goal molecules found.[0m
      [32m✓ All goal reactions found.[0m
        [32m✓ Target reaction successfully synthesized in 1.66s![0m
      Evaluating reaction complex_199 (198/500)...
[Problem → Reactions] Found 233 reactions, 250 molecules.
      [32m✓ All goal molecules found.[0m
      [32m✓ All goal reactions found.[0m
        [32m✓ Target reaction successfully synthesized in 1.92s![0m
      Evaluating reaction complex_200 (199/500)...
        [31m✗ Skipped reaction synthesis (missing molecule synthesis subproblem failed).[0m
      Evaluating reaction complex_201 (200/500)...
        [31m✗ Skipped reaction synthesis (missing molecule synthesis subproblem failed).[0m
      Evaluating reaction complex_202 (201/500)...
[Problem → Reactions] Found 297 reactions, 250 molecules.
      [32m✓ All goal molecules found.[0m
      [32m✓ All goal reactions found.[0m
        [32m✓ Target reaction successfully synthesized in 2.76s![0m
      Evaluating reaction complex_203 (202/500)...
        [31m✗ Skipped reaction synthesis (missing molecule synthesis subproblem failed).[0m
      Evaluating reaction complex_204 (203/500)...
[Problem → Reactions] Found 218 reactions, 250 molecules.
      [32m✓ All goal molecules found.[0m
      [32m✓ All goal reactions found.[0m
        [32m✓ Target reaction successfully synthesized in 1.62s![0m
      Evaluating reaction complex_205 (204/500)...
[Problem → Reactions] Found 30000 reactions, 250 molecules.
      [32m✓ All goal molecules found.[0m
      [31m✗ Missing goal reactions.[0m
        [31m✗ Synthesis failed or timed out in 63.04s.[0m
      Evaluating reaction complex_206 (205/500)...
[Problem → Reactions] Found 30000 reactions, 250 molecules.
      [32m✓ All goal molecules found.[0m
      [31m✗ Missing goal reactions.[0m
        [31m✗ Synthesis failed or timed out in 60.75s.[0m
      Evaluating reaction complex_207 (206/500)...
        [31m✗ Skipped reaction synthesis (missing molecule synthesis subproblem failed).[0m
      Evaluating reaction complex_208 (207/500)...
        [31m✗ Skipped reaction synthesis (missing molecule synthesis subproblem failed).[0m
      Evaluating reaction complex_209 (208/500)...
[Problem → Reactions] Found 375 reactions, 250 molecules.
      [32m✓ All goal molecules found.[0m
      [32m✓ All goal reactions found.[0m
        [32m✓ Target reaction successfully synthesized in 0.87s![0m
      Evaluating reaction complex_210 (209/500)...
        [31m✗ Skipped reaction synthesis (missing molecule synthesis subproblem failed).[0m
      Evaluating reaction complex_211 (210/500)...
[Problem → Reactions] Found 218 reactions, 250 molecules.
      [32m✓ All goal molecules found.[0m
      [32m✓ All goal reactions found.[0m
        [32m✓ Target reaction successfully synthesized in 1.5s![0m
      Evaluating reaction complex_212 (211/500)...
[Problem → Reactions] Found 311 reactions, 250 molecules.
      [32m✓ All goal molecules found.[0m
      [32m✓ All goal reactions found.[0m
        [32m✓ Target reaction successfully synthesized in 3.18s![0m
      Evaluating reaction complex_213 (212/500)...
[Problem → Reactions] Found 182 reactions, 250 molecules.
      [32m✓ All goal molecules found.[0m
      [32m✓ All goal reactions found.[0m
        [32m✓ Target reaction successfully synthesized in 1.11s![0m
      Evaluating reaction complex_214 (213/500)...
[Problem → Reactions] Found 30000 reactions, 250 molecules.
      [32m✓ All goal molecules found.[0m
      [31m✗ Missing goal reactions.[0m
        [31m✗ Synthesis failed or timed out in 68.62s.[0m
      Evaluating reaction complex_215 (214/500)...
[Problem → Reactions] Found 110 reactions, 250 molecules.
      [32m✓ All goal molecules found.[0m
      [32m✓ All goal reactions found.[0m
        [32m✓ Target reaction successfully synthesized in 1.05s![0m
      Evaluating reaction complex_216 (215/500)...
        [31m✗ Skipped reaction synthesis (missing molecule synthesis subproblem failed).[0m
      Evaluating reaction complex_217 (216/500)...
[Problem → Reactions] Found 12182 reactions, 250 molecules.
      [32m✓ All goal molecules found.[0m
      [32m✓ All goal reactions found.[0m
        [32m✓ Target reaction successfully synthesized in 22.86s![0m
      Evaluating reaction complex_218 (217/500)...
        [31m✗ Skipped reaction synthesis (missing molecule synthesis subproblem failed).[0m
      Evaluating reaction complex_219 (218/500)...
        [31m✗ Skipped reaction synthesis (missing molecule synthesis subproblem failed).[0m
      Evaluating reaction complex_220 (219/500)...
        [31m✗ Skipped reaction synthesis (missing molecule synthesis subproblem failed).[0m
      Evaluating reaction complex_221 (220/500)...
[Problem → Reactions] Found 416 reactions, 250 molecules.
      [32m✓ All goal molecules found.[0m
      [32m✓ All goal reactions found.[0m
        [32m✓ Target reaction successfully synthesized in 1.4s![0m
      Evaluating reaction complex_222 (221/500)...
        [31m✗ Skipped reaction synthesis (missing molecule synthesis subproblem failed).[0m
      Evaluating reaction complex_223 (222/500)...
        [31m✗ Skipped reaction synthesis (missing molecule synthesis subproblem failed).[0m
      Evaluating reaction complex_224 (223/500)...
        [31m✗ Skipped reaction synthesis (missing molecule synthesis subproblem failed).[0m
      Evaluating reaction complex_225 (224/500)...
        [31m✗ Skipped reaction synthesis (missing molecule synthesis subproblem failed).[0m
      Evaluating reaction complex_226 (225/500)...
        [31m✗ Skipped reaction synthesis (missing molecule synthesis subproblem failed).[0m
      Evaluating reaction complex_227 (226/500)...
[Problem → Reactions] Found 179 reactions, 250 molecules.
      [32m✓ All goal molecules found.[0m
      [32m✓ All goal reactions found.[0m
        [32m✓ Target reaction successfully synthesized in 0.66s![0m
      Evaluating reaction complex_228 (227/500)...
        [31m✗ Skipped reaction synthesis (missing molecule synthesis subproblem failed).[0m
      Evaluating reaction complex_229 (228/500)...
        [31m✗ Skipped reaction synthesis (missing molecule synthesis subproblem failed).[0m
      Evaluating reaction complex_230 (229/500)...
        [31m✗ Skipped reaction synthesis (missing molecule synthesis subproblem failed).[0m
      Evaluating reaction complex_231 (230/500)...
        [31m✗ Skipped reaction synthesis (missing molecule synthesis subproblem failed).[0m
      Evaluating reaction complex_232 (231/500)...
        [31m✗ Skipped reaction synthesis (missing molecule synthesis subproblem failed).[0m
      Evaluating reaction complex_233 (232/500)...
        [31m✗ Skipped reaction synthesis (missing molecule synthesis subproblem failed).[0m
      Evaluating reaction complex_234 (233/500)...
[Problem → Reactions] Found 4702 reactions, 250 molecules.
      [32m✓ All goal molecules found.[0m
      [32m✓ All goal reactions found.[0m
        [32m✓ Target reaction successfully synthesized in 5.03s![0m
      Evaluating reaction complex_235 (234/500)...
        [31m✗ Skipped reaction synthesis (missing molecule synthesis subproblem failed).[0m
      Evaluating reaction complex_236 (235/500)...
[Problem → Reactions] Found 30000 reactions, 250 molecules.
      [32m✓ All goal molecules found.[0m
      [31m✗ Missing goal reactions.[0m
        [31m✗ Synthesis failed or timed out in 58.38s.[0m
      Evaluating reaction complex_237 (236/500)...
        [31m✗ Skipped reaction synthesis (missing molecule synthesis subproblem failed).[0m
      Evaluating reaction complex_238 (237/500)...
[Problem → Reactions] Found 30000 reactions, 250 molecules.
      [32m✓ All goal molecules found.[0m
      [31m✗ Missing goal reactions.[0m
        [31m✗ Synthesis failed or timed out in 80.43s.[0m
      Evaluating reaction complex_239 (238/500)...
        [31m✗ Skipped reaction synthesis (missing molecule synthesis subproblem failed).[0m
      Evaluating reaction complex_240 (239/500)...
        [31m✗ Skipped reaction synthesis (missing molecule synthesis subproblem failed).[0m
      Evaluating reaction complex_241 (240/500)...
[Problem → Reactions] Found 30000 reactions, 250 molecules.
      [32m✓ All goal molecules found.[0m
      [31m✗ Missing goal reactions.[0m
        [31m✗ Synthesis failed or timed out in 69.1s.[0m
      Evaluating reaction complex_242 (241/500)...
        [31m✗ Skipped reaction synthesis (missing molecule synthesis subproblem failed).[0m
      Evaluating reaction complex_243 (242/500)...
[Problem → Reactions] Found 30000 reactions, 250 molecules.
      [32m✓ All goal molecules found.[0m
      [31m✗ Missing goal reactions.[0m
        [31m✗ Synthesis failed or timed out in 58.39s.[0m
      Evaluating reaction complex_244 (243/500)...
        [31m✗ Skipped reaction synthesis (missing molecule synthesis subproblem failed).[0m
      Evaluating reaction complex_245 (244/500)...
        [31m✗ Skipped reaction synthesis (missing molecule synthesis subproblem failed).[0m
      Evaluating reaction complex_246 (245/500)...
[Problem → Reactions] Found 116 reactions, 250 molecules.
      [32m✓ All goal molecules found.[0m
      [32m✓ All goal reactions found.[0m
        [32m✓ Target reaction successfully synthesized in 0.65s![0m
      Evaluating reaction complex_247 (246/500)...
[Problem → Reactions] Found 287 reactions, 250 molecules.
      [32m✓ All goal molecules found.[0m
      [32m✓ All goal reactions found.[0m
        [32m✓ Target reaction successfully synthesized in 2.05s![0m
      Evaluating reaction complex_248 (247/500)...
[Problem → Reactions] Found 3359 reactions, 250 molecules.
      [32m✓ All goal molecules found.[0m
      [32m✓ All goal reactions found.[0m
        [32m✓ Target reaction successfully synthesized in 1.7s![0m
      Evaluating reaction complex_249 (248/500)...
        [31m✗ Skipped reaction synthesis (missing molecule synthesis subproblem failed).[0m
      Evaluating reaction complex_250 (249/500)...
        [31m✗ Skipped reaction synthesis (missing molecule synthesis subproblem failed).[0m
      Evaluating reaction complex_251 (250/500)...
[Problem → Reactions] Found 30000 reactions, 250 molecules.
      [32m✓ All goal molecules found.[0m
      [31m✗ Missing goal reactions.[0m
        [31m✗ Synthesis failed or timed out in 75.91s.[0m
      Evaluating reaction complex_252 (251/500)...
[Problem → Reactions] Found 30000 reactions, 250 molecules.
      [32m✓ All goal molecules found.[0m
      [31m✗ Missing goal reactions.[0m
        [31m✗ Synthesis failed or timed out in 57.23s.[0m
      Evaluating reaction complex_253 (252/500)...
        [31m✗ Skipped reaction synthesis (missing molecule synthesis subproblem failed).[0m
      Evaluating reaction complex_254 (253/500)...
        [31m✗ Skipped reaction synthesis (missing molecule synthesis subproblem failed).[0m
      Evaluating reaction complex_255 (254/500)...
[Problem → Reactions] Found 30000 reactions, 250 molecules.
      [32m✓ All goal molecules found.[0m
      [31m✗ Missing goal reactions.[0m
        [31m✗ Synthesis failed or timed out in 62.17s.[0m
      Evaluating reaction complex_256 (255/500)...
[Problem → Reactions] Found 12476 reactions, 250 molecules.
      [32m✓ All goal molecules found.[0m
      [32m✓ All goal reactions found.[0m
        [32m✓ Target reaction successfully synthesized in 15.3s![0m
      Evaluating reaction complex_257 (256/500)...
[Problem → Reactions] Found 7096 reactions, 250 molecules.
      [32m✓ All goal molecules found.[0m
      [32m✓ All goal reactions found.[0m
        [32m✓ Target reaction successfully synthesized in 12.05s![0m
      Evaluating reaction complex_258 (257/500)...
[Problem → Reactions] Found 179 reactions, 250 molecules.
      [32m✓ All goal molecules found.[0m
      [32m✓ All goal reactions found.[0m
        [32m✓ Target reaction successfully synthesized in 0.94s![0m
      Evaluating reaction complex_259 (258/500)...
[Problem → Reactions] Found 5791 reactions, 250 molecules.
      [32m✓ All goal molecules found.[0m
      [32m✓ All goal reactions found.[0m
        [32m✓ Target reaction successfully synthesized in 2.0s![0m
      Evaluating reaction complex_260 (259/500)...
        [31m✗ Skipped reaction synthesis (missing molecule synthesis subproblem failed).[0m
      Evaluating reaction complex_261 (260/500)...
        [31m✗ Skipped reaction synthesis (missing molecule synthesis subproblem failed).[0m
      Evaluating reaction complex_262 (261/500)...
[Problem → Reactions] Found 30000 reactions, 250 molecules.
      [32m✓ All goal molecules found.[0m
      [31m✗ Missing goal reactions.[0m
        [31m✗ Synthesis failed or timed out in 35.04s.[0m
      Evaluating reaction complex_263 (262/500)...
[Problem → Reactions] Found 149 reactions, 250 molecules.
      [32m✓ All goal molecules found.[0m
      [32m✓ All goal reactions found.[0m
        [32m✓ Target reaction successfully synthesized in 3.13s![0m
      Evaluating reaction complex_264 (263/500)...
        [31m✗ Skipped reaction synthesis (missing molecule synthesis subproblem failed).[0m
      Evaluating reaction complex_265 (264/500)...
[Problem → Reactions] Found 30000 reactions, 250 molecules.
      [32m✓ All goal molecules found.[0m
      [31m✗ Missing goal reactions.[0m
        [31m✗ Synthesis failed or timed out in 42.99s.[0m
      Evaluating reaction complex_266 (265/500)...
        [31m✗ Skipped reaction synthesis (missing molecule synthesis subproblem failed).[0m
      Evaluating reaction complex_267 (266/500)...
[Problem → Reactions] Found 164 reactions, 250 molecules.
      [32m✓ All goal molecules found.[0m
      [32m✓ All goal reactions found.[0m
        [32m✓ Target reaction successfully synthesized in 0.71s![0m
      Evaluating reaction complex_268 (267/500)...
        [31m✗ Skipped reaction synthesis (missing molecule synthesis subproblem failed).[0m
      Evaluating reaction complex_269 (268/500)...
        [31m✗ Skipped reaction synthesis (missing molecule synthesis subproblem failed).[0m
      Evaluating reaction complex_270 (269/500)...
        [31m✗ Skipped reaction synthesis (missing molecule synthesis subproblem failed).[0m
      Evaluating reaction complex_271 (270/500)...
[Problem → Reactions] Found 30000 reactions, 250 molecules.
      [32m✓ All goal molecules found.[0m
      [31m✗ Missing goal reactions.[0m
        [31m✗ Synthesis failed or timed out in 62.22s.[0m
      Evaluating reaction complex_272 (271/500)...
[Problem → Reactions] Found 30000 reactions, 250 molecules.
      [32m✓ All goal molecules found.[0m
      [31m✗ Missing goal reactions.[0m
        [31m✗ Synthesis failed or timed out in 72.2s.[0m
      Evaluating reaction complex_273 (272/500)...
        [31m✗ Skipped reaction synthesis (missing molecule synthesis subproblem failed).[0m
      Evaluating reaction complex_274 (273/500)...
        [31m✗ Skipped reaction synthesis (missing molecule synthesis subproblem failed).[0m
      Evaluating reaction complex_275 (274/500)...
[Problem → Reactions] Found 30000 reactions, 250 molecules.
      [32m✓ All goal molecules found.[0m
      [31m✗ Missing goal reactions.[0m
        [31m✗ Synthesis failed or timed out in 73.12s.[0m
      Evaluating reaction complex_276 (275/500)...
        [31m✗ Skipped reaction synthesis (missing molecule synthesis subproblem failed).[0m
      Evaluating reaction complex_277 (276/500)...
[Problem → Reactions] Found 30000 reactions, 250 molecules.
      [32m✓ All goal molecules found.[0m
      [31m✗ Missing goal reactions.[0m
        [31m✗ Synthesis failed or timed out in 62.33s.[0m
      Evaluating reaction complex_278 (277/500)...
[Problem → Reactions] Found 30000 reactions, 250 molecules.
      [32m✓ All goal molecules found.[0m
      [31m✗ Missing goal reactions.[0m
        [31m✗ Synthesis failed or timed out in 76.67s.[0m
      Evaluating reaction complex_279 (278/500)...
        [31m✗ Skipped reaction synthesis (missing molecule synthesis subproblem failed).[0m
      Evaluating reaction complex_280 (279/500)...
        [31m✗ Skipped reaction synthesis (missing molecule synthesis subproblem failed).[0m
      Evaluating reaction complex_281 (280/500)...
[Problem → Reactions] Found 290 reactions, 250 molecules.
      [32m✓ All goal molecules found.[0m
      [32m✓ All goal reactions found.[0m
        [32m✓ Target reaction successfully synthesized in 0.63s![0m
      Evaluating reaction complex_282 (281/500)...
[Problem → Reactions] Found 30000 reactions, 250 molecules.
      [32m✓ All goal molecules found.[0m
      [31m✗ Missing goal reactions.[0m
        [31m✗ Synthesis failed or timed out in 68.83s.[0m
      Evaluating reaction complex_283 (282/500)...
[Problem → Reactions] Found 30000 reactions, 250 molecules.
      [32m✓ All goal molecules found.[0m
      [31m✗ Missing goal reactions.[0m
        [31m✗ Synthesis failed or timed out in 79.99s.[0m
      Evaluating reaction complex_284 (283/500)...
[Problem → Reactions] Found 218 reactions, 250 molecules.
      [32m✓ All goal molecules found.[0m
      [32m✓ All goal reactions found.[0m
        [32m✓ Target reaction successfully synthesized in 0.64s![0m
      Evaluating reaction complex_285 (284/500)...
[Problem → Reactions] Found 30000 reactions, 250 molecules.
      [32m✓ All goal molecules found.[0m
      [31m✗ Missing goal reactions.[0m
        [31m✗ Synthesis failed or timed out in 75.7s.[0m
      Evaluating reaction complex_286 (285/500)...
[Problem → Reactions] Found 30000 reactions, 250 molecules.
      [32m✓ All goal molecules found.[0m
      [31m✗ Missing goal reactions.[0m
        [31m✗ Synthesis failed or timed out in 72.61s.[0m
      Evaluating reaction complex_287 (286/500)...
[Problem → Reactions] Found 3780 reactions, 250 molecules.
      [32m✓ All goal molecules found.[0m
      [32m✓ All goal reactions found.[0m
        [32m✓ Target reaction successfully synthesized in 1.53s![0m
      Evaluating reaction complex_288 (287/500)...
        [31m✗ Skipped reaction synthesis (missing molecule synthesis subproblem failed).[0m
      Evaluating reaction complex_289 (288/500)...
[Problem → Reactions] Found 30000 reactions, 250 molecules.
      [32m✓ All goal molecules found.[0m
      [31m✗ Missing goal reactions.[0m
        [31m✗ Synthesis failed or timed out in 86.69s.[0m
      Evaluating reaction complex_290 (289/500)...
[Problem → Reactions] Found 30000 reactions, 250 molecules.
      [32m✓ All goal molecules found.[0m
      [31m✗ Missing goal reactions.[0m
        [31m✗ Synthesis failed or timed out in 77.63s.[0m
      Evaluating reaction complex_291 (290/500)...
[Problem → Reactions] Found 30000 reactions, 250 molecules.
      [32m✓ All goal molecules found.[0m
      [31m✗ Missing goal reactions.[0m
        [31m✗ Synthesis failed or timed out in 70.71s.[0m
      Evaluating reaction complex_292 (291/500)...
[Problem → Reactions] Found 30000 reactions, 250 molecules.
      [32m✓ All goal molecules found.[0m
      [31m✗ Missing goal reactions.[0m
        [31m✗ Synthesis failed or timed out in 90.43s.[0m
      Evaluating reaction complex_293 (292/500)...
[Problem → Reactions] Found 30000 reactions, 250 molecules.
      [32m✓ All goal molecules found.[0m
      [31m✗ Missing goal reactions.[0m
        [31m✗ Synthesis failed or timed out in 78.02s.[0m
      Evaluating reaction complex_294 (293/500)...
        [31m✗ Skipped reaction synthesis (missing molecule synthesis subproblem failed).[0m
      Evaluating reaction complex_295 (294/500)...
        [31m✗ Skipped reaction synthesis (missing molecule synthesis subproblem failed).[0m
      Evaluating reaction complex_296 (295/500)...
        [31m✗ Skipped reaction synthesis (missing molecule synthesis subproblem failed).[0m
      Evaluating reaction complex_297 (296/500)...
        [31m✗ Skipped reaction synthesis (missing molecule synthesis subproblem failed).[0m
      Evaluating reaction complex_298 (297/500)...
[Problem → Reactions] Found 30000 reactions, 250 molecules.
      [32m✓ All goal molecules found.[0m
      [31m✗ Missing goal reactions.[0m
        [31m✗ Synthesis failed or timed out in 51.59s.[0m
      Evaluating reaction complex_299 (298/500)...
[Problem → Reactions] Found 30000 reactions, 250 molecules.
      [32m✓ All goal molecules found.[0m
      [31m✗ Missing goal reactions.[0m
        [31m✗ Synthesis failed or timed out in 84.17s.[0m
      Evaluating reaction complex_300 (299/500)...
[Problem → Reactions] Found 30000 reactions, 250 molecules.
      [32m✓ All goal molecules found.[0m
      [31m✗ Missing goal reactions.[0m
        [31m✗ Synthesis failed or timed out in 55.25s.[0m
      Evaluating reaction complex_301 (300/500)...
[Problem → Reactions] Found 30000 reactions, 250 molecules.
      [32m✓ All goal molecules found.[0m
      [31m✗ Missing goal reactions.[0m
        [31m✗ Synthesis failed or timed out in 79.61s.[0m
      Evaluating reaction complex_302 (301/500)...
        [31m✗ Skipped reaction synthesis (missing molecule synthesis subproblem failed).[0m
      Evaluating reaction complex_303 (302/500)...
[Problem → Reactions] Found 30000 reactions, 250 molecules.
      [32m✓ All goal molecules found.[0m
      [31m✗ Missing goal reactions.[0m
        [31m✗ Synthesis failed or timed out in 76.3s.[0m
      Evaluating reaction complex_304 (303/500)...
[Problem → Reactions] Found 30000 reactions, 250 molecules.
      [32m✓ All goal molecules found.[0m
      [31m✗ Missing goal reactions.[0m
        [31m✗ Synthesis failed or timed out in 72.67s.[0m
      Evaluating reaction complex_305 (304/500)...
        [31m✗ Skipped reaction synthesis (missing molecule synthesis subproblem failed).[0m
      Evaluating reaction complex_306 (305/500)...
        [31m✗ Skipped reaction synthesis (missing molecule synthesis subproblem failed).[0m
      Evaluating reaction complex_307 (306/500)...
[Problem → Reactions] Found 30000 reactions, 250 molecules.
      [32m✓ All goal molecules found.[0m
      [31m✗ Missing goal reactions.[0m
        [31m✗ Synthesis failed or timed out in 67.9s.[0m
      Evaluating reaction complex_308 (307/500)...
[Problem → Reactions] Found 30000 reactions, 250 molecules.
      [32m✓ All goal molecules found.[0m
      [31m✗ Missing goal reactions.[0m
        [31m✗ Synthesis failed or timed out in 89.96s.[0m
      Evaluating reaction complex_309 (308/500)...
[Problem → Reactions] Found 30000 reactions, 250 molecules.
      [32m✓ All goal molecules found.[0m
      [31m✗ Missing goal reactions.[0m
        [31m✗ Synthesis failed or timed out in 64.44s.[0m
      Evaluating reaction complex_310 (309/500)...
[Problem → Reactions] Found 30000 reactions, 250 molecules.
      [32m✓ All goal molecules found.[0m
      [31m✗ Missing goal reactions.[0m
        [31m✗ Synthesis failed or timed out in 95.3s.[0m
      Evaluating reaction complex_311 (310/500)...
[Problem → Reactions] Found 30000 reactions, 250 molecules.
      [32m✓ All goal molecules found.[0m
      [31m✗ Missing goal reactions.[0m
        [31m✗ Synthesis failed or timed out in 85.98s.[0m
      Evaluating reaction complex_312 (311/500)...
[Problem → Reactions] Found 30000 reactions, 250 molecules.
      [32m✓ All goal molecules found.[0m
      [31m✗ Missing goal reactions.[0m
        [31m✗ Synthesis failed or timed out in 83.32s.[0m
      Evaluating reaction complex_313 (312/500)...
[Problem → Reactions] Found 30000 reactions, 250 molecules.
      [32m✓ All goal molecules found.[0m
      [31m✗ Missing goal reactions.[0m
        [31m✗ Synthesis failed or timed out in 101.18s.[0m
      Evaluating reaction complex_314 (313/500)...
[Problem → Reactions] Found 30000 reactions, 250 molecules.
      [32m✓ All goal molecules found.[0m
      [31m✗ Missing goal reactions.[0m
        [31m✗ Synthesis failed or timed out in 69.83s.[0m
      Evaluating reaction complex_315 (314/500)...
        [31m✗ Skipped reaction synthesis (missing molecule synthesis subproblem failed).[0m
      Evaluating reaction complex_316 (315/500)...
[Problem → Reactions] Found 30000 reactions, 250 molecules.
      [32m✓ All goal molecules found.[0m
      [31m✗ Missing goal reactions.[0m
        [31m✗ Synthesis failed or timed out in 64.68s.[0m
      Evaluating reaction complex_317 (316/500)...
[Problem → Reactions] Found 30000 reactions, 250 molecules.
      [32m✓ All goal molecules found.[0m
      [31m✗ Missing goal reactions.[0m
        [31m✗ Synthesis failed or timed out in 77.62s.[0m
      Evaluating reaction complex_318 (317/500)...
[Problem → Reactions] Found 30000 reactions, 250 molecules.
      [32m✓ All goal molecules found.[0m
      [31m✗ Missing goal reactions.[0m
        [31m✗ Synthesis failed or timed out in 87.86s.[0m
      Evaluating reaction complex_319 (318/500)...
[Problem → Reactions] Found 30000 reactions, 250 molecules.
      [32m✓ All goal molecules found.[0m
      [31m✗ Missing goal reactions.[0m
        [31m✗ Synthesis failed or timed out in 92.4s.[0m
      Evaluating reaction complex_320 (319/500)...
[Problem → Reactions] Found 30000 reactions, 250 molecules.
      [32m✓ All goal molecules found.[0m
      [31m✗ Missing goal reactions.[0m
        [31m✗ Synthesis failed or timed out in 56.32s.[0m
      Evaluating reaction complex_321 (320/500)...
[Problem → Reactions] Found 30000 reactions, 250 molecules.
      [32m✓ All goal molecules found.[0m
      [31m✗ Missing goal reactions.[0m
        [31m✗ Synthesis failed or timed out in 69.23s.[0m
      Evaluating reaction complex_322 (321/500)...
[Problem → Reactions] Found 30000 reactions, 250 molecules.
      [32m✓ All goal molecules found.[0m
      [31m✗ Missing goal reactions.[0m
        [31m✗ Synthesis failed or timed out in 85.27s.[0m
      Evaluating reaction complex_323 (322/500)...
        [31m✗ Skipped reaction synthesis (missing molecule synthesis subproblem failed).[0m
      Evaluating reaction complex_324 (323/500)...
[Problem → Reactions] Found 30000 reactions, 250 molecules.
      [32m✓ All goal molecules found.[0m
      [31m✗ Missing goal reactions.[0m
        [31m✗ Synthesis failed or timed out in 67.45s.[0m
      Evaluating reaction complex_325 (324/500)...
        [31m✗ Skipped reaction synthesis (missing molecule synthesis subproblem failed).[0m
      Evaluating reaction complex_326 (325/500)...
        [31m✗ Skipped reaction synthesis (missing molecule synthesis subproblem failed).[0m
      Evaluating reaction complex_327 (326/500)...
        [31m✗ Skipped reaction synthesis (missing molecule synthesis subproblem failed).[0m
      Evaluating reaction complex_328 (327/500)...
        [31m✗ Skipped reaction synthesis (missing molecule synthesis subproblem failed).[0m
      Evaluating reaction complex_329 (328/500)...
[Problem → Reactions] Found 30000 reactions, 250 molecules.
      [32m✓ All goal molecules found.[0m
      [31m✗ Missing goal reactions.[0m
        [31m✗ Synthesis failed or timed out in 98.29s.[0m
      Evaluating reaction complex_330 (329/500)...
[Problem → Reactions] Found 30000 reactions, 250 molecules.
      [32m✓ All goal molecules found.[0m
      [31m✗ Missing goal reactions.[0m
        [31m✗ Synthesis failed or timed out in 83.95s.[0m
      Evaluating reaction complex_331 (330/500)...
[Problem → Reactions] Found 30000 reactions, 250 molecules.
      [32m✓ All goal molecules found.[0m
      [31m✗ Missing goal reactions.[0m
        [31m✗ Synthesis failed or timed out in 88.73s.[0m
      Evaluating reaction complex_332 (331/500)...
[22:41:47] WARNING: not removing hydrogen atom without neighbors
[Problem → Reactions] Found 30000 reactions, 250 molecules.
      [32m✓ All goal molecules found.[0m
      [31m✗ Missing goal reactions.[0m
        [31m✗ Synthesis failed or timed out in 81.11s.[0m
      Evaluating reaction complex_333 (332/500)...
[Problem → Reactions] Found 30000 reactions, 250 molecules.
      [32m✓ All goal molecules found.[0m
      [31m✗ Missing goal reactions.[0m
        [31m✗ Synthesis failed or timed out in 106.04s.[0m
      Evaluating reaction complex_334 (333/500)...
        [31m✗ Skipped reaction synthesis (missing molecule synthesis subproblem failed).[0m
      Evaluating reaction complex_335 (334/500)...
        [31m✗ Skipped reaction synthesis (missing molecule synthesis subproblem failed).[0m
      Evaluating reaction complex_336 (335/500)...
[Problem → Reactions] Found 30000 reactions, 250 molecules.
      [32m✓ All goal molecules found.[0m
      [31m✗ Missing goal reactions.[0m
        [31m✗ Synthesis failed or timed out in 93.92s.[0m
      Evaluating reaction complex_337 (336/500)...
        [31m✗ Skipped reaction synthesis (missing molecule synthesis subproblem failed).[0m
      Evaluating reaction complex_338 (337/500)...
        [31m✗ Skipped reaction synthesis (missing molecule synthesis subproblem failed).[0m
      Evaluating reaction complex_339 (338/500)...
        [31m✗ Skipped reaction synthesis (missing molecule synthesis subproblem failed).[0m
      Evaluating reaction complex_340 (339/500)...
        [31m✗ Skipped reaction synthesis (missing molecule synthesis subproblem failed).[0m
      Evaluating reaction complex_341 (340/500)...
        [31m✗ Skipped reaction synthesis (missing molecule synthesis subproblem failed).[0m
      Evaluating reaction complex_342 (341/500)...
        [31m✗ Skipped reaction synthesis (missing molecule synthesis subproblem failed).[0m
      Evaluating reaction complex_343 (342/500)...
[Problem → Reactions] Found 30000 reactions, 250 molecules.
      [32m✓ All goal molecules found.[0m
      [31m✗ Missing goal reactions.[0m
        [31m✗ Synthesis failed or timed out in 48.01s.[0m
      Evaluating reaction complex_344 (343/500)...
[Problem → Reactions] Found 30000 reactions, 250 molecules.
      [32m✓ All goal molecules found.[0m
      [31m✗ Missing goal reactions.[0m
        [31m✗ Synthesis failed or timed out in 106.12s.[0m
      Evaluating reaction complex_345 (344/500)...
[Problem → Reactions] Found 153 reactions, 250 molecules.
      [32m✓ All goal molecules found.[0m
      [32m✓ All goal reactions found.[0m
        [32m✓ Target reaction successfully synthesized in 0.63s![0m
      Evaluating reaction complex_346 (345/500)...
[Problem → Reactions] Found 30000 reactions, 250 molecules.
      [32m✓ All goal molecules found.[0m
      [31m✗ Missing goal reactions.[0m
        [31m✗ Synthesis failed or timed out in 80.3s.[0m
      Evaluating reaction complex_347 (346/500)...
[Problem → Reactions] Found 30000 reactions, 250 molecules.
      [32m✓ All goal molecules found.[0m
      [31m✗ Missing goal reactions.[0m
        [31m✗ Synthesis failed or timed out in 113.2s.[0m
      Evaluating reaction complex_348 (347/500)...
[Problem → Reactions] Found 30000 reactions, 250 molecules.
      [32m✓ All goal molecules found.[0m
      [31m✗ Missing goal reactions.[0m
        [31m✗ Synthesis failed or timed out in 92.31s.[0m
      Evaluating reaction complex_349 (348/500)...
[Problem → Reactions] Found 30000 reactions, 250 molecules.
      [32m✓ All goal molecules found.[0m
      [31m✗ Missing goal reactions.[0m
        [31m✗ Synthesis failed or timed out in 106.35s.[0m
      Evaluating reaction complex_350 (349/500)...
[Problem → Reactions] Found 30000 reactions, 250 molecules.
      [32m✓ All goal molecules found.[0m
      [31m✗ Missing goal reactions.[0m
        [31m✗ Synthesis failed or timed out in 82.06s.[0m
      Evaluating reaction complex_351 (350/500)...
        [31m✗ Skipped reaction synthesis (missing molecule synthesis subproblem failed).[0m
      Evaluating reaction complex_352 (351/500)...
        [31m✗ Skipped reaction synthesis (missing molecule synthesis subproblem failed).[0m
      Evaluating reaction complex_353 (352/500)...
[Problem → Reactions] Found 30000 reactions, 250 molecules.
      [32m✓ All goal molecules found.[0m
      [31m✗ Missing goal reactions.[0m
        [31m✗ Synthesis failed or timed out in 89.52s.[0m
      Evaluating reaction complex_354 (353/500)...
[Problem → Reactions] Found 30000 reactions, 250 molecules.
      [32m✓ All goal molecules found.[0m
      [31m✗ Missing goal reactions.[0m
        [31m✗ Synthesis failed or timed out in 76.75s.[0m
      Evaluating reaction complex_355 (354/500)...
[Problem → Reactions] Found 30000 reactions, 250 molecules.
      [32m✓ All goal molecules found.[0m
      [31m✗ Missing goal reactions.[0m
        [31m✗ Synthesis failed or timed out in 76.38s.[0m
      Evaluating reaction complex_356 (355/500)...
        [31m✗ Skipped reaction synthesis (missing molecule synthesis subproblem failed).[0m
      Evaluating reaction complex_357 (356/500)...
        [31m✗ Skipped reaction synthesis (missing molecule synthesis subproblem failed).[0m
      Evaluating reaction complex_358 (357/500)...
        [31m✗ Skipped reaction synthesis (missing molecule synthesis subproblem failed).[0m
      Evaluating reaction complex_359 (358/500)...
        [31m✗ Skipped reaction synthesis (missing molecule synthesis subproblem failed).[0m
      Evaluating reaction complex_360 (359/500)...
[Problem → Reactions] Found 30000 reactions, 250 molecules.
      [32m✓ All goal molecules found.[0m
      [31m✗ Missing goal reactions.[0m
        [31m✗ Synthesis failed or timed out in 113.33s.[0m
      Evaluating reaction complex_361 (360/500)...
[Problem → Reactions] Found 30000 reactions, 250 molecules.
      [32m✓ All goal molecules found.[0m
      [31m✗ Missing goal reactions.[0m
        [31m✗ Synthesis failed or timed out in 49.76s.[0m
      Evaluating reaction complex_362 (361/500)...
[Problem → Reactions] Found 30000 reactions, 250 molecules.
      [32m✓ All goal molecules found.[0m
      [31m✗ Missing goal reactions.[0m
        [31m✗ Synthesis failed or timed out in 66.07s.[0m
      Evaluating reaction complex_363 (362/500)...
[Problem → Reactions] Found 30000 reactions, 250 molecules.
      [32m✓ All goal molecules found.[0m
      [31m✗ Missing goal reactions.[0m
        [31m✗ Synthesis failed or timed out in 81.37s.[0m
      Evaluating reaction complex_364 (363/500)...
        [31m✗ Skipped reaction synthesis (missing molecule synthesis subproblem failed).[0m
      Evaluating reaction complex_365 (364/500)...
        [31m✗ Skipped reaction synthesis (missing molecule synthesis subproblem failed).[0m
      Evaluating reaction complex_366 (365/500)...
[Problem → Reactions] Found 30000 reactions, 250 molecules.
      [32m✓ All goal molecules found.[0m
      [31m✗ Missing goal reactions.[0m
        [31m✗ Synthesis failed or timed out in 65.51s.[0m
      Evaluating reaction complex_367 (366/500)...
        [31m✗ Skipped reaction synthesis (missing molecule synthesis subproblem failed).[0m
      Evaluating reaction complex_368 (367/500)...
[Problem → Reactions] Found 147 reactions, 250 molecules.
      [32m✓ All goal molecules found.[0m
      [32m✓ All goal reactions found.[0m
        [32m✓ Target reaction successfully synthesized in 0.89s![0m
      Evaluating reaction complex_369 (368/500)...
[Problem → Reactions] Found 30000 reactions, 250 molecules.
      [32m✓ All goal molecules found.[0m
      [31m✗ Missing goal reactions.[0m
        [31m✗ Synthesis failed or timed out in 112.37s.[0m
      Evaluating reaction complex_370 (369/500)...
        [31m✗ Skipped reaction synthesis (missing molecule synthesis subproblem failed).[0m
      Evaluating reaction complex_371 (370/500)...
[Problem → Reactions] Found 30000 reactions, 250 molecules.
      [32m✓ All goal molecules found.[0m
      [31m✗ Missing goal reactions.[0m
        [31m✗ Synthesis failed or timed out in 92.92s.[0m
      Evaluating reaction complex_372 (371/500)...
[Problem → Reactions] Found 119 reactions, 250 molecules.
      [32m✓ All goal molecules found.[0m
      [32m✓ All goal reactions found.[0m
        [32m✓ Target reaction successfully synthesized in 1.68s![0m
      Evaluating reaction complex_373 (372/500)...
[Problem → Reactions] Found 30000 reactions, 250 molecules.
      [32m✓ All goal molecules found.[0m
      [31m✗ Missing goal reactions.[0m
        [31m✗ Synthesis failed or timed out in 63.42s.[0m
      Evaluating reaction complex_374 (373/500)...
[Problem → Reactions] Found 30000 reactions, 250 molecules.
      [32m✓ All goal molecules found.[0m
      [31m✗ Missing goal reactions.[0m
        [31m✗ Synthesis failed or timed out in 42.76s.[0m
      Evaluating reaction complex_375 (374/500)...
[Problem → Reactions] Found 30000 reactions, 250 molecules.
      [32m✓ All goal molecules found.[0m
      [31m✗ Missing goal reactions.[0m
        [31m✗ Synthesis failed or timed out in 39.59s.[0m
      Evaluating reaction complex_376 (375/500)...
[23:13:09] WARNING: not removing hydrogen atom without neighbors
[Problem → Reactions] Found 30000 reactions, 250 molecules.
      [32m✓ All goal molecules found.[0m
      [31m✗ Missing goal reactions.[0m
        [31m✗ Synthesis failed or timed out in 78.99s.[0m
      Evaluating reaction complex_377 (376/500)...
[Problem → Reactions] Found 105 reactions, 250 molecules.
      [32m✓ All goal molecules found.[0m
      [32m✓ All goal reactions found.[0m
        [32m✓ Target reaction successfully synthesized in 1.65s![0m
      Evaluating reaction complex_378 (377/500)...
[Problem → Reactions] Found 30000 reactions, 250 molecules.
      [32m✓ All goal molecules found.[0m
      [31m✗ Missing goal reactions.[0m
        [31m✗ Synthesis failed or timed out in 73.82s.[0m
      Evaluating reaction complex_379 (378/500)...
[Problem → Reactions] Found 30000 reactions, 250 molecules.
      [32m✓ All goal molecules found.[0m
      [31m✗ Missing goal reactions.[0m
        [31m✗ Synthesis failed or timed out in 70.2s.[0m
      Evaluating reaction complex_380 (379/500)...
[Problem → Reactions] Found 30000 reactions, 250 molecules.
      [32m✓ All goal molecules found.[0m
      [31m✗ Missing goal reactions.[0m
        [31m✗ Synthesis failed or timed out in 109.4s.[0m
      Evaluating reaction complex_381 (380/500)...
        [31m✗ Skipped reaction synthesis (missing molecule synthesis subproblem failed).[0m
      Evaluating reaction complex_382 (381/500)...
        [31m✗ Skipped reaction synthesis (missing molecule synthesis subproblem failed).[0m
      Evaluating reaction complex_383 (382/500)...
[Problem → Reactions] Found 113 reactions, 250 molecules.
      [32m✓ All goal molecules found.[0m
      [32m✓ All goal reactions found.[0m
        [32m✓ Target reaction successfully synthesized in 1.46s![0m
      Evaluating reaction complex_384 (383/500)...
[Problem → Reactions] Found 30000 reactions, 250 molecules.
      [32m✓ All goal molecules found.[0m
      [31m✗ Missing goal reactions.[0m
        [31m✗ Synthesis failed or timed out in 123.67s.[0m
      Evaluating reaction complex_385 (384/500)...
        [31m✗ Skipped reaction synthesis (missing molecule synthesis subproblem failed).[0m
      Evaluating reaction complex_386 (385/500)...
        [31m✗ Skipped reaction synthesis (missing molecule synthesis subproblem failed).[0m
      Evaluating reaction complex_387 (386/500)...
[Problem → Reactions] Found 30000 reactions, 250 molecules.
      [32m✓ All goal molecules found.[0m
      [31m✗ Missing goal reactions.[0m
        [31m✗ Synthesis failed or timed out in 106.31s.[0m
      Evaluating reaction complex_388 (387/500)...
[Problem → Reactions] Found 30000 reactions, 250 molecules.
      [32m✓ All goal molecules found.[0m
      [31m✗ Missing goal reactions.[0m
        [31m✗ Synthesis failed or timed out in 79.65s.[0m
      Evaluating reaction complex_389 (388/500)...
        [31m✗ Skipped reaction synthesis (missing molecule synthesis subproblem failed).[0m
      Evaluating reaction complex_390 (389/500)...
        [31m✗ Skipped reaction synthesis (missing molecule synthesis subproblem failed).[0m
      Evaluating reaction complex_391 (390/500)...
        [31m✗ Skipped reaction synthesis (missing molecule synthesis subproblem failed).[0m
      Evaluating reaction complex_392 (391/500)...
        [31m✗ Skipped reaction synthesis (missing molecule synthesis subproblem failed).[0m
      Evaluating reaction complex_393 (392/500)...
        [31m✗ Skipped reaction synthesis (missing molecule synthesis subproblem failed).[0m
      Evaluating reaction complex_394 (393/500)...
        [31m✗ Skipped reaction synthesis (missing molecule synthesis subproblem failed).[0m
      Evaluating reaction complex_395 (394/500)...
[Problem → Reactions] Found 30000 reactions, 250 molecules.
      [32m✓ All goal molecules found.[0m
      [31m✗ Missing goal reactions.[0m
        [31m✗ Synthesis failed or timed out in 97.62s.[0m
      Evaluating reaction complex_396 (395/500)...
        [31m✗ Skipped reaction synthesis (missing molecule synthesis subproblem failed).[0m
      Evaluating reaction complex_397 (396/500)...
[Problem → Reactions] Found 30000 reactions, 250 molecules.
      [32m✓ All goal molecules found.[0m
      [31m✗ Missing goal reactions.[0m
        [31m✗ Synthesis failed or timed out in 71.36s.[0m
      Evaluating reaction complex_398 (397/500)...
        [31m✗ Skipped reaction synthesis (missing molecule synthesis subproblem failed).[0m
      Evaluating reaction complex_399 (398/500)...
[Problem → Reactions] Found 30000 reactions, 250 molecules.
      [32m✓ All goal molecules found.[0m
      [31m✗ Missing goal reactions.[0m
        [31m✗ Synthesis failed or timed out in 57.77s.[0m
      Evaluating reaction complex_400 (399/500)...
[Problem → Reactions] Found 30000 reactions, 250 molecules.
      [32m✓ All goal molecules found.[0m
      [31m✗ Missing goal reactions.[0m
        [31m✗ Synthesis failed or timed out in 63.77s.[0m
      Evaluating reaction complex_401 (400/500)...
        [31m✗ Skipped reaction synthesis (missing molecule synthesis subproblem failed).[0m
      Evaluating reaction complex_402 (401/500)...
        [31m✗ Skipped reaction synthesis (missing molecule synthesis subproblem failed).[0m
      Evaluating reaction complex_403 (402/500)...
        [31m✗ Skipped reaction synthesis (missing molecule synthesis subproblem failed).[0m
      Evaluating reaction complex_404 (403/500)...
        [31m✗ Skipped reaction synthesis (missing molecule synthesis subproblem failed).[0m
      Evaluating reaction complex_405 (404/500)...
        [31m✗ Skipped reaction synthesis (missing molecule synthesis subproblem failed).[0m
      Evaluating reaction complex_406 (405/500)...
[Problem → Reactions] Found 30000 reactions, 250 molecules.
      [32m✓ All goal molecules found.[0m
      [31m✗ Missing goal reactions.[0m
        [31m✗ Synthesis failed or timed out in 88.47s.[0m
      Evaluating reaction complex_407 (406/500)...
[Problem → Reactions] Found 30000 reactions, 250 molecules.
      [32m✓ All goal molecules found.[0m
      [31m✗ Missing goal reactions.[0m
        [31m✗ Synthesis failed or timed out in 88.04s.[0m
      Evaluating reaction complex_408 (407/500)...
        [31m✗ Skipped reaction synthesis (missing molecule synthesis subproblem failed).[0m
      Evaluating reaction complex_409 (408/500)...
        [31m✗ Skipped reaction synthesis (missing molecule synthesis subproblem failed).[0m
      Evaluating reaction complex_410 (409/500)...
        [31m✗ Skipped reaction synthesis (missing molecule synthesis subproblem failed).[0m
      Evaluating reaction complex_411 (410/500)...
        [31m✗ Skipped reaction synthesis (missing molecule synthesis subproblem failed).[0m
      Evaluating reaction complex_412 (411/500)...
[Problem → Reactions] Found 30000 reactions, 250 molecules.
      [32m✓ All goal molecules found.[0m
      [31m✗ Missing goal reactions.[0m
        [31m✗ Synthesis failed or timed out in 85.83s.[0m
      Evaluating reaction complex_413 (412/500)...
[Problem → Reactions] Found 30000 reactions, 250 molecules.
      [32m✓ All goal molecules found.[0m
      [31m✗ Missing goal reactions.[0m
        [31m✗ Synthesis failed or timed out in 74.59s.[0m
      Evaluating reaction complex_414 (413/500)...
        [31m✗ Skipped reaction synthesis (missing molecule synthesis subproblem failed).[0m
      Evaluating reaction complex_415 (414/500)...
        [31m✗ Skipped reaction synthesis (missing molecule synthesis subproblem failed).[0m
      Evaluating reaction complex_416 (415/500)...
        [31m✗ Skipped reaction synthesis (missing molecule synthesis subproblem failed).[0m
      Evaluating reaction complex_417 (416/500)...
        [31m✗ Skipped reaction synthesis (missing molecule synthesis subproblem failed).[0m
      Evaluating reaction complex_418 (417/500)...
        [31m✗ Skipped reaction synthesis (missing molecule synthesis subproblem failed).[0m
      Evaluating reaction complex_419 (418/500)...
[Problem → Reactions] Found 30000 reactions, 250 molecules.
      [32m✓ All goal molecules found.[0m
      [31m✗ Missing goal reactions.[0m
        [31m✗ Synthesis failed or timed out in 86.76s.[0m
      Evaluating reaction complex_420 (419/500)...
        [31m✗ Skipped reaction synthesis (missing molecule synthesis subproblem failed).[0m
      Evaluating reaction complex_421 (420/500)...
        [31m✗ Skipped reaction synthesis (missing molecule synthesis subproblem failed).[0m
      Evaluating reaction complex_422 (421/500)...
        [31m✗ Skipped reaction synthesis (missing molecule synthesis subproblem failed).[0m
      Evaluating reaction complex_423 (422/500)...
[Problem → Reactions] Found 30000 reactions, 250 molecules.
      [32m✓ All goal molecules found.[0m
      [31m✗ Missing goal reactions.[0m
        [31m✗ Synthesis failed or timed out in 72.89s.[0m
      Evaluating reaction complex_424 (423/500)...
        [31m✗ Skipped reaction synthesis (missing molecule synthesis subproblem failed).[0m
      Evaluating reaction complex_425 (424/500)...
        [31m✗ Skipped reaction synthesis (missing molecule synthesis subproblem failed).[0m
      Evaluating reaction complex_426 (425/500)...
        [31m✗ Skipped reaction synthesis (missing molecule synthesis subproblem failed).[0m
      Evaluating reaction complex_427 (426/500)...
        [31m✗ Skipped reaction synthesis (missing molecule synthesis subproblem failed).[0m
      Evaluating reaction complex_428 (427/500)...
        [31m✗ Skipped reaction synthesis (missing molecule synthesis subproblem failed).[0m
      Evaluating reaction complex_429 (428/500)...
[Problem → Reactions] Found 30000 reactions, 250 molecules.
      [32m✓ All goal molecules found.[0m
      [31m✗ Missing goal reactions.[0m
        [31m✗ Synthesis failed or timed out in 45.33s.[0m
      Evaluating reaction complex_430 (429/500)...
[Problem → Reactions] Found 30000 reactions, 250 molecules.
      [32m✓ All goal molecules found.[0m
      [31m✗ Missing goal reactions.[0m
        [31m✗ Synthesis failed or timed out in 79.35s.[0m
      Evaluating reaction complex_431 (430/500)...
[Problem → Reactions] Found 30000 reactions, 250 molecules.
      [32m✓ All goal molecules found.[0m
      [31m✗ Missing goal reactions.[0m
        [31m✗ Synthesis failed or timed out in 55.86s.[0m
      Evaluating reaction complex_432 (431/500)...
        [31m✗ Skipped reaction synthesis (missing molecule synthesis subproblem failed).[0m
      Evaluating reaction complex_433 (432/500)...
        [31m✗ Skipped reaction synthesis (missing molecule synthesis subproblem failed).[0m
      Evaluating reaction complex_434 (433/500)...
        [31m✗ Skipped reaction synthesis (missing molecule synthesis subproblem failed).[0m
      Evaluating reaction complex_435 (434/500)...
        [31m✗ Skipped reaction synthesis (missing molecule synthesis subproblem failed).[0m
      Evaluating reaction complex_436 (435/500)...
[Problem → Reactions] Found 30000 reactions, 250 molecules.
      [32m✓ All goal molecules found.[0m
      [31m✗ Missing goal reactions.[0m
        [31m✗ Synthesis failed or timed out in 39.65s.[0m
      Evaluating reaction complex_437 (436/500)...
        [31m✗ Skipped reaction synthesis (missing molecule synthesis subproblem failed).[0m
      Evaluating reaction complex_438 (437/500)...
        [31m✗ Skipped reaction synthesis (missing molecule synthesis subproblem failed).[0m
      Evaluating reaction complex_439 (438/500)...
        [31m✗ Skipped reaction synthesis (missing molecule synthesis subproblem failed).[0m
      Evaluating reaction complex_440 (439/500)...
[Problem → Reactions] Found 30000 reactions, 250 molecules.
      [32m✓ All goal molecules found.[0m
      [31m✗ Missing goal reactions.[0m
        [31m✗ Synthesis failed or timed out in 77.26s.[0m
      Evaluating reaction complex_441 (440/500)...
        [31m✗ Skipped reaction synthesis (missing molecule synthesis subproblem failed).[0m
      Evaluating reaction complex_442 (441/500)...
[Problem → Reactions] Found 30000 reactions, 250 molecules.
      [32m✓ All goal molecules found.[0m
      [31m✗ Missing goal reactions.[0m
        [31m✗ Synthesis failed or timed out in 63.4s.[0m
      Evaluating reaction complex_443 (442/500)...
[Problem → Reactions] Found 30000 reactions, 250 molecules.
      [32m✓ All goal molecules found.[0m
      [31m✗ Missing goal reactions.[0m
        [31m✗ Synthesis failed or timed out in 96.31s.[0m
      Evaluating reaction complex_444 (443/500)...
[Problem → Reactions] Found 30000 reactions, 250 molecules.
      [32m✓ All goal molecules found.[0m
      [31m✗ Missing goal reactions.[0m
        [31m✗ Synthesis failed or timed out in 58.31s.[0m
      Evaluating reaction complex_445 (444/500)...
[Problem → Reactions] Found 30000 reactions, 250 molecules.
      [32m✓ All goal molecules found.[0m
      [31m✗ Missing goal reactions.[0m
        [31m✗ Synthesis failed or timed out in 97.17s.[0m
      Evaluating reaction complex_446 (445/500)...
        [31m✗ Skipped reaction synthesis (missing molecule synthesis subproblem failed).[0m
      Evaluating reaction complex_447 (446/500)...
        [31m✗ Skipped reaction synthesis (missing molecule synthesis subproblem failed).[0m
      Evaluating reaction complex_448 (447/500)...
[Problem → Reactions] Found 30000 reactions, 250 molecules.
      [32m✓ All goal molecules found.[0m
      [31m✗ Missing goal reactions.[0m
        [31m✗ Synthesis failed or timed out in 96.42s.[0m
      Evaluating reaction complex_449 (448/500)...
        [31m✗ Skipped reaction synthesis (missing molecule synthesis subproblem failed).[0m
      Evaluating reaction complex_450 (449/500)...
[Problem → Reactions] Found 30000 reactions, 250 molecules.
      [32m✓ All goal molecules found.[0m
      [31m✗ Missing goal reactions.[0m
        [31m✗ Synthesis failed or timed out in 65.22s.[0m
      Evaluating reaction complex_451 (450/500)...
        [31m✗ Skipped reaction synthesis (missing molecule synthesis subproblem failed).[0m
      Evaluating reaction complex_452 (451/500)...
[Problem → Reactions] Found 30000 reactions, 250 molecules.
      [32m✓ All goal molecules found.[0m
      [31m✗ Missing goal reactions.[0m
        [31m✗ Synthesis failed or timed out in 79.89s.[0m
      Evaluating reaction complex_453 (452/500)...
        [31m✗ Skipped reaction synthesis (missing molecule synthesis subproblem failed).[0m
      Evaluating reaction complex_454 (453/500)...
        [31m✗ Skipped reaction synthesis (missing molecule synthesis subproblem failed).[0m
      Evaluating reaction complex_455 (454/500)...
        [31m✗ Skipped reaction synthesis (missing molecule synthesis subproblem failed).[0m
      Evaluating reaction complex_456 (455/500)...
[Problem → Reactions] Found 30000 reactions, 250 molecules.
      [32m✓ All goal molecules found.[0m
      [31m✗ Missing goal reactions.[0m
        [31m✗ Synthesis failed or timed out in 64.07s.[0m
      Evaluating reaction complex_457 (456/500)...
[23:52:20] WARNING: not removing hydrogen atom without neighbors
[Problem → Reactions] Found 30000 reactions, 250 molecules.
      [32m✓ All goal molecules found.[0m
      [31m✗ Missing goal reactions.[0m
        [31m✗ Synthesis failed or timed out in 59.48s.[0m
      Evaluating reaction complex_458 (457/500)...
[Problem → Reactions] Found 30000 reactions, 250 molecules.
      [32m✓ All goal molecules found.[0m
      [31m✗ Missing goal reactions.[0m
        [31m✗ Synthesis failed or timed out in 64.02s.[0m
      Evaluating reaction complex_459 (458/500)...
        [31m✗ Skipped reaction synthesis (missing molecule synthesis subproblem failed).[0m
      Evaluating reaction complex_460 (459/500)...
        [31m✗ Skipped reaction synthesis (missing molecule synthesis subproblem failed).[0m
      Evaluating reaction complex_461 (460/500)...
        [31m✗ Skipped reaction synthesis (missing molecule synthesis subproblem failed).[0m
      Evaluating reaction complex_462 (461/500)...
        [31m✗ Skipped reaction synthesis (missing molecule synthesis subproblem failed).[0m
      Evaluating reaction complex_463 (462/500)...
[Problem → Reactions] Found 30000 reactions, 250 molecules.
      [32m✓ All goal molecules found.[0m
      [31m✗ Missing goal reactions.[0m
        [31m✗ Synthesis failed or timed out in 77.8s.[0m
      Evaluating reaction complex_464 (463/500)...
        [31m✗ Skipped reaction synthesis (missing molecule synthesis subproblem failed).[0m
      Evaluating reaction complex_465 (464/500)...
[Problem → Reactions] Found 30000 reactions, 250 molecules.
      [32m✓ All goal molecules found.[0m
      [31m✗ Missing goal reactions.[0m
        [31m✗ Synthesis failed or timed out in 62.27s.[0m
      Evaluating reaction complex_466 (465/500)...
        [31m✗ Skipped reaction synthesis (missing molecule synthesis subproblem failed).[0m
      Evaluating reaction complex_467 (466/500)...
[Problem → Reactions] Found 30000 reactions, 250 molecules.
      [32m✓ All goal molecules found.[0m
      [31m✗ Missing goal reactions.[0m
        [31m✗ Synthesis failed or timed out in 81.68s.[0m
      Evaluating reaction complex_468 (467/500)...
        [31m✗ Skipped reaction synthesis (missing molecule synthesis subproblem failed).[0m
      Evaluating reaction complex_469 (468/500)...
[Problem → Reactions] Found 30000 reactions, 250 molecules.
      [32m✓ All goal molecules found.[0m
      [31m✗ Missing goal reactions.[0m
        [31m✗ Synthesis failed or timed out in 78.66s.[0m
      Evaluating reaction complex_470 (469/500)...
[Problem → Reactions] Found 30000 reactions, 250 molecules.
      [32m✓ All goal molecules found.[0m
      [31m✗ Missing goal reactions.[0m
        [31m✗ Synthesis failed or timed out in 91.81s.[0m
      Evaluating reaction complex_471 (470/500)...
        [31m✗ Skipped reaction synthesis (missing molecule synthesis subproblem failed).[0m
      Evaluating reaction complex_472 (471/500)...
        [31m✗ Skipped reaction synthesis (missing molecule synthesis subproblem failed).[0m
      Evaluating reaction complex_473 (472/500)...
        [31m✗ Skipped reaction synthesis (missing molecule synthesis subproblem failed).[0m
      Evaluating reaction complex_474 (473/500)...
[Problem → Reactions] Found 30000 reactions, 250 molecules.
      [32m✓ All goal molecules found.[0m
      [31m✗ Missing goal reactions.[0m
        [31m✗ Synthesis failed or timed out in 53.31s.[0m
      Evaluating reaction complex_475 (474/500)...
[Problem → Reactions] Found 30000 reactions, 250 molecules.
      [32m✓ All goal molecules found.[0m
      [31m✗ Missing goal reactions.[0m
        [31m✗ Synthesis failed or timed out in 67.01s.[0m
      Evaluating reaction complex_476 (475/500)...
[Problem → Reactions] Found 30000 reactions, 250 molecules.
      [32m✓ All goal molecules found.[0m
      [31m✗ Missing goal reactions.[0m
        [31m✗ Synthesis failed or timed out in 51.16s.[0m
      Evaluating reaction complex_477 (476/500)...
[Problem → Reactions] Found 30000 reactions, 250 molecules.
      [32m✓ All goal molecules found.[0m
      [31m✗ Missing goal reactions.[0m
        [31m✗ Synthesis failed or timed out in 64.92s.[0m
      Evaluating reaction complex_478 (477/500)...
[Problem → Reactions] Found 30000 reactions, 250 molecules.
      [32m✓ All goal molecules found.[0m
      [31m✗ Missing goal reactions.[0m
        [31m✗ Synthesis failed or timed out in 58.28s.[0m
      Evaluating reaction complex_479 (478/500)...
[Problem → Reactions] Found 30000 reactions, 250 molecules.
      [32m✓ All goal molecules found.[0m
      [31m✗ Missing goal reactions.[0m
        [31m✗ Synthesis failed or timed out in 66.39s.[0m
      Evaluating reaction complex_480 (479/500)...
[Problem → Reactions] Found 30000 reactions, 250 molecules.
      [32m✓ All goal molecules found.[0m
      [31m✗ Missing goal reactions.[0m
        [31m✗ Synthesis failed or timed out in 89.2s.[0m
      Evaluating reaction complex_481 (480/500)...
[Problem → Reactions] Found 30000 reactions, 250 molecules.
      [32m✓ All goal molecules found.[0m
      [31m✗ Missing goal reactions.[0m
        [31m✗ Synthesis failed or timed out in 86.15s.[0m
      Evaluating reaction complex_482 (481/500)...
        [31m✗ Skipped reaction synthesis (missing molecule synthesis subproblem failed).[0m
      Evaluating reaction complex_483 (482/500)...
[Problem → Reactions] Found 446 reactions, 250 molecules.
      [32m✓ All goal molecules found.[0m
      [32m✓ All goal reactions found.[0m
        [32m✓ Target reaction successfully synthesized in 1.52s![0m
      Evaluating reaction complex_484 (483/500)...
[Problem → Reactions] Found 407 reactions, 250 molecules.
      [32m✓ All goal molecules found.[0m
      [32m✓ All goal reactions found.[0m
        [32m✓ Target reaction successfully synthesized in 1.35s![0m
      Evaluating reaction complex_485 (484/500)...
        [31m✗ Skipped reaction synthesis (missing molecule synthesis subproblem failed).[0m
      Evaluating reaction complex_486 (485/500)...
[Problem → Reactions] Found 30000 reactions, 250 molecules.
      [32m✓ All goal molecules found.[0m
      [31m✗ Missing goal reactions.[0m
        [31m✗ Synthesis failed or timed out in 65.41s.[0m
      Evaluating reaction complex_487 (486/500)...
        [31m✗ Skipped reaction synthesis (missing molecule synthesis subproblem failed).[0m
      Evaluating reaction complex_488 (487/500)...
[Problem → Reactions] Found 185 reactions, 250 molecules.
      [32m✓ All goal molecules found.[0m
      [32m✓ All goal reactions found.[0m
        [32m✓ Target reaction successfully synthesized in 1.16s![0m
      Evaluating reaction complex_489 (488/500)...
        [31m✗ Skipped reaction synthesis (missing molecule synthesis subproblem failed).[0m
      Evaluating reaction complex_490 (489/500)...
[Problem → Reactions] Found 30000 reactions, 250 molecules.
      [32m✓ All goal molecules found.[0m
      [31m✗ Missing goal reactions.[0m
        [31m✗ Synthesis failed or timed out in 74.13s.[0m
      Evaluating reaction complex_491 (490/500)...
[Problem → Reactions] Found 30000 reactions, 250 molecules.
      [32m✓ All goal molecules found.[0m
      [31m✗ Missing goal reactions.[0m
        [31m✗ Synthesis failed or timed out in 57.74s.[0m
      Evaluating reaction complex_492 (491/500)...
[Problem → Reactions] Found 152 reactions, 250 molecules.
      [32m✓ All goal molecules found.[0m
      [32m✓ All goal reactions found.[0m
        [32m✓ Target reaction successfully synthesized in 1.34s![0m
      Evaluating reaction complex_493 (492/500)...
        [31m✗ Skipped reaction synthesis (missing molecule synthesis subproblem failed).[0m
      Evaluating reaction complex_494 (493/500)...
        [31m✗ Skipped reaction synthesis (missing molecule synthesis subproblem failed).[0m
      Evaluating reaction complex_495 (494/500)...
        [31m✗ Skipped reaction synthesis (missing molecule synthesis subproblem failed).[0m
      Evaluating reaction complex_496 (495/500)...
[Problem → Reactions] Found 30000 reactions, 250 molecules.
      [32m✓ All goal molecules found.[0m
      [31m✗ Missing goal reactions.[0m
        [31m✗ Synthesis failed or timed out in 70.01s.[0m
      Evaluating reaction complex_497 (496/500)...
        [31m✗ Skipped reaction synthesis (missing molecule synthesis subproblem failed).[0m
      Evaluating reaction complex_498 (497/500)...
[Problem → Reactions] Found 2137 reactions, 250 molecules.
      [32m✓ All goal molecules found.[0m
      [32m✓ All goal reactions found.[0m
        [32m✓ Target reaction successfully synthesized in 3.03s![0m
      Evaluating reaction complex_499 (498/500)...
        [31m✗ Skipped reaction synthesis (missing molecule synthesis subproblem failed).[0m
      Evaluating reaction complex_500 (499/500)...
[Problem → Reactions] Found 30000 reactions, 250 molecules.
      [32m✓ All goal molecules found.[0m
      [31m✗ Missing goal reactions.[0m
        [31m✗ Synthesis failed or timed out in 96.98s.[0m
      Evaluating reaction complex_501 (500/500)...
[Problem → Reactions] Found 30000 reactions, 250 molecules.
      [32m✓ All goal molecules found.[0m
      [31m✗ Missing goal reactions.[0m
        [31m✗ Synthesis failed or timed out in 63.2s.[0m

      Synthesis Performance (Metric: tanimoto, With fragments) on Tractable Subspace:
        - Evaluated runs: 500
        - Success rate:   24.6%
        - Average time:   2.41s

    [1m[Without fragments][0m
    Running missing molecule synthesis subproblem (Atoms → Molecules)...
      Filtering reaction complex_1 (1/500)...
[Atoms → Molecules] Found 250 molecules.
      [31m✗ Missing goal molecules.[0m
        [31m✗ Missing molecule synthesis subproblem failed in 1.62s[0m
      Filtering reaction complex_2 (2/500)...
[Atoms → Molecules] Found 250 molecules.
      [31m✗ Missing goal molecules.[0m
        [31m✗ Missing molecule synthesis subproblem failed in 1.26s[0m
      Filtering reaction complex_3 (3/500)...
[Atoms → Molecules] Found 250 molecules.
      [31m✗ Missing goal molecules.[0m
        [31m✗ Missing molecule synthesis subproblem failed in 0.36s[0m
      Filtering reaction complex_4 (4/500)...
[Atoms → Molecules] Found 250 molecules.
      [31m✗ Missing goal molecules.[0m
        [31m✗ Missing molecule synthesis subproblem failed in 1.1s[0m
      Filtering reaction complex_5 (5/500)...
[Atoms → Molecules] Found 250 molecules.
      [31m✗ Missing goal molecules.[0m
        [31m✗ Missing molecule synthesis subproblem failed in 1.23s[0m
      Filtering reaction complex_6 (6/500)...
[Atoms → Molecules] Found 31 molecules.
      [32m✓ All goal molecules found.[0m
        [32m✓ Missing molecule synthesis subproblem passed in 0.42s[0m
      Filtering reaction complex_7 (7/500)...
[Atoms → Molecules] Found 250 molecules.
      [31m✗ Missing goal molecules.[0m
        [31m✗ Missing molecule synthesis subproblem failed in 1.46s[0m
      Filtering reaction complex_8 (8/500)...
[Atoms → Molecules] Found 250 molecules.
      [31m✗ Missing goal molecules.[0m
        [31m✗ Missing molecule synthesis subproblem failed in 1.49s[0m
      Filtering reaction complex_9 (9/500)...
[Atoms → Molecules] Found 250 molecules.
      [31m✗ Missing goal molecules.[0m
        [31m✗ Missing molecule synthesis subproblem failed in 0.37s[0m
      Filtering reaction complex_10 (10/500)...
[Atoms → Molecules] Found 131 molecules.
      [32m✓ All goal molecules found.[0m
        [32m✓ Missing molecule synthesis subproblem passed in 0.72s[0m
      Filtering reaction complex_11 (11/500)...
[Atoms → Molecules] Found 250 molecules.
      [31m✗ Missing goal molecules.[0m
        [31m✗ Missing molecule synthesis subproblem failed in 0.95s[0m
      Filtering reaction complex_12 (12/500)...
[Atoms → Molecules] Found 250 molecules.
      [31m✗ Missing goal molecules.[0m
        [31m✗ Missing molecule synthesis subproblem failed in 1.34s[0m
      Filtering reaction complex_13 (13/500)...
[Atoms → Molecules] Found 250 molecules.
      [31m✗ Missing goal molecules.[0m
        [31m✗ Missing molecule synthesis subproblem failed in 0.72s[0m
      Filtering reaction complex_14 (14/500)...
[Atoms → Molecules] Found 131 molecules.
      [32m✓ All goal molecules found.[0m
        [32m✓ Missing molecule synthesis subproblem passed in 0.68s[0m
      Filtering reaction complex_15 (15/500)...
[Atoms → Molecules] Found 250 molecules.
      [31m✗ Missing goal molecules.[0m
        [31m✗ Missing molecule synthesis subproblem failed in 0.62s[0m
      Filtering reaction complex_16 (16/500)...
[Atoms → Molecules] Found 250 molecules.
      [31m✗ Missing goal molecules.[0m
        [31m✗ Missing molecule synthesis subproblem failed in 0.72s[0m
      Filtering reaction complex_17 (17/500)...
[Atoms → Molecules] Found 250 molecules.
      [31m✗ Missing goal molecules.[0m
        [31m✗ Missing molecule synthesis subproblem failed in 1.51s[0m
      Filtering reaction complex_18 (18/500)...
[Atoms → Molecules] Found 87 molecules.
      [32m✓ All goal molecules found.[0m
        [32m✓ Missing molecule synthesis subproblem passed in 0.17s[0m
      Filtering reaction complex_19 (19/500)...
[Atoms → Molecules] Found 250 molecules.
      [31m✗ Missing goal molecules.[0m
        [31m✗ Missing molecule synthesis subproblem failed in 1.7s[0m
      Filtering reaction complex_20 (20/500)...
[Atoms → Molecules] Found 250 molecules.
      [31m✗ Missing goal molecules.[0m
        [31m✗ Missing molecule synthesis subproblem failed in 0.43s[0m
      Filtering reaction complex_21 (21/500)...
[Atoms → Molecules] Found 250 molecules.
      [31m✗ Missing goal molecules.[0m
        [31m✗ Missing molecule synthesis subproblem failed in 0.79s[0m
      Filtering reaction complex_22 (22/500)...
[Atoms → Molecules] Found 250 molecules.
      [31m✗ Missing goal molecules.[0m
        [31m✗ Missing molecule synthesis subproblem failed in 0.77s[0m
      Filtering reaction complex_23 (23/500)...
[Atoms → Molecules] Found 250 molecules.
      [31m✗ Missing goal molecules.[0m
        [31m✗ Missing molecule synthesis subproblem failed in 0.4s[0m
      Filtering reaction complex_24 (24/500)...
[Atoms → Molecules] Found 132 molecules.
      [32m✓ All goal molecules found.[0m
        [32m✓ Missing molecule synthesis subproblem passed in 0.85s[0m
      Filtering reaction complex_25 (25/500)...
[Atoms → Molecules] Found 51 molecules.
      [32m✓ All goal molecules found.[0m
        [32m✓ Missing molecule synthesis subproblem passed in 0.45s[0m
      Filtering reaction complex_26 (26/500)...
[Atoms → Molecules] Found 250 molecules.
      [31m✗ Missing goal molecules.[0m
        [31m✗ Missing molecule synthesis subproblem failed in 3.42s[0m
      Filtering reaction complex_27 (27/500)...
[Atoms → Molecules] Found 51 molecules.
      [32m✓ All goal molecules found.[0m
        [32m✓ Missing molecule synthesis subproblem passed in 0.21s[0m
      Filtering reaction complex_28 (28/500)...
[Atoms → Molecules] Found 52 molecules.
      [32m✓ All goal molecules found.[0m
        [32m✓ Missing molecule synthesis subproblem passed in 0.34s[0m
      Filtering reaction complex_29 (29/500)...
[Atoms → Molecules] Found 51 molecules.
      [32m✓ All goal molecules found.[0m
        [32m✓ Missing molecule synthesis subproblem passed in 0.17s[0m
      Filtering reaction complex_30 (30/500)...
[Atoms → Molecules] Found 31 molecules.
      [32m✓ All goal molecules found.[0m
        [32m✓ Missing molecule synthesis subproblem passed in 0.73s[0m
      Filtering reaction complex_31 (31/500)...
[Atoms → Molecules] Found 250 molecules.
      [31m✗ Missing goal molecules.[0m
        [31m✗ Missing molecule synthesis subproblem failed in 2.59s[0m
      Filtering reaction complex_32 (32/500)...
[Atoms → Molecules] Found 134 molecules.
      [32m✓ All goal molecules found.[0m
        [32m✓ Missing molecule synthesis subproblem passed in 0.21s[0m
      Filtering reaction complex_33 (33/500)...
[Atoms → Molecules] Found 72 molecules.
      [32m✓ All goal molecules found.[0m
        [32m✓ Missing molecule synthesis subproblem passed in 0.74s[0m
      Filtering reaction complex_34 (34/500)...
[Atoms → Molecules] Found 25 molecules.
      [32m✓ All goal molecules found.[0m
        [32m✓ Missing molecule synthesis subproblem passed in 0.25s[0m
      Filtering reaction complex_35 (35/500)...
[Atoms → Molecules] Found 31 molecules.
      [32m✓ All goal molecules found.[0m
        [32m✓ Missing molecule synthesis subproblem passed in 0.42s[0m
      Filtering reaction complex_36 (36/500)...
[Atoms → Molecules] Found 232 molecules.
      [32m✓ All goal molecules found.[0m
        [32m✓ Missing molecule synthesis subproblem passed in 0.9s[0m
      Filtering reaction complex_37 (37/500)...
[Atoms → Molecules] Found 250 molecules.
      [31m✗ Missing goal molecules.[0m
        [31m✗ Missing molecule synthesis subproblem failed in 1.28s[0m
      Filtering reaction complex_38 (38/500)...
[Atoms → Molecules] Found 31 molecules.
      [32m✓ All goal molecules found.[0m
        [32m✓ Missing molecule synthesis subproblem passed in 0.51s[0m
      Filtering reaction complex_39 (39/500)...
[Atoms → Molecules] Found 250 molecules.
      [31m✗ Missing goal molecules.[0m
        [31m✗ Missing molecule synthesis subproblem failed in 0.49s[0m
      Filtering reaction complex_40 (40/500)...
[Atoms → Molecules] Found 179 molecules.
      [32m✓ All goal molecules found.[0m
        [32m✓ Missing molecule synthesis subproblem passed in 0.68s[0m
      Filtering reaction complex_41 (41/500)...
[Atoms → Molecules] Found 250 molecules.
      [31m✗ Missing goal molecules.[0m
        [31m✗ Missing molecule synthesis subproblem failed in 0.93s[0m
      Filtering reaction complex_42 (42/500)...
[Atoms → Molecules] Found 250 molecules.
      [31m✗ Missing goal molecules.[0m
        [31m✗ Missing molecule synthesis subproblem failed in 0.46s[0m
      Filtering reaction complex_43 (43/500)...
[Atoms → Molecules] Found 131 molecules.
      [32m✓ All goal molecules found.[0m
        [32m✓ Missing molecule synthesis subproblem passed in 0.67s[0m
      Filtering reaction complex_44 (44/500)...
[Atoms → Molecules] Found 131 molecules.
      [32m✓ All goal molecules found.[0m
        [32m✓ Missing molecule synthesis subproblem passed in 0.66s[0m
      Filtering reaction complex_45 (45/500)...
[Atoms → Molecules] Found 250 molecules.
      [31m✗ Missing goal molecules.[0m
        [31m✗ Missing molecule synthesis subproblem failed in 0.38s[0m
      Filtering reaction complex_46 (46/500)...
[Atoms → Molecules] Found 250 molecules.
      [31m✗ Missing goal molecules.[0m
        [31m✗ Missing molecule synthesis subproblem failed in 0.89s[0m
      Filtering reaction complex_47 (47/500)...
[Atoms → Molecules] Found 250 molecules.
      [31m✗ Missing goal molecules.[0m
        [31m✗ Missing molecule synthesis subproblem failed in 1.31s[0m
      Filtering reaction complex_48 (48/500)...
[Atoms → Molecules] Found 250 molecules.
      [31m✗ Missing goal molecules.[0m
        [31m✗ Missing molecule synthesis subproblem failed in 1.41s[0m
      Filtering reaction complex_49 (49/500)...
[Atoms → Molecules] Found 132 molecules.
      [32m✓ All goal molecules found.[0m
        [32m✓ Missing molecule synthesis subproblem passed in 0.6s[0m
      Filtering reaction complex_50 (50/500)...
[Atoms → Molecules] Found 31 molecules.
      [32m✓ All goal molecules found.[0m
        [32m✓ Missing molecule synthesis subproblem passed in 0.52s[0m
      Filtering reaction complex_51 (51/500)...
[Atoms → Molecules] Found 250 molecules.
      [31m✗ Missing goal molecules.[0m
        [31m✗ Missing molecule synthesis subproblem failed in 1.31s[0m
      Filtering reaction complex_52 (52/500)...
[Atoms → Molecules] Found 250 molecules.
      [31m✗ Missing goal molecules.[0m
        [31m✗ Missing molecule synthesis subproblem failed in 0.46s[0m
      Filtering reaction complex_53 (53/500)...
[Atoms → Molecules] Found 250 molecules.
      [31m✗ Missing goal molecules.[0m
        [31m✗ Missing molecule synthesis subproblem failed in 0.91s[0m
      Filtering reaction complex_54 (54/500)...
[Atoms → Molecules] Found 250 molecules.
      [31m✗ Missing goal molecules.[0m
        [31m✗ Missing molecule synthesis subproblem failed in 1.48s[0m
      Filtering reaction complex_55 (55/500)...
[Atoms → Molecules] Found 250 molecules.
      [31m✗ Missing goal molecules.[0m
        [31m✗ Missing molecule synthesis subproblem failed in 1.33s[0m
      Filtering reaction complex_56 (56/500)...
[Atoms → Molecules] Found 250 molecules.
      [31m✗ Missing goal molecules.[0m
        [31m✗ Missing molecule synthesis subproblem failed in 0.48s[0m
      Filtering reaction complex_57 (57/500)...
[Atoms → Molecules] Found 250 molecules.
      [31m✗ Missing goal molecules.[0m
        [31m✗ Missing molecule synthesis subproblem failed in 0.47s[0m
      Filtering reaction complex_58 (58/500)...
[Atoms → Molecules] Found 250 molecules.
      [31m✗ Missing goal molecules.[0m
        [31m✗ Missing molecule synthesis subproblem failed in 0.92s[0m
      Filtering reaction complex_59 (59/500)...
[Atoms → Molecules] Found 250 molecules.
      [31m✗ Missing goal molecules.[0m
        [31m✗ Missing molecule synthesis subproblem failed in 0.97s[0m
      Filtering reaction complex_60 (60/500)...
[Atoms → Molecules] Found 190 molecules.
      [32m✓ All goal molecules found.[0m
        [32m✓ Missing molecule synthesis subproblem passed in 4.18s[0m
      Filtering reaction complex_61 (61/500)...
[Atoms → Molecules] Found 190 molecules.
      [32m✓ All goal molecules found.[0m
        [32m✓ Missing molecule synthesis subproblem passed in 3.4s[0m
      Filtering reaction complex_62 (62/500)...
[Atoms → Molecules] Found 3 molecules.
      [32m✓ All goal molecules found.[0m
        [32m✓ Missing molecule synthesis subproblem passed in 0.01s[0m
      Filtering reaction complex_63 (63/500)...
[Atoms → Molecules] Found 2 molecules.
      [32m✓ All goal molecules found.[0m
        [32m✓ Missing molecule synthesis subproblem passed in 0.0s[0m
      Filtering reaction complex_64 (64/500)...
[Atoms → Molecules] Found 3 molecules.
      [32m✓ All goal molecules found.[0m
        [32m✓ Missing molecule synthesis subproblem passed in 0.0s[0m
      Filtering reaction complex_65 (65/500)...
[Atoms → Molecules] Found 2 molecules.
      [32m✓ All goal molecules found.[0m
        [32m✓ Missing molecule synthesis subproblem passed in 0.0s[0m
      Filtering reaction complex_66 (66/500)...
[Atoms → Molecules] Found 3 molecules.
      [32m✓ All goal molecules found.[0m
        [32m✓ Missing molecule synthesis subproblem passed in 0.0s[0m
      Filtering reaction complex_67 (67/500)...
[Atoms → Molecules] Found 3 molecules.
      [32m✓ All goal molecules found.[0m
        [32m✓ Missing molecule synthesis subproblem passed in 0.0s[0m
      Filtering reaction complex_68 (68/500)...
[Atoms → Molecules] Found 2 molecules.
      [32m✓ All goal molecules found.[0m
        [32m✓ Missing molecule synthesis subproblem passed in 0.0s[0m
      Filtering reaction complex_69 (69/500)...
[Atoms → Molecules] Found 250 molecules.
      [31m✗ Missing goal molecules.[0m
        [31m✗ Missing molecule synthesis subproblem failed in 3.63s[0m
      Filtering reaction complex_70 (70/500)...
[Atoms → Molecules] Found 2 molecules.
      [32m✓ All goal molecules found.[0m
        [32m✓ Missing molecule synthesis subproblem passed in 0.0s[0m
      Filtering reaction complex_71 (71/500)...
[Atoms → Molecules] Found 15 molecules.
      [32m✓ All goal molecules found.[0m
        [32m✓ Missing molecule synthesis subproblem passed in 0.01s[0m
      Filtering reaction complex_72 (72/500)...
[Atoms → Molecules] Found 2 molecules.
      [32m✓ All goal molecules found.[0m
        [32m✓ Missing molecule synthesis subproblem passed in 0.0s[0m
      Filtering reaction complex_73 (73/500)...
[Atoms → Molecules] Found 2 molecules.
      [32m✓ All goal molecules found.[0m
        [32m✓ Missing molecule synthesis subproblem passed in 0.0s[0m
      Filtering reaction complex_74 (74/500)...
[Atoms → Molecules] Found 15 molecules.
      [32m✓ All goal molecules found.[0m
        [32m✓ Missing molecule synthesis subproblem passed in 0.01s[0m
      Filtering reaction complex_75 (75/500)...
[Atoms → Molecules] Found 3 molecules.
      [32m✓ All goal molecules found.[0m
        [32m✓ Missing molecule synthesis subproblem passed in 0.0s[0m
      Filtering reaction complex_76 (76/500)...
[Atoms → Molecules] Found 250 molecules.
      [31m✗ Missing goal molecules.[0m
        [31m✗ Missing molecule synthesis subproblem failed in 1.39s[0m
      Filtering reaction complex_77 (77/500)...
[Atoms → Molecules] Found 2 molecules.
      [32m✓ All goal molecules found.[0m
        [32m✓ Missing molecule synthesis subproblem passed in 0.0s[0m
      Filtering reaction complex_78 (78/500)...
[Atoms → Molecules] Found 5 molecules.
      [32m✓ All goal molecules found.[0m
        [32m✓ Missing molecule synthesis subproblem passed in 0.0s[0m
      Filtering reaction complex_79 (79/500)...
[Atoms → Molecules] Found 2 molecules.
      [32m✓ All goal molecules found.[0m
        [32m✓ Missing molecule synthesis subproblem passed in 0.0s[0m
      Filtering reaction complex_80 (80/500)...
[Atoms → Molecules] Found 250 molecules.
      [31m✗ Missing goal molecules.[0m
        [31m✗ Missing molecule synthesis subproblem failed in 1.34s[0m
      Filtering reaction complex_81 (81/500)...
[Atoms → Molecules] Found 10 molecules.
      [32m✓ All goal molecules found.[0m
        [32m✓ Missing molecule synthesis subproblem passed in 0.01s[0m
      Filtering reaction complex_82 (82/500)...
[Atoms → Molecules] Found 2 molecules.
      [32m✓ All goal molecules found.[0m
        [32m✓ Missing molecule synthesis subproblem passed in 0.0s[0m
      Filtering reaction complex_83 (83/500)...
[Atoms → Molecules] Found 2 molecules.
      [32m✓ All goal molecules found.[0m
        [32m✓ Missing molecule synthesis subproblem passed in 0.0s[0m
      Filtering reaction complex_84 (84/500)...
[Atoms → Molecules] Found 250 molecules.
      [31m✗ Missing goal molecules.[0m
        [31m✗ Missing molecule synthesis subproblem failed in 1.36s[0m
      Filtering reaction complex_85 (85/500)...
[Atoms → Molecules] Found 29 molecules.
      [32m✓ All goal molecules found.[0m
        [32m✓ Missing molecule synthesis subproblem passed in 0.17s[0m
      Filtering reaction complex_86 (86/500)...
[Atoms → Molecules] Found 250 molecules.
      [31m✗ Missing goal molecules.[0m
        [31m✗ Missing molecule synthesis subproblem failed in 1.31s[0m
      Filtering reaction complex_87 (87/500)...
[Atoms → Molecules] Found 7 molecules.
      [32m✓ All goal molecules found.[0m
        [32m✓ Missing molecule synthesis subproblem passed in 0.01s[0m
      Filtering reaction complex_88 (88/500)...
[Atoms → Molecules] Found 10 molecules.
      [32m✓ All goal molecules found.[0m
        [32m✓ Missing molecule synthesis subproblem passed in 0.01s[0m
      Filtering reaction complex_89 (89/500)...
[Atoms → Molecules] Found 250 molecules.
      [31m✗ Missing goal molecules.[0m
        [31m✗ Missing molecule synthesis subproblem failed in 0.63s[0m
      Filtering reaction complex_90 (90/500)...
[Atoms → Molecules] Found 250 molecules.
      [31m✗ Missing goal molecules.[0m
        [31m✗ Missing molecule synthesis subproblem failed in 1.39s[0m
      Filtering reaction complex_91 (91/500)...
[Atoms → Molecules] Found 250 molecules.
      [31m✗ Missing goal molecules.[0m
        [31m✗ Missing molecule synthesis subproblem failed in 2.21s[0m
      Filtering reaction complex_92 (92/500)...
[Atoms → Molecules] Found 2 molecules.
      [32m✓ All goal molecules found.[0m
        [32m✓ Missing molecule synthesis subproblem passed in 0.0s[0m
      Filtering reaction complex_93 (93/500)...
[Atoms → Molecules] Found 5 molecules.
      [32m✓ All goal molecules found.[0m
        [32m✓ Missing molecule synthesis subproblem passed in 0.01s[0m
      Filtering reaction complex_94 (94/500)...
[Atoms → Molecules] Found 5 molecules.
      [32m✓ All goal molecules found.[0m
        [32m✓ Missing molecule synthesis subproblem passed in 0.0s[0m
      Filtering reaction complex_95 (95/500)...
[Atoms → Molecules] Found 132 molecules.
      [32m✓ All goal molecules found.[0m
        [32m✓ Missing molecule synthesis subproblem passed in 0.64s[0m
      Filtering reaction complex_96 (96/500)...
[Atoms → Molecules] Found 2 molecules.
      [32m✓ All goal molecules found.[0m
        [32m✓ Missing molecule synthesis subproblem passed in 0.01s[0m
      Filtering reaction complex_97 (97/500)...
[Atoms → Molecules] Found 226 molecules.
      [32m✓ All goal molecules found.[0m
        [32m✓ Missing molecule synthesis subproblem passed in 0.83s[0m
      Filtering reaction complex_98 (98/500)...
[Atoms → Molecules] Found 132 molecules.
      [32m✓ All goal molecules found.[0m
        [32m✓ Missing molecule synthesis subproblem passed in 0.71s[0m
      Filtering reaction complex_99 (99/500)...
[Atoms → Molecules] Found 131 molecules.
      [32m✓ All goal molecules found.[0m
        [32m✓ Missing molecule synthesis subproblem passed in 0.6s[0m
      Filtering reaction complex_100 (100/500)...
[Atoms → Molecules] Found 131 molecules.
      [32m✓ All goal molecules found.[0m
        [32m✓ Missing molecule synthesis subproblem passed in 0.86s[0m
      Filtering reaction complex_101 (101/500)...
[Atoms → Molecules] Found 250 molecules.
      [31m✗ Missing goal molecules.[0m
        [31m✗ Missing molecule synthesis subproblem failed in 1.8s[0m
      Filtering reaction complex_102 (102/500)...
[Atoms → Molecules] Found 250 molecules.
      [31m✗ Missing goal molecules.[0m
        [31m✗ Missing molecule synthesis subproblem failed in 3.41s[0m
      Filtering reaction complex_103 (103/500)...
[Atoms → Molecules] Found 190 molecules.
      [32m✓ All goal molecules found.[0m
        [32m✓ Missing molecule synthesis subproblem passed in 3.86s[0m
      Filtering reaction complex_104 (104/500)...
[Atoms → Molecules] Found 250 molecules.
      [31m✗ Missing goal molecules.[0m
        [31m✗ Missing molecule synthesis subproblem failed in 1.05s[0m
      Filtering reaction complex_105 (105/500)...
[Atoms → Molecules] Found 167 molecules.
      [32m✓ All goal molecules found.[0m
        [32m✓ Missing molecule synthesis subproblem passed in 1.15s[0m
      Filtering reaction complex_106 (106/500)...
[Atoms → Molecules] Found 250 molecules.
      [31m✗ Missing goal molecules.[0m
        [31m✗ Missing molecule synthesis subproblem failed in 1.02s[0m
      Filtering reaction complex_107 (107/500)...
[Atoms → Molecules] Found 5 molecules.
      [32m✓ All goal molecules found.[0m
        [32m✓ Missing molecule synthesis subproblem passed in 0.01s[0m
      Filtering reaction complex_108 (108/500)...
[Atoms → Molecules] Found 250 molecules.
      [31m✗ Missing goal molecules.[0m
        [31m✗ Missing molecule synthesis subproblem failed in 3.65s[0m
      Filtering reaction complex_109 (109/500)...
[Atoms → Molecules] Found 131 molecules.
      [32m✓ All goal molecules found.[0m
        [32m✓ Missing molecule synthesis subproblem passed in 0.87s[0m
      Filtering reaction complex_110 (110/500)...
[Atoms → Molecules] Found 250 molecules.
      [31m✗ Missing goal molecules.[0m
        [31m✗ Missing molecule synthesis subproblem failed in 2.35s[0m
      Filtering reaction complex_111 (111/500)...
[Atoms → Molecules] Found 250 molecules.
      [31m✗ Missing goal molecules.[0m
        [31m✗ Missing molecule synthesis subproblem failed in 1.64s[0m
      Filtering reaction complex_112 (112/500)...
[Atoms → Molecules] Found 250 molecules.
      [31m✗ Missing goal molecules.[0m
        [31m✗ Missing molecule synthesis subproblem failed in 1.41s[0m
      Filtering reaction complex_113 (113/500)...
[Atoms → Molecules] Found 250 molecules.
      [31m✗ Missing goal molecules.[0m
        [31m✗ Missing molecule synthesis subproblem failed in 1.64s[0m
      Filtering reaction complex_114 (114/500)...
[Atoms → Molecules] Found 250 molecules.
      [31m✗ Missing goal molecules.[0m
        [31m✗ Missing molecule synthesis subproblem failed in 1.39s[0m
      Filtering reaction complex_115 (115/500)...
[Atoms → Molecules] Found 250 molecules.
      [31m✗ Missing goal molecules.[0m
        [31m✗ Missing molecule synthesis subproblem failed in 1.48s[0m
      Filtering reaction complex_116 (116/500)...
[Atoms → Molecules] Found 243 molecules.
      [32m✓ All goal molecules found.[0m
        [32m✓ Missing molecule synthesis subproblem passed in 0.76s[0m
      Filtering reaction complex_117 (117/500)...
[Atoms → Molecules] Found 250 molecules.
      [31m✗ Missing goal molecules.[0m
        [31m✗ Missing molecule synthesis subproblem failed in 1.48s[0m
      Filtering reaction complex_118 (118/500)...
[Atoms → Molecules] Found 132 molecules.
      [32m✓ All goal molecules found.[0m
        [32m✓ Missing molecule synthesis subproblem passed in 0.61s[0m
      Filtering reaction complex_119 (119/500)...
[Atoms → Molecules] Found 250 molecules.
      [31m✗ Missing goal molecules.[0m
        [31m✗ Missing molecule synthesis subproblem failed in 1.52s[0m
      Filtering reaction complex_120 (120/500)...
[Atoms → Molecules] Found 250 molecules.
      [31m✗ Missing goal molecules.[0m
        [31m✗ Missing molecule synthesis subproblem failed in 1.41s[0m
      Filtering reaction complex_121 (121/500)...
[Atoms → Molecules] Found 51 molecules.
      [32m✓ All goal molecules found.[0m
        [32m✓ Missing molecule synthesis subproblem passed in 0.16s[0m
      Filtering reaction complex_122 (122/500)...
[Atoms → Molecules] Found 250 molecules.
      [31m✗ Missing goal molecules.[0m
        [31m✗ Missing molecule synthesis subproblem failed in 0.87s[0m
      Filtering reaction complex_123 (123/500)...
[Atoms → Molecules] Found 250 molecules.
      [31m✗ Missing goal molecules.[0m
        [31m✗ Missing molecule synthesis subproblem failed in 1.4s[0m
      Filtering reaction complex_124 (124/500)...
[Atoms → Molecules] Found 243 molecules.
      [32m✓ All goal molecules found.[0m
        [32m✓ Missing molecule synthesis subproblem passed in 0.86s[0m
      Filtering reaction complex_125 (125/500)...
[Atoms → Molecules] Found 250 molecules.
      [31m✗ Missing goal molecules.[0m
        [31m✗ Missing molecule synthesis subproblem failed in 0.55s[0m
      Filtering reaction complex_126 (126/500)...
[Atoms → Molecules] Found 250 molecules.
      [31m✗ Missing goal molecules.[0m
        [31m✗ Missing molecule synthesis subproblem failed in 0.55s[0m
      Filtering reaction complex_127 (127/500)...
[Atoms → Molecules] Found 250 molecules.
      [31m✗ Missing goal molecules.[0m
        [31m✗ Missing molecule synthesis subproblem failed in 1.19s[0m
      Filtering reaction complex_128 (128/500)...
[Atoms → Molecules] Found 25 molecules.
      [32m✓ All goal molecules found.[0m
        [32m✓ Missing molecule synthesis subproblem passed in 0.13s[0m
      Filtering reaction complex_129 (129/500)...
[Atoms → Molecules] Found 52 molecules.
      [32m✓ All goal molecules found.[0m
        [32m✓ Missing molecule synthesis subproblem passed in 0.16s[0m
      Filtering reaction complex_130 (130/500)...
[Atoms → Molecules] Found 52 molecules.
      [32m✓ All goal molecules found.[0m
        [32m✓ Missing molecule synthesis subproblem passed in 0.15s[0m
      Filtering reaction complex_131 (131/500)...
[Atoms → Molecules] Found 250 molecules.
      [31m✗ Missing goal molecules.[0m
        [31m✗ Missing molecule synthesis subproblem failed in 3.09s[0m
      Filtering reaction complex_132 (132/500)...
[Atoms → Molecules] Found 131 molecules.
      [32m✓ All goal molecules found.[0m
        [32m✓ Missing molecule synthesis subproblem passed in 1.64s[0m
      Filtering reaction complex_133 (133/500)...
[Atoms → Molecules] Found 250 molecules.
      [31m✗ Missing goal molecules.[0m
        [31m✗ Missing molecule synthesis subproblem failed in 0.73s[0m
      Filtering reaction complex_134 (134/500)...
[Atoms → Molecules] Found 250 molecules.
      [31m✗ Missing goal molecules.[0m
        [31m✗ Missing molecule synthesis subproblem failed in 1.35s[0m
      Filtering reaction complex_135 (135/500)...
[Atoms → Molecules] Found 250 molecules.
      [31m✗ Missing goal molecules.[0m
        [31m✗ Missing molecule synthesis subproblem failed in 1.53s[0m
      Filtering reaction complex_136 (136/500)...
[Atoms → Molecules] Found 250 molecules.
      [31m✗ Missing goal molecules.[0m
        [31m✗ Missing molecule synthesis subproblem failed in 3.13s[0m
      Filtering reaction complex_137 (137/500)...
[Atoms → Molecules] Found 250 molecules.
      [31m✗ Missing goal molecules.[0m
        [31m✗ Missing molecule synthesis subproblem failed in 3.71s[0m
      Filtering reaction complex_138 (138/500)...
[Atoms → Molecules] Found 250 molecules.
      [31m✗ Missing goal molecules.[0m
        [31m✗ Missing molecule synthesis subproblem failed in 1.84s[0m
      Filtering reaction complex_139 (139/500)...
[Atoms → Molecules] Found 31 molecules.
      [32m✓ All goal molecules found.[0m
        [32m✓ Missing molecule synthesis subproblem passed in 0.82s[0m
      Filtering reaction complex_140 (140/500)...
[Atoms → Molecules] Found 3 molecules.
      [32m✓ All goal molecules found.[0m
        [32m✓ Missing molecule synthesis subproblem passed in 0.02s[0m
      Filtering reaction complex_141 (141/500)...
[Atoms → Molecules] Found 250 molecules.
      [31m✗ Missing goal molecules.[0m
        [31m✗ Missing molecule synthesis subproblem failed in 1.57s[0m
      Filtering reaction complex_142 (142/500)...
[Atoms → Molecules] Found 250 molecules.
      [31m✗ Missing goal molecules.[0m
        [31m✗ Missing molecule synthesis subproblem failed in 0.4s[0m
      Filtering reaction complex_143 (143/500)...
[Atoms → Molecules] Found 250 molecules.
      [31m✗ Missing goal molecules.[0m
        [31m✗ Missing molecule synthesis subproblem failed in 1.6s[0m
      Filtering reaction complex_144 (144/500)...
[Atoms → Molecules] Found 250 molecules.
      [31m✗ Missing goal molecules.[0m
        [31m✗ Missing molecule synthesis subproblem failed in 1.61s[0m
      Filtering reaction complex_145 (145/500)...
[Atoms → Molecules] Found 250 molecules.
      [31m✗ Missing goal molecules.[0m
        [31m✗ Missing molecule synthesis subproblem failed in 1.41s[0m
      Filtering reaction complex_146 (146/500)...
[Atoms → Molecules] Found 250 molecules.
      [31m✗ Missing goal molecules.[0m
        [31m✗ Missing molecule synthesis subproblem failed in 1.47s[0m
      Filtering reaction complex_147 (147/500)...
[Atoms → Molecules] Found 124 molecules.
      [32m✓ All goal molecules found.[0m
        [32m✓ Missing molecule synthesis subproblem passed in 0.77s[0m
      Filtering reaction complex_148 (148/500)...
[Atoms → Molecules] Found 250 molecules.
      [31m✗ Missing goal molecules.[0m
        [31m✗ Missing molecule synthesis subproblem failed in 1.18s[0m
      Filtering reaction complex_149 (149/500)...
[Atoms → Molecules] Found 250 molecules.
      [31m✗ Missing goal molecules.[0m
        [31m✗ Missing molecule synthesis subproblem failed in 1.98s[0m
      Filtering reaction complex_150 (150/500)...
[Atoms → Molecules] Found 250 molecules.
      [31m✗ Missing goal molecules.[0m
        [31m✗ Missing molecule synthesis subproblem failed in 3.08s[0m
      Filtering reaction complex_151 (151/500)...
[Atoms → Molecules] Found 250 molecules.
      [31m✗ Missing goal molecules.[0m
        [31m✗ Missing molecule synthesis subproblem failed in 1.33s[0m
      Filtering reaction complex_152 (152/500)...
[Atoms → Molecules] Found 250 molecules.
      [31m✗ Missing goal molecules.[0m
        [31m✗ Missing molecule synthesis subproblem failed in 3.56s[0m
      Filtering reaction complex_153 (153/500)...
[Atoms → Molecules] Found 250 molecules.
      [31m✗ Missing goal molecules.[0m
        [31m✗ Missing molecule synthesis subproblem failed in 1.89s[0m
      Filtering reaction complex_154 (154/500)...
[Atoms → Molecules] Found 250 molecules.
      [31m✗ Missing goal molecules.[0m
        [31m✗ Missing molecule synthesis subproblem failed in 1.25s[0m
      Filtering reaction complex_155 (155/500)...
[Atoms → Molecules] Found 250 molecules.
      [31m✗ Missing goal molecules.[0m
        [31m✗ Missing molecule synthesis subproblem failed in 1.24s[0m
      Filtering reaction complex_156 (156/500)...
[Atoms → Molecules] Found 250 molecules.
      [31m✗ Missing goal molecules.[0m
        [31m✗ Missing molecule synthesis subproblem failed in 3.67s[0m
      Filtering reaction complex_157 (157/500)...
[Atoms → Molecules] Found 250 molecules.
      [31m✗ Missing goal molecules.[0m
        [31m✗ Missing molecule synthesis subproblem failed in 3.91s[0m
      Filtering reaction complex_158 (158/500)...
[Atoms → Molecules] Found 250 molecules.
      [31m✗ Missing goal molecules.[0m
        [31m✗ Missing molecule synthesis subproblem failed in 1.49s[0m
      Filtering reaction complex_159 (159/500)...
[Atoms → Molecules] Found 132 molecules.
      [32m✓ All goal molecules found.[0m
        [32m✓ Missing molecule synthesis subproblem passed in 0.6s[0m
      Filtering reaction complex_160 (160/500)...
[Atoms → Molecules] Found 250 molecules.
      [31m✗ Missing goal molecules.[0m
        [31m✗ Missing molecule synthesis subproblem failed in 3.57s[0m
      Filtering reaction complex_161 (161/500)...
[Atoms → Molecules] Found 2 molecules.
      [32m✓ All goal molecules found.[0m
        [32m✓ Missing molecule synthesis subproblem passed in 0.0s[0m
      Filtering reaction complex_162 (162/500)...
[Atoms → Molecules] Found 250 molecules.
      [31m✗ Missing goal molecules.[0m
        [31m✗ Missing molecule synthesis subproblem failed in 1.38s[0m
      Filtering reaction complex_164 (163/500)...
[Atoms → Molecules] Found 250 molecules.
      [31m✗ Missing goal molecules.[0m
        [31m✗ Missing molecule synthesis subproblem failed in 0.51s[0m
      Filtering reaction complex_165 (164/500)...
[Atoms → Molecules] Found 250 molecules.
      [31m✗ Missing goal molecules.[0m
        [31m✗ Missing molecule synthesis subproblem failed in 2.19s[0m
      Filtering reaction complex_166 (165/500)...
[Atoms → Molecules] Found 250 molecules.
      [31m✗ Missing goal molecules.[0m
        [31m✗ Missing molecule synthesis subproblem failed in 1.73s[0m
      Filtering reaction complex_167 (166/500)...
[Atoms → Molecules] Found 230 molecules.
      [32m✓ All goal molecules found.[0m
        [32m✓ Missing molecule synthesis subproblem passed in 1.0s[0m
      Filtering reaction complex_168 (167/500)...
[Atoms → Molecules] Found 250 molecules.
      [31m✗ Missing goal molecules.[0m
        [31m✗ Missing molecule synthesis subproblem failed in 1.82s[0m
      Filtering reaction complex_169 (168/500)...
[Atoms → Molecules] Found 250 molecules.
      [31m✗ Missing goal molecules.[0m
        [31m✗ Missing molecule synthesis subproblem failed in 5.58s[0m
      Filtering reaction complex_170 (169/500)...
[Atoms → Molecules] Found 250 molecules.
      [31m✗ Missing goal molecules.[0m
        [31m✗ Missing molecule synthesis subproblem failed in 2.12s[0m
      Filtering reaction complex_171 (170/500)...
[Atoms → Molecules] Found 250 molecules.
      [31m✗ Missing goal molecules.[0m
        [31m✗ Missing molecule synthesis subproblem failed in 4.82s[0m
      Filtering reaction complex_172 (171/500)...
[Atoms → Molecules] Found 250 molecules.
      [31m✗ Missing goal molecules.[0m
        [31m✗ Missing molecule synthesis subproblem failed in 1.3s[0m
      Filtering reaction complex_173 (172/500)...
[Atoms → Molecules] Found 250 molecules.
      [31m✗ Missing goal molecules.[0m
        [31m✗ Missing molecule synthesis subproblem failed in 0.46s[0m
      Filtering reaction complex_174 (173/500)...
[Atoms → Molecules] Found 250 molecules.
      [31m✗ Missing goal molecules.[0m
        [31m✗ Missing molecule synthesis subproblem failed in 2.24s[0m
      Filtering reaction complex_175 (174/500)...
[Atoms → Molecules] Found 250 molecules.
      [31m✗ Missing goal molecules.[0m
        [31m✗ Missing molecule synthesis subproblem failed in 1.13s[0m
      Filtering reaction complex_176 (175/500)...
[Atoms → Molecules] Found 250 molecules.
      [31m✗ Missing goal molecules.[0m
        [31m✗ Missing molecule synthesis subproblem failed in 0.75s[0m
      Filtering reaction complex_177 (176/500)...
[Atoms → Molecules] Found 250 molecules.
      [31m✗ Missing goal molecules.[0m
        [31m✗ Missing molecule synthesis subproblem failed in 0.59s[0m
      Filtering reaction complex_178 (177/500)...
[Atoms → Molecules] Found 250 molecules.
      [31m✗ Missing goal molecules.[0m
        [31m✗ Missing molecule synthesis subproblem failed in 0.5s[0m
      Filtering reaction complex_179 (178/500)...
[Atoms → Molecules] Found 250 molecules.
      [31m✗ Missing goal molecules.[0m
        [31m✗ Missing molecule synthesis subproblem failed in 1.05s[0m
      Filtering reaction complex_180 (179/500)...
[Atoms → Molecules] Found 97 molecules.
      [32m✓ All goal molecules found.[0m
        [32m✓ Missing molecule synthesis subproblem passed in 0.52s[0m
      Filtering reaction complex_181 (180/500)...
[Atoms → Molecules] Found 31 molecules.
      [32m✓ All goal molecules found.[0m
        [32m✓ Missing molecule synthesis subproblem passed in 0.54s[0m
      Filtering reaction complex_182 (181/500)...
[Atoms → Molecules] Found 250 molecules.
      [31m✗ Missing goal molecules.[0m
        [31m✗ Missing molecule synthesis subproblem failed in 1.41s[0m
      Filtering reaction complex_183 (182/500)...
[Atoms → Molecules] Found 48 molecules.
      [32m✓ All goal molecules found.[0m
        [32m✓ Missing molecule synthesis subproblem passed in 0.15s[0m
      Filtering reaction complex_184 (183/500)...
[Atoms → Molecules] Found 250 molecules.
      [31m✗ Missing goal molecules.[0m
        [31m✗ Missing molecule synthesis subproblem failed in 1.0s[0m
      Filtering reaction complex_185 (184/500)...
[Atoms → Molecules] Found 250 molecules.
      [31m✗ Missing goal molecules.[0m
        [31m✗ Missing molecule synthesis subproblem failed in 1.6s[0m
      Filtering reaction complex_186 (185/500)...
[Atoms → Molecules] Found 65 molecules.
      [32m✓ All goal molecules found.[0m
        [32m✓ Missing molecule synthesis subproblem passed in 0.49s[0m
      Filtering reaction complex_187 (186/500)...
[Atoms → Molecules] Found 250 molecules.
      [31m✗ Missing goal molecules.[0m
        [31m✗ Missing molecule synthesis subproblem failed in 1.21s[0m
      Filtering reaction complex_188 (187/500)...
[Atoms → Molecules] Found 250 molecules.
      [31m✗ Missing goal molecules.[0m
        [31m✗ Missing molecule synthesis subproblem failed in 0.99s[0m
      Filtering reaction complex_189 (188/500)...
[Atoms → Molecules] Found 250 molecules.
      [31m✗ Missing goal molecules.[0m
        [31m✗ Missing molecule synthesis subproblem failed in 1.35s[0m
      Filtering reaction complex_190 (189/500)...
[Atoms → Molecules] Found 250 molecules.
      [31m✗ Missing goal molecules.[0m
        [31m✗ Missing molecule synthesis subproblem failed in 3.85s[0m
      Filtering reaction complex_191 (190/500)...
[Atoms → Molecules] Found 250 molecules.
      [31m✗ Missing goal molecules.[0m
        [31m✗ Missing molecule synthesis subproblem failed in 2.36s[0m
      Filtering reaction complex_192 (191/500)...
[Atoms → Molecules] Found 250 molecules.
      [31m✗ Missing goal molecules.[0m
        [31m✗ Missing molecule synthesis subproblem failed in 1.91s[0m
      Filtering reaction complex_193 (192/500)...
[Atoms → Molecules] Found 250 molecules.
      [31m✗ Missing goal molecules.[0m
        [31m✗ Missing molecule synthesis subproblem failed in 3.91s[0m
      Filtering reaction complex_194 (193/500)...
[Atoms → Molecules] Found 31 molecules.
      [32m✓ All goal molecules found.[0m
        [32m✓ Missing molecule synthesis subproblem passed in 0.62s[0m
      Filtering reaction complex_195 (194/500)...
[Atoms → Molecules] Found 250 molecules.
      [31m✗ Missing goal molecules.[0m
        [31m✗ Missing molecule synthesis subproblem failed in 2.69s[0m
      Filtering reaction complex_196 (195/500)...
[Atoms → Molecules] Found 250 molecules.
      [31m✗ Missing goal molecules.[0m
        [31m✗ Missing molecule synthesis subproblem failed in 1.65s[0m
      Filtering reaction complex_197 (196/500)...
[Atoms → Molecules] Found 250 molecules.
      [31m✗ Missing goal molecules.[0m
        [31m✗ Missing molecule synthesis subproblem failed in 1.5s[0m
      Filtering reaction complex_198 (197/500)...
[Atoms → Molecules] Found 190 molecules.
      [32m✓ All goal molecules found.[0m
        [32m✓ Missing molecule synthesis subproblem passed in 4.03s[0m
      Filtering reaction complex_199 (198/500)...
[Atoms → Molecules] Found 250 molecules.
      [31m✗ Missing goal molecules.[0m
        [31m✗ Missing molecule synthesis subproblem failed in 1.68s[0m
      Filtering reaction complex_200 (199/500)...
[Atoms → Molecules] Found 250 molecules.
      [31m✗ Missing goal molecules.[0m
        [31m✗ Missing molecule synthesis subproblem failed in 4.7s[0m
      Filtering reaction complex_201 (200/500)...
[Atoms → Molecules] Found 27 molecules.
      [32m✓ All goal molecules found.[0m
        [32m✓ Missing molecule synthesis subproblem passed in 0.14s[0m
      Filtering reaction complex_202 (201/500)...
[Atoms → Molecules] Found 250 molecules.
      [31m✗ Missing goal molecules.[0m
        [31m✗ Missing molecule synthesis subproblem failed in 4.5s[0m
      Filtering reaction complex_203 (202/500)...
[Atoms → Molecules] Found 250 molecules.
      [31m✗ Missing goal molecules.[0m
        [31m✗ Missing molecule synthesis subproblem failed in 3.11s[0m
      Filtering reaction complex_204 (203/500)...
[Atoms → Molecules] Found 250 molecules.
      [31m✗ Missing goal molecules.[0m
        [31m✗ Missing molecule synthesis subproblem failed in 1.4s[0m
      Filtering reaction complex_205 (204/500)...
[Atoms → Molecules] Found 250 molecules.
      [31m✗ Missing goal molecules.[0m
        [31m✗ Missing molecule synthesis subproblem failed in 0.46s[0m
      Filtering reaction complex_206 (205/500)...
[Atoms → Molecules] Found 250 molecules.
      [31m✗ Missing goal molecules.[0m
        [31m✗ Missing molecule synthesis subproblem failed in 0.59s[0m
      Filtering reaction complex_207 (206/500)...
[Atoms → Molecules] Found 250 molecules.
      [31m✗ Missing goal molecules.[0m
        [31m✗ Missing molecule synthesis subproblem failed in 0.83s[0m
      Filtering reaction complex_208 (207/500)...
[Atoms → Molecules] Found 250 molecules.
      [31m✗ Missing goal molecules.[0m
        [31m✗ Missing molecule synthesis subproblem failed in 0.89s[0m
      Filtering reaction complex_209 (208/500)...
[Atoms → Molecules] Found 250 molecules.
      [31m✗ Missing goal molecules.[0m
        [31m✗ Missing molecule synthesis subproblem failed in 1.66s[0m
      Filtering reaction complex_210 (209/500)...
[Atoms → Molecules] Found 250 molecules.
      [31m✗ Missing goal molecules.[0m
        [31m✗ Missing molecule synthesis subproblem failed in 0.71s[0m
      Filtering reaction complex_211 (210/500)...
[Atoms → Molecules] Found 250 molecules.
      [31m✗ Missing goal molecules.[0m
        [31m✗ Missing molecule synthesis subproblem failed in 1.32s[0m
      Filtering reaction complex_212 (211/500)...
[Atoms → Molecules] Found 250 molecules.
      [31m✗ Missing goal molecules.[0m
        [31m✗ Missing molecule synthesis subproblem failed in 3.59s[0m
      Filtering reaction complex_213 (212/500)...
[Atoms → Molecules] Found 250 molecules.
      [31m✗ Missing goal molecules.[0m
        [31m✗ Missing molecule synthesis subproblem failed in 2.25s[0m
      Filtering reaction complex_214 (213/500)...
[Atoms → Molecules] Found 250 molecules.
      [31m✗ Missing goal molecules.[0m
        [31m✗ Missing molecule synthesis subproblem failed in 3.79s[0m
      Filtering reaction complex_215 (214/500)...
[Atoms → Molecules] Found 250 molecules.
      [31m✗ Missing goal molecules.[0m
        [31m✗ Missing molecule synthesis subproblem failed in 1.71s[0m
      Filtering reaction complex_216 (215/500)...
[Atoms → Molecules] Found 54 molecules.
      [32m✓ All goal molecules found.[0m
        [32m✓ Missing molecule synthesis subproblem passed in 0.83s[0m
      Filtering reaction complex_217 (216/500)...
[Atoms → Molecules] Found 250 molecules.
      [31m✗ Missing goal molecules.[0m
        [31m✗ Missing molecule synthesis subproblem failed in 1.7s[0m
      Filtering reaction complex_218 (217/500)...
[Atoms → Molecules] Found 250 molecules.
      [31m✗ Missing goal molecules.[0m
        [31m✗ Missing molecule synthesis subproblem failed in 0.74s[0m
      Filtering reaction complex_219 (218/500)...
[Atoms → Molecules] Found 250 molecules.
      [31m✗ Missing goal molecules.[0m
        [31m✗ Missing molecule synthesis subproblem failed in 0.85s[0m
      Filtering reaction complex_220 (219/500)...
[Atoms → Molecules] Found 250 molecules.
      [31m✗ Missing goal molecules.[0m
        [31m✗ Missing molecule synthesis subproblem failed in 1.06s[0m
      Filtering reaction complex_221 (220/500)...
[Atoms → Molecules] Found 250 molecules.
      [31m✗ Missing goal molecules.[0m
        [31m✗ Missing molecule synthesis subproblem failed in 1.39s[0m
      Filtering reaction complex_222 (221/500)...
[Atoms → Molecules] Found 250 molecules.
      [31m✗ Missing goal molecules.[0m
        [31m✗ Missing molecule synthesis subproblem failed in 0.56s[0m
      Filtering reaction complex_223 (222/500)...
[Atoms → Molecules] Found 250 molecules.
      [31m✗ Missing goal molecules.[0m
        [31m✗ Missing molecule synthesis subproblem failed in 1.85s[0m
      Filtering reaction complex_224 (223/500)...
[Atoms → Molecules] Found 250 molecules.
      [31m✗ Missing goal molecules.[0m
        [31m✗ Missing molecule synthesis subproblem failed in 1.74s[0m
      Filtering reaction complex_225 (224/500)...
[Atoms → Molecules] Found 250 molecules.
      [31m✗ Missing goal molecules.[0m
        [31m✗ Missing molecule synthesis subproblem failed in 3.78s[0m
      Filtering reaction complex_226 (225/500)...
[Atoms → Molecules] Found 250 molecules.
      [31m✗ Missing goal molecules.[0m
        [31m✗ Missing molecule synthesis subproblem failed in 1.48s[0m
      Filtering reaction complex_227 (226/500)...
[Atoms → Molecules] Found 232 molecules.
      [32m✓ All goal molecules found.[0m
        [32m✓ Missing molecule synthesis subproblem passed in 0.95s[0m
      Filtering reaction complex_228 (227/500)...
[Atoms → Molecules] Found 250 molecules.
      [31m✗ Missing goal molecules.[0m
        [31m✗ Missing molecule synthesis subproblem failed in 0.43s[0m
      Filtering reaction complex_229 (228/500)...
[Atoms → Molecules] Found 250 molecules.
      [31m✗ Missing goal molecules.[0m
        [31m✗ Missing molecule synthesis subproblem failed in 1.53s[0m
      Filtering reaction complex_230 (229/500)...
[Atoms → Molecules] Found 250 molecules.
      [31m✗ Missing goal molecules.[0m
        [31m✗ Missing molecule synthesis subproblem failed in 0.41s[0m
      Filtering reaction complex_231 (230/500)...
[Atoms → Molecules] Found 250 molecules.
      [31m✗ Missing goal molecules.[0m
        [31m✗ Missing molecule synthesis subproblem failed in 0.45s[0m
      Filtering reaction complex_232 (231/500)...
[Atoms → Molecules] Found 250 molecules.
      [31m✗ Missing goal molecules.[0m
        [31m✗ Missing molecule synthesis subproblem failed in 0.44s[0m
      Filtering reaction complex_233 (232/500)...
[Atoms → Molecules] Found 250 molecules.
      [31m✗ Missing goal molecules.[0m
        [31m✗ Missing molecule synthesis subproblem failed in 1.4s[0m
      Filtering reaction complex_234 (233/500)...
[Atoms → Molecules] Found 250 molecules.
      [31m✗ Missing goal molecules.[0m
        [31m✗ Missing molecule synthesis subproblem failed in 1.48s[0m
      Filtering reaction complex_235 (234/500)...
[Atoms → Molecules] Found 250 molecules.
      [31m✗ Missing goal molecules.[0m
        [31m✗ Missing molecule synthesis subproblem failed in 0.42s[0m
      Filtering reaction complex_236 (235/500)...
[Atoms → Molecules] Found 250 molecules.
      [31m✗ Missing goal molecules.[0m
        [31m✗ Missing molecule synthesis subproblem failed in 2.24s[0m
      Filtering reaction complex_237 (236/500)...
[Atoms → Molecules] Found 250 molecules.
      [31m✗ Missing goal molecules.[0m
        [31m✗ Missing molecule synthesis subproblem failed in 0.55s[0m
      Filtering reaction complex_238 (237/500)...
[Atoms → Molecules] Found 3 molecules.
      [32m✓ All goal molecules found.[0m
        [32m✓ Missing molecule synthesis subproblem passed in 0.01s[0m
      Filtering reaction complex_239 (238/500)...
[Atoms → Molecules] Found 250 molecules.
      [31m✗ Missing goal molecules.[0m
        [31m✗ Missing molecule synthesis subproblem failed in 0.86s[0m
      Filtering reaction complex_240 (239/500)...
[Atoms → Molecules] Found 250 molecules.
      [31m✗ Missing goal molecules.[0m
        [31m✗ Missing molecule synthesis subproblem failed in 1.39s[0m
      Filtering reaction complex_241 (240/500)...
[Atoms → Molecules] Found 250 molecules.
      [31m✗ Missing goal molecules.[0m
        [31m✗ Missing molecule synthesis subproblem failed in 1.43s[0m
      Filtering reaction complex_242 (241/500)...
[Atoms → Molecules] Found 134 molecules.
      [32m✓ All goal molecules found.[0m
        [32m✓ Missing molecule synthesis subproblem passed in 0.3s[0m
      Filtering reaction complex_243 (242/500)...
[Atoms → Molecules] Found 250 molecules.
      [31m✗ Missing goal molecules.[0m
        [31m✗ Missing molecule synthesis subproblem failed in 0.97s[0m
      Filtering reaction complex_244 (243/500)...
[Atoms → Molecules] Found 250 molecules.
      [31m✗ Missing goal molecules.[0m
        [31m✗ Missing molecule synthesis subproblem failed in 1.25s[0m
      Filtering reaction complex_245 (244/500)...
[Atoms → Molecules] Found 250 molecules.
      [31m✗ Missing goal molecules.[0m
        [31m✗ Missing molecule synthesis subproblem failed in 0.47s[0m
      Filtering reaction complex_246 (245/500)...
[Atoms → Molecules] Found 250 molecules.
      [31m✗ Missing goal molecules.[0m
        [31m✗ Missing molecule synthesis subproblem failed in 0.49s[0m
      Filtering reaction complex_247 (246/500)...
[Atoms → Molecules] Found 250 molecules.
      [31m✗ Missing goal molecules.[0m
        [31m✗ Missing molecule synthesis subproblem failed in 3.72s[0m
      Filtering reaction complex_248 (247/500)...
[Atoms → Molecules] Found 250 molecules.
      [31m✗ Missing goal molecules.[0m
        [31m✗ Missing molecule synthesis subproblem failed in 0.78s[0m
      Filtering reaction complex_249 (248/500)...
[Atoms → Molecules] Found 250 molecules.
      [31m✗ Missing goal molecules.[0m
        [31m✗ Missing molecule synthesis subproblem failed in 0.56s[0m
      Filtering reaction complex_250 (249/500)...
[Atoms → Molecules] Found 250 molecules.
      [31m✗ Missing goal molecules.[0m
        [31m✗ Missing molecule synthesis subproblem failed in 1.53s[0m
      Filtering reaction complex_251 (250/500)...
[Atoms → Molecules] Found 250 molecules.
      [31m✗ Missing goal molecules.[0m
        [31m✗ Missing molecule synthesis subproblem failed in 0.61s[0m
      Filtering reaction complex_252 (251/500)...
[Atoms → Molecules] Found 46 molecules.
      [32m✓ All goal molecules found.[0m
        [32m✓ Missing molecule synthesis subproblem passed in 0.21s[0m
      Filtering reaction complex_253 (252/500)...
[Atoms → Molecules] Found 250 molecules.
      [31m✗ Missing goal molecules.[0m
        [31m✗ Missing molecule synthesis subproblem failed in 0.41s[0m
      Filtering reaction complex_254 (253/500)...
[Atoms → Molecules] Found 250 molecules.
      [31m✗ Missing goal molecules.[0m
        [31m✗ Missing molecule synthesis subproblem failed in 1.42s[0m
      Filtering reaction complex_255 (254/500)...
[Atoms → Molecules] Found 190 molecules.
      [32m✓ All goal molecules found.[0m
        [32m✓ Missing molecule synthesis subproblem passed in 3.28s[0m
      Filtering reaction complex_256 (255/500)...
[Atoms → Molecules] Found 171 molecules.
      [32m✓ All goal molecules found.[0m
        [32m✓ Missing molecule synthesis subproblem passed in 1.05s[0m
      Filtering reaction complex_257 (256/500)...
[Atoms → Molecules] Found 250 molecules.
      [31m✗ Missing goal molecules.[0m
        [31m✗ Missing molecule synthesis subproblem failed in 1.02s[0m
      Filtering reaction complex_258 (257/500)...
[Atoms → Molecules] Found 226 molecules.
      [32m✓ All goal molecules found.[0m
        [32m✓ Missing molecule synthesis subproblem passed in 0.75s[0m
      Filtering reaction complex_259 (258/500)...
[Atoms → Molecules] Found 250 molecules.
      [31m✗ Missing goal molecules.[0m
        [31m✗ Missing molecule synthesis subproblem failed in 2.16s[0m
      Filtering reaction complex_260 (259/500)...
[Atoms → Molecules] Found 250 molecules.
      [31m✗ Missing goal molecules.[0m
        [31m✗ Missing molecule synthesis subproblem failed in 1.54s[0m
      Filtering reaction complex_261 (260/500)...
[Atoms → Molecules] Found 45 molecules.
      [32m✓ All goal molecules found.[0m
        [32m✓ Missing molecule synthesis subproblem passed in 0.23s[0m
      Filtering reaction complex_262 (261/500)...
[Atoms → Molecules] Found 250 molecules.
      [31m✗ Missing goal molecules.[0m
        [31m✗ Missing molecule synthesis subproblem failed in 1.4s[0m
      Filtering reaction complex_263 (262/500)...
[Atoms → Molecules] Found 250 molecules.
      [31m✗ Missing goal molecules.[0m
        [31m✗ Missing molecule synthesis subproblem failed in 3.65s[0m
      Filtering reaction complex_264 (263/500)...
[Atoms → Molecules] Found 250 molecules.
      [31m✗ Missing goal molecules.[0m
        [31m✗ Missing molecule synthesis subproblem failed in 1.06s[0m
      Filtering reaction complex_265 (264/500)...
[Atoms → Molecules] Found 250 molecules.
      [31m✗ Missing goal molecules.[0m
        [31m✗ Missing molecule synthesis subproblem failed in 1.45s[0m
      Filtering reaction complex_266 (265/500)...
[Atoms → Molecules] Found 250 molecules.
      [31m✗ Missing goal molecules.[0m
        [31m✗ Missing molecule synthesis subproblem failed in 0.38s[0m
      Filtering reaction complex_267 (266/500)...
[Atoms → Molecules] Found 243 molecules.
      [32m✓ All goal molecules found.[0m
        [32m✓ Missing molecule synthesis subproblem passed in 0.97s[0m
      Filtering reaction complex_268 (267/500)...
[Atoms → Molecules] Found 250 molecules.
      [31m✗ Missing goal molecules.[0m
        [31m✗ Missing molecule synthesis subproblem failed in 1.99s[0m
      Filtering reaction complex_269 (268/500)...
[Atoms → Molecules] Found 250 molecules.
      [31m✗ Missing goal molecules.[0m
        [31m✗ Missing molecule synthesis subproblem failed in 0.48s[0m
      Filtering reaction complex_270 (269/500)...
[Atoms → Molecules] Found 31 molecules.
      [32m✓ All goal molecules found.[0m
        [32m✓ Missing molecule synthesis subproblem passed in 0.6s[0m
      Filtering reaction complex_271 (270/500)...
[Atoms → Molecules] Found 250 molecules.
      [31m✗ Missing goal molecules.[0m
        [31m✗ Missing molecule synthesis subproblem failed in 0.37s[0m
      Filtering reaction complex_272 (271/500)...
[Atoms → Molecules] Found 250 molecules.
      [31m✗ Missing goal molecules.[0m
        [31m✗ Missing molecule synthesis subproblem failed in 0.53s[0m
      Filtering reaction complex_273 (272/500)...
[Atoms → Molecules] Found 250 molecules.
      [31m✗ Missing goal molecules.[0m
        [31m✗ Missing molecule synthesis subproblem failed in 0.16s[0m
      Filtering reaction complex_274 (273/500)...
[Atoms → Molecules] Found 250 molecules.
      [31m✗ Missing goal molecules.[0m
        [31m✗ Missing molecule synthesis subproblem failed in 0.12s[0m
      Filtering reaction complex_275 (274/500)...
[Atoms → Molecules] Found 2 molecules.
      [32m✓ All goal molecules found.[0m
        [32m✓ Missing molecule synthesis subproblem passed in 0.01s[0m
      Filtering reaction complex_276 (275/500)...
[Atoms → Molecules] Found 4 molecules.
      [32m✓ All goal molecules found.[0m
        [32m✓ Missing molecule synthesis subproblem passed in 0.0s[0m
      Filtering reaction complex_277 (276/500)...
[Atoms → Molecules] Found 2 molecules.
      [32m✓ All goal molecules found.[0m
        [32m✓ Missing molecule synthesis subproblem passed in 0.0s[0m
      Filtering reaction complex_278 (277/500)...
[Atoms → Molecules] Found 3 molecules.
      [32m✓ All goal molecules found.[0m
        [32m✓ Missing molecule synthesis subproblem passed in 0.01s[0m
      Filtering reaction complex_279 (278/500)...
[Atoms → Molecules] Found 9 molecules.
      [32m✓ All goal molecules found.[0m
        [32m✓ Missing molecule synthesis subproblem passed in 0.02s[0m
      Filtering reaction complex_280 (279/500)...
[Atoms → Molecules] Found 24 molecules.
      [32m✓ All goal molecules found.[0m
        [32m✓ Missing molecule synthesis subproblem passed in 0.12s[0m
      Filtering reaction complex_281 (280/500)...
[Atoms → Molecules] Found 250 molecules.
      [31m✗ Missing goal molecules.[0m
        [31m✗ Missing molecule synthesis subproblem failed in 1.48s[0m
      Filtering reaction complex_282 (281/500)...
[Atoms → Molecules] Found 1 molecules.
      [32m✓ All goal molecules found.[0m
        [32m✓ Missing molecule synthesis subproblem passed in 0.0s[0m
      Filtering reaction complex_283 (282/500)...
[Atoms → Molecules] Found 1 molecules.
      [32m✓ All goal molecules found.[0m
        [32m✓ Missing molecule synthesis subproblem passed in 0.0s[0m
      Filtering reaction complex_284 (283/500)...
[Atoms → Molecules] Found 250 molecules.
      [31m✗ Missing goal molecules.[0m
        [31m✗ Missing molecule synthesis subproblem failed in 0.35s[0m
      Filtering reaction complex_285 (284/500)...
[Atoms → Molecules] Found 4 molecules.
      [32m✓ All goal molecules found.[0m
        [32m✓ Missing molecule synthesis subproblem passed in 0.01s[0m
      Filtering reaction complex_286 (285/500)...
[Atoms → Molecules] Found 1 molecules.
      [32m✓ All goal molecules found.[0m
        [32m✓ Missing molecule synthesis subproblem passed in 0.0s[0m
      Filtering reaction complex_287 (286/500)...
[Atoms → Molecules] Found 250 molecules.
      [31m✗ Missing goal molecules.[0m
        [31m✗ Missing molecule synthesis subproblem failed in 1.4s[0m
      Filtering reaction complex_288 (287/500)...
[Atoms → Molecules] Found 10 molecules.
      [32m✓ All goal molecules found.[0m
        [32m✓ Missing molecule synthesis subproblem passed in 0.01s[0m
      Filtering reaction complex_289 (288/500)...
[Atoms → Molecules] Found 4 molecules.
      [32m✓ All goal molecules found.[0m
        [32m✓ Missing molecule synthesis subproblem passed in 0.01s[0m
      Filtering reaction complex_290 (289/500)...
[Atoms → Molecules] Found 4 molecules.
      [32m✓ All goal molecules found.[0m
        [32m✓ Missing molecule synthesis subproblem passed in 0.01s[0m
      Filtering reaction complex_291 (290/500)...
[Atoms → Molecules] Found 3 molecules.
      [32m✓ All goal molecules found.[0m
        [32m✓ Missing molecule synthesis subproblem passed in 0.0s[0m
      Filtering reaction complex_292 (291/500)...
[Atoms → Molecules] Found 4 molecules.
      [32m✓ All goal molecules found.[0m
        [32m✓ Missing molecule synthesis subproblem passed in 0.0s[0m
      Filtering reaction complex_293 (292/500)...
[Atoms → Molecules] Found 3 molecules.
      [32m✓ All goal molecules found.[0m
        [32m✓ Missing molecule synthesis subproblem passed in 0.0s[0m
      Filtering reaction complex_294 (293/500)...
[Atoms → Molecules] Found 21 molecules.
      [32m✓ All goal molecules found.[0m
        [32m✓ Missing molecule synthesis subproblem passed in 0.02s[0m
      Filtering reaction complex_295 (294/500)...
[Atoms → Molecules] Found 10 molecules.
      [32m✓ All goal molecules found.[0m
        [32m✓ Missing molecule synthesis subproblem passed in 0.01s[0m
      Filtering reaction complex_296 (295/500)...
[Atoms → Molecules] Found 250 molecules.
      [31m✗ Missing goal molecules.[0m
        [31m✗ Missing molecule synthesis subproblem failed in 0.47s[0m
      Filtering reaction complex_297 (296/500)...
[Atoms → Molecules] Found 250 molecules.
      [31m✗ Missing goal molecules.[0m
        [31m✗ Missing molecule synthesis subproblem failed in 0.38s[0m
      Filtering reaction complex_298 (297/500)...
[Atoms → Molecules] Found 7 molecules.
      [32m✓ All goal molecules found.[0m
        [32m✓ Missing molecule synthesis subproblem passed in 0.01s[0m
      Filtering reaction complex_299 (298/500)...
[Atoms → Molecules] Found 2 molecules.
      [32m✓ All goal molecules found.[0m
        [32m✓ Missing molecule synthesis subproblem passed in 0.0s[0m
      Filtering reaction complex_300 (299/500)...
[Atoms → Molecules] Found 4 molecules.
      [32m✓ All goal molecules found.[0m
        [32m✓ Missing molecule synthesis subproblem passed in 0.01s[0m
      Filtering reaction complex_301 (300/500)...
[Atoms → Molecules] Found 2 molecules.
      [32m✓ All goal molecules found.[0m
        [32m✓ Missing molecule synthesis subproblem passed in 0.0s[0m
      Filtering reaction complex_302 (301/500)...
[Atoms → Molecules] Found 7 molecules.
      [32m✓ All goal molecules found.[0m
        [32m✓ Missing molecule synthesis subproblem passed in 0.01s[0m
      Filtering reaction complex_303 (302/500)...
[Atoms → Molecules] Found 250 molecules.
      [31m✗ Missing goal molecules.[0m
        [31m✗ Missing molecule synthesis subproblem failed in 1.53s[0m
      Filtering reaction complex_304 (303/500)...
[Atoms → Molecules] Found 1 molecules.
      [32m✓ All goal molecules found.[0m
        [32m✓ Missing molecule synthesis subproblem passed in 0.0s[0m
      Filtering reaction complex_305 (304/500)...
[Atoms → Molecules] Found 13 molecules.
      [32m✓ All goal molecules found.[0m
        [32m✓ Missing molecule synthesis subproblem passed in 0.09s[0m
      Filtering reaction complex_306 (305/500)...
[Atoms → Molecules] Found 26 molecules.
      [32m✓ All goal molecules found.[0m
        [32m✓ Missing molecule synthesis subproblem passed in 0.02s[0m
      Filtering reaction complex_307 (306/500)...
[Atoms → Molecules] Found 2 molecules.
      [32m✓ All goal molecules found.[0m
        [32m✓ Missing molecule synthesis subproblem passed in 0.0s[0m
      Filtering reaction complex_308 (307/500)...
[Atoms → Molecules] Found 5 molecules.
      [32m✓ All goal molecules found.[0m
        [32m✓ Missing molecule synthesis subproblem passed in 0.0s[0m
      Filtering reaction complex_309 (308/500)...
[Atoms → Molecules] Found 10 molecules.
      [32m✓ All goal molecules found.[0m
        [32m✓ Missing molecule synthesis subproblem passed in 0.01s[0m
      Filtering reaction complex_310 (309/500)...
[Atoms → Molecules] Found 250 molecules.
      [31m✗ Missing goal molecules.[0m
        [31m✗ Missing molecule synthesis subproblem failed in 0.49s[0m
      Filtering reaction complex_311 (310/500)...
[Atoms → Molecules] Found 250 molecules.
      [31m✗ Missing goal molecules.[0m
        [31m✗ Missing molecule synthesis subproblem failed in 0.36s[0m
      Filtering reaction complex_312 (311/500)...
[Atoms → Molecules] Found 8 molecules.
      [32m✓ All goal molecules found.[0m
        [32m✓ Missing molecule synthesis subproblem passed in 0.01s[0m
      Filtering reaction complex_313 (312/500)...
[Atoms → Molecules] Found 3 molecules.
      [32m✓ All goal molecules found.[0m
        [32m✓ Missing molecule synthesis subproblem passed in 0.01s[0m
      Filtering reaction complex_314 (313/500)...
[Atoms → Molecules] Found 7 molecules.
      [32m✓ All goal molecules found.[0m
        [32m✓ Missing molecule synthesis subproblem passed in 0.1s[0m
      Filtering reaction complex_315 (314/500)...
[Atoms → Molecules] Found 12 molecules.
      [32m✓ All goal molecules found.[0m
        [32m✓ Missing molecule synthesis subproblem passed in 0.02s[0m
      Filtering reaction complex_316 (315/500)...
[Atoms → Molecules] Found 1 molecules.
      [32m✓ All goal molecules found.[0m
        [32m✓ Missing molecule synthesis subproblem passed in 0.0s[0m
      Filtering reaction complex_317 (316/500)...
[Atoms → Molecules] Found 11 molecules.
      [32m✓ All goal molecules found.[0m
        [32m✓ Missing molecule synthesis subproblem passed in 0.02s[0m
      Filtering reaction complex_318 (317/500)...
[Atoms → Molecules] Found 10 molecules.
      [32m✓ All goal molecules found.[0m
        [32m✓ Missing molecule synthesis subproblem passed in 0.01s[0m
      Filtering reaction complex_319 (318/500)...
[Atoms → Molecules] Found 10 molecules.
      [32m✓ All goal molecules found.[0m
        [32m✓ Missing molecule synthesis subproblem passed in 0.01s[0m
      Filtering reaction complex_320 (319/500)...
[Atoms → Molecules] Found 3 molecules.
      [32m✓ All goal molecules found.[0m
        [32m✓ Missing molecule synthesis subproblem passed in 0.01s[0m
      Filtering reaction complex_321 (320/500)...
[Atoms → Molecules] Found 5 molecules.
      [32m✓ All goal molecules found.[0m
        [32m✓ Missing molecule synthesis subproblem passed in 0.01s[0m
      Filtering reaction complex_322 (321/500)...
[Atoms → Molecules] Found 6 molecules.
      [32m✓ All goal molecules found.[0m
        [32m✓ Missing molecule synthesis subproblem passed in 0.01s[0m
      Filtering reaction complex_323 (322/500)...
[Atoms → Molecules] Found 6 molecules.
      [32m✓ All goal molecules found.[0m
        [32m✓ Missing molecule synthesis subproblem passed in 0.01s[0m
      Filtering reaction complex_324 (323/500)...
[Atoms → Molecules] Found 6 molecules.
      [32m✓ All goal molecules found.[0m
        [32m✓ Missing molecule synthesis subproblem passed in 0.01s[0m
      Filtering reaction complex_325 (324/500)...
[Atoms → Molecules] Found 6 molecules.
      [32m✓ All goal molecules found.[0m
        [32m✓ Missing molecule synthesis subproblem passed in 0.01s[0m
      Filtering reaction complex_326 (325/500)...
[Atoms → Molecules] Found 5 molecules.
      [32m✓ All goal molecules found.[0m
        [32m✓ Missing molecule synthesis subproblem passed in 0.01s[0m
      Filtering reaction complex_327 (326/500)...
[Atoms → Molecules] Found 58 molecules.
      [32m✓ All goal molecules found.[0m
        [32m✓ Missing molecule synthesis subproblem passed in 0.08s[0m
      Filtering reaction complex_328 (327/500)...
[Atoms → Molecules] Found 14 molecules.
      [32m✓ All goal molecules found.[0m
        [32m✓ Missing molecule synthesis subproblem passed in 0.01s[0m
      Filtering reaction complex_329 (328/500)...
[Atoms → Molecules] Found 3 molecules.
      [32m✓ All goal molecules found.[0m
        [32m✓ Missing molecule synthesis subproblem passed in 0.0s[0m
      Filtering reaction complex_330 (329/500)...
[Atoms → Molecules] Found 5 molecules.
      [32m✓ All goal molecules found.[0m
        [32m✓ Missing molecule synthesis subproblem passed in 0.0s[0m
      Filtering reaction complex_331 (330/500)...
[Atoms → Molecules] Found 8 molecules.
      [32m✓ All goal molecules found.[0m
        [32m✓ Missing molecule synthesis subproblem passed in 0.01s[0m
      Filtering reaction complex_332 (331/500)...
[Atoms → Molecules] Found 250 molecules.
      [31m✗ Missing goal molecules.[0m
        [31m✗ Missing molecule synthesis subproblem failed in 1.54s[0m
      Filtering reaction complex_333 (332/500)...
[Atoms → Molecules] Found 250 molecules.
      [31m✗ Missing goal molecules.[0m
        [31m✗ Missing molecule synthesis subproblem failed in 0.59s[0m
      Filtering reaction complex_334 (333/500)...
[Atoms → Molecules] Found 16 molecules.
      [32m✓ All goal molecules found.[0m
        [32m✓ Missing molecule synthesis subproblem passed in 0.02s[0m
      Filtering reaction complex_335 (334/500)...
[Atoms → Molecules] Found 6 molecules.
      [32m✓ All goal molecules found.[0m
        [32m✓ Missing molecule synthesis subproblem passed in 0.01s[0m
      Filtering reaction complex_336 (335/500)...
[Atoms → Molecules] Found 12 molecules.
      [32m✓ All goal molecules found.[0m
        [32m✓ Missing molecule synthesis subproblem passed in 0.01s[0m
      Filtering reaction complex_337 (336/500)...
[Atoms → Molecules] Found 9 molecules.
      [32m✓ All goal molecules found.[0m
        [32m✓ Missing molecule synthesis subproblem passed in 0.02s[0m
      Filtering reaction complex_338 (337/500)...
[Atoms → Molecules] Found 9 molecules.
      [32m✓ All goal molecules found.[0m
        [32m✓ Missing molecule synthesis subproblem passed in 0.02s[0m
      Filtering reaction complex_339 (338/500)...
[Atoms → Molecules] Found 18 molecules.
      [32m✓ All goal molecules found.[0m
        [32m✓ Missing molecule synthesis subproblem passed in 0.02s[0m
      Filtering reaction complex_340 (339/500)...
[Atoms → Molecules] Found 27 molecules.
      [32m✓ All goal molecules found.[0m
        [32m✓ Missing molecule synthesis subproblem passed in 0.02s[0m
      Filtering reaction complex_341 (340/500)...
[Atoms → Molecules] Found 13 molecules.
      [32m✓ All goal molecules found.[0m
        [32m✓ Missing molecule synthesis subproblem passed in 0.02s[0m
      Filtering reaction complex_342 (341/500)...
[Atoms → Molecules] Found 9 molecules.
      [32m✓ All goal molecules found.[0m
        [32m✓ Missing molecule synthesis subproblem passed in 0.02s[0m
      Filtering reaction complex_343 (342/500)...
[Atoms → Molecules] Found 250 molecules.
      [31m✗ Missing goal molecules.[0m
        [31m✗ Missing molecule synthesis subproblem failed in 0.43s[0m
      Filtering reaction complex_344 (343/500)...
[Atoms → Molecules] Found 250 molecules.
      [31m✗ Missing goal molecules.[0m
        [31m✗ Missing molecule synthesis subproblem failed in 0.51s[0m
      Filtering reaction complex_345 (344/500)...
[Atoms → Molecules] Found 250 molecules.
      [31m✗ Missing goal molecules.[0m
        [31m✗ Missing molecule synthesis subproblem failed in 1.23s[0m
      Filtering reaction complex_346 (345/500)...
[Atoms → Molecules] Found 5 molecules.
      [32m✓ All goal molecules found.[0m
        [32m✓ Missing molecule synthesis subproblem passed in 0.01s[0m
      Filtering reaction complex_347 (346/500)...
[Atoms → Molecules] Found 4 molecules.
      [32m✓ All goal molecules found.[0m
        [32m✓ Missing molecule synthesis subproblem passed in 0.0s[0m
      Filtering reaction complex_348 (347/500)...
[Atoms → Molecules] Found 2 molecules.
      [32m✓ All goal molecules found.[0m
        [32m✓ Missing molecule synthesis subproblem passed in 0.0s[0m
      Filtering reaction complex_349 (348/500)...
[Atoms → Molecules] Found 2 molecules.
      [32m✓ All goal molecules found.[0m
        [32m✓ Missing molecule synthesis subproblem passed in 0.0s[0m
      Filtering reaction complex_350 (349/500)...
[Atoms → Molecules] Found 6 molecules.
      [32m✓ All goal molecules found.[0m
        [32m✓ Missing molecule synthesis subproblem passed in 0.01s[0m
      Filtering reaction complex_351 (350/500)...
[Atoms → Molecules] Found 20 molecules.
      [32m✓ All goal molecules found.[0m
        [32m✓ Missing molecule synthesis subproblem passed in 0.08s[0m
      Filtering reaction complex_352 (351/500)...
[Atoms → Molecules] Found 250 molecules.
      [31m✗ Missing goal molecules.[0m
        [31m✗ Missing molecule synthesis subproblem failed in 0.95s[0m
      Filtering reaction complex_353 (352/500)...
[Atoms → Molecules] Found 250 molecules.
      [31m✗ Missing goal molecules.[0m
        [31m✗ Missing molecule synthesis subproblem failed in 1.23s[0m
      Filtering reaction complex_354 (353/500)...
[Atoms → Molecules] Found 250 molecules.
      [31m✗ Missing goal molecules.[0m
        [31m✗ Missing molecule synthesis subproblem failed in 1.29s[0m
      Filtering reaction complex_355 (354/500)...
[Atoms → Molecules] Found 250 molecules.
      [31m✗ Missing goal molecules.[0m
        [31m✗ Missing molecule synthesis subproblem failed in 1.33s[0m
      Filtering reaction complex_356 (355/500)...
[Atoms → Molecules] Found 250 molecules.
      [31m✗ Missing goal molecules.[0m
        [31m✗ Missing molecule synthesis subproblem failed in 0.15s[0m
      Filtering reaction complex_357 (356/500)...
[Atoms → Molecules] Found 250 molecules.
      [31m✗ Missing goal molecules.[0m
        [31m✗ Missing molecule synthesis subproblem failed in 0.34s[0m
      Filtering reaction complex_358 (357/500)...
[Atoms → Molecules] Found 250 molecules.
      [31m✗ Missing goal molecules.[0m
        [31m✗ Missing molecule synthesis subproblem failed in 0.47s[0m
      Filtering reaction complex_359 (358/500)...
[Atoms → Molecules] Found 6 molecules.
      [32m✓ All goal molecules found.[0m
        [32m✓ Missing molecule synthesis subproblem passed in 0.01s[0m
      Filtering reaction complex_360 (359/500)...
[Atoms → Molecules] Found 2 molecules.
      [32m✓ All goal molecules found.[0m
        [32m✓ Missing molecule synthesis subproblem passed in 0.0s[0m
      Filtering reaction complex_361 (360/500)...
[Atoms → Molecules] Found 250 molecules.
      [31m✗ Missing goal molecules.[0m
        [31m✗ Missing molecule synthesis subproblem failed in 1.87s[0m
      Filtering reaction complex_362 (361/500)...
[Atoms → Molecules] Found 250 molecules.
      [31m✗ Missing goal molecules.[0m
        [31m✗ Missing molecule synthesis subproblem failed in 1.58s[0m
      Filtering reaction complex_363 (362/500)...
[Atoms → Molecules] Found 250 molecules.
      [31m✗ Missing goal molecules.[0m
        [31m✗ Missing molecule synthesis subproblem failed in 1.45s[0m
      Filtering reaction complex_364 (363/500)...
[Atoms → Molecules] Found 250 molecules.
      [31m✗ Missing goal molecules.[0m
        [31m✗ Missing molecule synthesis subproblem failed in 0.53s[0m
      Filtering reaction complex_365 (364/500)...
[Atoms → Molecules] Found 250 molecules.
      [31m✗ Missing goal molecules.[0m
        [31m✗ Missing molecule synthesis subproblem failed in 0.73s[0m
      Filtering reaction complex_366 (365/500)...
[Atoms → Molecules] Found 250 molecules.
      [31m✗ Missing goal molecules.[0m
        [31m✗ Missing molecule synthesis subproblem failed in 1.25s[0m
      Filtering reaction complex_367 (366/500)...
[Atoms → Molecules] Found 9 molecules.
      [32m✓ All goal molecules found.[0m
        [32m✓ Missing molecule synthesis subproblem passed in 0.02s[0m
      Filtering reaction complex_368 (367/500)...
[Atoms → Molecules] Found 250 molecules.
      [31m✗ Missing goal molecules.[0m
        [31m✗ Missing molecule synthesis subproblem failed in 0.97s[0m
      Filtering reaction complex_369 (368/500)...
[Atoms → Molecules] Found 2 molecules.
      [32m✓ All goal molecules found.[0m
        [32m✓ Missing molecule synthesis subproblem passed in 0.01s[0m
      Filtering reaction complex_370 (369/500)...
[Atoms → Molecules] Found 18 molecules.
      [32m✓ All goal molecules found.[0m
        [32m✓ Missing molecule synthesis subproblem passed in 0.17s[0m
      Filtering reaction complex_371 (370/500)...
[Atoms → Molecules] Found 12 molecules.
      [32m✓ All goal molecules found.[0m
        [32m✓ Missing molecule synthesis subproblem passed in 0.01s[0m
      Filtering reaction complex_372 (371/500)...
[Atoms → Molecules] Found 250 molecules.
      [31m✗ Missing goal molecules.[0m
        [31m✗ Missing molecule synthesis subproblem failed in 1.46s[0m
      Filtering reaction complex_373 (372/500)...
[Atoms → Molecules] Found 3 molecules.
      [32m✓ All goal molecules found.[0m
        [32m✓ Missing molecule synthesis subproblem passed in 0.01s[0m
      Filtering reaction complex_374 (373/500)...
[Atoms → Molecules] Found 3 molecules.
      [32m✓ All goal molecules found.[0m
        [32m✓ Missing molecule synthesis subproblem passed in 0.01s[0m
      Filtering reaction complex_375 (374/500)...
[Atoms → Molecules] Found 3 molecules.
      [32m✓ All goal molecules found.[0m
        [32m✓ Missing molecule synthesis subproblem passed in 0.01s[0m
      Filtering reaction complex_376 (375/500)...
[Atoms → Molecules] Found 250 molecules.
      [31m✗ Missing goal molecules.[0m
        [31m✗ Missing molecule synthesis subproblem failed in 1.41s[0m
      Filtering reaction complex_377 (376/500)...
[Atoms → Molecules] Found 250 molecules.
      [31m✗ Missing goal molecules.[0m
        [31m✗ Missing molecule synthesis subproblem failed in 2.04s[0m
      Filtering reaction complex_378 (377/500)...
[Atoms → Molecules] Found 3 molecules.
      [32m✓ All goal molecules found.[0m
        [32m✓ Missing molecule synthesis subproblem passed in 0.0s[0m
      Filtering reaction complex_379 (378/500)...
[Atoms → Molecules] Found 250 molecules.
      [31m✗ Missing goal molecules.[0m
        [31m✗ Missing molecule synthesis subproblem failed in 1.35s[0m
      Filtering reaction complex_380 (379/500)...
[Atoms → Molecules] Found 1 molecules.
      [32m✓ All goal molecules found.[0m
        [32m✓ Missing molecule synthesis subproblem passed in 0.0s[0m
      Filtering reaction complex_381 (380/500)...
[Atoms → Molecules] Found 250 molecules.
      [31m✗ Missing goal molecules.[0m
        [31m✗ Missing molecule synthesis subproblem failed in 0.53s[0m
      Filtering reaction complex_382 (381/500)...
[Atoms → Molecules] Found 250 molecules.
      [31m✗ Missing goal molecules.[0m
        [31m✗ Missing molecule synthesis subproblem failed in 0.45s[0m
      Filtering reaction complex_383 (382/500)...
[Atoms → Molecules] Found 250 molecules.
      [31m✗ Missing goal molecules.[0m
        [31m✗ Missing molecule synthesis subproblem failed in 1.46s[0m
      Filtering reaction complex_384 (383/500)...
[Atoms → Molecules] Found 121 molecules.
      [32m✓ All goal molecules found.[0m
        [32m✓ Missing molecule synthesis subproblem passed in 0.33s[0m
      Filtering reaction complex_385 (384/500)...
[Atoms → Molecules] Found 32 molecules.
      [32m✓ All goal molecules found.[0m
        [32m✓ Missing molecule synthesis subproblem passed in 0.07s[0m
      Filtering reaction complex_386 (385/500)...
[Atoms → Molecules] Found 6 molecules.
      [32m✓ All goal molecules found.[0m
        [32m✓ Missing molecule synthesis subproblem passed in 0.01s[0m
      Filtering reaction complex_387 (386/500)...
[Atoms → Molecules] Found 250 molecules.
      [31m✗ Missing goal molecules.[0m
        [31m✗ Missing molecule synthesis subproblem failed in 0.99s[0m
      Filtering reaction complex_388 (387/500)...
[Atoms → Molecules] Found 1 molecules.
      [32m✓ All goal molecules found.[0m
        [32m✓ Missing molecule synthesis subproblem passed in 0.0s[0m
      Filtering reaction complex_389 (388/500)...
[Atoms → Molecules] Found 8 molecules.
      [32m✓ All goal molecules found.[0m
        [32m✓ Missing molecule synthesis subproblem passed in 0.01s[0m
      Filtering reaction complex_390 (389/500)...
[Atoms → Molecules] Found 6 molecules.
      [32m✓ All goal molecules found.[0m
        [32m✓ Missing molecule synthesis subproblem passed in 0.01s[0m
      Filtering reaction complex_391 (390/500)...
[Atoms → Molecules] Found 8 molecules.
      [32m✓ All goal molecules found.[0m
        [32m✓ Missing molecule synthesis subproblem passed in 0.01s[0m
      Filtering reaction complex_392 (391/500)...
[Atoms → Molecules] Found 12 molecules.
      [32m✓ All goal molecules found.[0m
        [32m✓ Missing molecule synthesis subproblem passed in 0.01s[0m
      Filtering reaction complex_393 (392/500)...
[Atoms → Molecules] Found 250 molecules.
      [31m✗ Missing goal molecules.[0m
        [31m✗ Missing molecule synthesis subproblem failed in 1.33s[0m
      Filtering reaction complex_394 (393/500)...
[Atoms → Molecules] Found 250 molecules.
      [31m✗ Missing goal molecules.[0m
        [31m✗ Missing molecule synthesis subproblem failed in 1.31s[0m
      Filtering reaction complex_395 (394/500)...
[Atoms → Molecules] Found 250 molecules.
      [31m✗ Missing goal molecules.[0m
        [31m✗ Missing molecule synthesis subproblem failed in 0.54s[0m
      Filtering reaction complex_396 (395/500)...
[Atoms → Molecules] Found 12 molecules.
      [32m✓ All goal molecules found.[0m
        [32m✓ Missing molecule synthesis subproblem passed in 0.02s[0m
      Filtering reaction complex_397 (396/500)...
[Atoms → Molecules] Found 250 molecules.
      [31m✗ Missing goal molecules.[0m
        [31m✗ Missing molecule synthesis subproblem failed in 1.48s[0m
      Filtering reaction complex_398 (397/500)...
[Atoms → Molecules] Found 10 molecules.
      [32m✓ All goal molecules found.[0m
        [32m✓ Missing molecule synthesis subproblem passed in 0.02s[0m
      Filtering reaction complex_399 (398/500)...
[Atoms → Molecules] Found 250 molecules.
      [31m✗ Missing goal molecules.[0m
        [31m✗ Missing molecule synthesis subproblem failed in 1.42s[0m
      Filtering reaction complex_400 (399/500)...
[Atoms → Molecules] Found 250 molecules.
      [31m✗ Missing goal molecules.[0m
        [31m✗ Missing molecule synthesis subproblem failed in 1.35s[0m
      Filtering reaction complex_401 (400/500)...
[Atoms → Molecules] Found 250 molecules.
      [31m✗ Missing goal molecules.[0m
        [31m✗ Missing molecule synthesis subproblem failed in 1.2s[0m
      Filtering reaction complex_402 (401/500)...
[Atoms → Molecules] Found 250 molecules.
      [31m✗ Missing goal molecules.[0m
        [31m✗ Missing molecule synthesis subproblem failed in 1.28s[0m
      Filtering reaction complex_403 (402/500)...
[Atoms → Molecules] Found 250 molecules.
      [31m✗ Missing goal molecules.[0m
        [31m✗ Missing molecule synthesis subproblem failed in 1.27s[0m
      Filtering reaction complex_404 (403/500)...
[Atoms → Molecules] Found 250 molecules.
      [31m✗ Missing goal molecules.[0m
        [31m✗ Missing molecule synthesis subproblem failed in 2.12s[0m
      Filtering reaction complex_405 (404/500)...
[Atoms → Molecules] Found 250 molecules.
      [31m✗ Missing goal molecules.[0m
        [31m✗ Missing molecule synthesis subproblem failed in 1.3s[0m
      Filtering reaction complex_406 (405/500)...
[Atoms → Molecules] Found 250 molecules.
      [31m✗ Missing goal molecules.[0m
        [31m✗ Missing molecule synthesis subproblem failed in 1.36s[0m
      Filtering reaction complex_407 (406/500)...
[Atoms → Molecules] Found 15 molecules.
      [32m✓ All goal molecules found.[0m
        [32m✓ Missing molecule synthesis subproblem passed in 0.01s[0m
      Filtering reaction complex_408 (407/500)...
[Atoms → Molecules] Found 250 molecules.
      [31m✗ Missing goal molecules.[0m
        [31m✗ Missing molecule synthesis subproblem failed in 0.37s[0m
      Filtering reaction complex_409 (408/500)...
[Atoms → Molecules] Found 250 molecules.
      [31m✗ Missing goal molecules.[0m
        [31m✗ Missing molecule synthesis subproblem failed in 0.99s[0m
      Filtering reaction complex_410 (409/500)...
[Atoms → Molecules] Found 6 molecules.
      [32m✓ All goal molecules found.[0m
        [32m✓ Missing molecule synthesis subproblem passed in 0.01s[0m
      Filtering reaction complex_411 (410/500)...
[Atoms → Molecules] Found 9 molecules.
      [32m✓ All goal molecules found.[0m
        [32m✓ Missing molecule synthesis subproblem passed in 0.02s[0m
      Filtering reaction complex_412 (411/500)...
[Atoms → Molecules] Found 250 molecules.
      [31m✗ Missing goal molecules.[0m
        [31m✗ Missing molecule synthesis subproblem failed in 0.97s[0m
      Filtering reaction complex_413 (412/500)...
[Atoms → Molecules] Found 5 molecules.
      [32m✓ All goal molecules found.[0m
        [32m✓ Missing molecule synthesis subproblem passed in 0.01s[0m
      Filtering reaction complex_414 (413/500)...
[Atoms → Molecules] Found 8 molecules.
      [32m✓ All goal molecules found.[0m
        [32m✓ Missing molecule synthesis subproblem passed in 0.01s[0m
      Filtering reaction complex_415 (414/500)...
[Atoms → Molecules] Found 14 molecules.
      [32m✓ All goal molecules found.[0m
        [32m✓ Missing molecule synthesis subproblem passed in 0.01s[0m
      Filtering reaction complex_416 (415/500)...
[Atoms → Molecules] Found 14 molecules.
      [32m✓ All goal molecules found.[0m
        [32m✓ Missing molecule synthesis subproblem passed in 0.01s[0m
      Filtering reaction complex_417 (416/500)...
[Atoms → Molecules] Found 14 molecules.
      [32m✓ All goal molecules found.[0m
        [32m✓ Missing molecule synthesis subproblem passed in 0.01s[0m
      Filtering reaction complex_418 (417/500)...
[Atoms → Molecules] Found 8 molecules.
      [32m✓ All goal molecules found.[0m
        [32m✓ Missing molecule synthesis subproblem passed in 0.01s[0m
      Filtering reaction complex_419 (418/500)...
[Atoms → Molecules] Found 1 molecules.
      [32m✓ All goal molecules found.[0m
        [32m✓ Missing molecule synthesis subproblem passed in 0.01s[0m
      Filtering reaction complex_420 (419/500)...
[Atoms → Molecules] Found 8 molecules.
      [32m✓ All goal molecules found.[0m
        [32m✓ Missing molecule synthesis subproblem passed in 0.01s[0m
      Filtering reaction complex_421 (420/500)...
[Atoms → Molecules] Found 8 molecules.
      [32m✓ All goal molecules found.[0m
        [32m✓ Missing molecule synthesis subproblem passed in 0.01s[0m
      Filtering reaction complex_422 (421/500)...
[Atoms → Molecules] Found 8 molecules.
      [32m✓ All goal molecules found.[0m
        [32m✓ Missing molecule synthesis subproblem passed in 0.01s[0m
      Filtering reaction complex_423 (422/500)...
[Atoms → Molecules] Found 3 molecules.
      [32m✓ All goal molecules found.[0m
        [32m✓ Missing molecule synthesis subproblem passed in 0.01s[0m
      Filtering reaction complex_424 (423/500)...
[Atoms → Molecules] Found 10 molecules.
      [32m✓ All goal molecules found.[0m
        [32m✓ Missing molecule synthesis subproblem passed in 0.01s[0m
      Filtering reaction complex_425 (424/500)...
[Atoms → Molecules] Found 52 molecules.
      [32m✓ All goal molecules found.[0m
        [32m✓ Missing molecule synthesis subproblem passed in 0.07s[0m
      Filtering reaction complex_426 (425/500)...
[Atoms → Molecules] Found 29 molecules.
      [32m✓ All goal molecules found.[0m
        [32m✓ Missing molecule synthesis subproblem passed in 0.02s[0m
      Filtering reaction complex_427 (426/500)...
[Atoms → Molecules] Found 140 molecules.
      [32m✓ All goal molecules found.[0m
        [32m✓ Missing molecule synthesis subproblem passed in 0.22s[0m
      Filtering reaction complex_428 (427/500)...
[Atoms → Molecules] Found 250 molecules.
      [31m✗ Missing goal molecules.[0m
        [31m✗ Missing molecule synthesis subproblem failed in 0.46s[0m
      Filtering reaction complex_429 (428/500)...
[Atoms → Molecules] Found 250 molecules.
      [31m✗ Missing goal molecules.[0m
        [31m✗ Missing molecule synthesis subproblem failed in 1.51s[0m
      Filtering reaction complex_430 (429/500)...
[Atoms → Molecules] Found 250 molecules.
      [31m✗ Missing goal molecules.[0m
        [31m✗ Missing molecule synthesis subproblem failed in 0.54s[0m
      Filtering reaction complex_431 (430/500)...
[Atoms → Molecules] Found 5 molecules.
      [32m✓ All goal molecules found.[0m
        [32m✓ Missing molecule synthesis subproblem passed in 0.01s[0m
      Filtering reaction complex_432 (431/500)...
[Atoms → Molecules] Found 8 molecules.
      [32m✓ All goal molecules found.[0m
        [32m✓ Missing molecule synthesis subproblem passed in 0.1s[0m
      Filtering reaction complex_433 (432/500)...
[Atoms → Molecules] Found 8 molecules.
      [32m✓ All goal molecules found.[0m
        [32m✓ Missing molecule synthesis subproblem passed in 0.01s[0m
      Filtering reaction complex_434 (433/500)...
[Atoms → Molecules] Found 8 molecules.
      [32m✓ All goal molecules found.[0m
        [32m✓ Missing molecule synthesis subproblem passed in 0.01s[0m
      Filtering reaction complex_435 (434/500)...
[Atoms → Molecules] Found 8 molecules.
      [32m✓ All goal molecules found.[0m
        [32m✓ Missing molecule synthesis subproblem passed in 0.01s[0m
      Filtering reaction complex_436 (435/500)...
[Atoms → Molecules] Found 5 molecules.
      [32m✓ All goal molecules found.[0m
        [32m✓ Missing molecule synthesis subproblem passed in 0.01s[0m
      Filtering reaction complex_437 (436/500)...
[Atoms → Molecules] Found 8 molecules.
      [32m✓ All goal molecules found.[0m
        [32m✓ Missing molecule synthesis subproblem passed in 0.01s[0m
      Filtering reaction complex_438 (437/500)...
[Atoms → Molecules] Found 8 molecules.
      [32m✓ All goal molecules found.[0m
        [32m✓ Missing molecule synthesis subproblem passed in 0.01s[0m
      Filtering reaction complex_439 (438/500)...
[Atoms → Molecules] Found 250 molecules.
      [31m✗ Missing goal molecules.[0m
        [31m✗ Missing molecule synthesis subproblem failed in 0.96s[0m
      Filtering reaction complex_440 (439/500)...
[Atoms → Molecules] Found 4 molecules.
      [32m✓ All goal molecules found.[0m
        [32m✓ Missing molecule synthesis subproblem passed in 0.01s[0m
      Filtering reaction complex_441 (440/500)...
[Atoms → Molecules] Found 250 molecules.
      [31m✗ Missing goal molecules.[0m
        [31m✗ Missing molecule synthesis subproblem failed in 0.56s[0m
      Filtering reaction complex_442 (441/500)...
[Atoms → Molecules] Found 250 molecules.
      [31m✗ Missing goal molecules.[0m
        [31m✗ Missing molecule synthesis subproblem failed in 1.32s[0m
      Filtering reaction complex_443 (442/500)...
[Atoms → Molecules] Found 250 molecules.
      [31m✗ Missing goal molecules.[0m
        [31m✗ Missing molecule synthesis subproblem failed in 0.62s[0m
      Filtering reaction complex_444 (443/500)...
[Atoms → Molecules] Found 1 molecules.
      [32m✓ All goal molecules found.[0m
        [32m✓ Missing molecule synthesis subproblem passed in 0.0s[0m
      Filtering reaction complex_445 (444/500)...
[Atoms → Molecules] Found 250 molecules.
      [31m✗ Missing goal molecules.[0m
        [31m✗ Missing molecule synthesis subproblem failed in 0.53s[0m
      Filtering reaction complex_446 (445/500)...
[Atoms → Molecules] Found 250 molecules.
      [31m✗ Missing goal molecules.[0m
        [31m✗ Missing molecule synthesis subproblem failed in 1.08s[0m
      Filtering reaction complex_447 (446/500)...
[Atoms → Molecules] Found 250 molecules.
      [31m✗ Missing goal molecules.[0m
        [31m✗ Missing molecule synthesis subproblem failed in 1.2s[0m
      Filtering reaction complex_448 (447/500)...
[Atoms → Molecules] Found 250 molecules.
      [31m✗ Missing goal molecules.[0m
        [31m✗ Missing molecule synthesis subproblem failed in 0.42s[0m
      Filtering reaction complex_449 (448/500)...
[Atoms → Molecules] Found 250 molecules.
      [31m✗ Missing goal molecules.[0m
        [31m✗ Missing molecule synthesis subproblem failed in 0.69s[0m
      Filtering reaction complex_450 (449/500)...
[Atoms → Molecules] Found 250 molecules.
      [31m✗ Missing goal molecules.[0m
        [31m✗ Missing molecule synthesis subproblem failed in 0.67s[0m
      Filtering reaction complex_451 (450/500)...
[Atoms → Molecules] Found 15 molecules.
      [32m✓ All goal molecules found.[0m
        [32m✓ Missing molecule synthesis subproblem passed in 0.02s[0m
      Filtering reaction complex_452 (451/500)...
[Atoms → Molecules] Found 250 molecules.
      [31m✗ Missing goal molecules.[0m
        [31m✗ Missing molecule synthesis subproblem failed in 0.47s[0m
      Filtering reaction complex_453 (452/500)...
[Atoms → Molecules] Found 250 molecules.
      [31m✗ Missing goal molecules.[0m
        [31m✗ Missing molecule synthesis subproblem failed in 0.58s[0m
      Filtering reaction complex_454 (453/500)...
[Atoms → Molecules] Found 250 molecules.
      [31m✗ Missing goal molecules.[0m
        [31m✗ Missing molecule synthesis subproblem failed in 1.45s[0m
      Filtering reaction complex_455 (454/500)...
[Atoms → Molecules] Found 6 molecules.
      [32m✓ All goal molecules found.[0m
        [32m✓ Missing molecule synthesis subproblem passed in 0.01s[0m
      Filtering reaction complex_456 (455/500)...
[Atoms → Molecules] Found 1 molecules.
      [32m✓ All goal molecules found.[0m
        [32m✓ Missing molecule synthesis subproblem passed in 0.0s[0m
      Filtering reaction complex_457 (456/500)...
[Atoms → Molecules] Found 250 molecules.
      [31m✗ Missing goal molecules.[0m
        [31m✗ Missing molecule synthesis subproblem failed in 1.54s[0m
      Filtering reaction complex_458 (457/500)...
[Atoms → Molecules] Found 250 molecules.
      [31m✗ Missing goal molecules.[0m
        [31m✗ Missing molecule synthesis subproblem failed in 1.44s[0m
      Filtering reaction complex_459 (458/500)...
[Atoms → Molecules] Found 8 molecules.
      [32m✓ All goal molecules found.[0m
        [32m✓ Missing molecule synthesis subproblem passed in 0.02s[0m
      Filtering reaction complex_460 (459/500)...
[Atoms → Molecules] Found 250 molecules.
      [31m✗ Missing goal molecules.[0m
        [31m✗ Missing molecule synthesis subproblem failed in 0.62s[0m
      Filtering reaction complex_461 (460/500)...
[Atoms → Molecules] Found 250 molecules.
      [31m✗ Missing goal molecules.[0m
        [31m✗ Missing molecule synthesis subproblem failed in 0.58s[0m
      Filtering reaction complex_462 (461/500)...
[Atoms → Molecules] Found 250 molecules.
      [31m✗ Missing goal molecules.[0m
        [31m✗ Missing molecule synthesis subproblem failed in 1.35s[0m
      Filtering reaction complex_463 (462/500)...
[Atoms → Molecules] Found 3 molecules.
      [32m✓ All goal molecules found.[0m
        [32m✓ Missing molecule synthesis subproblem passed in 0.01s[0m
      Filtering reaction complex_464 (463/500)...
[Atoms → Molecules] Found 8 molecules.
      [32m✓ All goal molecules found.[0m
        [32m✓ Missing molecule synthesis subproblem passed in 0.01s[0m
      Filtering reaction complex_465 (464/500)...
[Atoms → Molecules] Found 190 molecules.
      [32m✓ All goal molecules found.[0m
        [32m✓ Missing molecule synthesis subproblem passed in 3.45s[0m
      Filtering reaction complex_466 (465/500)...
[Atoms → Molecules] Found 250 molecules.
      [31m✗ Missing goal molecules.[0m
        [31m✗ Missing molecule synthesis subproblem failed in 0.14s[0m
      Filtering reaction complex_467 (466/500)...
[Atoms → Molecules] Found 250 molecules.
      [31m✗ Missing goal molecules.[0m
        [31m✗ Missing molecule synthesis subproblem failed in 0.84s[0m
      Filtering reaction complex_468 (467/500)...
[Atoms → Molecules] Found 14 molecules.
      [32m✓ All goal molecules found.[0m
        [32m✓ Missing molecule synthesis subproblem passed in 0.02s[0m
      Filtering reaction complex_469 (468/500)...
[Atoms → Molecules] Found 250 molecules.
      [31m✗ Missing goal molecules.[0m
        [31m✗ Missing molecule synthesis subproblem failed in 0.46s[0m
      Filtering reaction complex_470 (469/500)...
[Atoms → Molecules] Found 3 molecules.
      [32m✓ All goal molecules found.[0m
        [32m✓ Missing molecule synthesis subproblem passed in 0.01s[0m
      Filtering reaction complex_471 (470/500)...
[Atoms → Molecules] Found 243 molecules.
      [32m✓ All goal molecules found.[0m
        [32m✓ Missing molecule synthesis subproblem passed in 0.97s[0m
      Filtering reaction complex_472 (471/500)...
[Atoms → Molecules] Found 11 molecules.
      [32m✓ All goal molecules found.[0m
        [32m✓ Missing molecule synthesis subproblem passed in 0.01s[0m
      Filtering reaction complex_473 (472/500)...
[Atoms → Molecules] Found 29 molecules.
      [32m✓ All goal molecules found.[0m
        [32m✓ Missing molecule synthesis subproblem passed in 0.02s[0m
      Filtering reaction complex_474 (473/500)...
[Atoms → Molecules] Found 250 molecules.
      [31m✗ Missing goal molecules.[0m
        [31m✗ Missing molecule synthesis subproblem failed in 1.08s[0m
      Filtering reaction complex_475 (474/500)...
[Atoms → Molecules] Found 250 molecules.
      [31m✗ Missing goal molecules.[0m
        [31m✗ Missing molecule synthesis subproblem failed in 1.35s[0m
      Filtering reaction complex_476 (475/500)...
[Atoms → Molecules] Found 250 molecules.
      [31m✗ Missing goal molecules.[0m
        [31m✗ Missing molecule synthesis subproblem failed in 1.7s[0m
      Filtering reaction complex_477 (476/500)...
[Atoms → Molecules] Found 250 molecules.
      [31m✗ Missing goal molecules.[0m
        [31m✗ Missing molecule synthesis subproblem failed in 0.95s[0m
      Filtering reaction complex_478 (477/500)...
[Atoms → Molecules] Found 250 molecules.
      [31m✗ Missing goal molecules.[0m
        [31m✗ Missing molecule synthesis subproblem failed in 0.98s[0m
      Filtering reaction complex_479 (478/500)...
[Atoms → Molecules] Found 250 molecules.
      [31m✗ Missing goal molecules.[0m
        [31m✗ Missing molecule synthesis subproblem failed in 0.52s[0m
      Filtering reaction complex_480 (479/500)...
[Atoms → Molecules] Found 3 molecules.
      [32m✓ All goal molecules found.[0m
        [32m✓ Missing molecule synthesis subproblem passed in 0.0s[0m
      Filtering reaction complex_481 (480/500)...
[Atoms → Molecules] Found 2 molecules.
      [32m✓ All goal molecules found.[0m
        [32m✓ Missing molecule synthesis subproblem passed in 0.0s[0m
      Filtering reaction complex_482 (481/500)...
[Atoms → Molecules] Found 250 molecules.
      [31m✗ Missing goal molecules.[0m
        [31m✗ Missing molecule synthesis subproblem failed in 1.48s[0m
      Filtering reaction complex_483 (482/500)...
[Atoms → Molecules] Found 250 molecules.
      [31m✗ Missing goal molecules.[0m
        [31m✗ Missing molecule synthesis subproblem failed in 1.68s[0m
      Filtering reaction complex_484 (483/500)...
[Atoms → Molecules] Found 250 molecules.
      [31m✗ Missing goal molecules.[0m
        [31m✗ Missing molecule synthesis subproblem failed in 1.52s[0m
      Filtering reaction complex_485 (484/500)...
[Atoms → Molecules] Found 250 molecules.
      [31m✗ Missing goal molecules.[0m
        [31m✗ Missing molecule synthesis subproblem failed in 1.44s[0m
      Filtering reaction complex_486 (485/500)...
[Atoms → Molecules] Found 250 molecules.
      [31m✗ Missing goal molecules.[0m
        [31m✗ Missing molecule synthesis subproblem failed in 1.42s[0m
      Filtering reaction complex_487 (486/500)...
[Atoms → Molecules] Found 250 molecules.
      [31m✗ Missing goal molecules.[0m
        [31m✗ Missing molecule synthesis subproblem failed in 0.81s[0m
      Filtering reaction complex_488 (487/500)...
[Atoms → Molecules] Found 250 molecules.
      [31m✗ Missing goal molecules.[0m
        [31m✗ Missing molecule synthesis subproblem failed in 1.39s[0m
      Filtering reaction complex_489 (488/500)...
[Atoms → Molecules] Found 15 molecules.
      [32m✓ All goal molecules found.[0m
        [32m✓ Missing molecule synthesis subproblem passed in 0.01s[0m
      Filtering reaction complex_490 (489/500)...
[Atoms → Molecules] Found 3 molecules.
      [32m✓ All goal molecules found.[0m
        [32m✓ Missing molecule synthesis subproblem passed in 0.01s[0m
      Filtering reaction complex_491 (490/500)...
[Atoms → Molecules] Found 250 molecules.
      [31m✗ Missing goal molecules.[0m
        [31m✗ Missing molecule synthesis subproblem failed in 1.88s[0m
      Filtering reaction complex_492 (491/500)...
[Atoms → Molecules] Found 250 molecules.
      [31m✗ Missing goal molecules.[0m
        [31m✗ Missing molecule synthesis subproblem failed in 1.98s[0m
      Filtering reaction complex_493 (492/500)...
[Atoms → Molecules] Found 163 molecules.
      [32m✓ All goal molecules found.[0m
        [32m✓ Missing molecule synthesis subproblem passed in 0.29s[0m
      Filtering reaction complex_494 (493/500)...
[Atoms → Molecules] Found 250 molecules.
      [31m✗ Missing goal molecules.[0m
        [31m✗ Missing molecule synthesis subproblem failed in 2.43s[0m
      Filtering reaction complex_495 (494/500)...
[Atoms → Molecules] Found 38 molecules.
      [32m✓ All goal molecules found.[0m
        [32m✓ Missing molecule synthesis subproblem passed in 0.07s[0m
      Filtering reaction complex_496 (495/500)...
[Atoms → Molecules] Found 14 molecules.
      [32m✓ All goal molecules found.[0m
        [32m✓ Missing molecule synthesis subproblem passed in 0.02s[0m
      Filtering reaction complex_497 (496/500)...
[Atoms → Molecules] Found 250 molecules.
      [31m✗ Missing goal molecules.[0m
        [31m✗ Missing molecule synthesis subproblem failed in 0.41s[0m
      Filtering reaction complex_498 (497/500)...
[Atoms → Molecules] Found 3 molecules.
      [32m✓ All goal molecules found.[0m
        [32m✓ Missing molecule synthesis subproblem passed in 0.01s[0m
      Filtering reaction complex_499 (498/500)...
[Atoms → Molecules] Found 16 molecules.
      [32m✓ All goal molecules found.[0m
        [32m✓ Missing molecule synthesis subproblem passed in 0.02s[0m
      Filtering reaction complex_500 (499/500)...
[Atoms → Molecules] Found 17 molecules.
      [32m✓ All goal molecules found.[0m
        [32m✓ Missing molecule synthesis subproblem passed in 0.02s[0m
      Filtering reaction complex_501 (500/500)...
[Atoms → Molecules] Found 4 molecules.
      [32m✓ All goal molecules found.[0m
        [32m✓ Missing molecule synthesis subproblem passed in 0.01s[0m

  [1mSimilarity Metric: none[0m
      Evaluating reaction complex_1 (1/500)...
        [31m✗ Skipped reaction synthesis (missing molecule synthesis subproblem failed).[0m
      Evaluating reaction complex_2 (2/500)...
        [31m✗ Skipped reaction synthesis (missing molecule synthesis subproblem failed).[0m
      Evaluating reaction complex_3 (3/500)...
        [31m✗ Skipped reaction synthesis (missing molecule synthesis subproblem failed).[0m
      Evaluating reaction complex_4 (4/500)...
        [31m✗ Skipped reaction synthesis (missing molecule synthesis subproblem failed).[0m
      Evaluating reaction complex_5 (5/500)...
        [31m✗ Skipped reaction synthesis (missing molecule synthesis subproblem failed).[0m
      Evaluating reaction complex_6 (6/500)...
[Problem → Reactions] Found 2177 reactions, 250 molecules.
      [32m✓ All goal molecules found.[0m
      [32m✓ All goal reactions found.[0m
        [32m✓ Target reaction successfully synthesized in 3.83s![0m
      Evaluating reaction complex_7 (7/500)...
        [31m✗ Skipped reaction synthesis (missing molecule synthesis subproblem failed).[0m
      Evaluating reaction complex_8 (8/500)...
        [31m✗ Skipped reaction synthesis (missing molecule synthesis subproblem failed).[0m
      Evaluating reaction complex_9 (9/500)...
        [31m✗ Skipped reaction synthesis (missing molecule synthesis subproblem failed).[0m
      Evaluating reaction complex_10 (10/500)...
[Problem → Reactions] Found 950 reactions, 250 molecules.
      [32m✓ All goal molecules found.[0m
      [32m✓ All goal reactions found.[0m
        [32m✓ Target reaction successfully synthesized in 1.55s![0m
      Evaluating reaction complex_11 (11/500)...
        [31m✗ Skipped reaction synthesis (missing molecule synthesis subproblem failed).[0m
      Evaluating reaction complex_12 (12/500)...
        [31m✗ Skipped reaction synthesis (missing molecule synthesis subproblem failed).[0m
      Evaluating reaction complex_13 (13/500)...
        [31m✗ Skipped reaction synthesis (missing molecule synthesis subproblem failed).[0m
      Evaluating reaction complex_14 (14/500)...
[Problem → Reactions] Found 30000 reactions, 250 molecules.
      [32m✓ All goal molecules found.[0m
      [31m✗ Missing goal reactions.[0m
        [31m✗ Synthesis failed or timed out in 66.19s.[0m
      Evaluating reaction complex_15 (15/500)...
        [31m✗ Skipped reaction synthesis (missing molecule synthesis subproblem failed).[0m
      Evaluating reaction complex_16 (16/500)...
        [31m✗ Skipped reaction synthesis (missing molecule synthesis subproblem failed).[0m
      Evaluating reaction complex_17 (17/500)...
        [31m✗ Skipped reaction synthesis (missing molecule synthesis subproblem failed).[0m
      Evaluating reaction complex_18 (18/500)...
[Problem → Reactions] Found 30000 reactions, 250 molecules.
      [32m✓ All goal molecules found.[0m
      [31m✗ Missing goal reactions.[0m
        [31m✗ Synthesis failed or timed out in 86.85s.[0m
      Evaluating reaction complex_19 (19/500)...
        [31m✗ Skipped reaction synthesis (missing molecule synthesis subproblem failed).[0m
      Evaluating reaction complex_20 (20/500)...
        [31m✗ Skipped reaction synthesis (missing molecule synthesis subproblem failed).[0m
      Evaluating reaction complex_21 (21/500)...
        [31m✗ Skipped reaction synthesis (missing molecule synthesis subproblem failed).[0m
      Evaluating reaction complex_22 (22/500)...
        [31m✗ Skipped reaction synthesis (missing molecule synthesis subproblem failed).[0m
      Evaluating reaction complex_23 (23/500)...
        [31m✗ Skipped reaction synthesis (missing molecule synthesis subproblem failed).[0m
      Evaluating reaction complex_24 (24/500)...
[Problem → Reactions] Found 950 reactions, 250 molecules.
      [32m✓ All goal molecules found.[0m
      [32m✓ All goal reactions found.[0m
        [32m✓ Target reaction successfully synthesized in 1.44s![0m
      Evaluating reaction complex_25 (25/500)...
[Problem → Reactions] Found 30000 reactions, 250 molecules.
      [32m✓ All goal molecules found.[0m
      [31m✗ Missing goal reactions.[0m
        [31m✗ Synthesis failed or timed out in 69.7s.[0m
      Evaluating reaction complex_26 (26/500)...
        [31m✗ Skipped reaction synthesis (missing molecule synthesis subproblem failed).[0m
      Evaluating reaction complex_27 (27/500)...
[Problem → Reactions] Found 30000 reactions, 250 molecules.
      [32m✓ All goal molecules found.[0m
      [31m✗ Missing goal reactions.[0m
        [31m✗ Synthesis failed or timed out in 76.81s.[0m
      Evaluating reaction complex_28 (28/500)...
[Problem → Reactions] Found 30000 reactions, 250 molecules.
      [32m✓ All goal molecules found.[0m
      [31m✗ Missing goal reactions.[0m
        [31m✗ Synthesis failed or timed out in 78.68s.[0m
      Evaluating reaction complex_29 (29/500)...
[Problem → Reactions] Found 30000 reactions, 250 molecules.
      [32m✓ All goal molecules found.[0m
      [31m✗ Missing goal reactions.[0m
        [31m✗ Synthesis failed or timed out in 73.14s.[0m
      Evaluating reaction complex_30 (30/500)...
[Problem → Reactions] Found 2177 reactions, 250 molecules.
      [32m✓ All goal molecules found.[0m
      [32m✓ All goal reactions found.[0m
        [32m✓ Target reaction successfully synthesized in 4.34s![0m
      Evaluating reaction complex_31 (31/500)...
        [31m✗ Skipped reaction synthesis (missing molecule synthesis subproblem failed).[0m
      Evaluating reaction complex_32 (32/500)...
[Problem → Reactions] Found 30000 reactions, 250 molecules.
      [32m✓ All goal molecules found.[0m
      [31m✗ Missing goal reactions.[0m
        [31m✗ Synthesis failed or timed out in 93.65s.[0m
      Evaluating reaction complex_33 (33/500)...
[Problem → Reactions] Found 981 reactions, 250 molecules.
      [32m✓ All goal molecules found.[0m
      [32m✓ All goal reactions found.[0m
        [32m✓ Target reaction successfully synthesized in 2.22s![0m
      Evaluating reaction complex_34 (34/500)...
[Problem → Reactions] Found 30000 reactions, 250 molecules.
      [32m✓ All goal molecules found.[0m
      [31m✗ Missing goal reactions.[0m
        [31m✗ Synthesis failed or timed out in 71.67s.[0m
      Evaluating reaction complex_35 (35/500)...
[Problem → Reactions] Found 2145 reactions, 250 molecules.
      [32m✓ All goal molecules found.[0m
      [32m✓ All goal reactions found.[0m
        [32m✓ Target reaction successfully synthesized in 4.35s![0m
      Evaluating reaction complex_36 (36/500)...
[Problem → Reactions] Found 603 reactions, 250 molecules.
      [32m✓ All goal molecules found.[0m
      [32m✓ All goal reactions found.[0m
        [32m✓ Target reaction successfully synthesized in 0.8s![0m
      Evaluating reaction complex_37 (37/500)...
        [31m✗ Skipped reaction synthesis (missing molecule synthesis subproblem failed).[0m
      Evaluating reaction complex_38 (38/500)...
[Problem → Reactions] Found 2177 reactions, 250 molecules.
      [32m✓ All goal molecules found.[0m
      [32m✓ All goal reactions found.[0m
        [32m✓ Target reaction successfully synthesized in 3.66s![0m
      Evaluating reaction complex_39 (39/500)...
        [31m✗ Skipped reaction synthesis (missing molecule synthesis subproblem failed).[0m
      Evaluating reaction complex_40 (40/500)...
[Problem → Reactions] Found 365 reactions, 250 molecules.
      [32m✓ All goal molecules found.[0m
      [32m✓ All goal reactions found.[0m
        [32m✓ Target reaction successfully synthesized in 1.11s![0m
      Evaluating reaction complex_41 (41/500)...
        [31m✗ Skipped reaction synthesis (missing molecule synthesis subproblem failed).[0m
      Evaluating reaction complex_42 (42/500)...
        [31m✗ Skipped reaction synthesis (missing molecule synthesis subproblem failed).[0m
      Evaluating reaction complex_43 (43/500)...
[Problem → Reactions] Found 950 reactions, 250 molecules.
      [32m✓ All goal molecules found.[0m
      [32m✓ All goal reactions found.[0m
        [32m✓ Target reaction successfully synthesized in 1.93s![0m
      Evaluating reaction complex_44 (44/500)...
[Problem → Reactions] Found 939 reactions, 250 molecules.
      [32m✓ All goal molecules found.[0m
      [32m✓ All goal reactions found.[0m
        [32m✓ Target reaction successfully synthesized in 2.04s![0m
      Evaluating reaction complex_45 (45/500)...
        [31m✗ Skipped reaction synthesis (missing molecule synthesis subproblem failed).[0m
      Evaluating reaction complex_46 (46/500)...
        [31m✗ Skipped reaction synthesis (missing molecule synthesis subproblem failed).[0m
      Evaluating reaction complex_47 (47/500)...
        [31m✗ Skipped reaction synthesis (missing molecule synthesis subproblem failed).[0m
      Evaluating reaction complex_48 (48/500)...
        [31m✗ Skipped reaction synthesis (missing molecule synthesis subproblem failed).[0m
      Evaluating reaction complex_49 (49/500)...
[Problem → Reactions] Found 939 reactions, 250 molecules.
      [32m✓ All goal molecules found.[0m
      [32m✓ All goal reactions found.[0m
        [32m✓ Target reaction successfully synthesized in 1.75s![0m
      Evaluating reaction complex_50 (50/500)...
[Problem → Reactions] Found 2145 reactions, 250 molecules.
      [32m✓ All goal molecules found.[0m
      [32m✓ All goal reactions found.[0m
        [32m✓ Target reaction successfully synthesized in 4.25s![0m
      Evaluating reaction complex_51 (51/500)...
        [31m✗ Skipped reaction synthesis (missing molecule synthesis subproblem failed).[0m
      Evaluating reaction complex_52 (52/500)...
        [31m✗ Skipped reaction synthesis (missing molecule synthesis subproblem failed).[0m
      Evaluating reaction complex_53 (53/500)...
        [31m✗ Skipped reaction synthesis (missing molecule synthesis subproblem failed).[0m
      Evaluating reaction complex_54 (54/500)...
        [31m✗ Skipped reaction synthesis (missing molecule synthesis subproblem failed).[0m
      Evaluating reaction complex_55 (55/500)...
        [31m✗ Skipped reaction synthesis (missing molecule synthesis subproblem failed).[0m
      Evaluating reaction complex_56 (56/500)...
        [31m✗ Skipped reaction synthesis (missing molecule synthesis subproblem failed).[0m
      Evaluating reaction complex_57 (57/500)...
        [31m✗ Skipped reaction synthesis (missing molecule synthesis subproblem failed).[0m
      Evaluating reaction complex_58 (58/500)...
        [31m✗ Skipped reaction synthesis (missing molecule synthesis subproblem failed).[0m
      Evaluating reaction complex_59 (59/500)...
        [31m✗ Skipped reaction synthesis (missing molecule synthesis subproblem failed).[0m
      Evaluating reaction complex_60 (60/500)...
[Problem → Reactions] Found 5133 reactions, 250 molecules.
      [32m✓ All goal molecules found.[0m
      [32m✓ All goal reactions found.[0m
        [32m✓ Target reaction successfully synthesized in 5.33s![0m
      Evaluating reaction complex_61 (61/500)...
[Problem → Reactions] Found 5385 reactions, 250 molecules.
      [32m✓ All goal molecules found.[0m
      [32m✓ All goal reactions found.[0m
        [32m✓ Target reaction successfully synthesized in 8.04s![0m
      Evaluating reaction complex_62 (62/500)...
[Problem → Reactions] Found 30000 reactions, 250 molecules.
      [32m✓ All goal molecules found.[0m
      [31m✗ Missing goal reactions.[0m
        [31m✗ Synthesis failed or timed out in 81.2s.[0m
      Evaluating reaction complex_63 (63/500)...
[Problem → Reactions] Found 30000 reactions, 250 molecules.
      [32m✓ All goal molecules found.[0m
      [31m✗ Missing goal reactions.[0m
        [31m✗ Synthesis failed or timed out in 78.04s.[0m
      Evaluating reaction complex_64 (64/500)...
[Problem → Reactions] Found 30000 reactions, 250 molecules.
      [32m✓ All goal molecules found.[0m
      [31m✗ Missing goal reactions.[0m
        [31m✗ Synthesis failed or timed out in 83.99s.[0m
      Evaluating reaction complex_65 (65/500)...
[Problem → Reactions] Found 30000 reactions, 250 molecules.
      [32m✓ All goal molecules found.[0m
      [31m✗ Missing goal reactions.[0m
        [31m✗ Synthesis failed or timed out in 73.13s.[0m
      Evaluating reaction complex_66 (66/500)...
[Problem → Reactions] Found 30000 reactions, 250 molecules.
      [32m✓ All goal molecules found.[0m
      [31m✗ Missing goal reactions.[0m
        [31m✗ Synthesis failed or timed out in 85.15s.[0m
      Evaluating reaction complex_67 (67/500)...
[Problem → Reactions] Found 30000 reactions, 250 molecules.
      [32m✓ All goal molecules found.[0m
      [31m✗ Missing goal reactions.[0m
        [31m✗ Synthesis failed or timed out in 81.1s.[0m
      Evaluating reaction complex_68 (68/500)...
[Problem → Reactions] Found 30000 reactions, 250 molecules.
      [32m✓ All goal molecules found.[0m
      [31m✗ Missing goal reactions.[0m
        [31m✗ Synthesis failed or timed out in 72.88s.[0m
      Evaluating reaction complex_69 (69/500)...
        [31m✗ Skipped reaction synthesis (missing molecule synthesis subproblem failed).[0m
      Evaluating reaction complex_70 (70/500)...
[Problem → Reactions] Found 30000 reactions, 250 molecules.
      [32m✓ All goal molecules found.[0m
      [31m✗ Missing goal reactions.[0m
        [31m✗ Synthesis failed or timed out in 83.53s.[0m
      Evaluating reaction complex_71 (71/500)...
[Problem → Reactions] Found 30000 reactions, 250 molecules.
      [32m✓ All goal molecules found.[0m
      [31m✗ Missing goal reactions.[0m
        [31m✗ Synthesis failed or timed out in 75.24s.[0m
      Evaluating reaction complex_72 (72/500)...
[Problem → Reactions] Found 30000 reactions, 250 molecules.
      [32m✓ All goal molecules found.[0m
      [31m✗ Missing goal reactions.[0m
        [31m✗ Synthesis failed or timed out in 68.65s.[0m
      Evaluating reaction complex_73 (73/500)...
[Problem → Reactions] Found 30000 reactions, 250 molecules.
      [32m✓ All goal molecules found.[0m
      [31m✗ Missing goal reactions.[0m
        [31m✗ Synthesis failed or timed out in 76.04s.[0m
      Evaluating reaction complex_74 (74/500)...
[Problem → Reactions] Found 30000 reactions, 250 molecules.
      [32m✓ All goal molecules found.[0m
      [31m✗ Missing goal reactions.[0m
        [31m✗ Synthesis failed or timed out in 88.15s.[0m
      Evaluating reaction complex_75 (75/500)...
[Problem → Reactions] Found 30000 reactions, 250 molecules.
      [32m✓ All goal molecules found.[0m
      [31m✗ Missing goal reactions.[0m
        [31m✗ Synthesis failed or timed out in 77.66s.[0m
      Evaluating reaction complex_76 (76/500)...
        [31m✗ Skipped reaction synthesis (missing molecule synthesis subproblem failed).[0m
      Evaluating reaction complex_77 (77/500)...
[Problem → Reactions] Found 30000 reactions, 250 molecules.
      [32m✓ All goal molecules found.[0m
      [31m✗ Missing goal reactions.[0m
        [31m✗ Synthesis failed or timed out in 67.09s.[0m
      Evaluating reaction complex_78 (78/500)...
[Problem → Reactions] Found 30000 reactions, 250 molecules.
      [32m✓ All goal molecules found.[0m
      [31m✗ Missing goal reactions.[0m
        [31m✗ Synthesis failed or timed out in 69.8s.[0m
      Evaluating reaction complex_79 (79/500)...
[Problem → Reactions] Found 30000 reactions, 250 molecules.
      [32m✓ All goal molecules found.[0m
      [31m✗ Missing goal reactions.[0m
        [31m✗ Synthesis failed or timed out in 72.84s.[0m
      Evaluating reaction complex_80 (80/500)...
        [31m✗ Skipped reaction synthesis (missing molecule synthesis subproblem failed).[0m
      Evaluating reaction complex_81 (81/500)...
[Problem → Reactions] Found 30000 reactions, 250 molecules.
      [32m✓ All goal molecules found.[0m
      [31m✗ Missing goal reactions.[0m
        [31m✗ Synthesis failed or timed out in 86.82s.[0m
      Evaluating reaction complex_82 (82/500)...
[Problem → Reactions] Found 30000 reactions, 250 molecules.
      [32m✓ All goal molecules found.[0m
      [31m✗ Missing goal reactions.[0m
        [31m✗ Synthesis failed or timed out in 63.44s.[0m
      Evaluating reaction complex_83 (83/500)...
[Problem → Reactions] Found 30000 reactions, 250 molecules.
      [32m✓ All goal molecules found.[0m
      [31m✗ Missing goal reactions.[0m
        [31m✗ Synthesis failed or timed out in 64.53s.[0m
      Evaluating reaction complex_84 (84/500)...
        [31m✗ Skipped reaction synthesis (missing molecule synthesis subproblem failed).[0m
      Evaluating reaction complex_85 (85/500)...
[Problem → Reactions] Found 981 reactions, 250 molecules.
      [32m✓ All goal molecules found.[0m
      [32m✓ All goal reactions found.[0m
        [32m✓ Target reaction successfully synthesized in 2.26s![0m
      Evaluating reaction complex_86 (86/500)...
        [31m✗ Skipped reaction synthesis (missing molecule synthesis subproblem failed).[0m
      Evaluating reaction complex_87 (87/500)...
[Problem → Reactions] Found 30000 reactions, 250 molecules.
      [32m✓ All goal molecules found.[0m
      [31m✗ Missing goal reactions.[0m
        [31m✗ Synthesis failed or timed out in 88.72s.[0m
      Evaluating reaction complex_88 (88/500)...
[Problem → Reactions] Found 30000 reactions, 250 molecules.
      [32m✓ All goal molecules found.[0m
      [31m✗ Missing goal reactions.[0m
        [31m✗ Synthesis failed or timed out in 84.84s.[0m
      Evaluating reaction complex_89 (89/500)...
        [31m✗ Skipped reaction synthesis (missing molecule synthesis subproblem failed).[0m
      Evaluating reaction complex_90 (90/500)...
        [31m✗ Skipped reaction synthesis (missing molecule synthesis subproblem failed).[0m
      Evaluating reaction complex_91 (91/500)...
        [31m✗ Skipped reaction synthesis (missing molecule synthesis subproblem failed).[0m
      Evaluating reaction complex_92 (92/500)...
[Problem → Reactions] Found 30000 reactions, 250 molecules.
      [32m✓ All goal molecules found.[0m
      [31m✗ Missing goal reactions.[0m
        [31m✗ Synthesis failed or timed out in 102.19s.[0m
      Evaluating reaction complex_93 (93/500)...
[Problem → Reactions] Found 30000 reactions, 250 molecules.
      [32m✓ All goal molecules found.[0m
      [31m✗ Missing goal reactions.[0m
        [31m✗ Synthesis failed or timed out in 54.81s.[0m
      Evaluating reaction complex_94 (94/500)...
[Problem → Reactions] Found 30000 reactions, 250 molecules.
      [32m✓ All goal molecules found.[0m
      [31m✗ Missing goal reactions.[0m
        [31m✗ Synthesis failed or timed out in 71.78s.[0m
      Evaluating reaction complex_95 (95/500)...
[Problem → Reactions] Found 1989 reactions, 250 molecules.
      [32m✓ All goal molecules found.[0m
      [32m✓ All goal reactions found.[0m
        [32m✓ Target reaction successfully synthesized in 1.49s![0m
      Evaluating reaction complex_96 (96/500)...
[Problem → Reactions] Found 30000 reactions, 250 molecules.
      [32m✓ All goal molecules found.[0m
      [31m✗ Missing goal reactions.[0m
        [31m✗ Synthesis failed or timed out in 70.17s.[0m
      Evaluating reaction complex_97 (97/500)...
[Problem → Reactions] Found 30000 reactions, 250 molecules.
      [32m✓ All goal molecules found.[0m
      [31m✗ Missing goal reactions.[0m
        [31m✗ Synthesis failed or timed out in 61.04s.[0m
      Evaluating reaction complex_98 (98/500)...
[Problem → Reactions] Found 927 reactions, 250 molecules.
      [32m✓ All goal molecules found.[0m
      [32m✓ All goal reactions found.[0m
        [32m✓ Target reaction successfully synthesized in 1.28s![0m
      Evaluating reaction complex_99 (99/500)...
[Problem → Reactions] Found 939 reactions, 250 molecules.
      [32m✓ All goal molecules found.[0m
      [32m✓ All goal reactions found.[0m
        [32m✓ Target reaction successfully synthesized in 1.42s![0m
      Evaluating reaction complex_100 (100/500)...
[Problem → Reactions] Found 950 reactions, 250 molecules.
      [32m✓ All goal molecules found.[0m
      [32m✓ All goal reactions found.[0m
        [32m✓ Target reaction successfully synthesized in 1.36s![0m
      Evaluating reaction complex_101 (101/500)...
        [31m✗ Skipped reaction synthesis (missing molecule synthesis subproblem failed).[0m
      Evaluating reaction complex_102 (102/500)...
        [31m✗ Skipped reaction synthesis (missing molecule synthesis subproblem failed).[0m
      Evaluating reaction complex_103 (103/500)...
[Problem → Reactions] Found 2145 reactions, 250 molecules.
      [32m✓ All goal molecules found.[0m
      [32m✓ All goal reactions found.[0m
        [32m✓ Target reaction successfully synthesized in 3.46s![0m
      Evaluating reaction complex_104 (104/500)...
        [31m✗ Skipped reaction synthesis (missing molecule synthesis subproblem failed).[0m
      Evaluating reaction complex_105 (105/500)...
[Problem → Reactions] Found 941 reactions, 250 molecules.
      [32m✓ All goal molecules found.[0m
      [32m✓ All goal reactions found.[0m
        [32m✓ Target reaction successfully synthesized in 1.56s![0m
      Evaluating reaction complex_106 (106/500)...
        [31m✗ Skipped reaction synthesis (missing molecule synthesis subproblem failed).[0m
      Evaluating reaction complex_107 (107/500)...
[Problem → Reactions] Found 30000 reactions, 250 molecules.
      [32m✓ All goal molecules found.[0m
      [31m✗ Missing goal reactions.[0m
        [31m✗ Synthesis failed or timed out in 61.24s.[0m
      Evaluating reaction complex_108 (108/500)...
        [31m✗ Skipped reaction synthesis (missing molecule synthesis subproblem failed).[0m
      Evaluating reaction complex_109 (109/500)...
[Problem → Reactions] Found 30000 reactions, 250 molecules.
      [32m✓ All goal molecules found.[0m
      [31m✗ Missing goal reactions.[0m
        [31m✗ Synthesis failed or timed out in 53.37s.[0m
      Evaluating reaction complex_110 (110/500)...
        [31m✗ Skipped reaction synthesis (missing molecule synthesis subproblem failed).[0m
      Evaluating reaction complex_111 (111/500)...
        [31m✗ Skipped reaction synthesis (missing molecule synthesis subproblem failed).[0m
      Evaluating reaction complex_112 (112/500)...
        [31m✗ Skipped reaction synthesis (missing molecule synthesis subproblem failed).[0m
      Evaluating reaction complex_113 (113/500)...
        [31m✗ Skipped reaction synthesis (missing molecule synthesis subproblem failed).[0m
      Evaluating reaction complex_114 (114/500)...
        [31m✗ Skipped reaction synthesis (missing molecule synthesis subproblem failed).[0m
      Evaluating reaction complex_115 (115/500)...
        [31m✗ Skipped reaction synthesis (missing molecule synthesis subproblem failed).[0m
      Evaluating reaction complex_116 (116/500)...
[Problem → Reactions] Found 623 reactions, 250 molecules.
      [32m✓ All goal molecules found.[0m
      [32m✓ All goal reactions found.[0m
        [32m✓ Target reaction successfully synthesized in 0.92s![0m
      Evaluating reaction complex_117 (117/500)...
        [31m✗ Skipped reaction synthesis (missing molecule synthesis subproblem failed).[0m
      Evaluating reaction complex_118 (118/500)...
[Problem → Reactions] Found 927 reactions, 250 molecules.
      [32m✓ All goal molecules found.[0m
      [32m✓ All goal reactions found.[0m
        [32m✓ Target reaction successfully synthesized in 1.29s![0m
      Evaluating reaction complex_119 (119/500)...
        [31m✗ Skipped reaction synthesis (missing molecule synthesis subproblem failed).[0m
      Evaluating reaction complex_120 (120/500)...
        [31m✗ Skipped reaction synthesis (missing molecule synthesis subproblem failed).[0m
      Evaluating reaction complex_121 (121/500)...
[Problem → Reactions] Found 30000 reactions, 250 molecules.
      [32m✓ All goal molecules found.[0m
      [31m✗ Missing goal reactions.[0m
        [31m✗ Synthesis failed or timed out in 59.91s.[0m
      Evaluating reaction complex_122 (122/500)...
        [31m✗ Skipped reaction synthesis (missing molecule synthesis subproblem failed).[0m
      Evaluating reaction complex_123 (123/500)...
        [31m✗ Skipped reaction synthesis (missing molecule synthesis subproblem failed).[0m
      Evaluating reaction complex_124 (124/500)...
[Problem → Reactions] Found 621 reactions, 250 molecules.
      [32m✓ All goal molecules found.[0m
      [32m✓ All goal reactions found.[0m
        [32m✓ Target reaction successfully synthesized in 0.89s![0m
      Evaluating reaction complex_125 (125/500)...
        [31m✗ Skipped reaction synthesis (missing molecule synthesis subproblem failed).[0m
      Evaluating reaction complex_126 (126/500)...
        [31m✗ Skipped reaction synthesis (missing molecule synthesis subproblem failed).[0m
      Evaluating reaction complex_127 (127/500)...
        [31m✗ Skipped reaction synthesis (missing molecule synthesis subproblem failed).[0m
      Evaluating reaction complex_128 (128/500)...
[Problem → Reactions] Found 30000 reactions, 250 molecules.
      [32m✓ All goal molecules found.[0m
      [31m✗ Missing goal reactions.[0m
        [31m✗ Synthesis failed or timed out in 54.38s.[0m
      Evaluating reaction complex_129 (129/500)...
[Problem → Reactions] Found 30000 reactions, 250 molecules.
      [32m✓ All goal molecules found.[0m
      [31m✗ Missing goal reactions.[0m
        [31m✗ Synthesis failed or timed out in 65.27s.[0m
      Evaluating reaction complex_130 (130/500)...
[Problem → Reactions] Found 30000 reactions, 250 molecules.
      [32m✓ All goal molecules found.[0m
      [31m✗ Missing goal reactions.[0m
        [31m✗ Synthesis failed or timed out in 61.7s.[0m
      Evaluating reaction complex_131 (131/500)...
        [31m✗ Skipped reaction synthesis (missing molecule synthesis subproblem failed).[0m
      Evaluating reaction complex_132 (132/500)...
[Problem → Reactions] Found 914 reactions, 250 molecules.
      [32m✓ All goal molecules found.[0m
      [32m✓ All goal reactions found.[0m
        [32m✓ Target reaction successfully synthesized in 1.35s![0m
      Evaluating reaction complex_133 (133/500)...
        [31m✗ Skipped reaction synthesis (missing molecule synthesis subproblem failed).[0m
      Evaluating reaction complex_134 (134/500)...
        [31m✗ Skipped reaction synthesis (missing molecule synthesis subproblem failed).[0m
      Evaluating reaction complex_135 (135/500)...
        [31m✗ Skipped reaction synthesis (missing molecule synthesis subproblem failed).[0m
      Evaluating reaction complex_136 (136/500)...
        [31m✗ Skipped reaction synthesis (missing molecule synthesis subproblem failed).[0m
      Evaluating reaction complex_137 (137/500)...
        [31m✗ Skipped reaction synthesis (missing molecule synthesis subproblem failed).[0m
      Evaluating reaction complex_138 (138/500)...
        [31m✗ Skipped reaction synthesis (missing molecule synthesis subproblem failed).[0m
      Evaluating reaction complex_139 (139/500)...
[Problem → Reactions] Found 30000 reactions, 250 molecules.
      [32m✓ All goal molecules found.[0m
      [31m✗ Missing goal reactions.[0m
        [31m✗ Synthesis failed or timed out in 83.37s.[0m
      Evaluating reaction complex_140 (140/500)...
[Problem → Reactions] Found 30000 reactions, 250 molecules.
      [32m✓ All goal molecules found.[0m
      [31m✗ Missing goal reactions.[0m
        [31m✗ Synthesis failed or timed out in 75.51s.[0m
      Evaluating reaction complex_141 (141/500)...
        [31m✗ Skipped reaction synthesis (missing molecule synthesis subproblem failed).[0m
      Evaluating reaction complex_142 (142/500)...
        [31m✗ Skipped reaction synthesis (missing molecule synthesis subproblem failed).[0m
      Evaluating reaction complex_143 (143/500)...
        [31m✗ Skipped reaction synthesis (missing molecule synthesis subproblem failed).[0m
      Evaluating reaction complex_144 (144/500)...
        [31m✗ Skipped reaction synthesis (missing molecule synthesis subproblem failed).[0m
      Evaluating reaction complex_145 (145/500)...
        [31m✗ Skipped reaction synthesis (missing molecule synthesis subproblem failed).[0m
      Evaluating reaction complex_146 (146/500)...
        [31m✗ Skipped reaction synthesis (missing molecule synthesis subproblem failed).[0m
      Evaluating reaction complex_147 (147/500)...
[Problem → Reactions] Found 30000 reactions, 250 molecules.
      [32m✓ All goal molecules found.[0m
      [31m✗ Missing goal reactions.[0m
        [31m✗ Synthesis failed or timed out in 72.1s.[0m
      Evaluating reaction complex_148 (148/500)...
        [31m✗ Skipped reaction synthesis (missing molecule synthesis subproblem failed).[0m
      Evaluating reaction complex_149 (149/500)...
        [31m✗ Skipped reaction synthesis (missing molecule synthesis subproblem failed).[0m
      Evaluating reaction complex_150 (150/500)...
        [31m✗ Skipped reaction synthesis (missing molecule synthesis subproblem failed).[0m
      Evaluating reaction complex_151 (151/500)...
        [31m✗ Skipped reaction synthesis (missing molecule synthesis subproblem failed).[0m
      Evaluating reaction complex_152 (152/500)...
        [31m✗ Skipped reaction synthesis (missing molecule synthesis subproblem failed).[0m
      Evaluating reaction complex_153 (153/500)...
        [31m✗ Skipped reaction synthesis (missing molecule synthesis subproblem failed).[0m
      Evaluating reaction complex_154 (154/500)...
        [31m✗ Skipped reaction synthesis (missing molecule synthesis subproblem failed).[0m
      Evaluating reaction complex_155 (155/500)...
        [31m✗ Skipped reaction synthesis (missing molecule synthesis subproblem failed).[0m
      Evaluating reaction complex_156 (156/500)...
        [31m✗ Skipped reaction synthesis (missing molecule synthesis subproblem failed).[0m
      Evaluating reaction complex_157 (157/500)...
        [31m✗ Skipped reaction synthesis (missing molecule synthesis subproblem failed).[0m
      Evaluating reaction complex_158 (158/500)...
        [31m✗ Skipped reaction synthesis (missing molecule synthesis subproblem failed).[0m
      Evaluating reaction complex_159 (159/500)...
[Problem → Reactions] Found 30000 reactions, 250 molecules.
      [32m✓ All goal molecules found.[0m
      [31m✗ Missing goal reactions.[0m
        [31m✗ Synthesis failed or timed out in 63.9s.[0m
      Evaluating reaction complex_160 (160/500)...
        [31m✗ Skipped reaction synthesis (missing molecule synthesis subproblem failed).[0m
      Evaluating reaction complex_161 (161/500)...
[Problem → Reactions] Found 30000 reactions, 250 molecules.
      [32m✓ All goal molecules found.[0m
      [31m✗ Missing goal reactions.[0m
        [31m✗ Synthesis failed or timed out in 103.57s.[0m
      Evaluating reaction complex_162 (162/500)...
        [31m✗ Skipped reaction synthesis (missing molecule synthesis subproblem failed).[0m
      Evaluating reaction complex_164 (163/500)...
        [31m✗ Skipped reaction synthesis (missing molecule synthesis subproblem failed).[0m
      Evaluating reaction complex_165 (164/500)...
        [31m✗ Skipped reaction synthesis (missing molecule synthesis subproblem failed).[0m
      Evaluating reaction complex_166 (165/500)...
        [31m✗ Skipped reaction synthesis (missing molecule synthesis subproblem failed).[0m
      Evaluating reaction complex_167 (166/500)...
[Problem → Reactions] Found 621 reactions, 250 molecules.
      [32m✓ All goal molecules found.[0m
      [32m✓ All goal reactions found.[0m
        [32m✓ Target reaction successfully synthesized in 1.16s![0m
      Evaluating reaction complex_168 (167/500)...
        [31m✗ Skipped reaction synthesis (missing molecule synthesis subproblem failed).[0m
      Evaluating reaction complex_169 (168/500)...
        [31m✗ Skipped reaction synthesis (missing molecule synthesis subproblem failed).[0m
      Evaluating reaction complex_170 (169/500)...
        [31m✗ Skipped reaction synthesis (missing molecule synthesis subproblem failed).[0m
      Evaluating reaction complex_171 (170/500)...
        [31m✗ Skipped reaction synthesis (missing molecule synthesis subproblem failed).[0m
      Evaluating reaction complex_172 (171/500)...
        [31m✗ Skipped reaction synthesis (missing molecule synthesis subproblem failed).[0m
      Evaluating reaction complex_173 (172/500)...
        [31m✗ Skipped reaction synthesis (missing molecule synthesis subproblem failed).[0m
      Evaluating reaction complex_174 (173/500)...
        [31m✗ Skipped reaction synthesis (missing molecule synthesis subproblem failed).[0m
      Evaluating reaction complex_175 (174/500)...
        [31m✗ Skipped reaction synthesis (missing molecule synthesis subproblem failed).[0m
      Evaluating reaction complex_176 (175/500)...
        [31m✗ Skipped reaction synthesis (missing molecule synthesis subproblem failed).[0m
      Evaluating reaction complex_177 (176/500)...
        [31m✗ Skipped reaction synthesis (missing molecule synthesis subproblem failed).[0m
      Evaluating reaction complex_178 (177/500)...
        [31m✗ Skipped reaction synthesis (missing molecule synthesis subproblem failed).[0m
      Evaluating reaction complex_179 (178/500)...
        [31m✗ Skipped reaction synthesis (missing molecule synthesis subproblem failed).[0m
      Evaluating reaction complex_180 (179/500)...
[Problem → Reactions] Found 2054 reactions, 250 molecules.
      [32m✓ All goal molecules found.[0m
      [32m✓ All goal reactions found.[0m
        [32m✓ Target reaction successfully synthesized in 2.28s![0m
      Evaluating reaction complex_181 (180/500)...
[Problem → Reactions] Found 5142 reactions, 250 molecules.
      [32m✓ All goal molecules found.[0m
      [32m✓ All goal reactions found.[0m
        [32m✓ Target reaction successfully synthesized in 8.43s![0m
      Evaluating reaction complex_182 (181/500)...
        [31m✗ Skipped reaction synthesis (missing molecule synthesis subproblem failed).[0m
      Evaluating reaction complex_183 (182/500)...
[Problem → Reactions] Found 30000 reactions, 250 molecules.
      [32m✓ All goal molecules found.[0m
      [31m✗ Missing goal reactions.[0m
        [31m✗ Synthesis failed or timed out in 77.76s.[0m
      Evaluating reaction complex_184 (183/500)...
        [31m✗ Skipped reaction synthesis (missing molecule synthesis subproblem failed).[0m
      Evaluating reaction complex_185 (184/500)...
        [31m✗ Skipped reaction synthesis (missing molecule synthesis subproblem failed).[0m
      Evaluating reaction complex_186 (185/500)...
[Problem → Reactions] Found 2435 reactions, 250 molecules.
      [32m✓ All goal molecules found.[0m
      [32m✓ All goal reactions found.[0m
        [32m✓ Target reaction successfully synthesized in 5.53s![0m
      Evaluating reaction complex_187 (186/500)...
        [31m✗ Skipped reaction synthesis (missing molecule synthesis subproblem failed).[0m
      Evaluating reaction complex_188 (187/500)...
        [31m✗ Skipped reaction synthesis (missing molecule synthesis subproblem failed).[0m
      Evaluating reaction complex_189 (188/500)...
        [31m✗ Skipped reaction synthesis (missing molecule synthesis subproblem failed).[0m
      Evaluating reaction complex_190 (189/500)...
        [31m✗ Skipped reaction synthesis (missing molecule synthesis subproblem failed).[0m
      Evaluating reaction complex_191 (190/500)...
        [31m✗ Skipped reaction synthesis (missing molecule synthesis subproblem failed).[0m
      Evaluating reaction complex_192 (191/500)...
        [31m✗ Skipped reaction synthesis (missing molecule synthesis subproblem failed).[0m
      Evaluating reaction complex_193 (192/500)...
        [31m✗ Skipped reaction synthesis (missing molecule synthesis subproblem failed).[0m
      Evaluating reaction complex_194 (193/500)...
[Problem → Reactions] Found 5142 reactions, 250 molecules.
      [32m✓ All goal molecules found.[0m
      [32m✓ All goal reactions found.[0m
        [32m✓ Target reaction successfully synthesized in 10.6s![0m
      Evaluating reaction complex_195 (194/500)...
        [31m✗ Skipped reaction synthesis (missing molecule synthesis subproblem failed).[0m
      Evaluating reaction complex_196 (195/500)...
        [31m✗ Skipped reaction synthesis (missing molecule synthesis subproblem failed).[0m
      Evaluating reaction complex_197 (196/500)...
        [31m✗ Skipped reaction synthesis (missing molecule synthesis subproblem failed).[0m
      Evaluating reaction complex_198 (197/500)...
[Problem → Reactions] Found 2145 reactions, 250 molecules.
      [32m✓ All goal molecules found.[0m
      [32m✓ All goal reactions found.[0m
        [32m✓ Target reaction successfully synthesized in 6.6s![0m
      Evaluating reaction complex_199 (198/500)...
        [31m✗ Skipped reaction synthesis (missing molecule synthesis subproblem failed).[0m
      Evaluating reaction complex_200 (199/500)...
        [31m✗ Skipped reaction synthesis (missing molecule synthesis subproblem failed).[0m
      Evaluating reaction complex_201 (200/500)...
[Problem → Reactions] Found 30000 reactions, 250 molecules.
      [32m✓ All goal molecules found.[0m
      [31m✗ Missing goal reactions.[0m
        [31m✗ Synthesis failed or timed out in 77.67s.[0m
      Evaluating reaction complex_202 (201/500)...
        [31m✗ Skipped reaction synthesis (missing molecule synthesis subproblem failed).[0m
      Evaluating reaction complex_203 (202/500)...
        [31m✗ Skipped reaction synthesis (missing molecule synthesis subproblem failed).[0m
      Evaluating reaction complex_204 (203/500)...
        [31m✗ Skipped reaction synthesis (missing molecule synthesis subproblem failed).[0m
      Evaluating reaction complex_205 (204/500)...
        [31m✗ Skipped reaction synthesis (missing molecule synthesis subproblem failed).[0m
      Evaluating reaction complex_206 (205/500)...
        [31m✗ Skipped reaction synthesis (missing molecule synthesis subproblem failed).[0m
      Evaluating reaction complex_207 (206/500)...
        [31m✗ Skipped reaction synthesis (missing molecule synthesis subproblem failed).[0m
      Evaluating reaction complex_208 (207/500)...
        [31m✗ Skipped reaction synthesis (missing molecule synthesis subproblem failed).[0m
      Evaluating reaction complex_209 (208/500)...
        [31m✗ Skipped reaction synthesis (missing molecule synthesis subproblem failed).[0m
      Evaluating reaction complex_210 (209/500)...
        [31m✗ Skipped reaction synthesis (missing molecule synthesis subproblem failed).[0m
      Evaluating reaction complex_211 (210/500)...
        [31m✗ Skipped reaction synthesis (missing molecule synthesis subproblem failed).[0m
      Evaluating reaction complex_212 (211/500)...
        [31m✗ Skipped reaction synthesis (missing molecule synthesis subproblem failed).[0m
      Evaluating reaction complex_213 (212/500)...
        [31m✗ Skipped reaction synthesis (missing molecule synthesis subproblem failed).[0m
      Evaluating reaction complex_214 (213/500)...
        [31m✗ Skipped reaction synthesis (missing molecule synthesis subproblem failed).[0m
      Evaluating reaction complex_215 (214/500)...
        [31m✗ Skipped reaction synthesis (missing molecule synthesis subproblem failed).[0m
      Evaluating reaction complex_216 (215/500)...
[Problem → Reactions] Found 30000 reactions, 250 molecules.
      [32m✓ All goal molecules found.[0m
      [31m✗ Missing goal reactions.[0m
        [31m✗ Synthesis failed or timed out in 79.57s.[0m
      Evaluating reaction complex_217 (216/500)...
        [31m✗ Skipped reaction synthesis (missing molecule synthesis subproblem failed).[0m
      Evaluating reaction complex_218 (217/500)...
        [31m✗ Skipped reaction synthesis (missing molecule synthesis subproblem failed).[0m
      Evaluating reaction complex_219 (218/500)...
        [31m✗ Skipped reaction synthesis (missing molecule synthesis subproblem failed).[0m
      Evaluating reaction complex_220 (219/500)...
        [31m✗ Skipped reaction synthesis (missing molecule synthesis subproblem failed).[0m
      Evaluating reaction complex_221 (220/500)...
        [31m✗ Skipped reaction synthesis (missing molecule synthesis subproblem failed).[0m
      Evaluating reaction complex_222 (221/500)...
        [31m✗ Skipped reaction synthesis (missing molecule synthesis subproblem failed).[0m
      Evaluating reaction complex_223 (222/500)...
        [31m✗ Skipped reaction synthesis (missing molecule synthesis subproblem failed).[0m
      Evaluating reaction complex_224 (223/500)...
        [31m✗ Skipped reaction synthesis (missing molecule synthesis subproblem failed).[0m
      Evaluating reaction complex_225 (224/500)...
        [31m✗ Skipped reaction synthesis (missing molecule synthesis subproblem failed).[0m
      Evaluating reaction complex_226 (225/500)...
        [31m✗ Skipped reaction synthesis (missing molecule synthesis subproblem failed).[0m
      Evaluating reaction complex_227 (226/500)...
[Problem → Reactions] Found 593 reactions, 250 molecules.
      [32m✓ All goal molecules found.[0m
      [32m✓ All goal reactions found.[0m
        [32m✓ Target reaction successfully synthesized in 0.95s![0m
      Evaluating reaction complex_228 (227/500)...
        [31m✗ Skipped reaction synthesis (missing molecule synthesis subproblem failed).[0m
      Evaluating reaction complex_229 (228/500)...
        [31m✗ Skipped reaction synthesis (missing molecule synthesis subproblem failed).[0m
      Evaluating reaction complex_230 (229/500)...
        [31m✗ Skipped reaction synthesis (missing molecule synthesis subproblem failed).[0m
      Evaluating reaction complex_231 (230/500)...
        [31m✗ Skipped reaction synthesis (missing molecule synthesis subproblem failed).[0m
      Evaluating reaction complex_232 (231/500)...
        [31m✗ Skipped reaction synthesis (missing molecule synthesis subproblem failed).[0m
      Evaluating reaction complex_233 (232/500)...
        [31m✗ Skipped reaction synthesis (missing molecule synthesis subproblem failed).[0m
      Evaluating reaction complex_234 (233/500)...
        [31m✗ Skipped reaction synthesis (missing molecule synthesis subproblem failed).[0m
      Evaluating reaction complex_235 (234/500)...
        [31m✗ Skipped reaction synthesis (missing molecule synthesis subproblem failed).[0m
      Evaluating reaction complex_236 (235/500)...
        [31m✗ Skipped reaction synthesis (missing molecule synthesis subproblem failed).[0m
      Evaluating reaction complex_237 (236/500)...
        [31m✗ Skipped reaction synthesis (missing molecule synthesis subproblem failed).[0m
      Evaluating reaction complex_238 (237/500)...
[Problem → Reactions] Found 30000 reactions, 250 molecules.
      [32m✓ All goal molecules found.[0m
      [31m✗ Missing goal reactions.[0m
        [31m✗ Synthesis failed or timed out in 108.9s.[0m
      Evaluating reaction complex_239 (238/500)...
        [31m✗ Skipped reaction synthesis (missing molecule synthesis subproblem failed).[0m
      Evaluating reaction complex_240 (239/500)...
        [31m✗ Skipped reaction synthesis (missing molecule synthesis subproblem failed).[0m
      Evaluating reaction complex_241 (240/500)...
        [31m✗ Skipped reaction synthesis (missing molecule synthesis subproblem failed).[0m
      Evaluating reaction complex_242 (241/500)...
[Problem → Reactions] Found 624 reactions, 250 molecules.
      [32m✓ All goal molecules found.[0m
      [32m✓ All goal reactions found.[0m
        [32m✓ Target reaction successfully synthesized in 5.43s![0m
      Evaluating reaction complex_243 (242/500)...
        [31m✗ Skipped reaction synthesis (missing molecule synthesis subproblem failed).[0m
      Evaluating reaction complex_244 (243/500)...
        [31m✗ Skipped reaction synthesis (missing molecule synthesis subproblem failed).[0m
      Evaluating reaction complex_245 (244/500)...
        [31m✗ Skipped reaction synthesis (missing molecule synthesis subproblem failed).[0m
      Evaluating reaction complex_246 (245/500)...
        [31m✗ Skipped reaction synthesis (missing molecule synthesis subproblem failed).[0m
      Evaluating reaction complex_247 (246/500)...
        [31m✗ Skipped reaction synthesis (missing molecule synthesis subproblem failed).[0m
      Evaluating reaction complex_248 (247/500)...
        [31m✗ Skipped reaction synthesis (missing molecule synthesis subproblem failed).[0m
      Evaluating reaction complex_249 (248/500)...
        [31m✗ Skipped reaction synthesis (missing molecule synthesis subproblem failed).[0m
      Evaluating reaction complex_250 (249/500)...
        [31m✗ Skipped reaction synthesis (missing molecule synthesis subproblem failed).[0m
      Evaluating reaction complex_251 (250/500)...
        [31m✗ Skipped reaction synthesis (missing molecule synthesis subproblem failed).[0m
      Evaluating reaction complex_252 (251/500)...
[Problem → Reactions] Found 30000 reactions, 250 molecules.
      [32m✓ All goal molecules found.[0m
      [31m✗ Missing goal reactions.[0m
        [31m✗ Synthesis failed or timed out in 76.13s.[0m
      Evaluating reaction complex_253 (252/500)...
        [31m✗ Skipped reaction synthesis (missing molecule synthesis subproblem failed).[0m
      Evaluating reaction complex_254 (253/500)...
        [31m✗ Skipped reaction synthesis (missing molecule synthesis subproblem failed).[0m
      Evaluating reaction complex_255 (254/500)...
[Problem → Reactions] Found 30000 reactions, 250 molecules.
      [32m✓ All goal molecules found.[0m
      [31m✗ Missing goal reactions.[0m
        [31m✗ Synthesis failed or timed out in 107.92s.[0m
      Evaluating reaction complex_256 (255/500)...
[Problem → Reactions] Found 2036 reactions, 250 molecules.
      [32m✓ All goal molecules found.[0m
      [32m✓ All goal reactions found.[0m
        [32m✓ Target reaction successfully synthesized in 1.9s![0m
      Evaluating reaction complex_257 (256/500)...
        [31m✗ Skipped reaction synthesis (missing molecule synthesis subproblem failed).[0m
      Evaluating reaction complex_258 (257/500)...
[Problem → Reactions] Found 621 reactions, 250 molecules.
      [32m✓ All goal molecules found.[0m
      [32m✓ All goal reactions found.[0m
        [32m✓ Target reaction successfully synthesized in 1.02s![0m
      Evaluating reaction complex_259 (258/500)...
        [31m✗ Skipped reaction synthesis (missing molecule synthesis subproblem failed).[0m
      Evaluating reaction complex_260 (259/500)...
        [31m✗ Skipped reaction synthesis (missing molecule synthesis subproblem failed).[0m
      Evaluating reaction complex_261 (260/500)...
[Problem → Reactions] Found 30000 reactions, 250 molecules.
      [32m✓ All goal molecules found.[0m
      [31m✗ Missing goal reactions.[0m
        [31m✗ Synthesis failed or timed out in 83.27s.[0m
      Evaluating reaction complex_262 (261/500)...
        [31m✗ Skipped reaction synthesis (missing molecule synthesis subproblem failed).[0m
      Evaluating reaction complex_263 (262/500)...
        [31m✗ Skipped reaction synthesis (missing molecule synthesis subproblem failed).[0m
      Evaluating reaction complex_264 (263/500)...
        [31m✗ Skipped reaction synthesis (missing molecule synthesis subproblem failed).[0m
      Evaluating reaction complex_265 (264/500)...
        [31m✗ Skipped reaction synthesis (missing molecule synthesis subproblem failed).[0m
      Evaluating reaction complex_266 (265/500)...
        [31m✗ Skipped reaction synthesis (missing molecule synthesis subproblem failed).[0m
      Evaluating reaction complex_267 (266/500)...
[Problem → Reactions] Found 623 reactions, 250 molecules.
      [32m✓ All goal molecules found.[0m
      [32m✓ All goal reactions found.[0m
        [32m✓ Target reaction successfully synthesized in 0.98s![0m
      Evaluating reaction complex_268 (267/500)...
        [31m✗ Skipped reaction synthesis (missing molecule synthesis subproblem failed).[0m
      Evaluating reaction complex_269 (268/500)...
        [31m✗ Skipped reaction synthesis (missing molecule synthesis subproblem failed).[0m
      Evaluating reaction complex_270 (269/500)...
[Problem → Reactions] Found 5390 reactions, 250 molecules.
      [32m✓ All goal molecules found.[0m
      [32m✓ All goal reactions found.[0m
        [32m✓ Target reaction successfully synthesized in 7.26s![0m
      Evaluating reaction complex_271 (270/500)...
        [31m✗ Skipped reaction synthesis (missing molecule synthesis subproblem failed).[0m
      Evaluating reaction complex_272 (271/500)...
        [31m✗ Skipped reaction synthesis (missing molecule synthesis subproblem failed).[0m
      Evaluating reaction complex_273 (272/500)...
        [31m✗ Skipped reaction synthesis (missing molecule synthesis subproblem failed).[0m
      Evaluating reaction complex_274 (273/500)...
        [31m✗ Skipped reaction synthesis (missing molecule synthesis subproblem failed).[0m
      Evaluating reaction complex_275 (274/500)...
[Problem → Reactions] Found 30000 reactions, 250 molecules.
      [32m✓ All goal molecules found.[0m
      [31m✗ Missing goal reactions.[0m
        [31m✗ Synthesis failed or timed out in 117.81s.[0m
      Evaluating reaction complex_276 (275/500)...
[Problem → Reactions] Found 30000 reactions, 250 molecules.
      [32m✓ All goal molecules found.[0m
      [31m✗ Missing goal reactions.[0m
        [31m✗ Synthesis failed or timed out in 80.58s.[0m
      Evaluating reaction complex_277 (276/500)...
[Problem → Reactions] Found 30000 reactions, 250 molecules.
      [32m✓ All goal molecules found.[0m
      [31m✗ Missing goal reactions.[0m
        [31m✗ Synthesis failed or timed out in 69.29s.[0m
      Evaluating reaction complex_278 (277/500)...
[Problem → Reactions] Found 30000 reactions, 250 molecules.
      [32m✓ All goal molecules found.[0m
      [31m✗ Missing goal reactions.[0m
        [31m✗ Synthesis failed or timed out in 100.59s.[0m
      Evaluating reaction complex_279 (278/500)...
[Problem → Reactions] Found 30000 reactions, 250 molecules.
      [32m✓ All goal molecules found.[0m
      [31m✗ Missing goal reactions.[0m
        [31m✗ Synthesis failed or timed out in 90.39s.[0m
      Evaluating reaction complex_280 (279/500)...
[Problem → Reactions] Found 30000 reactions, 250 molecules.
      [32m✓ All goal molecules found.[0m
      [31m✗ Missing goal reactions.[0m
        [31m✗ Synthesis failed or timed out in 108.57s.[0m
      Evaluating reaction complex_281 (280/500)...
        [31m✗ Skipped reaction synthesis (missing molecule synthesis subproblem failed).[0m
      Evaluating reaction complex_282 (281/500)...
[Problem → Reactions] Found 30000 reactions, 250 molecules.
      [32m✓ All goal molecules found.[0m
      [31m✗ Missing goal reactions.[0m
        [31m✗ Synthesis failed or timed out in 89.89s.[0m
      Evaluating reaction complex_283 (282/500)...
[Problem → Reactions] Found 30000 reactions, 250 molecules.
      [32m✓ All goal molecules found.[0m
      [31m✗ Missing goal reactions.[0m
        [31m✗ Synthesis failed or timed out in 77.21s.[0m
      Evaluating reaction complex_284 (283/500)...
        [31m✗ Skipped reaction synthesis (missing molecule synthesis subproblem failed).[0m
      Evaluating reaction complex_285 (284/500)...
[Problem → Reactions] Found 30000 reactions, 250 molecules.
      [32m✓ All goal molecules found.[0m
      [31m✗ Missing goal reactions.[0m
        [31m✗ Synthesis failed or timed out in 71.86s.[0m
      Evaluating reaction complex_286 (285/500)...
[Problem → Reactions] Found 30000 reactions, 250 molecules.
      [32m✓ All goal molecules found.[0m
      [31m✗ Missing goal reactions.[0m
        [31m✗ Synthesis failed or timed out in 75.41s.[0m
      Evaluating reaction complex_287 (286/500)...
        [31m✗ Skipped reaction synthesis (missing molecule synthesis subproblem failed).[0m
      Evaluating reaction complex_288 (287/500)...
[Problem → Reactions] Found 30000 reactions, 250 molecules.
      [32m✓ All goal molecules found.[0m
      [31m✗ Missing goal reactions.[0m
        [31m✗ Synthesis failed or timed out in 78.3s.[0m
      Evaluating reaction complex_289 (288/500)...
[Problem → Reactions] Found 30000 reactions, 250 molecules.
      [32m✓ All goal molecules found.[0m
      [31m✗ Missing goal reactions.[0m
        [31m✗ Synthesis failed or timed out in 67.18s.[0m
      Evaluating reaction complex_290 (289/500)...
[Problem → Reactions] Found 30000 reactions, 250 molecules.
      [32m✓ All goal molecules found.[0m
      [31m✗ Missing goal reactions.[0m
        [31m✗ Synthesis failed or timed out in 69.55s.[0m
      Evaluating reaction complex_291 (290/500)...
[Problem → Reactions] Found 30000 reactions, 250 molecules.
      [32m✓ All goal molecules found.[0m
      [31m✗ Missing goal reactions.[0m
        [31m✗ Synthesis failed or timed out in 73.77s.[0m
      Evaluating reaction complex_292 (291/500)...
[Problem → Reactions] Found 30000 reactions, 250 molecules.
      [32m✓ All goal molecules found.[0m
      [31m✗ Missing goal reactions.[0m
        [31m✗ Synthesis failed or timed out in 68.75s.[0m
      Evaluating reaction complex_293 (292/500)...
[Problem → Reactions] Found 30000 reactions, 250 molecules.
      [32m✓ All goal molecules found.[0m
      [31m✗ Missing goal reactions.[0m
        [31m✗ Synthesis failed or timed out in 79.34s.[0m
      Evaluating reaction complex_294 (293/500)...
[Problem → Reactions] Found 30000 reactions, 250 molecules.
      [32m✓ All goal molecules found.[0m
      [31m✗ Missing goal reactions.[0m
        [31m✗ Synthesis failed or timed out in 68.55s.[0m
      Evaluating reaction complex_295 (294/500)...
[Problem → Reactions] Found 30000 reactions, 250 molecules.
      [32m✓ All goal molecules found.[0m
      [31m✗ Missing goal reactions.[0m
        [31m✗ Synthesis failed or timed out in 74.81s.[0m
      Evaluating reaction complex_296 (295/500)...
        [31m✗ Skipped reaction synthesis (missing molecule synthesis subproblem failed).[0m
      Evaluating reaction complex_297 (296/500)...
        [31m✗ Skipped reaction synthesis (missing molecule synthesis subproblem failed).[0m
      Evaluating reaction complex_298 (297/500)...
[Problem → Reactions] Found 30000 reactions, 250 molecules.
      [32m✓ All goal molecules found.[0m
      [31m✗ Missing goal reactions.[0m
        [31m✗ Synthesis failed or timed out in 90.12s.[0m
      Evaluating reaction complex_299 (298/500)...
[Problem → Reactions] Found 30000 reactions, 250 molecules.
      [32m✓ All goal molecules found.[0m
      [31m✗ Missing goal reactions.[0m
        [31m✗ Synthesis failed or timed out in 77.84s.[0m
      Evaluating reaction complex_300 (299/500)...
[Problem → Reactions] Found 30000 reactions, 250 molecules.
      [32m✓ All goal molecules found.[0m
      [31m✗ Missing goal reactions.[0m
        [31m✗ Synthesis failed or timed out in 77.38s.[0m
      Evaluating reaction complex_301 (300/500)...
[Problem → Reactions] Found 30000 reactions, 250 molecules.
      [32m✓ All goal molecules found.[0m
      [31m✗ Missing goal reactions.[0m
        [31m✗ Synthesis failed or timed out in 94.54s.[0m
      Evaluating reaction complex_302 (301/500)...
[Problem → Reactions] Found 30000 reactions, 250 molecules.
      [32m✓ All goal molecules found.[0m
      [31m✗ Missing goal reactions.[0m
        [31m✗ Synthesis failed or timed out in 97.93s.[0m
      Evaluating reaction complex_303 (302/500)...
        [31m✗ Skipped reaction synthesis (missing molecule synthesis subproblem failed).[0m
      Evaluating reaction complex_304 (303/500)...
[Problem → Reactions] Found 30000 reactions, 250 molecules.
      [32m✓ All goal molecules found.[0m
      [31m✗ Missing goal reactions.[0m
        [31m✗ Synthesis failed or timed out in 90.39s.[0m
      Evaluating reaction complex_305 (304/500)...
[Problem → Reactions] Found 30000 reactions, 250 molecules.
      [32m✓ All goal molecules found.[0m
      [31m✗ Missing goal reactions.[0m
        [31m✗ Synthesis failed or timed out in 105.61s.[0m
      Evaluating reaction complex_306 (305/500)...
[Problem → Reactions] Found 30000 reactions, 250 molecules.
      [32m✓ All goal molecules found.[0m
      [31m✗ Missing goal reactions.[0m
        [31m✗ Synthesis failed or timed out in 98.56s.[0m
      Evaluating reaction complex_307 (306/500)...
[Problem → Reactions] Found 30000 reactions, 250 molecules.
      [32m✓ All goal molecules found.[0m
      [31m✗ Missing goal reactions.[0m
        [31m✗ Synthesis failed or timed out in 90.71s.[0m
      Evaluating reaction complex_308 (307/500)...
[Problem → Reactions] Found 30000 reactions, 250 molecules.
      [32m✓ All goal molecules found.[0m
      [31m✗ Missing goal reactions.[0m
        [31m✗ Synthesis failed or timed out in 108.08s.[0m
      Evaluating reaction complex_309 (308/500)...
[Problem → Reactions] Found 30000 reactions, 250 molecules.
      [32m✓ All goal molecules found.[0m
      [31m✗ Missing goal reactions.[0m
        [31m✗ Synthesis failed or timed out in 82.01s.[0m
      Evaluating reaction complex_310 (309/500)...
        [31m✗ Skipped reaction synthesis (missing molecule synthesis subproblem failed).[0m
      Evaluating reaction complex_311 (310/500)...
        [31m✗ Skipped reaction synthesis (missing molecule synthesis subproblem failed).[0m
      Evaluating reaction complex_312 (311/500)...
[Problem → Reactions] Found 30000 reactions, 250 molecules.
      [32m✓ All goal molecules found.[0m
      [31m✗ Missing goal reactions.[0m
        [31m✗ Synthesis failed or timed out in 105.59s.[0m
      Evaluating reaction complex_313 (312/500)...
[Problem → Reactions] Found 30000 reactions, 250 molecules.
      [32m✓ All goal molecules found.[0m
      [31m✗ Missing goal reactions.[0m
        [31m✗ Synthesis failed or timed out in 90.05s.[0m
      Evaluating reaction complex_314 (313/500)...
[Problem → Reactions] Found 30000 reactions, 250 molecules.
      [32m✓ All goal molecules found.[0m
      [31m✗ Missing goal reactions.[0m
        [31m✗ Synthesis failed or timed out in 80.22s.[0m
      Evaluating reaction complex_315 (314/500)...
[Problem → Reactions] Found 30000 reactions, 250 molecules.
      [32m✓ All goal molecules found.[0m
      [31m✗ Missing goal reactions.[0m
        [31m✗ Synthesis failed or timed out in 73.7s.[0m
      Evaluating reaction complex_316 (315/500)...
[Problem → Reactions] Found 30000 reactions, 250 molecules.
      [32m✓ All goal molecules found.[0m
      [31m✗ Missing goal reactions.[0m
        [31m✗ Synthesis failed or timed out in 77.22s.[0m
      Evaluating reaction complex_317 (316/500)...
[Problem → Reactions] Found 30000 reactions, 250 molecules.
      [32m✓ All goal molecules found.[0m
      [31m✗ Missing goal reactions.[0m
        [31m✗ Synthesis failed or timed out in 66.11s.[0m
      Evaluating reaction complex_318 (317/500)...
[Problem → Reactions] Found 30000 reactions, 250 molecules.
      [32m✓ All goal molecules found.[0m
      [31m✗ Missing goal reactions.[0m
        [31m✗ Synthesis failed or timed out in 67.59s.[0m
      Evaluating reaction complex_319 (318/500)...
[Problem → Reactions] Found 30000 reactions, 250 molecules.
      [32m✓ All goal molecules found.[0m
      [31m✗ Missing goal reactions.[0m
        [31m✗ Synthesis failed or timed out in 69.97s.[0m
      Evaluating reaction complex_320 (319/500)...
[Problem → Reactions] Found 30000 reactions, 250 molecules.
      [32m✓ All goal molecules found.[0m
      [31m✗ Missing goal reactions.[0m
        [31m✗ Synthesis failed or timed out in 67.24s.[0m
      Evaluating reaction complex_321 (320/500)...
[Problem → Reactions] Found 30000 reactions, 250 molecules.
      [32m✓ All goal molecules found.[0m
      [31m✗ Missing goal reactions.[0m
        [31m✗ Synthesis failed or timed out in 84.6s.[0m
      Evaluating reaction complex_322 (321/500)...
[Problem → Reactions] Found 30000 reactions, 250 molecules.
      [32m✓ All goal molecules found.[0m
      [31m✗ Missing goal reactions.[0m
        [31m✗ Synthesis failed or timed out in 71.76s.[0m
      Evaluating reaction complex_323 (322/500)...
[Problem → Reactions] Found 30000 reactions, 250 molecules.
      [32m✓ All goal molecules found.[0m
      [31m✗ Missing goal reactions.[0m
        [31m✗ Synthesis failed or timed out in 63.22s.[0m
      Evaluating reaction complex_324 (323/500)...
[Problem → Reactions] Found 30000 reactions, 250 molecules.
      [32m✓ All goal molecules found.[0m
      [31m✗ Missing goal reactions.[0m
        [31m✗ Synthesis failed or timed out in 67.89s.[0m
      Evaluating reaction complex_325 (324/500)...
[Problem → Reactions] Found 30000 reactions, 250 molecules.
      [32m✓ All goal molecules found.[0m
      [31m✗ Missing goal reactions.[0m
        [31m✗ Synthesis failed or timed out in 61.52s.[0m
      Evaluating reaction complex_326 (325/500)...
[Problem → Reactions] Found 30000 reactions, 250 molecules.
      [32m✓ All goal molecules found.[0m
      [31m✗ Missing goal reactions.[0m
        [31m✗ Synthesis failed or timed out in 60.64s.[0m
      Evaluating reaction complex_327 (326/500)...
[Problem → Reactions] Found 30000 reactions, 250 molecules.
      [32m✓ All goal molecules found.[0m
      [31m✗ Missing goal reactions.[0m
        [31m✗ Synthesis failed or timed out in 67.73s.[0m
      Evaluating reaction complex_328 (327/500)...
[Problem → Reactions] Found 30000 reactions, 250 molecules.
      [32m✓ All goal molecules found.[0m
      [31m✗ Missing goal reactions.[0m
        [31m✗ Synthesis failed or timed out in 77.18s.[0m
      Evaluating reaction complex_329 (328/500)...
[Problem → Reactions] Found 30000 reactions, 250 molecules.
      [32m✓ All goal molecules found.[0m
      [31m✗ Missing goal reactions.[0m
        [31m✗ Synthesis failed or timed out in 63.99s.[0m
      Evaluating reaction complex_330 (329/500)...
[Problem → Reactions] Found 30000 reactions, 250 molecules.
      [32m✓ All goal molecules found.[0m
      [31m✗ Missing goal reactions.[0m
        [31m✗ Synthesis failed or timed out in 71.25s.[0m
      Evaluating reaction complex_331 (330/500)...
[Problem → Reactions] Found 30000 reactions, 250 molecules.
      [32m✓ All goal molecules found.[0m
      [31m✗ Missing goal reactions.[0m
        [31m✗ Synthesis failed or timed out in 69.29s.[0m
      Evaluating reaction complex_332 (331/500)...
        [31m✗ Skipped reaction synthesis (missing molecule synthesis subproblem failed).[0m
      Evaluating reaction complex_333 (332/500)...
        [31m✗ Skipped reaction synthesis (missing molecule synthesis subproblem failed).[0m
      Evaluating reaction complex_334 (333/500)...
[Problem → Reactions] Found 30000 reactions, 250 molecules.
      [32m✓ All goal molecules found.[0m
      [31m✗ Missing goal reactions.[0m
        [31m✗ Synthesis failed or timed out in 69.94s.[0m
      Evaluating reaction complex_335 (334/500)...
[Problem → Reactions] Found 30000 reactions, 250 molecules.
      [32m✓ All goal molecules found.[0m
      [31m✗ Missing goal reactions.[0m
        [31m✗ Synthesis failed or timed out in 53.1s.[0m
      Evaluating reaction complex_336 (335/500)...
[Problem → Reactions] Found 30000 reactions, 250 molecules.
      [32m✓ All goal molecules found.[0m
      [31m✗ Missing goal reactions.[0m
        [31m✗ Synthesis failed or timed out in 71.75s.[0m
      Evaluating reaction complex_337 (336/500)...
[Problem → Reactions] Found 30000 reactions, 250 molecules.
      [32m✓ All goal molecules found.[0m
      [31m✗ Missing goal reactions.[0m
        [31m✗ Synthesis failed or timed out in 68.42s.[0m
      Evaluating reaction complex_338 (337/500)...
[Problem → Reactions] Found 30000 reactions, 250 molecules.
      [32m✓ All goal molecules found.[0m
      [31m✗ Missing goal reactions.[0m
        [31m✗ Synthesis failed or timed out in 63.02s.[0m
      Evaluating reaction complex_339 (338/500)...
[Problem → Reactions] Found 30000 reactions, 250 molecules.
      [32m✓ All goal molecules found.[0m
      [31m✗ Missing goal reactions.[0m
        [31m✗ Synthesis failed or timed out in 81.79s.[0m
      Evaluating reaction complex_340 (339/500)...
[Problem → Reactions] Found 30000 reactions, 250 molecules.
      [32m✓ All goal molecules found.[0m
      [31m✗ Missing goal reactions.[0m
        [31m✗ Synthesis failed or timed out in 66.37s.[0m
      Evaluating reaction complex_341 (340/500)...
[Problem → Reactions] Found 30000 reactions, 250 molecules.
      [32m✓ All goal molecules found.[0m
      [31m✗ Missing goal reactions.[0m
        [31m✗ Synthesis failed or timed out in 62.53s.[0m
      Evaluating reaction complex_342 (341/500)...
[Problem → Reactions] Found 30000 reactions, 250 molecules.
      [32m✓ All goal molecules found.[0m
      [31m✗ Missing goal reactions.[0m
        [31m✗ Synthesis failed or timed out in 55.03s.[0m
      Evaluating reaction complex_343 (342/500)...
        [31m✗ Skipped reaction synthesis (missing molecule synthesis subproblem failed).[0m
      Evaluating reaction complex_344 (343/500)...
        [31m✗ Skipped reaction synthesis (missing molecule synthesis subproblem failed).[0m
      Evaluating reaction complex_345 (344/500)...
        [31m✗ Skipped reaction synthesis (missing molecule synthesis subproblem failed).[0m
      Evaluating reaction complex_346 (345/500)...
[Problem → Reactions] Found 30000 reactions, 250 molecules.
      [32m✓ All goal molecules found.[0m
      [31m✗ Missing goal reactions.[0m
        [31m✗ Synthesis failed or timed out in 51.71s.[0m
      Evaluating reaction complex_347 (346/500)...
[Problem → Reactions] Found 30000 reactions, 250 molecules.
      [32m✓ All goal molecules found.[0m
      [31m✗ Missing goal reactions.[0m
        [31m✗ Synthesis failed or timed out in 70.81s.[0m
      Evaluating reaction complex_348 (347/500)...
[Problem → Reactions] Found 30000 reactions, 250 molecules.
      [32m✓ All goal molecules found.[0m
      [31m✗ Missing goal reactions.[0m
        [31m✗ Synthesis failed or timed out in 56.5s.[0m
      Evaluating reaction complex_349 (348/500)...
[Problem → Reactions] Found 30000 reactions, 250 molecules.
      [32m✓ All goal molecules found.[0m
      [31m✗ Missing goal reactions.[0m
        [31m✗ Synthesis failed or timed out in 65.1s.[0m
      Evaluating reaction complex_350 (349/500)...
[Problem → Reactions] Found 30000 reactions, 250 molecules.
      [32m✓ All goal molecules found.[0m
      [31m✗ Missing goal reactions.[0m
        [31m✗ Synthesis failed or timed out in 62.45s.[0m
      Evaluating reaction complex_351 (350/500)...
[Problem → Reactions] Found 30000 reactions, 250 molecules.
      [32m✓ All goal molecules found.[0m
      [31m✗ Missing goal reactions.[0m
        [31m✗ Synthesis failed or timed out in 68.28s.[0m
      Evaluating reaction complex_352 (351/500)...
        [31m✗ Skipped reaction synthesis (missing molecule synthesis subproblem failed).[0m
      Evaluating reaction complex_353 (352/500)...
        [31m✗ Skipped reaction synthesis (missing molecule synthesis subproblem failed).[0m
      Evaluating reaction complex_354 (353/500)...
        [31m✗ Skipped reaction synthesis (missing molecule synthesis subproblem failed).[0m
      Evaluating reaction complex_355 (354/500)...
        [31m✗ Skipped reaction synthesis (missing molecule synthesis subproblem failed).[0m
      Evaluating reaction complex_356 (355/500)...
        [31m✗ Skipped reaction synthesis (missing molecule synthesis subproblem failed).[0m
      Evaluating reaction complex_357 (356/500)...
        [31m✗ Skipped reaction synthesis (missing molecule synthesis subproblem failed).[0m
      Evaluating reaction complex_358 (357/500)...
        [31m✗ Skipped reaction synthesis (missing molecule synthesis subproblem failed).[0m
      Evaluating reaction complex_359 (358/500)...
[Problem → Reactions] Found 30000 reactions, 250 molecules.
      [32m✓ All goal molecules found.[0m
      [31m✗ Missing goal reactions.[0m
        [31m✗ Synthesis failed or timed out in 51.39s.[0m
      Evaluating reaction complex_360 (359/500)...
[Problem → Reactions] Found 30000 reactions, 250 molecules.
      [32m✓ All goal molecules found.[0m
      [31m✗ Missing goal reactions.[0m
        [31m✗ Synthesis failed or timed out in 58.19s.[0m
      Evaluating reaction complex_361 (360/500)...
        [31m✗ Skipped reaction synthesis (missing molecule synthesis subproblem failed).[0m
      Evaluating reaction complex_362 (361/500)...
        [31m✗ Skipped reaction synthesis (missing molecule synthesis subproblem failed).[0m
      Evaluating reaction complex_363 (362/500)...
        [31m✗ Skipped reaction synthesis (missing molecule synthesis subproblem failed).[0m
      Evaluating reaction complex_364 (363/500)...
        [31m✗ Skipped reaction synthesis (missing molecule synthesis subproblem failed).[0m
      Evaluating reaction complex_365 (364/500)...
        [31m✗ Skipped reaction synthesis (missing molecule synthesis subproblem failed).[0m
      Evaluating reaction complex_366 (365/500)...
        [31m✗ Skipped reaction synthesis (missing molecule synthesis subproblem failed).[0m
      Evaluating reaction complex_367 (366/500)...
[Problem → Reactions] Found 30000 reactions, 250 molecules.
      [32m✓ All goal molecules found.[0m
      [31m✗ Missing goal reactions.[0m
        [31m✗ Synthesis failed or timed out in 56.03s.[0m
      Evaluating reaction complex_368 (367/500)...
        [31m✗ Skipped reaction synthesis (missing molecule synthesis subproblem failed).[0m
      Evaluating reaction complex_369 (368/500)...
[Problem → Reactions] Found 30000 reactions, 250 molecules.
      [32m✓ All goal molecules found.[0m
      [31m✗ Missing goal reactions.[0m
        [31m✗ Synthesis failed or timed out in 64.5s.[0m
      Evaluating reaction complex_370 (369/500)...
[Problem → Reactions] Found 30000 reactions, 250 molecules.
      [32m✓ All goal molecules found.[0m
      [31m✗ Missing goal reactions.[0m
        [31m✗ Synthesis failed or timed out in 58.87s.[0m
      Evaluating reaction complex_371 (370/500)...
[Problem → Reactions] Found 30000 reactions, 250 molecules.
      [32m✓ All goal molecules found.[0m
      [31m✗ Missing goal reactions.[0m
        [31m✗ Synthesis failed or timed out in 62.08s.[0m
      Evaluating reaction complex_372 (371/500)...
        [31m✗ Skipped reaction synthesis (missing molecule synthesis subproblem failed).[0m
      Evaluating reaction complex_373 (372/500)...
[Problem → Reactions] Found 30000 reactions, 250 molecules.
      [32m✓ All goal molecules found.[0m
      [31m✗ Missing goal reactions.[0m
        [31m✗ Synthesis failed or timed out in 57.63s.[0m
      Evaluating reaction complex_374 (373/500)...
[Problem → Reactions] Found 30000 reactions, 250 molecules.
      [32m✓ All goal molecules found.[0m
      [31m✗ Missing goal reactions.[0m
        [31m✗ Synthesis failed or timed out in 57.77s.[0m
      Evaluating reaction complex_375 (374/500)...
[Problem → Reactions] Found 30000 reactions, 250 molecules.
      [32m✓ All goal molecules found.[0m
      [31m✗ Missing goal reactions.[0m
        [31m✗ Synthesis failed or timed out in 62.44s.[0m
      Evaluating reaction complex_376 (375/500)...
        [31m✗ Skipped reaction synthesis (missing molecule synthesis subproblem failed).[0m
      Evaluating reaction complex_377 (376/500)...
        [31m✗ Skipped reaction synthesis (missing molecule synthesis subproblem failed).[0m
      Evaluating reaction complex_378 (377/500)...
[Problem → Reactions] Found 30000 reactions, 250 molecules.
      [32m✓ All goal molecules found.[0m
      [31m✗ Missing goal reactions.[0m
        [31m✗ Synthesis failed or timed out in 55.09s.[0m
      Evaluating reaction complex_379 (378/500)...
        [31m✗ Skipped reaction synthesis (missing molecule synthesis subproblem failed).[0m
      Evaluating reaction complex_380 (379/500)...
[Problem → Reactions] Found 30000 reactions, 250 molecules.
      [32m✓ All goal molecules found.[0m
      [31m✗ Missing goal reactions.[0m
        [31m✗ Synthesis failed or timed out in 61.87s.[0m
      Evaluating reaction complex_381 (380/500)...
        [31m✗ Skipped reaction synthesis (missing molecule synthesis subproblem failed).[0m
      Evaluating reaction complex_382 (381/500)...
        [31m✗ Skipped reaction synthesis (missing molecule synthesis subproblem failed).[0m
      Evaluating reaction complex_383 (382/500)...
        [31m✗ Skipped reaction synthesis (missing molecule synthesis subproblem failed).[0m
      Evaluating reaction complex_384 (383/500)...
[Problem → Reactions] Found 30000 reactions, 250 molecules.
      [32m✓ All goal molecules found.[0m
      [31m✗ Missing goal reactions.[0m
        [31m✗ Synthesis failed or timed out in 67.75s.[0m
      Evaluating reaction complex_385 (384/500)...
[Problem → Reactions] Found 30000 reactions, 250 molecules.
      [32m✓ All goal molecules found.[0m
      [31m✗ Missing goal reactions.[0m
        [31m✗ Synthesis failed or timed out in 62.78s.[0m
      Evaluating reaction complex_386 (385/500)...
[Problem → Reactions] Found 30000 reactions, 250 molecules.
      [32m✓ All goal molecules found.[0m
      [31m✗ Missing goal reactions.[0m
        [31m✗ Synthesis failed or timed out in 57.11s.[0m
      Evaluating reaction complex_387 (386/500)...
        [31m✗ Skipped reaction synthesis (missing molecule synthesis subproblem failed).[0m
      Evaluating reaction complex_388 (387/500)...
[Problem → Reactions] Found 30000 reactions, 250 molecules.
      [32m✓ All goal molecules found.[0m
      [31m✗ Missing goal reactions.[0m
        [31m✗ Synthesis failed or timed out in 54.26s.[0m
      Evaluating reaction complex_389 (388/500)...
[Problem → Reactions] Found 30000 reactions, 250 molecules.
      [32m✓ All goal molecules found.[0m
      [31m✗ Missing goal reactions.[0m
        [31m✗ Synthesis failed or timed out in 56.43s.[0m
      Evaluating reaction complex_390 (389/500)...
[Problem → Reactions] Found 30000 reactions, 250 molecules.
      [32m✓ All goal molecules found.[0m
      [31m✗ Missing goal reactions.[0m
        [31m✗ Synthesis failed or timed out in 55.33s.[0m
      Evaluating reaction complex_391 (390/500)...
[Problem → Reactions] Found 30000 reactions, 250 molecules.
      [32m✓ All goal molecules found.[0m
      [31m✗ Missing goal reactions.[0m
        [31m✗ Synthesis failed or timed out in 55.62s.[0m
      Evaluating reaction complex_392 (391/500)...
[Problem → Reactions] Found 30000 reactions, 250 molecules.
      [32m✓ All goal molecules found.[0m
      [31m✗ Missing goal reactions.[0m
        [31m✗ Synthesis failed or timed out in 62.92s.[0m
      Evaluating reaction complex_393 (392/500)...
        [31m✗ Skipped reaction synthesis (missing molecule synthesis subproblem failed).[0m
      Evaluating reaction complex_394 (393/500)...
        [31m✗ Skipped reaction synthesis (missing molecule synthesis subproblem failed).[0m
      Evaluating reaction complex_395 (394/500)...
        [31m✗ Skipped reaction synthesis (missing molecule synthesis subproblem failed).[0m
      Evaluating reaction complex_396 (395/500)...
[Problem → Reactions] Found 30000 reactions, 250 molecules.
      [32m✓ All goal molecules found.[0m
      [31m✗ Missing goal reactions.[0m
        [31m✗ Synthesis failed or timed out in 62.05s.[0m
      Evaluating reaction complex_397 (396/500)...
        [31m✗ Skipped reaction synthesis (missing molecule synthesis subproblem failed).[0m
      Evaluating reaction complex_398 (397/500)...
[Problem → Reactions] Found 30000 reactions, 250 molecules.
      [32m✓ All goal molecules found.[0m
      [31m✗ Missing goal reactions.[0m
        [31m✗ Synthesis failed or timed out in 63.66s.[0m
      Evaluating reaction complex_399 (398/500)...
        [31m✗ Skipped reaction synthesis (missing molecule synthesis subproblem failed).[0m
      Evaluating reaction complex_400 (399/500)...
        [31m✗ Skipped reaction synthesis (missing molecule synthesis subproblem failed).[0m
      Evaluating reaction complex_401 (400/500)...
        [31m✗ Skipped reaction synthesis (missing molecule synthesis subproblem failed).[0m
      Evaluating reaction complex_402 (401/500)...
        [31m✗ Skipped reaction synthesis (missing molecule synthesis subproblem failed).[0m
      Evaluating reaction complex_403 (402/500)...
        [31m✗ Skipped reaction synthesis (missing molecule synthesis subproblem failed).[0m
      Evaluating reaction complex_404 (403/500)...
        [31m✗ Skipped reaction synthesis (missing molecule synthesis subproblem failed).[0m
      Evaluating reaction complex_405 (404/500)...
        [31m✗ Skipped reaction synthesis (missing molecule synthesis subproblem failed).[0m
      Evaluating reaction complex_406 (405/500)...
        [31m✗ Skipped reaction synthesis (missing molecule synthesis subproblem failed).[0m
      Evaluating reaction complex_407 (406/500)...
[Problem → Reactions] Found 30000 reactions, 250 molecules.
      [32m✓ All goal molecules found.[0m
      [31m✗ Missing goal reactions.[0m
        [31m✗ Synthesis failed or timed out in 64.65s.[0m
      Evaluating reaction complex_408 (407/500)...
        [31m✗ Skipped reaction synthesis (missing molecule synthesis subproblem failed).[0m
      Evaluating reaction complex_409 (408/500)...
        [31m✗ Skipped reaction synthesis (missing molecule synthesis subproblem failed).[0m
      Evaluating reaction complex_410 (409/500)...
[Problem → Reactions] Found 30000 reactions, 250 molecules.
      [32m✓ All goal molecules found.[0m
      [31m✗ Missing goal reactions.[0m
        [31m✗ Synthesis failed or timed out in 51.05s.[0m
      Evaluating reaction complex_411 (410/500)...
[Problem → Reactions] Found 30000 reactions, 250 molecules.
      [32m✓ All goal molecules found.[0m
      [31m✗ Missing goal reactions.[0m
        [31m✗ Synthesis failed or timed out in 63.56s.[0m
      Evaluating reaction complex_412 (411/500)...
        [31m✗ Skipped reaction synthesis (missing molecule synthesis subproblem failed).[0m
      Evaluating reaction complex_413 (412/500)...
[Problem → Reactions] Found 30000 reactions, 250 molecules.
      [32m✓ All goal molecules found.[0m
      [31m✗ Missing goal reactions.[0m
        [31m✗ Synthesis failed or timed out in 70.55s.[0m
      Evaluating reaction complex_414 (413/500)...
[Problem → Reactions] Found 30000 reactions, 250 molecules.
      [32m✓ All goal molecules found.[0m
      [31m✗ Missing goal reactions.[0m
        [31m✗ Synthesis failed or timed out in 65.53s.[0m
      Evaluating reaction complex_415 (414/500)...
[Problem → Reactions] Found 30000 reactions, 250 molecules.
      [32m✓ All goal molecules found.[0m
      [31m✗ Missing goal reactions.[0m
        [31m✗ Synthesis failed or timed out in 67.29s.[0m
      Evaluating reaction complex_416 (415/500)...
[Problem → Reactions] Found 30000 reactions, 250 molecules.
      [32m✓ All goal molecules found.[0m
      [31m✗ Missing goal reactions.[0m
        [31m✗ Synthesis failed or timed out in 71.09s.[0m
      Evaluating reaction complex_417 (416/500)...
[Problem → Reactions] Found 30000 reactions, 250 molecules.
      [32m✓ All goal molecules found.[0m
      [31m✗ Missing goal reactions.[0m
        [31m✗ Synthesis failed or timed out in 66.47s.[0m
      Evaluating reaction complex_418 (417/500)...
[Problem → Reactions] Found 30000 reactions, 250 molecules.
      [32m✓ All goal molecules found.[0m
      [31m✗ Missing goal reactions.[0m
        [31m✗ Synthesis failed or timed out in 59.31s.[0m
      Evaluating reaction complex_419 (418/500)...
[Problem → Reactions] Found 30000 reactions, 250 molecules.
      [32m✓ All goal molecules found.[0m
      [31m✗ Missing goal reactions.[0m
        [31m✗ Synthesis failed or timed out in 53.59s.[0m
      Evaluating reaction complex_420 (419/500)...
[Problem → Reactions] Found 30000 reactions, 250 molecules.
      [32m✓ All goal molecules found.[0m
      [31m✗ Missing goal reactions.[0m
        [31m✗ Synthesis failed or timed out in 56.04s.[0m
      Evaluating reaction complex_421 (420/500)...
[Problem → Reactions] Found 30000 reactions, 250 molecules.
      [32m✓ All goal molecules found.[0m
      [31m✗ Missing goal reactions.[0m
        [31m✗ Synthesis failed or timed out in 56.17s.[0m
      Evaluating reaction complex_422 (421/500)...
[Problem → Reactions] Found 30000 reactions, 250 molecules.
      [32m✓ All goal molecules found.[0m
      [31m✗ Missing goal reactions.[0m
        [31m✗ Synthesis failed or timed out in 59.14s.[0m
      Evaluating reaction complex_423 (422/500)...
[Problem → Reactions] Found 30000 reactions, 250 molecules.
      [32m✓ All goal molecules found.[0m
      [31m✗ Missing goal reactions.[0m
        [31m✗ Synthesis failed or timed out in 60.93s.[0m
      Evaluating reaction complex_424 (423/500)...
[Problem → Reactions] Found 30000 reactions, 250 molecules.
      [32m✓ All goal molecules found.[0m
      [31m✗ Missing goal reactions.[0m
        [31m✗ Synthesis failed or timed out in 61.44s.[0m
      Evaluating reaction complex_425 (424/500)...
[Problem → Reactions] Found 30000 reactions, 250 molecules.
      [32m✓ All goal molecules found.[0m
      [31m✗ Missing goal reactions.[0m
        [31m✗ Synthesis failed or timed out in 62.64s.[0m
      Evaluating reaction complex_426 (425/500)...
[Problem → Reactions] Found 30000 reactions, 250 molecules.
      [32m✓ All goal molecules found.[0m
      [31m✗ Missing goal reactions.[0m
        [31m✗ Synthesis failed or timed out in 58.24s.[0m
      Evaluating reaction complex_427 (426/500)...
[Problem → Reactions] Found 30000 reactions, 250 molecules.
      [32m✓ All goal molecules found.[0m
      [31m✗ Missing goal reactions.[0m
        [31m✗ Synthesis failed or timed out in 67.45s.[0m
      Evaluating reaction complex_428 (427/500)...
        [31m✗ Skipped reaction synthesis (missing molecule synthesis subproblem failed).[0m
      Evaluating reaction complex_429 (428/500)...
        [31m✗ Skipped reaction synthesis (missing molecule synthesis subproblem failed).[0m
      Evaluating reaction complex_430 (429/500)...
        [31m✗ Skipped reaction synthesis (missing molecule synthesis subproblem failed).[0m
      Evaluating reaction complex_431 (430/500)...
[Problem → Reactions] Found 30000 reactions, 250 molecules.
      [32m✓ All goal molecules found.[0m
      [31m✗ Missing goal reactions.[0m
        [31m✗ Synthesis failed or timed out in 50.1s.[0m
      Evaluating reaction complex_432 (431/500)...
[Problem → Reactions] Found 30000 reactions, 250 molecules.
      [32m✓ All goal molecules found.[0m
      [31m✗ Missing goal reactions.[0m
        [31m✗ Synthesis failed or timed out in 55.43s.[0m
      Evaluating reaction complex_433 (432/500)...
[Problem → Reactions] Found 30000 reactions, 250 molecules.
      [32m✓ All goal molecules found.[0m
      [31m✗ Missing goal reactions.[0m
        [31m✗ Synthesis failed or timed out in 56.39s.[0m
      Evaluating reaction complex_434 (433/500)...
[Problem → Reactions] Found 30000 reactions, 250 molecules.
      [32m✓ All goal molecules found.[0m
      [31m✗ Missing goal reactions.[0m
        [31m✗ Synthesis failed or timed out in 56.25s.[0m
      Evaluating reaction complex_435 (434/500)...
[Problem → Reactions] Found 30000 reactions, 250 molecules.
      [32m✓ All goal molecules found.[0m
      [31m✗ Missing goal reactions.[0m
        [31m✗ Synthesis failed or timed out in 54.59s.[0m
      Evaluating reaction complex_436 (435/500)...
[Problem → Reactions] Found 30000 reactions, 250 molecules.
      [32m✓ All goal molecules found.[0m
      [31m✗ Missing goal reactions.[0m
        [31m✗ Synthesis failed or timed out in 51.34s.[0m
      Evaluating reaction complex_437 (436/500)...
[Problem → Reactions] Found 30000 reactions, 250 molecules.
      [32m✓ All goal molecules found.[0m
      [31m✗ Missing goal reactions.[0m
        [31m✗ Synthesis failed or timed out in 58.18s.[0m
      Evaluating reaction complex_438 (437/500)...
[Problem → Reactions] Found 30000 reactions, 250 molecules.
      [32m✓ All goal molecules found.[0m
      [31m✗ Missing goal reactions.[0m
        [31m✗ Synthesis failed or timed out in 57.26s.[0m
      Evaluating reaction complex_439 (438/500)...
        [31m✗ Skipped reaction synthesis (missing molecule synthesis subproblem failed).[0m
      Evaluating reaction complex_440 (439/500)...
[Problem → Reactions] Found 30000 reactions, 250 molecules.
      [32m✓ All goal molecules found.[0m
      [31m✗ Missing goal reactions.[0m
        [31m✗ Synthesis failed or timed out in 66.53s.[0m
      Evaluating reaction complex_441 (440/500)...
        [31m✗ Skipped reaction synthesis (missing molecule synthesis subproblem failed).[0m
      Evaluating reaction complex_442 (441/500)...
        [31m✗ Skipped reaction synthesis (missing molecule synthesis subproblem failed).[0m
      Evaluating reaction complex_443 (442/500)...
        [31m✗ Skipped reaction synthesis (missing molecule synthesis subproblem failed).[0m
      Evaluating reaction complex_444 (443/500)...
[Problem → Reactions] Found 30000 reactions, 250 molecules.
      [32m✓ All goal molecules found.[0m
      [31m✗ Missing goal reactions.[0m
        [31m✗ Synthesis failed or timed out in 53.99s.[0m
      Evaluating reaction complex_445 (444/500)...
        [31m✗ Skipped reaction synthesis (missing molecule synthesis subproblem failed).[0m
      Evaluating reaction complex_446 (445/500)...
        [31m✗ Skipped reaction synthesis (missing molecule synthesis subproblem failed).[0m
      Evaluating reaction complex_447 (446/500)...
        [31m✗ Skipped reaction synthesis (missing molecule synthesis subproblem failed).[0m
      Evaluating reaction complex_448 (447/500)...
        [31m✗ Skipped reaction synthesis (missing molecule synthesis subproblem failed).[0m
      Evaluating reaction complex_449 (448/500)...
        [31m✗ Skipped reaction synthesis (missing molecule synthesis subproblem failed).[0m
      Evaluating reaction complex_450 (449/500)...
        [31m✗ Skipped reaction synthesis (missing molecule synthesis subproblem failed).[0m
      Evaluating reaction complex_451 (450/500)...
[Problem → Reactions] Found 30000 reactions, 250 molecules.
      [32m✓ All goal molecules found.[0m
      [31m✗ Missing goal reactions.[0m
        [31m✗ Synthesis failed or timed out in 59.49s.[0m
      Evaluating reaction complex_452 (451/500)...
        [31m✗ Skipped reaction synthesis (missing molecule synthesis subproblem failed).[0m
      Evaluating reaction complex_453 (452/500)...
        [31m✗ Skipped reaction synthesis (missing molecule synthesis subproblem failed).[0m
      Evaluating reaction complex_454 (453/500)...
        [31m✗ Skipped reaction synthesis (missing molecule synthesis subproblem failed).[0m
      Evaluating reaction complex_455 (454/500)...
[Problem → Reactions] Found 30000 reactions, 250 molecules.
      [32m✓ All goal molecules found.[0m
      [31m✗ Missing goal reactions.[0m
        [31m✗ Synthesis failed or timed out in 50.04s.[0m
      Evaluating reaction complex_456 (455/500)...
[Problem → Reactions] Found 30000 reactions, 250 molecules.
      [32m✓ All goal molecules found.[0m
      [31m✗ Missing goal reactions.[0m
        [31m✗ Synthesis failed or timed out in 52.98s.[0m
      Evaluating reaction complex_457 (456/500)...
        [31m✗ Skipped reaction synthesis (missing molecule synthesis subproblem failed).[0m
      Evaluating reaction complex_458 (457/500)...
        [31m✗ Skipped reaction synthesis (missing molecule synthesis subproblem failed).[0m
      Evaluating reaction complex_459 (458/500)...
[Problem → Reactions] Found 30000 reactions, 250 molecules.
      [32m✓ All goal molecules found.[0m
      [31m✗ Missing goal reactions.[0m
        [31m✗ Synthesis failed or timed out in 58.71s.[0m
      Evaluating reaction complex_460 (459/500)...
        [31m✗ Skipped reaction synthesis (missing molecule synthesis subproblem failed).[0m
      Evaluating reaction complex_461 (460/500)...
        [31m✗ Skipped reaction synthesis (missing molecule synthesis subproblem failed).[0m
      Evaluating reaction complex_462 (461/500)...
        [31m✗ Skipped reaction synthesis (missing molecule synthesis subproblem failed).[0m
      Evaluating reaction complex_463 (462/500)...
[Problem → Reactions] Found 30000 reactions, 250 molecules.
      [32m✓ All goal molecules found.[0m
      [31m✗ Missing goal reactions.[0m
        [31m✗ Synthesis failed or timed out in 63.34s.[0m
      Evaluating reaction complex_464 (463/500)...
[Problem → Reactions] Found 30000 reactions, 250 molecules.
      [32m✓ All goal molecules found.[0m
      [31m✗ Missing goal reactions.[0m
        [31m✗ Synthesis failed or timed out in 60.02s.[0m
      Evaluating reaction complex_465 (464/500)...
[Problem → Reactions] Found 30000 reactions, 250 molecules.
      [32m✓ All goal molecules found.[0m
      [31m✗ Missing goal reactions.[0m
        [31m✗ Synthesis failed or timed out in 55.86s.[0m
      Evaluating reaction complex_466 (465/500)...
        [31m✗ Skipped reaction synthesis (missing molecule synthesis subproblem failed).[0m
      Evaluating reaction complex_467 (466/500)...
        [31m✗ Skipped reaction synthesis (missing molecule synthesis subproblem failed).[0m
      Evaluating reaction complex_468 (467/500)...
[Problem → Reactions] Found 30000 reactions, 250 molecules.
      [32m✓ All goal molecules found.[0m
      [31m✗ Missing goal reactions.[0m
        [31m✗ Synthesis failed or timed out in 65.25s.[0m
      Evaluating reaction complex_469 (468/500)...
        [31m✗ Skipped reaction synthesis (missing molecule synthesis subproblem failed).[0m
      Evaluating reaction complex_470 (469/500)...
[Problem → Reactions] Found 30000 reactions, 250 molecules.
      [32m✓ All goal molecules found.[0m
      [31m✗ Missing goal reactions.[0m
        [31m✗ Synthesis failed or timed out in 63.96s.[0m
      Evaluating reaction complex_471 (470/500)...
[Problem → Reactions] Found 30000 reactions, 250 molecules.
      [32m✓ All goal molecules found.[0m
      [31m✗ Missing goal reactions.[0m
        [31m✗ Synthesis failed or timed out in 57.71s.[0m
      Evaluating reaction complex_472 (471/500)...
[Problem → Reactions] Found 30000 reactions, 250 molecules.
      [32m✓ All goal molecules found.[0m
      [31m✗ Missing goal reactions.[0m
        [31m✗ Synthesis failed or timed out in 62.14s.[0m
      Evaluating reaction complex_473 (472/500)...
[Problem → Reactions] Found 30000 reactions, 250 molecules.
      [32m✓ All goal molecules found.[0m
      [31m✗ Missing goal reactions.[0m
        [31m✗ Synthesis failed or timed out in 63.18s.[0m
      Evaluating reaction complex_474 (473/500)...
        [31m✗ Skipped reaction synthesis (missing molecule synthesis subproblem failed).[0m
      Evaluating reaction complex_475 (474/500)...
        [31m✗ Skipped reaction synthesis (missing molecule synthesis subproblem failed).[0m
      Evaluating reaction complex_476 (475/500)...
        [31m✗ Skipped reaction synthesis (missing molecule synthesis subproblem failed).[0m
      Evaluating reaction complex_477 (476/500)...
        [31m✗ Skipped reaction synthesis (missing molecule synthesis subproblem failed).[0m
      Evaluating reaction complex_478 (477/500)...
        [31m✗ Skipped reaction synthesis (missing molecule synthesis subproblem failed).[0m
      Evaluating reaction complex_479 (478/500)...
        [31m✗ Skipped reaction synthesis (missing molecule synthesis subproblem failed).[0m
      Evaluating reaction complex_480 (479/500)...
[Problem → Reactions] Found 30000 reactions, 250 molecules.
      [32m✓ All goal molecules found.[0m
      [31m✗ Missing goal reactions.[0m
        [31m✗ Synthesis failed or timed out in 69.27s.[0m
      Evaluating reaction complex_481 (480/500)...
[Problem → Reactions] Found 30000 reactions, 250 molecules.
      [32m✓ All goal molecules found.[0m
      [31m✗ Missing goal reactions.[0m
        [31m✗ Synthesis failed or timed out in 70.87s.[0m
      Evaluating reaction complex_482 (481/500)...
        [31m✗ Skipped reaction synthesis (missing molecule synthesis subproblem failed).[0m
      Evaluating reaction complex_483 (482/500)...
        [31m✗ Skipped reaction synthesis (missing molecule synthesis subproblem failed).[0m
      Evaluating reaction complex_484 (483/500)...
        [31m✗ Skipped reaction synthesis (missing molecule synthesis subproblem failed).[0m
      Evaluating reaction complex_485 (484/500)...
        [31m✗ Skipped reaction synthesis (missing molecule synthesis subproblem failed).[0m
      Evaluating reaction complex_486 (485/500)...
        [31m✗ Skipped reaction synthesis (missing molecule synthesis subproblem failed).[0m
      Evaluating reaction complex_487 (486/500)...
        [31m✗ Skipped reaction synthesis (missing molecule synthesis subproblem failed).[0m
      Evaluating reaction complex_488 (487/500)...
        [31m✗ Skipped reaction synthesis (missing molecule synthesis subproblem failed).[0m
      Evaluating reaction complex_489 (488/500)...
[Problem → Reactions] Found 30000 reactions, 250 molecules.
      [32m✓ All goal molecules found.[0m
      [31m✗ Missing goal reactions.[0m
        [31m✗ Synthesis failed or timed out in 58.7s.[0m
      Evaluating reaction complex_490 (489/500)...
[Problem → Reactions] Found 30000 reactions, 250 molecules.
      [32m✓ All goal molecules found.[0m
      [31m✗ Missing goal reactions.[0m
        [31m✗ Synthesis failed or timed out in 54.29s.[0m
      Evaluating reaction complex_491 (490/500)...
        [31m✗ Skipped reaction synthesis (missing molecule synthesis subproblem failed).[0m
      Evaluating reaction complex_492 (491/500)...
        [31m✗ Skipped reaction synthesis (missing molecule synthesis subproblem failed).[0m
      Evaluating reaction complex_493 (492/500)...
[Problem → Reactions] Found 30000 reactions, 250 molecules.
      [32m✓ All goal molecules found.[0m
      [31m✗ Missing goal reactions.[0m
        [31m✗ Synthesis failed or timed out in 61.61s.[0m
      Evaluating reaction complex_494 (493/500)...
        [31m✗ Skipped reaction synthesis (missing molecule synthesis subproblem failed).[0m
      Evaluating reaction complex_495 (494/500)...
[Problem → Reactions] Found 606 reactions, 250 molecules.
      [32m✓ All goal molecules found.[0m
      [32m✓ All goal reactions found.[0m
        [32m✓ Target reaction successfully synthesized in 3.92s![0m
      Evaluating reaction complex_496 (495/500)...
[Problem → Reactions] Found 30000 reactions, 250 molecules.
      [32m✓ All goal molecules found.[0m
      [31m✗ Missing goal reactions.[0m
        [31m✗ Synthesis failed or timed out in 53.94s.[0m
      Evaluating reaction complex_497 (496/500)...
        [31m✗ Skipped reaction synthesis (missing molecule synthesis subproblem failed).[0m
      Evaluating reaction complex_498 (497/500)...
[Problem → Reactions] Found 2568 reactions, 250 molecules.
      [32m✓ All goal molecules found.[0m
      [32m✓ All goal reactions found.[0m
        [32m✓ Target reaction successfully synthesized in 6.01s![0m
      Evaluating reaction complex_499 (498/500)...
[Problem → Reactions] Found 30000 reactions, 250 molecules.
      [32m✓ All goal molecules found.[0m
      [31m✗ Missing goal reactions.[0m
        [31m✗ Synthesis failed or timed out in 71.06s.[0m
      Evaluating reaction complex_500 (499/500)...
[Problem → Reactions] Found 30000 reactions, 250 molecules.
      [32m✓ All goal molecules found.[0m
      [31m✗ Missing goal reactions.[0m
        [31m✗ Synthesis failed or timed out in 66.5s.[0m
      Evaluating reaction complex_501 (500/500)...
[Problem → Reactions] Found 30000 reactions, 250 molecules.
      [32m✓ All goal molecules found.[0m
      [31m✗ Missing goal reactions.[0m
        [31m✗ Synthesis failed or timed out in 50.67s.[0m

      Synthesis Performance (Metric: none, Without fragments) on Tractable Subspace:
        - Evaluated runs: 500
        - Success rate:   8.0%
        - Average time:   3.15s

  [1mSimilarity Metric: tanimoto[0m
      Evaluating reaction complex_1 (1/500)...
        [31m✗ Skipped reaction synthesis (missing molecule synthesis subproblem failed).[0m
      Evaluating reaction complex_2 (2/500)...
        [31m✗ Skipped reaction synthesis (missing molecule synthesis subproblem failed).[0m
      Evaluating reaction complex_3 (3/500)...
        [31m✗ Skipped reaction synthesis (missing molecule synthesis subproblem failed).[0m
      Evaluating reaction complex_4 (4/500)...
        [31m✗ Skipped reaction synthesis (missing molecule synthesis subproblem failed).[0m
      Evaluating reaction complex_5 (5/500)...
        [31m✗ Skipped reaction synthesis (missing molecule synthesis subproblem failed).[0m
      Evaluating reaction complex_6 (6/500)...
[Problem → Reactions] Found 2177 reactions, 250 molecules.
      [32m✓ All goal molecules found.[0m
      [32m✓ All goal reactions found.[0m
        [32m✓ Target reaction successfully synthesized in 3.44s![0m
      Evaluating reaction complex_7 (7/500)...
        [31m✗ Skipped reaction synthesis (missing molecule synthesis subproblem failed).[0m
      Evaluating reaction complex_8 (8/500)...
        [31m✗ Skipped reaction synthesis (missing molecule synthesis subproblem failed).[0m
      Evaluating reaction complex_9 (9/500)...
        [31m✗ Skipped reaction synthesis (missing molecule synthesis subproblem failed).[0m
      Evaluating reaction complex_10 (10/500)...
[Problem → Reactions] Found 950 reactions, 250 molecules.
      [32m✓ All goal molecules found.[0m
      [32m✓ All goal reactions found.[0m
        [32m✓ Target reaction successfully synthesized in 1.4s![0m
      Evaluating reaction complex_11 (11/500)...
        [31m✗ Skipped reaction synthesis (missing molecule synthesis subproblem failed).[0m
      Evaluating reaction complex_12 (12/500)...
        [31m✗ Skipped reaction synthesis (missing molecule synthesis subproblem failed).[0m
      Evaluating reaction complex_13 (13/500)...
        [31m✗ Skipped reaction synthesis (missing molecule synthesis subproblem failed).[0m
      Evaluating reaction complex_14 (14/500)...
[Problem → Reactions] Found 30000 reactions, 250 molecules.
      [32m✓ All goal molecules found.[0m
      [31m✗ Missing goal reactions.[0m
        [31m✗ Synthesis failed or timed out in 55.63s.[0m
      Evaluating reaction complex_15 (15/500)...
        [31m✗ Skipped reaction synthesis (missing molecule synthesis subproblem failed).[0m
      Evaluating reaction complex_16 (16/500)...
        [31m✗ Skipped reaction synthesis (missing molecule synthesis subproblem failed).[0m
      Evaluating reaction complex_17 (17/500)...
        [31m✗ Skipped reaction synthesis (missing molecule synthesis subproblem failed).[0m
      Evaluating reaction complex_18 (18/500)...
[Problem → Reactions] Found 30000 reactions, 250 molecules.
      [32m✓ All goal molecules found.[0m
      [31m✗ Missing goal reactions.[0m
        [31m✗ Synthesis failed or timed out in 65.24s.[0m
      Evaluating reaction complex_19 (19/500)...
        [31m✗ Skipped reaction synthesis (missing molecule synthesis subproblem failed).[0m
      Evaluating reaction complex_20 (20/500)...
        [31m✗ Skipped reaction synthesis (missing molecule synthesis subproblem failed).[0m
      Evaluating reaction complex_21 (21/500)...
        [31m✗ Skipped reaction synthesis (missing molecule synthesis subproblem failed).[0m
      Evaluating reaction complex_22 (22/500)...
        [31m✗ Skipped reaction synthesis (missing molecule synthesis subproblem failed).[0m
      Evaluating reaction complex_23 (23/500)...
        [31m✗ Skipped reaction synthesis (missing molecule synthesis subproblem failed).[0m
      Evaluating reaction complex_24 (24/500)...
[Problem → Reactions] Found 950 reactions, 250 molecules.
      [32m✓ All goal molecules found.[0m
      [32m✓ All goal reactions found.[0m
        [32m✓ Target reaction successfully synthesized in 1.29s![0m
      Evaluating reaction complex_25 (25/500)...
[Problem → Reactions] Found 30000 reactions, 250 molecules.
      [32m✓ All goal molecules found.[0m
      [31m✗ Missing goal reactions.[0m
        [31m✗ Synthesis failed or timed out in 56.4s.[0m
      Evaluating reaction complex_26 (26/500)...
        [31m✗ Skipped reaction synthesis (missing molecule synthesis subproblem failed).[0m
      Evaluating reaction complex_27 (27/500)...
[Problem → Reactions] Found 30000 reactions, 250 molecules.
      [32m✓ All goal molecules found.[0m
      [31m✗ Missing goal reactions.[0m
        [31m✗ Synthesis failed or timed out in 56.54s.[0m
      Evaluating reaction complex_28 (28/500)...
[Problem → Reactions] Found 30000 reactions, 250 molecules.
      [32m✓ All goal molecules found.[0m
      [31m✗ Missing goal reactions.[0m
        [31m✗ Synthesis failed or timed out in 60.91s.[0m
      Evaluating reaction complex_29 (29/500)...
[Problem → Reactions] Found 30000 reactions, 250 molecules.
      [32m✓ All goal molecules found.[0m
      [31m✗ Missing goal reactions.[0m
        [31m✗ Synthesis failed or timed out in 63.32s.[0m
      Evaluating reaction complex_30 (30/500)...
[Problem → Reactions] Found 2177 reactions, 250 molecules.
      [32m✓ All goal molecules found.[0m
      [32m✓ All goal reactions found.[0m
        [32m✓ Target reaction successfully synthesized in 3.44s![0m
      Evaluating reaction complex_31 (31/500)...
        [31m✗ Skipped reaction synthesis (missing molecule synthesis subproblem failed).[0m
      Evaluating reaction complex_32 (32/500)...
[Problem → Reactions] Found 30000 reactions, 250 molecules.
      [32m✓ All goal molecules found.[0m
      [31m✗ Missing goal reactions.[0m
        [31m✗ Synthesis failed or timed out in 78.72s.[0m
      Evaluating reaction complex_33 (33/500)...
[Problem → Reactions] Found 981 reactions, 250 molecules.
      [32m✓ All goal molecules found.[0m
      [32m✓ All goal reactions found.[0m
        [32m✓ Target reaction successfully synthesized in 2.07s![0m
      Evaluating reaction complex_34 (34/500)...
[Problem → Reactions] Found 30000 reactions, 250 molecules.
      [32m✓ All goal molecules found.[0m
      [31m✗ Missing goal reactions.[0m
        [31m✗ Synthesis failed or timed out in 51.96s.[0m
      Evaluating reaction complex_35 (35/500)...
[Problem → Reactions] Found 2145 reactions, 250 molecules.
      [32m✓ All goal molecules found.[0m
      [32m✓ All goal reactions found.[0m
        [32m✓ Target reaction successfully synthesized in 3.41s![0m
      Evaluating reaction complex_36 (36/500)...
[Problem → Reactions] Found 603 reactions, 250 molecules.
      [32m✓ All goal molecules found.[0m
      [32m✓ All goal reactions found.[0m
        [32m✓ Target reaction successfully synthesized in 0.73s![0m
      Evaluating reaction complex_37 (37/500)...
        [31m✗ Skipped reaction synthesis (missing molecule synthesis subproblem failed).[0m
      Evaluating reaction complex_38 (38/500)...
[Problem → Reactions] Found 2177 reactions, 250 molecules.
      [32m✓ All goal molecules found.[0m
      [32m✓ All goal reactions found.[0m
        [32m✓ Target reaction successfully synthesized in 3.41s![0m
      Evaluating reaction complex_39 (39/500)...
        [31m✗ Skipped reaction synthesis (missing molecule synthesis subproblem failed).[0m
      Evaluating reaction complex_40 (40/500)...
[Problem → Reactions] Found 365 reactions, 250 molecules.
      [32m✓ All goal molecules found.[0m
      [32m✓ All goal reactions found.[0m
        [32m✓ Target reaction successfully synthesized in 1.03s![0m
      Evaluating reaction complex_41 (41/500)...
        [31m✗ Skipped reaction synthesis (missing molecule synthesis subproblem failed).[0m
      Evaluating reaction complex_42 (42/500)...
        [31m✗ Skipped reaction synthesis (missing molecule synthesis subproblem failed).[0m
      Evaluating reaction complex_43 (43/500)...
[Problem → Reactions] Found 950 reactions, 250 molecules.
      [32m✓ All goal molecules found.[0m
      [32m✓ All goal reactions found.[0m
        [32m✓ Target reaction successfully synthesized in 1.39s![0m
      Evaluating reaction complex_44 (44/500)...
[Problem → Reactions] Found 939 reactions, 250 molecules.
      [32m✓ All goal molecules found.[0m
      [32m✓ All goal reactions found.[0m
        [32m✓ Target reaction successfully synthesized in 1.34s![0m
      Evaluating reaction complex_45 (45/500)...
        [31m✗ Skipped reaction synthesis (missing molecule synthesis subproblem failed).[0m
      Evaluating reaction complex_46 (46/500)...
        [31m✗ Skipped reaction synthesis (missing molecule synthesis subproblem failed).[0m
      Evaluating reaction complex_47 (47/500)...
        [31m✗ Skipped reaction synthesis (missing molecule synthesis subproblem failed).[0m
      Evaluating reaction complex_48 (48/500)...
        [31m✗ Skipped reaction synthesis (missing molecule synthesis subproblem failed).[0m
      Evaluating reaction complex_49 (49/500)...
[Problem → Reactions] Found 939 reactions, 250 molecules.
      [32m✓ All goal molecules found.[0m
      [32m✓ All goal reactions found.[0m
        [32m✓ Target reaction successfully synthesized in 1.35s![0m
      Evaluating reaction complex_50 (50/500)...
[Problem → Reactions] Found 2145 reactions, 250 molecules.
      [32m✓ All goal molecules found.[0m
      [32m✓ All goal reactions found.[0m
        [32m✓ Target reaction successfully synthesized in 3.42s![0m
      Evaluating reaction complex_51 (51/500)...
        [31m✗ Skipped reaction synthesis (missing molecule synthesis subproblem failed).[0m
      Evaluating reaction complex_52 (52/500)...
        [31m✗ Skipped reaction synthesis (missing molecule synthesis subproblem failed).[0m
      Evaluating reaction complex_53 (53/500)...
        [31m✗ Skipped reaction synthesis (missing molecule synthesis subproblem failed).[0m
      Evaluating reaction complex_54 (54/500)...
        [31m✗ Skipped reaction synthesis (missing molecule synthesis subproblem failed).[0m
      Evaluating reaction complex_55 (55/500)...
        [31m✗ Skipped reaction synthesis (missing molecule synthesis subproblem failed).[0m
      Evaluating reaction complex_56 (56/500)...
        [31m✗ Skipped reaction synthesis (missing molecule synthesis subproblem failed).[0m
      Evaluating reaction complex_57 (57/500)...
        [31m✗ Skipped reaction synthesis (missing molecule synthesis subproblem failed).[0m
      Evaluating reaction complex_58 (58/500)...
        [31m✗ Skipped reaction synthesis (missing molecule synthesis subproblem failed).[0m
      Evaluating reaction complex_59 (59/500)...
        [31m✗ Skipped reaction synthesis (missing molecule synthesis subproblem failed).[0m
      Evaluating reaction complex_60 (60/500)...
[Problem → Reactions] Found 5133 reactions, 250 molecules.
      [32m✓ All goal molecules found.[0m
      [32m✓ All goal reactions found.[0m
        [32m✓ Target reaction successfully synthesized in 4.47s![0m
      Evaluating reaction complex_61 (61/500)...
[Problem → Reactions] Found 5385 reactions, 250 molecules.
      [32m✓ All goal molecules found.[0m
      [32m✓ All goal reactions found.[0m
        [32m✓ Target reaction successfully synthesized in 6.87s![0m
      Evaluating reaction complex_62 (62/500)...
[Problem → Reactions] Found 30000 reactions, 250 molecules.
      [32m✓ All goal molecules found.[0m
      [31m✗ Missing goal reactions.[0m
        [31m✗ Synthesis failed or timed out in 65.26s.[0m
      Evaluating reaction complex_63 (63/500)...
[Problem → Reactions] Found 30000 reactions, 250 molecules.
      [32m✓ All goal molecules found.[0m
      [31m✗ Missing goal reactions.[0m
        [31m✗ Synthesis failed or timed out in 59.99s.[0m
      Evaluating reaction complex_64 (64/500)...
[Problem → Reactions] Found 30000 reactions, 250 molecules.
      [32m✓ All goal molecules found.[0m
      [31m✗ Missing goal reactions.[0m
        [31m✗ Synthesis failed or timed out in 60.77s.[0m
      Evaluating reaction complex_65 (65/500)...
[Problem → Reactions] Found 30000 reactions, 250 molecules.
      [32m✓ All goal molecules found.[0m
      [31m✗ Missing goal reactions.[0m
        [31m✗ Synthesis failed or timed out in 69.33s.[0m
      Evaluating reaction complex_66 (66/500)...
[Problem → Reactions] Found 30000 reactions, 250 molecules.
      [32m✓ All goal molecules found.[0m
      [31m✗ Missing goal reactions.[0m
        [31m✗ Synthesis failed or timed out in 60.51s.[0m
      Evaluating reaction complex_67 (67/500)...
[Problem → Reactions] Found 30000 reactions, 250 molecules.
      [32m✓ All goal molecules found.[0m
      [31m✗ Missing goal reactions.[0m
        [31m✗ Synthesis failed or timed out in 61.19s.[0m
      Evaluating reaction complex_68 (68/500)...
[Problem → Reactions] Found 30000 reactions, 250 molecules.
      [32m✓ All goal molecules found.[0m
      [31m✗ Missing goal reactions.[0m
        [31m✗ Synthesis failed or timed out in 63.16s.[0m
      Evaluating reaction complex_69 (69/500)...
        [31m✗ Skipped reaction synthesis (missing molecule synthesis subproblem failed).[0m
      Evaluating reaction complex_70 (70/500)...
[Problem → Reactions] Found 30000 reactions, 250 molecules.
      [32m✓ All goal molecules found.[0m
      [31m✗ Missing goal reactions.[0m
        [31m✗ Synthesis failed or timed out in 59.85s.[0m
      Evaluating reaction complex_71 (71/500)...
[Problem → Reactions] Found 30000 reactions, 250 molecules.
      [32m✓ All goal molecules found.[0m
      [31m✗ Missing goal reactions.[0m
        [31m✗ Synthesis failed or timed out in 71.91s.[0m
      Evaluating reaction complex_72 (72/500)...
[Problem → Reactions] Found 30000 reactions, 250 molecules.
      [32m✓ All goal molecules found.[0m
      [31m✗ Missing goal reactions.[0m
        [31m✗ Synthesis failed or timed out in 58.84s.[0m
      Evaluating reaction complex_73 (73/500)...
[Problem → Reactions] Found 30000 reactions, 250 molecules.
      [32m✓ All goal molecules found.[0m
      [31m✗ Missing goal reactions.[0m
        [31m✗ Synthesis failed or timed out in 61.39s.[0m
      Evaluating reaction complex_74 (74/500)...
[Problem → Reactions] Found 30000 reactions, 250 molecules.
      [32m✓ All goal molecules found.[0m
      [31m✗ Missing goal reactions.[0m
        [31m✗ Synthesis failed or timed out in 62.93s.[0m
      Evaluating reaction complex_75 (75/500)...
[Problem → Reactions] Found 30000 reactions, 250 molecules.
      [32m✓ All goal molecules found.[0m
      [31m✗ Missing goal reactions.[0m
        [31m✗ Synthesis failed or timed out in 59.59s.[0m
      Evaluating reaction complex_76 (76/500)...
        [31m✗ Skipped reaction synthesis (missing molecule synthesis subproblem failed).[0m
      Evaluating reaction complex_77 (77/500)...
[Problem → Reactions] Found 30000 reactions, 250 molecules.
      [32m✓ All goal molecules found.[0m
      [31m✗ Missing goal reactions.[0m
        [31m✗ Synthesis failed or timed out in 59.86s.[0m
      Evaluating reaction complex_78 (78/500)...
[Problem → Reactions] Found 30000 reactions, 250 molecules.
      [32m✓ All goal molecules found.[0m
      [31m✗ Missing goal reactions.[0m
        [31m✗ Synthesis failed or timed out in 61.78s.[0m
      Evaluating reaction complex_79 (79/500)...
[Problem → Reactions] Found 30000 reactions, 250 molecules.
      [32m✓ All goal molecules found.[0m
      [31m✗ Missing goal reactions.[0m
        [31m✗ Synthesis failed or timed out in 60.28s.[0m
      Evaluating reaction complex_80 (80/500)...
        [31m✗ Skipped reaction synthesis (missing molecule synthesis subproblem failed).[0m
      Evaluating reaction complex_81 (81/500)...
[Problem → Reactions] Found 30000 reactions, 250 molecules.
      [32m✓ All goal molecules found.[0m
      [31m✗ Missing goal reactions.[0m
        [31m✗ Synthesis failed or timed out in 65.89s.[0m
      Evaluating reaction complex_82 (82/500)...
[Problem → Reactions] Found 30000 reactions, 250 molecules.
      [32m✓ All goal molecules found.[0m
      [31m✗ Missing goal reactions.[0m
        [31m✗ Synthesis failed or timed out in 49.82s.[0m
      Evaluating reaction complex_83 (83/500)...
[Problem → Reactions] Found 30000 reactions, 250 molecules.
      [32m✓ All goal molecules found.[0m
      [31m✗ Missing goal reactions.[0m
        [31m✗ Synthesis failed or timed out in 47.23s.[0m
      Evaluating reaction complex_84 (84/500)...
        [31m✗ Skipped reaction synthesis (missing molecule synthesis subproblem failed).[0m
      Evaluating reaction complex_85 (85/500)...
[Problem → Reactions] Found 981 reactions, 250 molecules.
      [32m✓ All goal molecules found.[0m
      [32m✓ All goal reactions found.[0m
        [32m✓ Target reaction successfully synthesized in 2.06s![0m
      Evaluating reaction complex_86 (86/500)...
        [31m✗ Skipped reaction synthesis (missing molecule synthesis subproblem failed).[0m
      Evaluating reaction complex_87 (87/500)...
[Problem → Reactions] Found 30000 reactions, 250 molecules.
      [32m✓ All goal molecules found.[0m
      [31m✗ Missing goal reactions.[0m
        [31m✗ Synthesis failed or timed out in 73.96s.[0m
      Evaluating reaction complex_88 (88/500)...
[Problem → Reactions] Found 30000 reactions, 250 molecules.
      [32m✓ All goal molecules found.[0m
      [31m✗ Missing goal reactions.[0m
        [31m✗ Synthesis failed or timed out in 64.14s.[0m
      Evaluating reaction complex_89 (89/500)...
        [31m✗ Skipped reaction synthesis (missing molecule synthesis subproblem failed).[0m
      Evaluating reaction complex_90 (90/500)...
        [31m✗ Skipped reaction synthesis (missing molecule synthesis subproblem failed).[0m
      Evaluating reaction complex_91 (91/500)...
        [31m✗ Skipped reaction synthesis (missing molecule synthesis subproblem failed).[0m
      Evaluating reaction complex_92 (92/500)...
[Problem → Reactions] Found 30000 reactions, 250 molecules.
      [32m✓ All goal molecules found.[0m
      [31m✗ Missing goal reactions.[0m
        [31m✗ Synthesis failed or timed out in 61.15s.[0m
      Evaluating reaction complex_93 (93/500)...
[Problem → Reactions] Found 30000 reactions, 250 molecules.
      [32m✓ All goal molecules found.[0m
      [31m✗ Missing goal reactions.[0m
        [31m✗ Synthesis failed or timed out in 49.63s.[0m
      Evaluating reaction complex_94 (94/500)...
[Problem → Reactions] Found 30000 reactions, 250 molecules.
      [32m✓ All goal molecules found.[0m
      [31m✗ Missing goal reactions.[0m
        [31m✗ Synthesis failed or timed out in 74.03s.[0m
      Evaluating reaction complex_95 (95/500)...
[Problem → Reactions] Found 1989 reactions, 250 molecules.
      [32m✓ All goal molecules found.[0m
      [32m✓ All goal reactions found.[0m
        [32m✓ Target reaction successfully synthesized in 1.36s![0m
      Evaluating reaction complex_96 (96/500)...
[Problem → Reactions] Found 30000 reactions, 250 molecules.
      [32m✓ All goal molecules found.[0m
      [31m✗ Missing goal reactions.[0m
        [31m✗ Synthesis failed or timed out in 64.44s.[0m
      Evaluating reaction complex_97 (97/500)...
[Problem → Reactions] Found 30000 reactions, 250 molecules.
      [32m✓ All goal molecules found.[0m
      [31m✗ Missing goal reactions.[0m
        [31m✗ Synthesis failed or timed out in 55.45s.[0m
      Evaluating reaction complex_98 (98/500)...
[Problem → Reactions] Found 927 reactions, 250 molecules.
      [32m✓ All goal molecules found.[0m
      [32m✓ All goal reactions found.[0m
        [32m✓ Target reaction successfully synthesized in 1.29s![0m
      Evaluating reaction complex_99 (99/500)...
[Problem → Reactions] Found 939 reactions, 250 molecules.
      [32m✓ All goal molecules found.[0m
      [32m✓ All goal reactions found.[0m
        [32m✓ Target reaction successfully synthesized in 1.34s![0m
      Evaluating reaction complex_100 (100/500)...
[Problem → Reactions] Found 950 reactions, 250 molecules.
      [32m✓ All goal molecules found.[0m
      [32m✓ All goal reactions found.[0m
        [32m✓ Target reaction successfully synthesized in 1.45s![0m
      Evaluating reaction complex_101 (101/500)...
        [31m✗ Skipped reaction synthesis (missing molecule synthesis subproblem failed).[0m
      Evaluating reaction complex_102 (102/500)...
        [31m✗ Skipped reaction synthesis (missing molecule synthesis subproblem failed).[0m
      Evaluating reaction complex_103 (103/500)...
[Problem → Reactions] Found 2145 reactions, 250 molecules.
      [32m✓ All goal molecules found.[0m
      [32m✓ All goal reactions found.[0m
        [32m✓ Target reaction successfully synthesized in 3.39s![0m
      Evaluating reaction complex_104 (104/500)...
        [31m✗ Skipped reaction synthesis (missing molecule synthesis subproblem failed).[0m
      Evaluating reaction complex_105 (105/500)...
[Problem → Reactions] Found 939 reactions, 250 molecules.
      [32m✓ All goal molecules found.[0m
      [32m✓ All goal reactions found.[0m
        [32m✓ Target reaction successfully synthesized in 1.37s![0m
      Evaluating reaction complex_106 (106/500)...
        [31m✗ Skipped reaction synthesis (missing molecule synthesis subproblem failed).[0m
      Evaluating reaction complex_107 (107/500)...
[Problem → Reactions] Found 30000 reactions, 250 molecules.
      [32m✓ All goal molecules found.[0m
      [31m✗ Missing goal reactions.[0m
        [31m✗ Synthesis failed or timed out in 51.86s.[0m
      Evaluating reaction complex_108 (108/500)...
        [31m✗ Skipped reaction synthesis (missing molecule synthesis subproblem failed).[0m
      Evaluating reaction complex_109 (109/500)...
[Problem → Reactions] Found 30000 reactions, 250 molecules.
      [32m✓ All goal molecules found.[0m
      [31m✗ Missing goal reactions.[0m
        [31m✗ Synthesis failed or timed out in 52.84s.[0m
      Evaluating reaction complex_110 (110/500)...
        [31m✗ Skipped reaction synthesis (missing molecule synthesis subproblem failed).[0m
      Evaluating reaction complex_111 (111/500)...
        [31m✗ Skipped reaction synthesis (missing molecule synthesis subproblem failed).[0m
      Evaluating reaction complex_112 (112/500)...
        [31m✗ Skipped reaction synthesis (missing molecule synthesis subproblem failed).[0m
      Evaluating reaction complex_113 (113/500)...
        [31m✗ Skipped reaction synthesis (missing molecule synthesis subproblem failed).[0m
      Evaluating reaction complex_114 (114/500)...
        [31m✗ Skipped reaction synthesis (missing molecule synthesis subproblem failed).[0m
      Evaluating reaction complex_115 (115/500)...
        [31m✗ Skipped reaction synthesis (missing molecule synthesis subproblem failed).[0m
      Evaluating reaction complex_116 (116/500)...
[Problem → Reactions] Found 623 reactions, 250 molecules.
      [32m✓ All goal molecules found.[0m
      [32m✓ All goal reactions found.[0m
        [32m✓ Target reaction successfully synthesized in 0.88s![0m
      Evaluating reaction complex_117 (117/500)...
        [31m✗ Skipped reaction synthesis (missing molecule synthesis subproblem failed).[0m
      Evaluating reaction complex_118 (118/500)...
[Problem → Reactions] Found 927 reactions, 250 molecules.
      [32m✓ All goal molecules found.[0m
      [32m✓ All goal reactions found.[0m
        [32m✓ Target reaction successfully synthesized in 1.27s![0m
      Evaluating reaction complex_119 (119/500)...
        [31m✗ Skipped reaction synthesis (missing molecule synthesis subproblem failed).[0m
      Evaluating reaction complex_120 (120/500)...
        [31m✗ Skipped reaction synthesis (missing molecule synthesis subproblem failed).[0m
      Evaluating reaction complex_121 (121/500)...
[Problem → Reactions] Found 30000 reactions, 250 molecules.
      [32m✓ All goal molecules found.[0m
      [31m✗ Missing goal reactions.[0m
        [31m✗ Synthesis failed or timed out in 55.07s.[0m
      Evaluating reaction complex_122 (122/500)...
        [31m✗ Skipped reaction synthesis (missing molecule synthesis subproblem failed).[0m
      Evaluating reaction complex_123 (123/500)...
        [31m✗ Skipped reaction synthesis (missing molecule synthesis subproblem failed).[0m
      Evaluating reaction complex_124 (124/500)...
[Problem → Reactions] Found 621 reactions, 250 molecules.
      [32m✓ All goal molecules found.[0m
      [32m✓ All goal reactions found.[0m
        [32m✓ Target reaction successfully synthesized in 0.88s![0m
      Evaluating reaction complex_125 (125/500)...
        [31m✗ Skipped reaction synthesis (missing molecule synthesis subproblem failed).[0m
      Evaluating reaction complex_126 (126/500)...
        [31m✗ Skipped reaction synthesis (missing molecule synthesis subproblem failed).[0m
      Evaluating reaction complex_127 (127/500)...
        [31m✗ Skipped reaction synthesis (missing molecule synthesis subproblem failed).[0m
      Evaluating reaction complex_128 (128/500)...
[Problem → Reactions] Found 30000 reactions, 250 molecules.
      [32m✓ All goal molecules found.[0m
      [31m✗ Missing goal reactions.[0m
        [31m✗ Synthesis failed or timed out in 52.54s.[0m
      Evaluating reaction complex_129 (129/500)...
[Problem → Reactions] Found 30000 reactions, 250 molecules.
      [32m✓ All goal molecules found.[0m
      [31m✗ Missing goal reactions.[0m
        [31m✗ Synthesis failed or timed out in 64.16s.[0m
      Evaluating reaction complex_130 (130/500)...
[Problem → Reactions] Found 30000 reactions, 250 molecules.
      [32m✓ All goal molecules found.[0m
      [31m✗ Missing goal reactions.[0m
        [31m✗ Synthesis failed or timed out in 63.62s.[0m
      Evaluating reaction complex_131 (131/500)...
        [31m✗ Skipped reaction synthesis (missing molecule synthesis subproblem failed).[0m
      Evaluating reaction complex_132 (132/500)...
[Problem → Reactions] Found 914 reactions, 250 molecules.
      [32m✓ All goal molecules found.[0m
      [32m✓ All goal reactions found.[0m
        [32m✓ Target reaction successfully synthesized in 1.33s![0m
      Evaluating reaction complex_133 (133/500)...
        [31m✗ Skipped reaction synthesis (missing molecule synthesis subproblem failed).[0m
      Evaluating reaction complex_134 (134/500)...
        [31m✗ Skipped reaction synthesis (missing molecule synthesis subproblem failed).[0m
      Evaluating reaction complex_135 (135/500)...
        [31m✗ Skipped reaction synthesis (missing molecule synthesis subproblem failed).[0m
      Evaluating reaction complex_136 (136/500)...
        [31m✗ Skipped reaction synthesis (missing molecule synthesis subproblem failed).[0m
      Evaluating reaction complex_137 (137/500)...
        [31m✗ Skipped reaction synthesis (missing molecule synthesis subproblem failed).[0m
      Evaluating reaction complex_138 (138/500)...
        [31m✗ Skipped reaction synthesis (missing molecule synthesis subproblem failed).[0m
      Evaluating reaction complex_139 (139/500)...
[Problem → Reactions] Found 30000 reactions, 250 molecules.
      [32m✓ All goal molecules found.[0m
      [31m✗ Missing goal reactions.[0m
        [31m✗ Synthesis failed or timed out in 57.0s.[0m
      Evaluating reaction complex_140 (140/500)...
[Problem → Reactions] Found 30000 reactions, 250 molecules.
      [32m✓ All goal molecules found.[0m
      [31m✗ Missing goal reactions.[0m
        [31m✗ Synthesis failed or timed out in 50.83s.[0m
      Evaluating reaction complex_141 (141/500)...
        [31m✗ Skipped reaction synthesis (missing molecule synthesis subproblem failed).[0m
      Evaluating reaction complex_142 (142/500)...
        [31m✗ Skipped reaction synthesis (missing molecule synthesis subproblem failed).[0m
      Evaluating reaction complex_143 (143/500)...
        [31m✗ Skipped reaction synthesis (missing molecule synthesis subproblem failed).[0m
      Evaluating reaction complex_144 (144/500)...
        [31m✗ Skipped reaction synthesis (missing molecule synthesis subproblem failed).[0m
      Evaluating reaction complex_145 (145/500)...
        [31m✗ Skipped reaction synthesis (missing molecule synthesis subproblem failed).[0m
      Evaluating reaction complex_146 (146/500)...
        [31m✗ Skipped reaction synthesis (missing molecule synthesis subproblem failed).[0m
      Evaluating reaction complex_147 (147/500)...
[Problem → Reactions] Found 30000 reactions, 250 molecules.
      [32m✓ All goal molecules found.[0m
      [31m✗ Missing goal reactions.[0m
        [31m✗ Synthesis failed or timed out in 54.57s.[0m
      Evaluating reaction complex_148 (148/500)...
        [31m✗ Skipped reaction synthesis (missing molecule synthesis subproblem failed).[0m
      Evaluating reaction complex_149 (149/500)...
        [31m✗ Skipped reaction synthesis (missing molecule synthesis subproblem failed).[0m
      Evaluating reaction complex_150 (150/500)...
        [31m✗ Skipped reaction synthesis (missing molecule synthesis subproblem failed).[0m
      Evaluating reaction complex_151 (151/500)...
        [31m✗ Skipped reaction synthesis (missing molecule synthesis subproblem failed).[0m
      Evaluating reaction complex_152 (152/500)...
        [31m✗ Skipped reaction synthesis (missing molecule synthesis subproblem failed).[0m
      Evaluating reaction complex_153 (153/500)...
        [31m✗ Skipped reaction synthesis (missing molecule synthesis subproblem failed).[0m
      Evaluating reaction complex_154 (154/500)...
        [31m✗ Skipped reaction synthesis (missing molecule synthesis subproblem failed).[0m
      Evaluating reaction complex_155 (155/500)...
        [31m✗ Skipped reaction synthesis (missing molecule synthesis subproblem failed).[0m
      Evaluating reaction complex_156 (156/500)...
        [31m✗ Skipped reaction synthesis (missing molecule synthesis subproblem failed).[0m
      Evaluating reaction complex_157 (157/500)...
        [31m✗ Skipped reaction synthesis (missing molecule synthesis subproblem failed).[0m
      Evaluating reaction complex_158 (158/500)...
        [31m✗ Skipped reaction synthesis (missing molecule synthesis subproblem failed).[0m
      Evaluating reaction complex_159 (159/500)...
[Problem → Reactions] Found 30000 reactions, 250 molecules.
      [32m✓ All goal molecules found.[0m
      [31m✗ Missing goal reactions.[0m
        [31m✗ Synthesis failed or timed out in 50.81s.[0m
      Evaluating reaction complex_160 (160/500)...
        [31m✗ Skipped reaction synthesis (missing molecule synthesis subproblem failed).[0m
      Evaluating reaction complex_161 (161/500)...
[Problem → Reactions] Found 30000 reactions, 250 molecules.
      [32m✓ All goal molecules found.[0m
      [31m✗ Missing goal reactions.[0m
        [31m✗ Synthesis failed or timed out in 76.83s.[0m
      Evaluating reaction complex_162 (162/500)...
        [31m✗ Skipped reaction synthesis (missing molecule synthesis subproblem failed).[0m
      Evaluating reaction complex_164 (163/500)...
        [31m✗ Skipped reaction synthesis (missing molecule synthesis subproblem failed).[0m
      Evaluating reaction complex_165 (164/500)...
        [31m✗ Skipped reaction synthesis (missing molecule synthesis subproblem failed).[0m
      Evaluating reaction complex_166 (165/500)...
        [31m✗ Skipped reaction synthesis (missing molecule synthesis subproblem failed).[0m
      Evaluating reaction complex_167 (166/500)...
[Problem → Reactions] Found 621 reactions, 250 molecules.
      [32m✓ All goal molecules found.[0m
      [32m✓ All goal reactions found.[0m
        [32m✓ Target reaction successfully synthesized in 0.87s![0m
      Evaluating reaction complex_168 (167/500)...
        [31m✗ Skipped reaction synthesis (missing molecule synthesis subproblem failed).[0m
      Evaluating reaction complex_169 (168/500)...
        [31m✗ Skipped reaction synthesis (missing molecule synthesis subproblem failed).[0m
      Evaluating reaction complex_170 (169/500)...
        [31m✗ Skipped reaction synthesis (missing molecule synthesis subproblem failed).[0m
      Evaluating reaction complex_171 (170/500)...
        [31m✗ Skipped reaction synthesis (missing molecule synthesis subproblem failed).[0m
      Evaluating reaction complex_172 (171/500)...
        [31m✗ Skipped reaction synthesis (missing molecule synthesis subproblem failed).[0m
      Evaluating reaction complex_173 (172/500)...
        [31m✗ Skipped reaction synthesis (missing molecule synthesis subproblem failed).[0m
      Evaluating reaction complex_174 (173/500)...
        [31m✗ Skipped reaction synthesis (missing molecule synthesis subproblem failed).[0m
      Evaluating reaction complex_175 (174/500)...
        [31m✗ Skipped reaction synthesis (missing molecule synthesis subproblem failed).[0m
      Evaluating reaction complex_176 (175/500)...
        [31m✗ Skipped reaction synthesis (missing molecule synthesis subproblem failed).[0m
      Evaluating reaction complex_177 (176/500)...
        [31m✗ Skipped reaction synthesis (missing molecule synthesis subproblem failed).[0m
      Evaluating reaction complex_178 (177/500)...
        [31m✗ Skipped reaction synthesis (missing molecule synthesis subproblem failed).[0m
      Evaluating reaction complex_179 (178/500)...
        [31m✗ Skipped reaction synthesis (missing molecule synthesis subproblem failed).[0m
      Evaluating reaction complex_180 (179/500)...
[Problem → Reactions] Found 2054 reactions, 250 molecules.
      [32m✓ All goal molecules found.[0m
      [32m✓ All goal reactions found.[0m
        [32m✓ Target reaction successfully synthesized in 1.9s![0m
      Evaluating reaction complex_181 (180/500)...
[Problem → Reactions] Found 5139 reactions, 250 molecules.
      [32m✓ All goal molecules found.[0m
      [32m✓ All goal reactions found.[0m
        [32m✓ Target reaction successfully synthesized in 6.33s![0m
      Evaluating reaction complex_182 (181/500)...
        [31m✗ Skipped reaction synthesis (missing molecule synthesis subproblem failed).[0m
      Evaluating reaction complex_183 (182/500)...
[Problem → Reactions] Found 30000 reactions, 250 molecules.
      [32m✓ All goal molecules found.[0m
      [31m✗ Missing goal reactions.[0m
        [31m✗ Synthesis failed or timed out in 59.78s.[0m
      Evaluating reaction complex_184 (183/500)...
        [31m✗ Skipped reaction synthesis (missing molecule synthesis subproblem failed).[0m
      Evaluating reaction complex_185 (184/500)...
        [31m✗ Skipped reaction synthesis (missing molecule synthesis subproblem failed).[0m
      Evaluating reaction complex_186 (185/500)...
[Problem → Reactions] Found 2432 reactions, 250 molecules.
      [32m✓ All goal molecules found.[0m
      [32m✓ All goal reactions found.[0m
        [32m✓ Target reaction successfully synthesized in 5.78s![0m
      Evaluating reaction complex_187 (186/500)...
        [31m✗ Skipped reaction synthesis (missing molecule synthesis subproblem failed).[0m
      Evaluating reaction complex_188 (187/500)...
        [31m✗ Skipped reaction synthesis (missing molecule synthesis subproblem failed).[0m
      Evaluating reaction complex_189 (188/500)...
        [31m✗ Skipped reaction synthesis (missing molecule synthesis subproblem failed).[0m
      Evaluating reaction complex_190 (189/500)...
        [31m✗ Skipped reaction synthesis (missing molecule synthesis subproblem failed).[0m
      Evaluating reaction complex_191 (190/500)...
        [31m✗ Skipped reaction synthesis (missing molecule synthesis subproblem failed).[0m
      Evaluating reaction complex_192 (191/500)...
        [31m✗ Skipped reaction synthesis (missing molecule synthesis subproblem failed).[0m
      Evaluating reaction complex_193 (192/500)...
        [31m✗ Skipped reaction synthesis (missing molecule synthesis subproblem failed).[0m
      Evaluating reaction complex_194 (193/500)...
[Problem → Reactions] Found 5139 reactions, 250 molecules.
      [32m✓ All goal molecules found.[0m
      [32m✓ All goal reactions found.[0m
        [32m✓ Target reaction successfully synthesized in 6.33s![0m
      Evaluating reaction complex_195 (194/500)...
        [31m✗ Skipped reaction synthesis (missing molecule synthesis subproblem failed).[0m
      Evaluating reaction complex_196 (195/500)...
        [31m✗ Skipped reaction synthesis (missing molecule synthesis subproblem failed).[0m
      Evaluating reaction complex_197 (196/500)...
        [31m✗ Skipped reaction synthesis (missing molecule synthesis subproblem failed).[0m
      Evaluating reaction complex_198 (197/500)...
[Problem → Reactions] Found 2145 reactions, 250 molecules.
      [32m✓ All goal molecules found.[0m
      [32m✓ All goal reactions found.[0m
        [32m✓ Target reaction successfully synthesized in 4.56s![0m
      Evaluating reaction complex_199 (198/500)...
        [31m✗ Skipped reaction synthesis (missing molecule synthesis subproblem failed).[0m
      Evaluating reaction complex_200 (199/500)...
        [31m✗ Skipped reaction synthesis (missing molecule synthesis subproblem failed).[0m
      Evaluating reaction complex_201 (200/500)...
[Problem → Reactions] Found 30000 reactions, 250 molecules.
      [32m✓ All goal molecules found.[0m
      [31m✗ Missing goal reactions.[0m
        [31m✗ Synthesis failed or timed out in 51.19s.[0m
      Evaluating reaction complex_202 (201/500)...
        [31m✗ Skipped reaction synthesis (missing molecule synthesis subproblem failed).[0m
      Evaluating reaction complex_203 (202/500)...
        [31m✗ Skipped reaction synthesis (missing molecule synthesis subproblem failed).[0m
      Evaluating reaction complex_204 (203/500)...
        [31m✗ Skipped reaction synthesis (missing molecule synthesis subproblem failed).[0m
      Evaluating reaction complex_205 (204/500)...
        [31m✗ Skipped reaction synthesis (missing molecule synthesis subproblem failed).[0m
      Evaluating reaction complex_206 (205/500)...
        [31m✗ Skipped reaction synthesis (missing molecule synthesis subproblem failed).[0m
      Evaluating reaction complex_207 (206/500)...
        [31m✗ Skipped reaction synthesis (missing molecule synthesis subproblem failed).[0m
      Evaluating reaction complex_208 (207/500)...
        [31m✗ Skipped reaction synthesis (missing molecule synthesis subproblem failed).[0m
      Evaluating reaction complex_209 (208/500)...
        [31m✗ Skipped reaction synthesis (missing molecule synthesis subproblem failed).[0m
      Evaluating reaction complex_210 (209/500)...
        [31m✗ Skipped reaction synthesis (missing molecule synthesis subproblem failed).[0m
      Evaluating reaction complex_211 (210/500)...
        [31m✗ Skipped reaction synthesis (missing molecule synthesis subproblem failed).[0m
      Evaluating reaction complex_212 (211/500)...
        [31m✗ Skipped reaction synthesis (missing molecule synthesis subproblem failed).[0m
      Evaluating reaction complex_213 (212/500)...
        [31m✗ Skipped reaction synthesis (missing molecule synthesis subproblem failed).[0m
      Evaluating reaction complex_214 (213/500)...
        [31m✗ Skipped reaction synthesis (missing molecule synthesis subproblem failed).[0m
      Evaluating reaction complex_215 (214/500)...
        [31m✗ Skipped reaction synthesis (missing molecule synthesis subproblem failed).[0m
      Evaluating reaction complex_216 (215/500)...
[Problem → Reactions] Found 30000 reactions, 250 molecules.
      [32m✓ All goal molecules found.[0m
      [31m✗ Missing goal reactions.[0m
        [31m✗ Synthesis failed or timed out in 48.51s.[0m
      Evaluating reaction complex_217 (216/500)...
        [31m✗ Skipped reaction synthesis (missing molecule synthesis subproblem failed).[0m
      Evaluating reaction complex_218 (217/500)...
        [31m✗ Skipped reaction synthesis (missing molecule synthesis subproblem failed).[0m
      Evaluating reaction complex_219 (218/500)...
        [31m✗ Skipped reaction synthesis (missing molecule synthesis subproblem failed).[0m
      Evaluating reaction complex_220 (219/500)...
        [31m✗ Skipped reaction synthesis (missing molecule synthesis subproblem failed).[0m
      Evaluating reaction complex_221 (220/500)...
        [31m✗ Skipped reaction synthesis (missing molecule synthesis subproblem failed).[0m
      Evaluating reaction complex_222 (221/500)...
        [31m✗ Skipped reaction synthesis (missing molecule synthesis subproblem failed).[0m
      Evaluating reaction complex_223 (222/500)...
        [31m✗ Skipped reaction synthesis (missing molecule synthesis subproblem failed).[0m
      Evaluating reaction complex_224 (223/500)...
        [31m✗ Skipped reaction synthesis (missing molecule synthesis subproblem failed).[0m
      Evaluating reaction complex_225 (224/500)...
        [31m✗ Skipped reaction synthesis (missing molecule synthesis subproblem failed).[0m
      Evaluating reaction complex_226 (225/500)...
        [31m✗ Skipped reaction synthesis (missing molecule synthesis subproblem failed).[0m
      Evaluating reaction complex_227 (226/500)...
[Problem → Reactions] Found 593 reactions, 250 molecules.
      [32m✓ All goal molecules found.[0m
      [32m✓ All goal reactions found.[0m
        [32m✓ Target reaction successfully synthesized in 0.81s![0m
      Evaluating reaction complex_228 (227/500)...
        [31m✗ Skipped reaction synthesis (missing molecule synthesis subproblem failed).[0m
      Evaluating reaction complex_229 (228/500)...
        [31m✗ Skipped reaction synthesis (missing molecule synthesis subproblem failed).[0m
      Evaluating reaction complex_230 (229/500)...
        [31m✗ Skipped reaction synthesis (missing molecule synthesis subproblem failed).[0m
      Evaluating reaction complex_231 (230/500)...
        [31m✗ Skipped reaction synthesis (missing molecule synthesis subproblem failed).[0m
      Evaluating reaction complex_232 (231/500)...
        [31m✗ Skipped reaction synthesis (missing molecule synthesis subproblem failed).[0m
      Evaluating reaction complex_233 (232/500)...
        [31m✗ Skipped reaction synthesis (missing molecule synthesis subproblem failed).[0m
      Evaluating reaction complex_234 (233/500)...
        [31m✗ Skipped reaction synthesis (missing molecule synthesis subproblem failed).[0m
      Evaluating reaction complex_235 (234/500)...
        [31m✗ Skipped reaction synthesis (missing molecule synthesis subproblem failed).[0m
      Evaluating reaction complex_236 (235/500)...
        [31m✗ Skipped reaction synthesis (missing molecule synthesis subproblem failed).[0m
      Evaluating reaction complex_237 (236/500)...
        [31m✗ Skipped reaction synthesis (missing molecule synthesis subproblem failed).[0m
      Evaluating reaction complex_238 (237/500)...
[Problem → Reactions] Found 30000 reactions, 250 molecules.
      [32m✓ All goal molecules found.[0m
      [31m✗ Missing goal reactions.[0m
        [31m✗ Synthesis failed or timed out in 68.94s.[0m
      Evaluating reaction complex_239 (238/500)...
        [31m✗ Skipped reaction synthesis (missing molecule synthesis subproblem failed).[0m
      Evaluating reaction complex_240 (239/500)...
        [31m✗ Skipped reaction synthesis (missing molecule synthesis subproblem failed).[0m
      Evaluating reaction complex_241 (240/500)...
        [31m✗ Skipped reaction synthesis (missing molecule synthesis subproblem failed).[0m
      Evaluating reaction complex_242 (241/500)...
[Problem → Reactions] Found 670 reactions, 250 molecules.
      [32m✓ All goal molecules found.[0m
      [32m✓ All goal reactions found.[0m
        [32m✓ Target reaction successfully synthesized in 4.23s![0m
      Evaluating reaction complex_243 (242/500)...
        [31m✗ Skipped reaction synthesis (missing molecule synthesis subproblem failed).[0m
      Evaluating reaction complex_244 (243/500)...
        [31m✗ Skipped reaction synthesis (missing molecule synthesis subproblem failed).[0m
      Evaluating reaction complex_245 (244/500)...
        [31m✗ Skipped reaction synthesis (missing molecule synthesis subproblem failed).[0m
      Evaluating reaction complex_246 (245/500)...
        [31m✗ Skipped reaction synthesis (missing molecule synthesis subproblem failed).[0m
      Evaluating reaction complex_247 (246/500)...
        [31m✗ Skipped reaction synthesis (missing molecule synthesis subproblem failed).[0m
      Evaluating reaction complex_248 (247/500)...
        [31m✗ Skipped reaction synthesis (missing molecule synthesis subproblem failed).[0m
      Evaluating reaction complex_249 (248/500)...
        [31m✗ Skipped reaction synthesis (missing molecule synthesis subproblem failed).[0m
      Evaluating reaction complex_250 (249/500)...
        [31m✗ Skipped reaction synthesis (missing molecule synthesis subproblem failed).[0m
      Evaluating reaction complex_251 (250/500)...
        [31m✗ Skipped reaction synthesis (missing molecule synthesis subproblem failed).[0m
      Evaluating reaction complex_252 (251/500)...
[Problem → Reactions] Found 30000 reactions, 250 molecules.
      [32m✓ All goal molecules found.[0m
      [31m✗ Missing goal reactions.[0m
        [31m✗ Synthesis failed or timed out in 56.54s.[0m
      Evaluating reaction complex_253 (252/500)...
        [31m✗ Skipped reaction synthesis (missing molecule synthesis subproblem failed).[0m
      Evaluating reaction complex_254 (253/500)...
        [31m✗ Skipped reaction synthesis (missing molecule synthesis subproblem failed).[0m
      Evaluating reaction complex_255 (254/500)...
[Problem → Reactions] Found 30000 reactions, 250 molecules.
      [32m✓ All goal molecules found.[0m
      [31m✗ Missing goal reactions.[0m
        [31m✗ Synthesis failed or timed out in 52.72s.[0m
      Evaluating reaction complex_256 (255/500)...
[Problem → Reactions] Found 2042 reactions, 250 molecules.
      [32m✓ All goal molecules found.[0m
      [32m✓ All goal reactions found.[0m
        [32m✓ Target reaction successfully synthesized in 1.5s![0m
      Evaluating reaction complex_257 (256/500)...
        [31m✗ Skipped reaction synthesis (missing molecule synthesis subproblem failed).[0m
      Evaluating reaction complex_258 (257/500)...
[Problem → Reactions] Found 621 reactions, 250 molecules.
      [32m✓ All goal molecules found.[0m
      [32m✓ All goal reactions found.[0m
        [32m✓ Target reaction successfully synthesized in 0.83s![0m
      Evaluating reaction complex_259 (258/500)...
        [31m✗ Skipped reaction synthesis (missing molecule synthesis subproblem failed).[0m
      Evaluating reaction complex_260 (259/500)...
        [31m✗ Skipped reaction synthesis (missing molecule synthesis subproblem failed).[0m
      Evaluating reaction complex_261 (260/500)...
[Problem → Reactions] Found 30000 reactions, 250 molecules.
      [32m✓ All goal molecules found.[0m
      [31m✗ Missing goal reactions.[0m
        [31m✗ Synthesis failed or timed out in 52.77s.[0m
      Evaluating reaction complex_262 (261/500)...
        [31m✗ Skipped reaction synthesis (missing molecule synthesis subproblem failed).[0m
      Evaluating reaction complex_263 (262/500)...
        [31m✗ Skipped reaction synthesis (missing molecule synthesis subproblem failed).[0m
      Evaluating reaction complex_264 (263/500)...
        [31m✗ Skipped reaction synthesis (missing molecule synthesis subproblem failed).[0m
      Evaluating reaction complex_265 (264/500)...
        [31m✗ Skipped reaction synthesis (missing molecule synthesis subproblem failed).[0m
      Evaluating reaction complex_266 (265/500)...
        [31m✗ Skipped reaction synthesis (missing molecule synthesis subproblem failed).[0m
      Evaluating reaction complex_267 (266/500)...
[Problem → Reactions] Found 623 reactions, 250 molecules.
      [32m✓ All goal molecules found.[0m
      [32m✓ All goal reactions found.[0m
        [32m✓ Target reaction successfully synthesized in 0.89s![0m
      Evaluating reaction complex_268 (267/500)...
        [31m✗ Skipped reaction synthesis (missing molecule synthesis subproblem failed).[0m
      Evaluating reaction complex_269 (268/500)...
        [31m✗ Skipped reaction synthesis (missing molecule synthesis subproblem failed).[0m
      Evaluating reaction complex_270 (269/500)...
[Problem → Reactions] Found 5658 reactions, 250 molecules.
      [32m✓ All goal molecules found.[0m
      [32m✓ All goal reactions found.[0m
        [32m✓ Target reaction successfully synthesized in 7.25s![0m
      Evaluating reaction complex_271 (270/500)...
        [31m✗ Skipped reaction synthesis (missing molecule synthesis subproblem failed).[0m
      Evaluating reaction complex_272 (271/500)...
        [31m✗ Skipped reaction synthesis (missing molecule synthesis subproblem failed).[0m
      Evaluating reaction complex_273 (272/500)...
        [31m✗ Skipped reaction synthesis (missing molecule synthesis subproblem failed).[0m
      Evaluating reaction complex_274 (273/500)...
        [31m✗ Skipped reaction synthesis (missing molecule synthesis subproblem failed).[0m
      Evaluating reaction complex_275 (274/500)...
[Problem → Reactions] Found 30000 reactions, 250 molecules.
      [32m✓ All goal molecules found.[0m
      [31m✗ Missing goal reactions.[0m
        [31m✗ Synthesis failed or timed out in 66.92s.[0m
      Evaluating reaction complex_276 (275/500)...
[Problem → Reactions] Found 30000 reactions, 250 molecules.
      [32m✓ All goal molecules found.[0m
      [31m✗ Missing goal reactions.[0m
        [31m✗ Synthesis failed or timed out in 57.36s.[0m
      Evaluating reaction complex_277 (276/500)...
[Problem → Reactions] Found 30000 reactions, 250 molecules.
      [32m✓ All goal molecules found.[0m
      [31m✗ Missing goal reactions.[0m
        [31m✗ Synthesis failed or timed out in 59.04s.[0m
      Evaluating reaction complex_278 (277/500)...
[Problem → Reactions] Found 30000 reactions, 250 molecules.
      [32m✓ All goal molecules found.[0m
      [31m✗ Missing goal reactions.[0m
        [31m✗ Synthesis failed or timed out in 64.87s.[0m
      Evaluating reaction complex_279 (278/500)...
[Problem → Reactions] Found 30000 reactions, 250 molecules.
      [32m✓ All goal molecules found.[0m
      [31m✗ Missing goal reactions.[0m
        [31m✗ Synthesis failed or timed out in 58.33s.[0m
      Evaluating reaction complex_280 (279/500)...
[Problem → Reactions] Found 30000 reactions, 250 molecules.
      [32m✓ All goal molecules found.[0m
      [31m✗ Missing goal reactions.[0m
        [31m✗ Synthesis failed or timed out in 64.37s.[0m
      Evaluating reaction complex_281 (280/500)...
        [31m✗ Skipped reaction synthesis (missing molecule synthesis subproblem failed).[0m
      Evaluating reaction complex_282 (281/500)...
[Problem → Reactions] Found 30000 reactions, 250 molecules.
      [32m✓ All goal molecules found.[0m
      [31m✗ Missing goal reactions.[0m
        [31m✗ Synthesis failed or timed out in 64.27s.[0m
      Evaluating reaction complex_283 (282/500)...
[Problem → Reactions] Found 30000 reactions, 250 molecules.
      [32m✓ All goal molecules found.[0m
      [31m✗ Missing goal reactions.[0m
        [31m✗ Synthesis failed or timed out in 70.23s.[0m
      Evaluating reaction complex_284 (283/500)...
        [31m✗ Skipped reaction synthesis (missing molecule synthesis subproblem failed).[0m
      Evaluating reaction complex_285 (284/500)...
[Problem → Reactions] Found 30000 reactions, 250 molecules.
      [32m✓ All goal molecules found.[0m
      [31m✗ Missing goal reactions.[0m
        [31m✗ Synthesis failed or timed out in 62.73s.[0m
      Evaluating reaction complex_286 (285/500)...
[Problem → Reactions] Found 30000 reactions, 250 molecules.
      [32m✓ All goal molecules found.[0m
      [31m✗ Missing goal reactions.[0m
        [31m✗ Synthesis failed or timed out in 68.5s.[0m
      Evaluating reaction complex_287 (286/500)...
        [31m✗ Skipped reaction synthesis (missing molecule synthesis subproblem failed).[0m
      Evaluating reaction complex_288 (287/500)...
[Problem → Reactions] Found 30000 reactions, 250 molecules.
      [32m✓ All goal molecules found.[0m
      [31m✗ Missing goal reactions.[0m
        [31m✗ Synthesis failed or timed out in 68.31s.[0m
      Evaluating reaction complex_289 (288/500)...
[Problem → Reactions] Found 30000 reactions, 250 molecules.
      [32m✓ All goal molecules found.[0m
      [31m✗ Missing goal reactions.[0m
        [31m✗ Synthesis failed or timed out in 59.04s.[0m
      Evaluating reaction complex_290 (289/500)...
[Problem → Reactions] Found 30000 reactions, 250 molecules.
      [32m✓ All goal molecules found.[0m
      [31m✗ Missing goal reactions.[0m
        [31m✗ Synthesis failed or timed out in 57.97s.[0m
      Evaluating reaction complex_291 (290/500)...
[Problem → Reactions] Found 30000 reactions, 250 molecules.
      [32m✓ All goal molecules found.[0m
      [31m✗ Missing goal reactions.[0m
        [31m✗ Synthesis failed or timed out in 65.68s.[0m
      Evaluating reaction complex_292 (291/500)...
[Problem → Reactions] Found 30000 reactions, 250 molecules.
      [32m✓ All goal molecules found.[0m
      [31m✗ Missing goal reactions.[0m
        [31m✗ Synthesis failed or timed out in 55.62s.[0m
      Evaluating reaction complex_293 (292/500)...
[Problem → Reactions] Found 30000 reactions, 250 molecules.
      [32m✓ All goal molecules found.[0m
      [31m✗ Missing goal reactions.[0m
        [31m✗ Synthesis failed or timed out in 57.73s.[0m
      Evaluating reaction complex_294 (293/500)...
[Problem → Reactions] Found 30000 reactions, 250 molecules.
      [32m✓ All goal molecules found.[0m
      [31m✗ Missing goal reactions.[0m
        [31m✗ Synthesis failed or timed out in 57.0s.[0m
      Evaluating reaction complex_295 (294/500)...
[Problem → Reactions] Found 30000 reactions, 250 molecules.
      [32m✓ All goal molecules found.[0m
      [31m✗ Missing goal reactions.[0m
        [31m✗ Synthesis failed or timed out in 64.28s.[0m
      Evaluating reaction complex_296 (295/500)...
        [31m✗ Skipped reaction synthesis (missing molecule synthesis subproblem failed).[0m
      Evaluating reaction complex_297 (296/500)...
        [31m✗ Skipped reaction synthesis (missing molecule synthesis subproblem failed).[0m
      Evaluating reaction complex_298 (297/500)...
[Problem → Reactions] Found 30000 reactions, 250 molecules.
      [32m✓ All goal molecules found.[0m
      [31m✗ Missing goal reactions.[0m
        [31m✗ Synthesis failed or timed out in 58.92s.[0m
      Evaluating reaction complex_299 (298/500)...
[Problem → Reactions] Found 30000 reactions, 250 molecules.
      [32m✓ All goal molecules found.[0m
      [31m✗ Missing goal reactions.[0m
        [31m✗ Synthesis failed or timed out in 63.52s.[0m
      Evaluating reaction complex_300 (299/500)...
[Problem → Reactions] Found 30000 reactions, 250 molecules.
      [32m✓ All goal molecules found.[0m
      [31m✗ Missing goal reactions.[0m
        [31m✗ Synthesis failed or timed out in 59.85s.[0m
      Evaluating reaction complex_301 (300/500)...
[Problem → Reactions] Found 30000 reactions, 250 molecules.
      [32m✓ All goal molecules found.[0m
      [31m✗ Missing goal reactions.[0m
        [31m✗ Synthesis failed or timed out in 58.4s.[0m
      Evaluating reaction complex_302 (301/500)...
[Problem → Reactions] Found 30000 reactions, 250 molecules.
      [32m✓ All goal molecules found.[0m
      [31m✗ Missing goal reactions.[0m
        [31m✗ Synthesis failed or timed out in 62.78s.[0m
      Evaluating reaction complex_303 (302/500)...
        [31m✗ Skipped reaction synthesis (missing molecule synthesis subproblem failed).[0m
      Evaluating reaction complex_304 (303/500)...
[Problem → Reactions] Found 30000 reactions, 250 molecules.
      [32m✓ All goal molecules found.[0m
      [31m✗ Missing goal reactions.[0m
        [31m✗ Synthesis failed or timed out in 64.02s.[0m
      Evaluating reaction complex_305 (304/500)...
[Problem → Reactions] Found 30000 reactions, 250 molecules.
      [32m✓ All goal molecules found.[0m
      [31m✗ Missing goal reactions.[0m
        [31m✗ Synthesis failed or timed out in 59.16s.[0m
      Evaluating reaction complex_306 (305/500)...
[Problem → Reactions] Found 30000 reactions, 250 molecules.
      [32m✓ All goal molecules found.[0m
      [31m✗ Missing goal reactions.[0m
        [31m✗ Synthesis failed or timed out in 62.78s.[0m
      Evaluating reaction complex_307 (306/500)...
[Problem → Reactions] Found 30000 reactions, 250 molecules.
      [32m✓ All goal molecules found.[0m
      [31m✗ Missing goal reactions.[0m
        [31m✗ Synthesis failed or timed out in 54.39s.[0m
      Evaluating reaction complex_308 (307/500)...
[Problem → Reactions] Found 30000 reactions, 250 molecules.
      [32m✓ All goal molecules found.[0m
      [31m✗ Missing goal reactions.[0m
        [31m✗ Synthesis failed or timed out in 62.49s.[0m
      Evaluating reaction complex_309 (308/500)...
[Problem → Reactions] Found 30000 reactions, 250 molecules.
      [32m✓ All goal molecules found.[0m
      [31m✗ Missing goal reactions.[0m
        [31m✗ Synthesis failed or timed out in 51.92s.[0m
      Evaluating reaction complex_310 (309/500)...
        [31m✗ Skipped reaction synthesis (missing molecule synthesis subproblem failed).[0m
      Evaluating reaction complex_311 (310/500)...
        [31m✗ Skipped reaction synthesis (missing molecule synthesis subproblem failed).[0m
      Evaluating reaction complex_312 (311/500)...
[Problem → Reactions] Found 30000 reactions, 250 molecules.
      [32m✓ All goal molecules found.[0m
      [31m✗ Missing goal reactions.[0m
        [31m✗ Synthesis failed or timed out in 68.59s.[0m
      Evaluating reaction complex_313 (312/500)...
[Problem → Reactions] Found 30000 reactions, 250 molecules.
      [32m✓ All goal molecules found.[0m
      [31m✗ Missing goal reactions.[0m
        [31m✗ Synthesis failed or timed out in 65.77s.[0m
      Evaluating reaction complex_314 (313/500)...
[Problem → Reactions] Found 30000 reactions, 250 molecules.
      [32m✓ All goal molecules found.[0m
      [31m✗ Missing goal reactions.[0m
        [31m✗ Synthesis failed or timed out in 56.95s.[0m
      Evaluating reaction complex_315 (314/500)...
[Problem → Reactions] Found 30000 reactions, 250 molecules.
      [32m✓ All goal molecules found.[0m
      [31m✗ Missing goal reactions.[0m
        [31m✗ Synthesis failed or timed out in 62.26s.[0m
      Evaluating reaction complex_316 (315/500)...
[Problem → Reactions] Found 30000 reactions, 250 molecules.
      [32m✓ All goal molecules found.[0m
      [31m✗ Missing goal reactions.[0m
        [31m✗ Synthesis failed or timed out in 59.57s.[0m
      Evaluating reaction complex_317 (316/500)...
[Problem → Reactions] Found 30000 reactions, 250 molecules.
      [32m✓ All goal molecules found.[0m
      [31m✗ Missing goal reactions.[0m
        [31m✗ Synthesis failed or timed out in 50.75s.[0m
      Evaluating reaction complex_318 (317/500)...
[Problem → Reactions] Found 30000 reactions, 250 molecules.
      [32m✓ All goal molecules found.[0m
      [31m✗ Missing goal reactions.[0m
        [31m✗ Synthesis failed or timed out in 55.13s.[0m
      Evaluating reaction complex_319 (318/500)...
[Problem → Reactions] Found 30000 reactions, 250 molecules.
      [32m✓ All goal molecules found.[0m
      [31m✗ Missing goal reactions.[0m
        [31m✗ Synthesis failed or timed out in 63.54s.[0m
      Evaluating reaction complex_320 (319/500)...
[Problem → Reactions] Found 30000 reactions, 250 molecules.
      [32m✓ All goal molecules found.[0m
      [31m✗ Missing goal reactions.[0m
        [31m✗ Synthesis failed or timed out in 52.84s.[0m
      Evaluating reaction complex_321 (320/500)...
[Problem → Reactions] Found 30000 reactions, 250 molecules.
      [32m✓ All goal molecules found.[0m
      [31m✗ Missing goal reactions.[0m
        [31m✗ Synthesis failed or timed out in 58.69s.[0m
      Evaluating reaction complex_322 (321/500)...
[Problem → Reactions] Found 30000 reactions, 250 molecules.
      [32m✓ All goal molecules found.[0m
      [31m✗ Missing goal reactions.[0m
        [31m✗ Synthesis failed or timed out in 58.19s.[0m
      Evaluating reaction complex_323 (322/500)...
[Problem → Reactions] Found 30000 reactions, 250 molecules.
      [32m✓ All goal molecules found.[0m
      [31m✗ Missing goal reactions.[0m
        [31m✗ Synthesis failed or timed out in 52.07s.[0m
      Evaluating reaction complex_324 (323/500)...
[Problem → Reactions] Found 30000 reactions, 250 molecules.
      [32m✓ All goal molecules found.[0m
      [31m✗ Missing goal reactions.[0m
        [31m✗ Synthesis failed or timed out in 51.77s.[0m
      Evaluating reaction complex_325 (324/500)...
[Problem → Reactions] Found 30000 reactions, 250 molecules.
      [32m✓ All goal molecules found.[0m
      [31m✗ Missing goal reactions.[0m
        [31m✗ Synthesis failed or timed out in 51.14s.[0m
      Evaluating reaction complex_326 (325/500)...
[Problem → Reactions] Found 30000 reactions, 250 molecules.
      [32m✓ All goal molecules found.[0m
      [31m✗ Missing goal reactions.[0m
        [31m✗ Synthesis failed or timed out in 50.87s.[0m
      Evaluating reaction complex_327 (326/500)...
[Problem → Reactions] Found 30000 reactions, 250 molecules.
      [32m✓ All goal molecules found.[0m
      [31m✗ Missing goal reactions.[0m
        [31m✗ Synthesis failed or timed out in 57.03s.[0m
      Evaluating reaction complex_328 (327/500)...
[Problem → Reactions] Found 30000 reactions, 250 molecules.
      [32m✓ All goal molecules found.[0m
      [31m✗ Missing goal reactions.[0m
        [31m✗ Synthesis failed or timed out in 62.32s.[0m
      Evaluating reaction complex_329 (328/500)...
[Problem → Reactions] Found 30000 reactions, 250 molecules.
      [32m✓ All goal molecules found.[0m
      [31m✗ Missing goal reactions.[0m
        [31m✗ Synthesis failed or timed out in 58.53s.[0m
      Evaluating reaction complex_330 (329/500)...
[Problem → Reactions] Found 30000 reactions, 250 molecules.
      [32m✓ All goal molecules found.[0m
      [31m✗ Missing goal reactions.[0m
        [31m✗ Synthesis failed or timed out in 55.92s.[0m
      Evaluating reaction complex_331 (330/500)...
[Problem → Reactions] Found 30000 reactions, 250 molecules.
      [32m✓ All goal molecules found.[0m
      [31m✗ Missing goal reactions.[0m
        [31m✗ Synthesis failed or timed out in 61.92s.[0m
      Evaluating reaction complex_332 (331/500)...
        [31m✗ Skipped reaction synthesis (missing molecule synthesis subproblem failed).[0m
      Evaluating reaction complex_333 (332/500)...
        [31m✗ Skipped reaction synthesis (missing molecule synthesis subproblem failed).[0m
      Evaluating reaction complex_334 (333/500)...
[Problem → Reactions] Found 30000 reactions, 250 molecules.
      [32m✓ All goal molecules found.[0m
      [31m✗ Missing goal reactions.[0m
        [31m✗ Synthesis failed or timed out in 64.23s.[0m
      Evaluating reaction complex_335 (334/500)...
[Problem → Reactions] Found 30000 reactions, 250 molecules.
      [32m✓ All goal molecules found.[0m
      [31m✗ Missing goal reactions.[0m
        [31m✗ Synthesis failed or timed out in 51.86s.[0m
      Evaluating reaction complex_336 (335/500)...
[Problem → Reactions] Found 30000 reactions, 250 molecules.
      [32m✓ All goal molecules found.[0m
      [31m✗ Missing goal reactions.[0m
        [31m✗ Synthesis failed or timed out in 66.84s.[0m
      Evaluating reaction complex_337 (336/500)...
[Problem → Reactions] Found 30000 reactions, 250 molecules.
      [32m✓ All goal molecules found.[0m
      [31m✗ Missing goal reactions.[0m
        [31m✗ Synthesis failed or timed out in 50.34s.[0m
      Evaluating reaction complex_338 (337/500)...
[Problem → Reactions] Found 30000 reactions, 250 molecules.
      [32m✓ All goal molecules found.[0m
      [31m✗ Missing goal reactions.[0m
        [31m✗ Synthesis failed or timed out in 49.34s.[0m
      Evaluating reaction complex_339 (338/500)...
[Problem → Reactions] Found 30000 reactions, 250 molecules.
      [32m✓ All goal molecules found.[0m
      [31m✗ Missing goal reactions.[0m
        [31m✗ Synthesis failed or timed out in 71.31s.[0m
      Evaluating reaction complex_340 (339/500)...
[Problem → Reactions] Found 30000 reactions, 250 molecules.
      [32m✓ All goal molecules found.[0m
      [31m✗ Missing goal reactions.[0m
        [31m✗ Synthesis failed or timed out in 65.14s.[0m
      Evaluating reaction complex_341 (340/500)...
[Problem → Reactions] Found 30000 reactions, 250 molecules.
      [32m✓ All goal molecules found.[0m
      [31m✗ Missing goal reactions.[0m
        [31m✗ Synthesis failed or timed out in 57.62s.[0m
      Evaluating reaction complex_342 (341/500)...
[Problem → Reactions] Found 30000 reactions, 250 molecules.
      [32m✓ All goal molecules found.[0m
      [31m✗ Missing goal reactions.[0m
        [31m✗ Synthesis failed or timed out in 49.4s.[0m
      Evaluating reaction complex_343 (342/500)...
        [31m✗ Skipped reaction synthesis (missing molecule synthesis subproblem failed).[0m
      Evaluating reaction complex_344 (343/500)...
        [31m✗ Skipped reaction synthesis (missing molecule synthesis subproblem failed).[0m
      Evaluating reaction complex_345 (344/500)...
        [31m✗ Skipped reaction synthesis (missing molecule synthesis subproblem failed).[0m
      Evaluating reaction complex_346 (345/500)...
[Problem → Reactions] Found 30000 reactions, 250 molecules.
      [32m✓ All goal molecules found.[0m
      [31m✗ Missing goal reactions.[0m
        [31m✗ Synthesis failed or timed out in 49.45s.[0m
      Evaluating reaction complex_347 (346/500)...
[Problem → Reactions] Found 30000 reactions, 250 molecules.
      [32m✓ All goal molecules found.[0m
      [31m✗ Missing goal reactions.[0m
        [31m✗ Synthesis failed or timed out in 66.97s.[0m
      Evaluating reaction complex_348 (347/500)...
[Problem → Reactions] Found 30000 reactions, 250 molecules.
      [32m✓ All goal molecules found.[0m
      [31m✗ Missing goal reactions.[0m
        [31m✗ Synthesis failed or timed out in 54.04s.[0m
      Evaluating reaction complex_349 (348/500)...
[Problem → Reactions] Found 30000 reactions, 250 molecules.
      [32m✓ All goal molecules found.[0m
      [31m✗ Missing goal reactions.[0m
        [31m✗ Synthesis failed or timed out in 61.86s.[0m
      Evaluating reaction complex_350 (349/500)...
[Problem → Reactions] Found 30000 reactions, 250 molecules.
      [32m✓ All goal molecules found.[0m
      [31m✗ Missing goal reactions.[0m
        [31m✗ Synthesis failed or timed out in 62.04s.[0m
      Evaluating reaction complex_351 (350/500)...
[Problem → Reactions] Found 30000 reactions, 250 molecules.
      [32m✓ All goal molecules found.[0m
      [31m✗ Missing goal reactions.[0m
        [31m✗ Synthesis failed or timed out in 66.15s.[0m
      Evaluating reaction complex_352 (351/500)...
        [31m✗ Skipped reaction synthesis (missing molecule synthesis subproblem failed).[0m
      Evaluating reaction complex_353 (352/500)...
        [31m✗ Skipped reaction synthesis (missing molecule synthesis subproblem failed).[0m
      Evaluating reaction complex_354 (353/500)...
        [31m✗ Skipped reaction synthesis (missing molecule synthesis subproblem failed).[0m
      Evaluating reaction complex_355 (354/500)...
        [31m✗ Skipped reaction synthesis (missing molecule synthesis subproblem failed).[0m
      Evaluating reaction complex_356 (355/500)...
        [31m✗ Skipped reaction synthesis (missing molecule synthesis subproblem failed).[0m
      Evaluating reaction complex_357 (356/500)...
        [31m✗ Skipped reaction synthesis (missing molecule synthesis subproblem failed).[0m
      Evaluating reaction complex_358 (357/500)...
        [31m✗ Skipped reaction synthesis (missing molecule synthesis subproblem failed).[0m
      Evaluating reaction complex_359 (358/500)...
[Problem → Reactions] Found 30000 reactions, 250 molecules.
      [32m✓ All goal molecules found.[0m
      [31m✗ Missing goal reactions.[0m
        [31m✗ Synthesis failed or timed out in 49.14s.[0m
      Evaluating reaction complex_360 (359/500)...
[Problem → Reactions] Found 30000 reactions, 250 molecules.
      [32m✓ All goal molecules found.[0m
      [31m✗ Missing goal reactions.[0m
        [31m✗ Synthesis failed or timed out in 56.87s.[0m
      Evaluating reaction complex_361 (360/500)...
        [31m✗ Skipped reaction synthesis (missing molecule synthesis subproblem failed).[0m
      Evaluating reaction complex_362 (361/500)...
        [31m✗ Skipped reaction synthesis (missing molecule synthesis subproblem failed).[0m
      Evaluating reaction complex_363 (362/500)...
        [31m✗ Skipped reaction synthesis (missing molecule synthesis subproblem failed).[0m
      Evaluating reaction complex_364 (363/500)...
        [31m✗ Skipped reaction synthesis (missing molecule synthesis subproblem failed).[0m
      Evaluating reaction complex_365 (364/500)...
        [31m✗ Skipped reaction synthesis (missing molecule synthesis subproblem failed).[0m
      Evaluating reaction complex_366 (365/500)...
        [31m✗ Skipped reaction synthesis (missing molecule synthesis subproblem failed).[0m
      Evaluating reaction complex_367 (366/500)...
[Problem → Reactions] Found 30000 reactions, 250 molecules.
      [32m✓ All goal molecules found.[0m
      [31m✗ Missing goal reactions.[0m
        [31m✗ Synthesis failed or timed out in 54.77s.[0m
      Evaluating reaction complex_368 (367/500)...
        [31m✗ Skipped reaction synthesis (missing molecule synthesis subproblem failed).[0m
      Evaluating reaction complex_369 (368/500)...
[Problem → Reactions] Found 30000 reactions, 250 molecules.
      [32m✓ All goal molecules found.[0m
      [31m✗ Missing goal reactions.[0m
        [31m✗ Synthesis failed or timed out in 63.52s.[0m
      Evaluating reaction complex_370 (369/500)...
[Problem → Reactions] Found 30000 reactions, 250 molecules.
      [32m✓ All goal molecules found.[0m
      [31m✗ Missing goal reactions.[0m
        [31m✗ Synthesis failed or timed out in 59.68s.[0m
      Evaluating reaction complex_371 (370/500)...
[Problem → Reactions] Found 30000 reactions, 250 molecules.
      [32m✓ All goal molecules found.[0m
      [31m✗ Missing goal reactions.[0m
        [31m✗ Synthesis failed or timed out in 58.81s.[0m
      Evaluating reaction complex_372 (371/500)...
        [31m✗ Skipped reaction synthesis (missing molecule synthesis subproblem failed).[0m
      Evaluating reaction complex_373 (372/500)...
[Problem → Reactions] Found 30000 reactions, 250 molecules.
      [32m✓ All goal molecules found.[0m
      [31m✗ Missing goal reactions.[0m
        [31m✗ Synthesis failed or timed out in 53.6s.[0m
      Evaluating reaction complex_374 (373/500)...
[Problem → Reactions] Found 30000 reactions, 250 molecules.
      [32m✓ All goal molecules found.[0m
      [31m✗ Missing goal reactions.[0m
        [31m✗ Synthesis failed or timed out in 54.47s.[0m
      Evaluating reaction complex_375 (374/500)...
[Problem → Reactions] Found 30000 reactions, 250 molecules.
      [32m✓ All goal molecules found.[0m
      [31m✗ Missing goal reactions.[0m
        [31m✗ Synthesis failed or timed out in 53.95s.[0m
      Evaluating reaction complex_376 (375/500)...
        [31m✗ Skipped reaction synthesis (missing molecule synthesis subproblem failed).[0m
      Evaluating reaction complex_377 (376/500)...
        [31m✗ Skipped reaction synthesis (missing molecule synthesis subproblem failed).[0m
      Evaluating reaction complex_378 (377/500)...
[Problem → Reactions] Found 30000 reactions, 250 molecules.
      [32m✓ All goal molecules found.[0m
      [31m✗ Missing goal reactions.[0m
        [31m✗ Synthesis failed or timed out in 53.26s.[0m
      Evaluating reaction complex_379 (378/500)...
        [31m✗ Skipped reaction synthesis (missing molecule synthesis subproblem failed).[0m
      Evaluating reaction complex_380 (379/500)...
[Problem → Reactions] Found 30000 reactions, 250 molecules.
      [32m✓ All goal molecules found.[0m
      [31m✗ Missing goal reactions.[0m
        [31m✗ Synthesis failed or timed out in 66.11s.[0m
      Evaluating reaction complex_381 (380/500)...
        [31m✗ Skipped reaction synthesis (missing molecule synthesis subproblem failed).[0m
      Evaluating reaction complex_382 (381/500)...
        [31m✗ Skipped reaction synthesis (missing molecule synthesis subproblem failed).[0m
      Evaluating reaction complex_383 (382/500)...
        [31m✗ Skipped reaction synthesis (missing molecule synthesis subproblem failed).[0m
      Evaluating reaction complex_384 (383/500)...
[Problem → Reactions] Found 30000 reactions, 250 molecules.
      [32m✓ All goal molecules found.[0m
      [31m✗ Missing goal reactions.[0m
        [31m✗ Synthesis failed or timed out in 64.02s.[0m
      Evaluating reaction complex_385 (384/500)...
[Problem → Reactions] Found 30000 reactions, 250 molecules.
      [32m✓ All goal molecules found.[0m
      [31m✗ Missing goal reactions.[0m
        [31m✗ Synthesis failed or timed out in 58.53s.[0m
      Evaluating reaction complex_386 (385/500)...
[Problem → Reactions] Found 30000 reactions, 250 molecules.
      [32m✓ All goal molecules found.[0m
      [31m✗ Missing goal reactions.[0m
        [31m✗ Synthesis failed or timed out in 60.11s.[0m
      Evaluating reaction complex_387 (386/500)...
        [31m✗ Skipped reaction synthesis (missing molecule synthesis subproblem failed).[0m
      Evaluating reaction complex_388 (387/500)...
[Problem → Reactions] Found 30000 reactions, 250 molecules.
      [32m✓ All goal molecules found.[0m
      [31m✗ Missing goal reactions.[0m
        [31m✗ Synthesis failed or timed out in 53.46s.[0m
      Evaluating reaction complex_389 (388/500)...
[Problem → Reactions] Found 30000 reactions, 250 molecules.
      [32m✓ All goal molecules found.[0m
      [31m✗ Missing goal reactions.[0m
        [31m✗ Synthesis failed or timed out in 54.95s.[0m
      Evaluating reaction complex_390 (389/500)...
[Problem → Reactions] Found 30000 reactions, 250 molecules.
      [32m✓ All goal molecules found.[0m
      [31m✗ Missing goal reactions.[0m
        [31m✗ Synthesis failed or timed out in 55.82s.[0m
      Evaluating reaction complex_391 (390/500)...
[Problem → Reactions] Found 30000 reactions, 250 molecules.
      [32m✓ All goal molecules found.[0m
      [31m✗ Missing goal reactions.[0m
        [31m✗ Synthesis failed or timed out in 57.41s.[0m
      Evaluating reaction complex_392 (391/500)...
[Problem → Reactions] Found 30000 reactions, 250 molecules.
      [32m✓ All goal molecules found.[0m
      [31m✗ Missing goal reactions.[0m
        [31m✗ Synthesis failed or timed out in 61.73s.[0m
      Evaluating reaction complex_393 (392/500)...
        [31m✗ Skipped reaction synthesis (missing molecule synthesis subproblem failed).[0m
      Evaluating reaction complex_394 (393/500)...
        [31m✗ Skipped reaction synthesis (missing molecule synthesis subproblem failed).[0m
      Evaluating reaction complex_395 (394/500)...
        [31m✗ Skipped reaction synthesis (missing molecule synthesis subproblem failed).[0m
      Evaluating reaction complex_396 (395/500)...
[Problem → Reactions] Found 30000 reactions, 250 molecules.
      [32m✓ All goal molecules found.[0m
      [31m✗ Missing goal reactions.[0m
        [31m✗ Synthesis failed or timed out in 57.94s.[0m
      Evaluating reaction complex_397 (396/500)...
        [31m✗ Skipped reaction synthesis (missing molecule synthesis subproblem failed).[0m
      Evaluating reaction complex_398 (397/500)...
[Problem → Reactions] Found 30000 reactions, 250 molecules.
      [32m✓ All goal molecules found.[0m
      [31m✗ Missing goal reactions.[0m
        [31m✗ Synthesis failed or timed out in 63.49s.[0m
      Evaluating reaction complex_399 (398/500)...
        [31m✗ Skipped reaction synthesis (missing molecule synthesis subproblem failed).[0m
      Evaluating reaction complex_400 (399/500)...
        [31m✗ Skipped reaction synthesis (missing molecule synthesis subproblem failed).[0m
      Evaluating reaction complex_401 (400/500)...
        [31m✗ Skipped reaction synthesis (missing molecule synthesis subproblem failed).[0m
      Evaluating reaction complex_402 (401/500)...
        [31m✗ Skipped reaction synthesis (missing molecule synthesis subproblem failed).[0m
      Evaluating reaction complex_403 (402/500)...
        [31m✗ Skipped reaction synthesis (missing molecule synthesis subproblem failed).[0m
      Evaluating reaction complex_404 (403/500)...
        [31m✗ Skipped reaction synthesis (missing molecule synthesis subproblem failed).[0m
      Evaluating reaction complex_405 (404/500)...
        [31m✗ Skipped reaction synthesis (missing molecule synthesis subproblem failed).[0m
      Evaluating reaction complex_406 (405/500)...
        [31m✗ Skipped reaction synthesis (missing molecule synthesis subproblem failed).[0m
      Evaluating reaction complex_407 (406/500)...
[Problem → Reactions] Found 30000 reactions, 250 molecules.
      [32m✓ All goal molecules found.[0m
      [31m✗ Missing goal reactions.[0m
        [31m✗ Synthesis failed or timed out in 62.06s.[0m
      Evaluating reaction complex_408 (407/500)...
        [31m✗ Skipped reaction synthesis (missing molecule synthesis subproblem failed).[0m
      Evaluating reaction complex_409 (408/500)...
        [31m✗ Skipped reaction synthesis (missing molecule synthesis subproblem failed).[0m
      Evaluating reaction complex_410 (409/500)...
[Problem → Reactions] Found 30000 reactions, 250 molecules.
      [32m✓ All goal molecules found.[0m
      [31m✗ Missing goal reactions.[0m
        [31m✗ Synthesis failed or timed out in 50.67s.[0m
      Evaluating reaction complex_411 (410/500)...
[Problem → Reactions] Found 30000 reactions, 250 molecules.
      [32m✓ All goal molecules found.[0m
      [31m✗ Missing goal reactions.[0m
        [31m✗ Synthesis failed or timed out in 61.64s.[0m
      Evaluating reaction complex_412 (411/500)...
        [31m✗ Skipped reaction synthesis (missing molecule synthesis subproblem failed).[0m
      Evaluating reaction complex_413 (412/500)...
[Problem → Reactions] Found 30000 reactions, 250 molecules.
      [32m✓ All goal molecules found.[0m
      [31m✗ Missing goal reactions.[0m
        [31m✗ Synthesis failed or timed out in 71.46s.[0m
      Evaluating reaction complex_414 (413/500)...
[Problem → Reactions] Found 30000 reactions, 250 molecules.
      [32m✓ All goal molecules found.[0m
      [31m✗ Missing goal reactions.[0m
        [31m✗ Synthesis failed or timed out in 63.93s.[0m
      Evaluating reaction complex_415 (414/500)...
[Problem → Reactions] Found 30000 reactions, 250 molecules.
      [32m✓ All goal molecules found.[0m
      [31m✗ Missing goal reactions.[0m
        [31m✗ Synthesis failed or timed out in 66.12s.[0m
      Evaluating reaction complex_416 (415/500)...
[Problem → Reactions] Found 30000 reactions, 250 molecules.
      [32m✓ All goal molecules found.[0m
      [31m✗ Missing goal reactions.[0m
        [31m✗ Synthesis failed or timed out in 67.86s.[0m
      Evaluating reaction complex_417 (416/500)...
[Problem → Reactions] Found 30000 reactions, 250 molecules.
      [32m✓ All goal molecules found.[0m
      [31m✗ Missing goal reactions.[0m
        [31m✗ Synthesis failed or timed out in 66.53s.[0m
      Evaluating reaction complex_418 (417/500)...
[Problem → Reactions] Found 30000 reactions, 250 molecules.
      [32m✓ All goal molecules found.[0m
      [31m✗ Missing goal reactions.[0m
        [31m✗ Synthesis failed or timed out in 53.56s.[0m
      Evaluating reaction complex_419 (418/500)...
[Problem → Reactions] Found 30000 reactions, 250 molecules.
      [32m✓ All goal molecules found.[0m
      [31m✗ Missing goal reactions.[0m
        [31m✗ Synthesis failed or timed out in 60.22s.[0m
      Evaluating reaction complex_420 (419/500)...
[Problem → Reactions] Found 30000 reactions, 250 molecules.
      [32m✓ All goal molecules found.[0m
      [31m✗ Missing goal reactions.[0m
        [31m✗ Synthesis failed or timed out in 54.78s.[0m
      Evaluating reaction complex_421 (420/500)...
[Problem → Reactions] Found 30000 reactions, 250 molecules.
      [32m✓ All goal molecules found.[0m
      [31m✗ Missing goal reactions.[0m
        [31m✗ Synthesis failed or timed out in 55.91s.[0m
      Evaluating reaction complex_422 (421/500)...
[Problem → Reactions] Found 30000 reactions, 250 molecules.
      [32m✓ All goal molecules found.[0m
      [31m✗ Missing goal reactions.[0m
        [31m✗ Synthesis failed or timed out in 54.7s.[0m
      Evaluating reaction complex_423 (422/500)...
[Problem → Reactions] Found 30000 reactions, 250 molecules.
      [32m✓ All goal molecules found.[0m
      [31m✗ Missing goal reactions.[0m
        [31m✗ Synthesis failed or timed out in 58.51s.[0m
      Evaluating reaction complex_424 (423/500)...
[Problem → Reactions] Found 30000 reactions, 250 molecules.
      [32m✓ All goal molecules found.[0m
      [31m✗ Missing goal reactions.[0m
        [31m✗ Synthesis failed or timed out in 60.74s.[0m
      Evaluating reaction complex_425 (424/500)...
[Problem → Reactions] Found 30000 reactions, 250 molecules.
      [32m✓ All goal molecules found.[0m
      [31m✗ Missing goal reactions.[0m
        [31m✗ Synthesis failed or timed out in 65.63s.[0m
      Evaluating reaction complex_426 (425/500)...
[Problem → Reactions] Found 30000 reactions, 250 molecules.
      [32m✓ All goal molecules found.[0m
      [31m✗ Missing goal reactions.[0m
        [31m✗ Synthesis failed or timed out in 57.72s.[0m
      Evaluating reaction complex_427 (426/500)...
[Problem → Reactions] Found 30000 reactions, 250 molecules.
      [32m✓ All goal molecules found.[0m
      [31m✗ Missing goal reactions.[0m
        [31m✗ Synthesis failed or timed out in 67.06s.[0m
      Evaluating reaction complex_428 (427/500)...
        [31m✗ Skipped reaction synthesis (missing molecule synthesis subproblem failed).[0m
      Evaluating reaction complex_429 (428/500)...
        [31m✗ Skipped reaction synthesis (missing molecule synthesis subproblem failed).[0m
      Evaluating reaction complex_430 (429/500)...
        [31m✗ Skipped reaction synthesis (missing molecule synthesis subproblem failed).[0m
      Evaluating reaction complex_431 (430/500)...
[Problem → Reactions] Found 30000 reactions, 250 molecules.
      [32m✓ All goal molecules found.[0m
      [31m✗ Missing goal reactions.[0m
        [31m✗ Synthesis failed or timed out in 52.6s.[0m
      Evaluating reaction complex_432 (431/500)...
[Problem → Reactions] Found 30000 reactions, 250 molecules.
      [32m✓ All goal molecules found.[0m
      [31m✗ Missing goal reactions.[0m
        [31m✗ Synthesis failed or timed out in 57.59s.[0m
      Evaluating reaction complex_433 (432/500)...
[Problem → Reactions] Found 30000 reactions, 250 molecules.
      [32m✓ All goal molecules found.[0m
      [31m✗ Missing goal reactions.[0m
        [31m✗ Synthesis failed or timed out in 57.39s.[0m
      Evaluating reaction complex_434 (433/500)...
[Problem → Reactions] Found 30000 reactions, 250 molecules.
      [32m✓ All goal molecules found.[0m
      [31m✗ Missing goal reactions.[0m
        [31m✗ Synthesis failed or timed out in 52.0s.[0m
      Evaluating reaction complex_435 (434/500)...
[Problem → Reactions] Found 30000 reactions, 250 molecules.
      [32m✓ All goal molecules found.[0m
      [31m✗ Missing goal reactions.[0m
        [31m✗ Synthesis failed or timed out in 55.19s.[0m
      Evaluating reaction complex_436 (435/500)...
[Problem → Reactions] Found 30000 reactions, 250 molecules.
      [32m✓ All goal molecules found.[0m
      [31m✗ Missing goal reactions.[0m
        [31m✗ Synthesis failed or timed out in 49.97s.[0m
      Evaluating reaction complex_437 (436/500)...
[Problem → Reactions] Found 30000 reactions, 250 molecules.
      [32m✓ All goal molecules found.[0m
      [31m✗ Missing goal reactions.[0m
        [31m✗ Synthesis failed or timed out in 62.11s.[0m
      Evaluating reaction complex_438 (437/500)...
[Problem → Reactions] Found 30000 reactions, 250 molecules.
      [32m✓ All goal molecules found.[0m
      [31m✗ Missing goal reactions.[0m
        [31m✗ Synthesis failed or timed out in 58.74s.[0m
      Evaluating reaction complex_439 (438/500)...
        [31m✗ Skipped reaction synthesis (missing molecule synthesis subproblem failed).[0m
      Evaluating reaction complex_440 (439/500)...
[Problem → Reactions] Found 30000 reactions, 250 molecules.
      [32m✓ All goal molecules found.[0m
      [31m✗ Missing goal reactions.[0m
        [31m✗ Synthesis failed or timed out in 60.01s.[0m
      Evaluating reaction complex_441 (440/500)...
        [31m✗ Skipped reaction synthesis (missing molecule synthesis subproblem failed).[0m
      Evaluating reaction complex_442 (441/500)...
        [31m✗ Skipped reaction synthesis (missing molecule synthesis subproblem failed).[0m
      Evaluating reaction complex_443 (442/500)...
        [31m✗ Skipped reaction synthesis (missing molecule synthesis subproblem failed).[0m
      Evaluating reaction complex_444 (443/500)...
[Problem → Reactions] Found 30000 reactions, 250 molecules.
      [32m✓ All goal molecules found.[0m
      [31m✗ Missing goal reactions.[0m
        [31m✗ Synthesis failed or timed out in 54.15s.[0m
      Evaluating reaction complex_445 (444/500)...
        [31m✗ Skipped reaction synthesis (missing molecule synthesis subproblem failed).[0m
      Evaluating reaction complex_446 (445/500)...
        [31m✗ Skipped reaction synthesis (missing molecule synthesis subproblem failed).[0m
      Evaluating reaction complex_447 (446/500)...
        [31m✗ Skipped reaction synthesis (missing molecule synthesis subproblem failed).[0m
      Evaluating reaction complex_448 (447/500)...
        [31m✗ Skipped reaction synthesis (missing molecule synthesis subproblem failed).[0m
      Evaluating reaction complex_449 (448/500)...
        [31m✗ Skipped reaction synthesis (missing molecule synthesis subproblem failed).[0m
      Evaluating reaction complex_450 (449/500)...
        [31m✗ Skipped reaction synthesis (missing molecule synthesis subproblem failed).[0m
      Evaluating reaction complex_451 (450/500)...
[Problem → Reactions] Found 30000 reactions, 250 molecules.
      [32m✓ All goal molecules found.[0m
      [31m✗ Missing goal reactions.[0m
        [31m✗ Synthesis failed or timed out in 57.66s.[0m
      Evaluating reaction complex_452 (451/500)...
        [31m✗ Skipped reaction synthesis (missing molecule synthesis subproblem failed).[0m
      Evaluating reaction complex_453 (452/500)...
        [31m✗ Skipped reaction synthesis (missing molecule synthesis subproblem failed).[0m
      Evaluating reaction complex_454 (453/500)...
        [31m✗ Skipped reaction synthesis (missing molecule synthesis subproblem failed).[0m
      Evaluating reaction complex_455 (454/500)...
[Problem → Reactions] Found 30000 reactions, 250 molecules.
      [32m✓ All goal molecules found.[0m
      [31m✗ Missing goal reactions.[0m
        [31m✗ Synthesis failed or timed out in 52.23s.[0m
      Evaluating reaction complex_456 (455/500)...
[Problem → Reactions] Found 30000 reactions, 250 molecules.
      [32m✓ All goal molecules found.[0m
      [31m✗ Missing goal reactions.[0m
        [31m✗ Synthesis failed or timed out in 52.3s.[0m
      Evaluating reaction complex_457 (456/500)...
        [31m✗ Skipped reaction synthesis (missing molecule synthesis subproblem failed).[0m
      Evaluating reaction complex_458 (457/500)...
        [31m✗ Skipped reaction synthesis (missing molecule synthesis subproblem failed).[0m
      Evaluating reaction complex_459 (458/500)...
[Problem → Reactions] Found 30000 reactions, 250 molecules.
      [32m✓ All goal molecules found.[0m
      [31m✗ Missing goal reactions.[0m
        [31m✗ Synthesis failed or timed out in 60.51s.[0m
      Evaluating reaction complex_460 (459/500)...
        [31m✗ Skipped reaction synthesis (missing molecule synthesis subproblem failed).[0m
      Evaluating reaction complex_461 (460/500)...
        [31m✗ Skipped reaction synthesis (missing molecule synthesis subproblem failed).[0m
      Evaluating reaction complex_462 (461/500)...
        [31m✗ Skipped reaction synthesis (missing molecule synthesis subproblem failed).[0m
      Evaluating reaction complex_463 (462/500)...
[Problem → Reactions] Found 30000 reactions, 250 molecules.
      [32m✓ All goal molecules found.[0m
      [31m✗ Missing goal reactions.[0m
        [31m✗ Synthesis failed or timed out in 61.22s.[0m
      Evaluating reaction complex_464 (463/500)...
[Problem → Reactions] Found 30000 reactions, 250 molecules.
      [32m✓ All goal molecules found.[0m
      [31m✗ Missing goal reactions.[0m
        [31m✗ Synthesis failed or timed out in 56.3s.[0m
      Evaluating reaction complex_465 (464/500)...
[Problem → Reactions] Found 30000 reactions, 250 molecules.
      [32m✓ All goal molecules found.[0m
      [31m✗ Missing goal reactions.[0m
        [31m✗ Synthesis failed or timed out in 50.81s.[0m
      Evaluating reaction complex_466 (465/500)...
        [31m✗ Skipped reaction synthesis (missing molecule synthesis subproblem failed).[0m
      Evaluating reaction complex_467 (466/500)...
        [31m✗ Skipped reaction synthesis (missing molecule synthesis subproblem failed).[0m
      Evaluating reaction complex_468 (467/500)...
[Problem → Reactions] Found 30000 reactions, 250 molecules.
      [32m✓ All goal molecules found.[0m
      [31m✗ Missing goal reactions.[0m
        [31m✗ Synthesis failed or timed out in 66.34s.[0m
      Evaluating reaction complex_469 (468/500)...
        [31m✗ Skipped reaction synthesis (missing molecule synthesis subproblem failed).[0m
      Evaluating reaction complex_470 (469/500)...
[Problem → Reactions] Found 30000 reactions, 250 molecules.
      [32m✓ All goal molecules found.[0m
      [31m✗ Missing goal reactions.[0m
        [31m✗ Synthesis failed or timed out in 62.78s.[0m
      Evaluating reaction complex_471 (470/500)...
[Problem → Reactions] Found 30000 reactions, 250 molecules.
      [32m✓ All goal molecules found.[0m
      [31m✗ Missing goal reactions.[0m
        [31m✗ Synthesis failed or timed out in 56.56s.[0m
      Evaluating reaction complex_472 (471/500)...
[Problem → Reactions] Found 30000 reactions, 250 molecules.
      [32m✓ All goal molecules found.[0m
      [31m✗ Missing goal reactions.[0m
        [31m✗ Synthesis failed or timed out in 62.52s.[0m
      Evaluating reaction complex_473 (472/500)...
[Problem → Reactions] Found 30000 reactions, 250 molecules.
      [32m✓ All goal molecules found.[0m
      [31m✗ Missing goal reactions.[0m
        [31m✗ Synthesis failed or timed out in 64.76s.[0m
      Evaluating reaction complex_474 (473/500)...
        [31m✗ Skipped reaction synthesis (missing molecule synthesis subproblem failed).[0m
      Evaluating reaction complex_475 (474/500)...
        [31m✗ Skipped reaction synthesis (missing molecule synthesis subproblem failed).[0m
      Evaluating reaction complex_476 (475/500)...
        [31m✗ Skipped reaction synthesis (missing molecule synthesis subproblem failed).[0m
      Evaluating reaction complex_477 (476/500)...
        [31m✗ Skipped reaction synthesis (missing molecule synthesis subproblem failed).[0m
      Evaluating reaction complex_478 (477/500)...
        [31m✗ Skipped reaction synthesis (missing molecule synthesis subproblem failed).[0m
      Evaluating reaction complex_479 (478/500)...
        [31m✗ Skipped reaction synthesis (missing molecule synthesis subproblem failed).[0m
      Evaluating reaction complex_480 (479/500)...
[Problem → Reactions] Found 30000 reactions, 250 molecules.
      [32m✓ All goal molecules found.[0m
      [31m✗ Missing goal reactions.[0m
        [31m✗ Synthesis failed or timed out in 67.76s.[0m
      Evaluating reaction complex_481 (480/500)...
[Problem → Reactions] Found 30000 reactions, 250 molecules.
      [32m✓ All goal molecules found.[0m
      [31m✗ Missing goal reactions.[0m
        [31m✗ Synthesis failed or timed out in 67.6s.[0m
      Evaluating reaction complex_482 (481/500)...
        [31m✗ Skipped reaction synthesis (missing molecule synthesis subproblem failed).[0m
      Evaluating reaction complex_483 (482/500)...
        [31m✗ Skipped reaction synthesis (missing molecule synthesis subproblem failed).[0m
      Evaluating reaction complex_484 (483/500)...
        [31m✗ Skipped reaction synthesis (missing molecule synthesis subproblem failed).[0m
      Evaluating reaction complex_485 (484/500)...
        [31m✗ Skipped reaction synthesis (missing molecule synthesis subproblem failed).[0m
      Evaluating reaction complex_486 (485/500)...
        [31m✗ Skipped reaction synthesis (missing molecule synthesis subproblem failed).[0m
      Evaluating reaction complex_487 (486/500)...
        [31m✗ Skipped reaction synthesis (missing molecule synthesis subproblem failed).[0m
      Evaluating reaction complex_488 (487/500)...
        [31m✗ Skipped reaction synthesis (missing molecule synthesis subproblem failed).[0m
      Evaluating reaction complex_489 (488/500)...
[Problem → Reactions] Found 30000 reactions, 250 molecules.
      [32m✓ All goal molecules found.[0m
      [31m✗ Missing goal reactions.[0m
        [31m✗ Synthesis failed or timed out in 57.39s.[0m
      Evaluating reaction complex_490 (489/500)...
[Problem → Reactions] Found 30000 reactions, 250 molecules.
      [32m✓ All goal molecules found.[0m
      [31m✗ Missing goal reactions.[0m
        [31m✗ Synthesis failed or timed out in 51.22s.[0m
      Evaluating reaction complex_491 (490/500)...
        [31m✗ Skipped reaction synthesis (missing molecule synthesis subproblem failed).[0m
      Evaluating reaction complex_492 (491/500)...
        [31m✗ Skipped reaction synthesis (missing molecule synthesis subproblem failed).[0m
      Evaluating reaction complex_493 (492/500)...
[Problem → Reactions] Found 30000 reactions, 250 molecules.
      [32m✓ All goal molecules found.[0m
      [31m✗ Missing goal reactions.[0m
        [31m✗ Synthesis failed or timed out in 60.47s.[0m
      Evaluating reaction complex_494 (493/500)...
        [31m✗ Skipped reaction synthesis (missing molecule synthesis subproblem failed).[0m
      Evaluating reaction complex_495 (494/500)...
[Problem → Reactions] Found 698 reactions, 250 molecules.
      [32m✓ All goal molecules found.[0m
      [32m✓ All goal reactions found.[0m
        [32m✓ Target reaction successfully synthesized in 4.06s![0m
      Evaluating reaction complex_496 (495/500)...
[Problem → Reactions] Found 30000 reactions, 250 molecules.
      [32m✓ All goal molecules found.[0m
      [31m✗ Missing goal reactions.[0m
        [31m✗ Synthesis failed or timed out in 52.97s.[0m
      Evaluating reaction complex_497 (496/500)...
        [31m✗ Skipped reaction synthesis (missing molecule synthesis subproblem failed).[0m
      Evaluating reaction complex_498 (497/500)...
[Problem → Reactions] Found 3780 reactions, 250 molecules.
      [32m✓ All goal molecules found.[0m
      [32m✓ All goal reactions found.[0m
        [32m✓ Target reaction successfully synthesized in 8.35s![0m
      Evaluating reaction complex_499 (498/500)...
[Problem → Reactions] Found 30000 reactions, 250 molecules.
      [32m✓ All goal molecules found.[0m
      [31m✗ Missing goal reactions.[0m
        [31m✗ Synthesis failed or timed out in 69.88s.[0m
      Evaluating reaction complex_500 (499/500)...
[Problem → Reactions] Found 30000 reactions, 250 molecules.
      [32m✓ All goal molecules found.[0m
      [31m✗ Missing goal reactions.[0m
        [31m✗ Synthesis failed or timed out in 59.95s.[0m
      Evaluating reaction complex_501 (500/500)...
[Problem → Reactions] Found 30000 reactions, 250 molecules.
      [32m✓ All goal molecules found.[0m
      [31m✗ Missing goal reactions.[0m
        [31m✗ Synthesis failed or timed out in 49.18s.[0m

      Synthesis Performance (Metric: tanimoto, Without fragments) on Tractable Subspace:
        - Evaluated runs: 500
        - Success rate:   8.0%
        - Average time:   2.73s

=======================================================
✓ Benchmark results successfully recorded!
  - Run Folder:  /home/puzzl3dtur7le/Workspace/CRNSynthesizer/benchmark/results/2026-06-07_16-57-20
=======================================================
=======================================================
