r_id,similarity_metric,use_fragments,success,elapsed_time_seconds,molecules_synthesized,reactions_synthesized
complex_1,none,true,false,0.912786089,250,0
complex_2,none,true,true,10.827616267,250,4476
complex_3,none,true,true,0.787228513,250,363
complex_4,none,true,true,1.094071994,250,140
complex_5,none,true,true,0.66292714,250,95
complex_6,none,true,true,3.151191335,250,530
complex_7,none,true,false,0.781050277,250,0
complex_8,none,true,true,1.264129007,250,105
complex_9,none,true,true,0.865101755,250,135
complex_10,none,true,true,1.060793476,250,452
complex_11,none,true,true,1.201681444,250,161
complex_12,none,true,false,1.525432986,250,0
complex_13,none,true,true,0.829710527,250,290
complex_14,none,true,false,78.148677584,250,30000
complex_15,none,true,true,0.762157528,250,113
complex_16,none,true,false,68.024022851,250,30000
complex_17,none,true,true,0.747342584,250,273
complex_18,none,true,false,0.812248004,250,0
complex_19,none,true,true,1.882014044,250,507
complex_20,none,true,false,0.519122094,250,0
complex_21,none,true,false,79.551091655,250,30000
complex_22,none,true,false,1.111810965,250,0
complex_23,none,true,false,0.509393556,250,0
complex_24,none,true,true,0.810167936,250,428
complex_25,none,true,false,0.614939347,250,0
complex_26,none,true,true,1.784694113,250,339
complex_27,none,true,false,0.839745229,250,0
complex_28,none,true,false,0.793679277,250,0
complex_29,none,true,false,1.314861378,250,0
complex_30,none,true,true,2.559541327,250,245
complex_31,none,true,true,1.139954814,250,459
complex_32,none,true,false,0.795094173,250,0
complex_33,none,true,true,0.964720857,250,509
complex_34,none,true,false,1.47032953,250,0
complex_35,none,true,true,3.482943712,250,404
complex_36,none,true,true,1.227939335,250,287
complex_37,none,true,true,2.134337981,250,155
complex_38,none,true,true,1.321077837,250,1064
complex_39,none,true,false,0.839645412,250,0
complex_40,none,true,true,0.620343192,250,429
complex_41,none,true,false,0.693209721,250,0
complex_42,none,true,true,1.109191004,250,272
complex_43,none,true,true,1.227049529,250,291
complex_44,none,true,true,1.241042209,250,158
complex_45,none,true,false,54.896482112,250,30000
complex_46,none,true,true,0.788570168,250,461
complex_47,none,true,true,1.043811767,250,395
complex_48,none,true,true,1.170668753,250,135
complex_49,none,true,true,2.711752874,250,225
complex_50,none,true,true,2.481390394,250,134
complex_51,none,true,true,1.604664365,250,338
complex_52,none,true,true,2.124216919,250,123
complex_53,none,true,true,1.003729863,250,248
complex_54,none,true,true,1.151906379,250,135
complex_55,none,true,true,1.964838664,250,287
complex_56,none,true,false,60.65799155,250,30000
complex_57,none,true,true,1.352415148,250,99
complex_58,none,true,false,0.823138113,250,0
complex_59,none,true,false,0.540175926,250,0
complex_60,none,true,false,57.059094533,250,30000
complex_61,none,true,false,61.807819448,250,30000
complex_62,none,true,false,65.981620261,250,30000
complex_63,none,true,false,82.091605681,250,30000
complex_64,none,true,false,81.038926334,250,30000
complex_65,none,true,false,63.862569096,250,30000
complex_66,none,true,false,66.544758691,250,30000
complex_67,none,true,false,71.01253907,250,30000
complex_68,none,true,false,72.87274544,250,30000
complex_69,none,true,true,5.286605567,250,363
complex_70,none,true,false,62.824685399,250,30000
complex_71,none,true,false,78.580525918,250,30000
complex_72,none,true,false,71.064215138,250,30000
complex_73,none,true,false,73.065540774,250,30000
complex_74,none,true,false,0.721697629,250,0
complex_75,none,true,false,70.93868749,250,30000
complex_76,none,true,true,1.465835594,250,1686
complex_77,none,true,false,75.052963837,250,30000
complex_78,none,true,false,69.364279685,250,30000
complex_79,none,true,false,59.286797981,250,30000
complex_80,none,true,true,1.223155375,250,99
complex_81,none,true,false,65.068556634,250,30000
complex_82,none,true,false,47.660023343,250,30000
complex_83,none,true,false,41.951173785,250,30000
complex_84,none,true,true,1.00909821,250,83
complex_85,none,true,false,1.132922104,250,0
complex_86,none,true,true,0.836561758,250,119
complex_87,none,true,false,74.692003034,250,30000
complex_88,none,true,false,67.908082105,250,30000
complex_89,none,true,false,0.544415254,250,0
complex_90,none,true,true,0.918574925,250,107
complex_91,none,true,true,1.01796505,250,137
complex_92,none,true,false,72.422064817,250,30000
complex_93,none,true,false,60.488545325,250,30000
complex_94,none,true,false,72.019984105,250,30000
complex_95,none,true,false,44.127723674,250,30000
complex_96,none,true,false,72.70189346,250,30000
complex_97,none,true,false,64.173472535,250,30000
complex_98,none,true,true,1.108307471,250,111
complex_99,none,true,true,0.897166952,250,105
complex_100,none,true,true,1.181882671,250,866
complex_101,none,true,true,0.70582341,250,417
complex_102,none,true,false,65.271096373,250,30000
complex_103,none,true,true,2.09978828,250,489
complex_104,none,true,false,0.795231987,250,0
complex_105,none,true,false,0.704551305,250,0
complex_106,none,true,false,0.423773026,250,0
complex_107,none,true,false,48.213183536,250,30000
complex_108,none,true,false,2.254723351,250,0
complex_109,none,true,false,53.023488689,250,30000
complex_110,none,true,false,1.219715822,250,0
complex_111,none,true,true,1.217189799,250,399
complex_112,none,true,false,1.446033394,250,0
complex_113,none,true,false,1.222942811,250,0
complex_114,none,true,false,1.122688805,250,0
complex_115,none,true,true,1.079595849,250,140
complex_116,none,true,true,0.844658606,250,131
complex_117,none,true,true,2.078197785,250,176
complex_118,none,true,true,1.91302087,250,575
complex_119,none,true,true,0.917455034,250,639
complex_120,none,true,false,2.232239363,250,0
complex_121,none,true,false,1.940403004,250,0
complex_122,none,true,true,1.547346491,250,201
complex_123,none,true,true,0.825354002,250,269
complex_124,none,true,false,0.719934716,250,0
complex_125,none,true,false,67.862420605,250,30000
complex_126,none,true,false,0.901890101,250,0
complex_127,none,true,true,5.160976898,250,888
complex_128,none,true,false,1.165868801,250,0
complex_129,none,true,false,1.481182735,250,0
complex_130,none,true,false,61.643693543,250,30000
complex_131,none,true,true,1.566909168,250,255
complex_132,none,true,true,0.572997155,250,209
complex_133,none,true,true,0.694224762,250,218
complex_134,none,true,false,0.92713795,250,0
complex_135,none,true,false,0.915729664,250,0
complex_136,none,true,true,3.046003305,250,296
complex_137,none,true,true,1.721977689,250,500
complex_138,none,true,false,1.229882946,250,0
complex_139,none,true,false,4.058530081,250,0
complex_140,none,true,false,63.520703866,250,30000
complex_141,none,true,false,0.769530515,250,0
complex_142,none,true,false,1.168911744,250,0
complex_143,none,true,false,2.192467078,250,0
complex_144,none,true,false,46.172260806,250,30000
complex_145,none,true,false,1.799631026,250,0
complex_146,none,true,false,87.213310211,250,30000
complex_147,none,true,false,1.271336367,250,0
complex_148,none,true,false,0.989841679,250,0
complex_149,none,true,false,1.917158187,250,0
complex_150,none,true,true,0.85744689,250,753
complex_151,none,true,false,0.849957776,250,0
complex_152,none,true,false,0.974391476,250,0
complex_153,none,true,true,0.822034366,250,746
complex_154,none,true,true,1.994970503,250,765
complex_155,none,true,false,1.040511405,250,0
complex_156,none,true,true,1.849057513,250,275
complex_157,none,true,true,1.398382611,250,140
complex_158,none,true,false,1.509339662,250,0
complex_159,none,true,false,58.499823429,250,30000
complex_160,none,true,true,2.510508809,250,269
complex_161,none,true,false,76.193195067,250,30000
complex_162,none,true,false,0.53480096,250,0
complex_164,none,true,false,0.729445371,250,0
complex_165,none,true,false,1.462127271,250,0
complex_166,none,true,true,1.824824742,250,236
complex_167,none,true,true,0.879973029,250,189
complex_168,none,true,true,2.349521181,250,69
complex_169,none,true,false,48.463067337,250,30000
complex_170,none,true,false,1.344274138,250,0
complex_171,none,true,true,3.15754799,250,615
complex_172,none,true,false,1.126995806,250,0
complex_173,none,true,true,1.436848279,250,155
complex_174,none,true,false,81.622312398,250,30000
complex_175,none,true,true,1.74825292,250,1489
complex_176,none,true,false,74.726635691,250,30000
complex_177,none,true,false,0.975970587,250,0
complex_178,none,true,true,0.891103916,250,83
complex_179,none,true,false,63.078270885,250,30000
complex_180,none,true,true,13.438469338,250,9541
complex_181,none,true,true,31.072217734,250,18895
complex_182,none,true,false,1.416182649,250,0
complex_183,none,true,false,1.915378598,250,0
complex_184,none,true,true,0.900692378,250,189
complex_185,none,true,false,0.652423356,250,0
complex_186,none,true,true,2.705213484,250,4968
complex_187,none,true,false,0.717880695,250,0
complex_188,none,true,true,6.867619711,250,1905
complex_189,none,true,true,1.072783599,250,245
complex_190,none,true,true,3.078649149,250,326
complex_191,none,true,true,2.015961989,250,675
complex_192,none,true,true,1.500986345,250,123
complex_193,none,true,true,4.249509597,250,464
complex_194,none,true,true,2.936265843,250,3648
complex_195,none,true,false,1.573069805,250,0
complex_196,none,true,false,1.270544396,250,0
complex_197,none,true,true,1.27412943,250,101
complex_198,none,true,true,1.764950726,250,371
complex_199,none,true,true,0.982019287,250,233
complex_200,none,true,false,1.343952544,250,0
complex_201,none,true,false,2.928626322,250,0
complex_202,none,true,true,3.682538541,250,297
complex_203,none,true,false,2.701598947,250,0
complex_204,none,true,true,1.675506361,250,218
complex_205,none,true,false,77.051627629,250,30000
complex_206,none,true,false,75.996382903,250,30000
complex_207,none,true,false,0.456056108,250,0
complex_208,none,true,false,0.634341745,250,0
complex_209,none,true,true,0.921951583,250,375
complex_210,none,true,false,0.79547388,250,0
complex_211,none,true,true,1.745326143,250,218
complex_212,none,true,true,3.630831279,250,312
complex_213,none,true,true,1.253332053,250,182
complex_214,none,true,false,77.958439651,250,30000
complex_215,none,true,true,1.189952895,250,110
complex_216,none,true,false,3.107626555,250,0
complex_217,none,true,true,28.408607495,250,12179
complex_218,none,true,false,0.897604443,250,0
complex_219,none,true,false,1.13612814,250,0
complex_220,none,true,false,0.768248127,250,0
complex_221,none,true,true,1.705297951,250,416
complex_222,none,true,false,0.465310763,250,0
complex_223,none,true,false,2.032330528,250,0
complex_224,none,true,false,0.965082265,250,0
complex_225,none,true,false,1.266443265,250,0
complex_226,none,true,false,1.722026178,250,0
complex_227,none,true,true,0.568568988,250,179
complex_228,none,true,false,1.306711708,250,0
complex_229,none,true,false,1.33972571,250,0
complex_230,none,true,false,0.51415622,250,0
complex_231,none,true,false,1.156182781,250,0
complex_232,none,true,false,0.600043378,250,0
complex_233,none,true,false,1.414161996,250,0
complex_234,none,true,true,5.452547921,250,4702
complex_235,none,true,false,0.491012919,250,0
complex_236,none,true,false,68.035902056,250,30000
complex_237,none,true,false,0.808905797,250,0
complex_238,none,true,false,92.802921999,250,30000
complex_239,none,true,false,0.627982974,250,0
complex_240,none,true,false,1.509308347,250,0
complex_241,none,true,false,85.25667558,250,30000
complex_242,none,true,false,0.706305666,250,0
complex_243,none,true,false,65.078458364,250,30000
complex_244,none,true,false,0.933474748,250,0
complex_245,none,true,false,0.693075079,250,0
complex_246,none,true,true,0.651571573,250,116
complex_247,none,true,true,2.28933517,250,287
complex_248,none,true,true,1.380586257,250,2993
complex_249,none,true,false,0.753764694,250,0
complex_250,none,true,false,1.353794864,250,0
complex_251,none,true,false,92.270476207,250,30000
complex_252,none,true,false,71.559707713,250,30000
complex_253,none,true,false,0.629619818,250,0
complex_254,none,true,false,0.70476965,250,0
complex_255,none,true,false,83.079050556,250,30000
complex_256,none,true,true,19.175596168,250,12266
complex_257,none,true,true,15.313559736,250,7022
complex_258,none,true,true,1.211791973,250,179
complex_259,none,true,true,2.141258117,250,5657
complex_260,none,true,false,1.174607212,250,0
complex_261,none,true,false,0.757300927,250,0
complex_262,none,true,false,38.935515,250,30000
complex_263,none,true,true,3.311120467,250,149
complex_264,none,true,false,0.842628265,250,0
complex_265,none,true,false,47.700373867,250,30000
complex_266,none,true,false,0.379635773,250,0
complex_267,none,true,true,0.792867958,250,164
complex_268,none,true,false,2.269050871,250,0
complex_269,none,true,false,0.336350812,250,0
complex_270,none,true,false,3.856255928,250,0
complex_271,none,true,false,77.350181562,250,30000
complex_272,none,true,false,86.875143625,250,30000
complex_273,none,true,false,0.684234724,250,0
complex_274,none,true,false,0.562641173,250,0
complex_275,none,true,false,95.397644883,250,30000
complex_276,none,true,false,1.527975998,250,0
complex_277,none,true,false,82.128866481,250,30000
complex_278,none,true,false,99.166476142,250,30000
complex_279,none,true,false,1.339658431,250,0
complex_280,none,true,false,0.458609014,250,0
complex_281,none,true,true,0.816585553,250,290
complex_282,none,true,false,77.939113908,250,30000
complex_283,none,true,false,89.175802814,250,30000
complex_284,none,true,true,0.794434542,250,218
complex_285,none,true,false,75.647846751,250,30000
complex_286,none,true,false,73.306242157,250,30000
complex_287,none,true,true,1.514696,250,3780
complex_288,none,true,false,0.449626063,250,0
complex_289,none,true,false,81.87819556,250,30000
complex_290,none,true,false,81.276643156,250,30000
complex_291,none,true,false,64.884701329,250,30000
complex_292,none,true,false,91.062148092,250,30000
complex_293,none,true,false,85.777747347,250,30000
complex_294,none,true,false,0.800810004,250,0
complex_295,none,true,false,1.387473838,250,0
complex_296,none,true,false,1.55656919,250,0
complex_297,none,true,false,1.598694422,250,0
complex_298,none,true,false,54.886506071,250,30000
complex_299,none,true,false,85.191067127,250,30000
complex_300,none,true,false,68.427113842,250,30000
complex_301,none,true,false,84.926878,250,30000
complex_302,none,true,false,1.148612814,250,0
complex_303,none,true,false,70.981040919,250,30000
complex_304,none,true,false,72.056910658,250,30000
complex_305,none,true,false,0.468032906,250,0
complex_306,none,true,false,0.973265158,250,0
complex_307,none,true,false,80.562944436,250,30000
complex_308,none,true,false,93.29829527,250,30000
complex_309,none,true,false,58.769485828,250,30000
complex_310,none,true,false,93.947477035,250,30000
complex_311,none,true,false,85.592403098,250,30000
complex_312,none,true,false,90.341194745,250,30000
complex_313,none,true,false,81.347082581,250,30000
complex_314,none,true,false,59.075943099,250,30000
complex_315,none,true,false,0.563957428,250,0
complex_316,none,true,false,65.568975614,250,30000
complex_317,none,true,false,81.077534433,250,30000
complex_318,none,true,false,83.165354463,250,30000
complex_319,none,true,false,92.903078234,250,30000
complex_320,none,true,false,44.998730697,250,30000
complex_321,none,true,false,61.542094111,250,30000
complex_322,none,true,false,82.261498683,250,30000
complex_323,none,true,false,0.662427314,250,0
complex_324,none,true,false,60.683047453,250,30000
complex_325,none,true,false,0.83864171,250,0
complex_326,none,true,false,0.988228567,250,0
complex_327,none,true,false,1.716055993,250,0
complex_328,none,true,false,0.470056806,250,0
complex_329,none,true,false,90.112123545,250,30000
complex_330,none,true,false,76.729513353,250,30000
complex_331,none,true,false,88.347963791,250,30000
complex_332,none,true,false,87.401417055,250,30000
complex_333,none,true,false,90.906557343,250,30000
complex_334,none,true,false,0.668851566,250,0
complex_335,none,true,false,0.881155525,250,0
complex_336,none,true,false,86.733886863,250,30000
complex_337,none,true,false,1.156477629,250,0
complex_338,none,true,false,0.881866764,250,0
complex_339,none,true,false,0.641332674,250,0
complex_340,none,true,false,0.649281948,250,0
complex_341,none,true,false,0.772633558,250,0
complex_342,none,true,false,1.248794166,250,0
complex_343,none,true,false,59.156956129,250,30000
complex_344,none,true,false,107.041602518,250,30000
complex_345,none,true,true,0.601096083,250,153
complex_346,none,true,false,72.233477449,250,30000
complex_347,none,true,false,106.198981212,250,30000
complex_348,none,true,false,85.487155628,250,30000
complex_349,none,true,false,87.074993408,250,30000
complex_350,none,true,false,78.618217678,250,30000
complex_351,none,true,false,0.56035851,250,0
complex_352,none,true,false,0.916576482,250,0
complex_353,none,true,false,92.202920443,250,30000
complex_354,none,true,false,72.706375886,250,30000
complex_355,none,true,false,82.070743567,250,30000
complex_356,none,true,false,1.782920553,250,0
complex_357,none,true,false,1.024562192,250,0
complex_358,none,true,false,0.649200135,250,0
complex_359,none,true,false,1.475693892,250,0
complex_360,none,true,false,111.521268025,250,30000
complex_361,none,true,false,43.992360854,250,30000
complex_362,none,true,false,59.894424852,250,30000
complex_363,none,true,false,86.276781847,250,30000
complex_364,none,true,false,1.034468212,250,0
complex_365,none,true,false,0.654971781,250,0
complex_366,none,true,false,75.548817174,250,30000
complex_367,none,true,false,0.666585992,250,0
complex_368,none,true,true,0.862150833,250,147
complex_369,none,true,false,90.852175221,250,30000
complex_370,none,true,false,0.622260539,250,0
complex_371,none,true,false,96.774863946,250,30000
complex_372,none,true,true,1.218285048,250,119
complex_373,none,true,false,54.544051494,250,30000
complex_374,none,true,false,40.83448598,250,30000
complex_375,none,true,false,42.654627663,250,30000
complex_376,none,true,false,95.426131742,250,30000
complex_377,none,true,true,1.834168759,250,105
complex_378,none,true,false,65.312675163,250,30000
complex_379,none,true,false,51.833571563,250,30000
complex_380,none,true,false,73.792355227,250,30000
complex_381,none,true,false,0.544941529,250,0
complex_382,none,true,false,0.49023039,250,0
complex_383,none,true,true,1.630897653,250,113
complex_384,none,true,false,93.673670095,250,30000
complex_385,none,true,false,0.634273874,250,0
complex_386,none,true,false,1.11512059,250,0
complex_387,none,true,false,81.17666126,250,30000
complex_388,none,true,false,63.407297117,250,30000
complex_389,none,true,false,0.566063701,250,0
complex_390,none,true,false,0.580806755,250,0
complex_391,none,true,false,0.576375179,250,0
complex_392,none,true,false,0.540998604,250,0
complex_393,none,true,false,1.219928975,250,0
complex_394,none,true,false,0.696284682,250,0
complex_395,none,true,false,93.31296031,250,30000
complex_396,none,true,false,0.801588912,250,0
complex_397,none,true,false,80.60755463,250,30000
complex_398,none,true,false,0.703484163,250,0
complex_399,none,true,false,60.313955916,250,30000
complex_400,none,true,false,66.250119111,250,30000
complex_401,none,true,false,1.020224901,250,0
complex_402,none,true,false,0.958151489,250,0
complex_403,none,true,false,0.888633617,250,0
complex_404,none,true,false,0.781880049,250,0
complex_405,none,true,false,0.9959612,250,0
complex_406,none,true,false,94.342030044,250,30000
complex_407,none,true,false,87.215243841,250,30000
complex_408,none,true,false,1.129031834,250,0
complex_409,none,true,false,0.951792559,250,0
complex_410,none,true,false,0.676885696,250,0
complex_411,none,true,false,1.86153069,250,0
complex_412,none,true,false,77.286743968,250,30000
complex_413,none,true,false,73.818683135,250,30000
complex_414,none,true,false,0.934501588,250,0
complex_415,none,true,false,0.913576146,250,0
complex_416,none,true,false,0.974414522,250,0
complex_417,none,true,false,0.813381229,250,0
complex_418,none,true,false,0.811628673,250,0
complex_419,none,true,false,84.903226082,250,30000
complex_420,none,true,false,0.732363713,250,0
complex_421,none,true,false,0.710437953,250,0
complex_422,none,true,false,0.752904432,250,0
complex_423,none,true,false,75.022139791,250,30000
complex_424,none,true,false,0.981471398,250,0
complex_425,none,true,false,0.953500058,250,0
complex_426,none,true,false,0.493766578,250,0
complex_427,none,true,false,0.58991748,250,0
complex_428,none,true,false,0.751883047,250,0
complex_429,none,true,false,51.262609269,250,30000
complex_430,none,true,false,75.796905119,250,30000
complex_431,none,true,false,50.057918888,250,30000
complex_432,none,true,false,0.673664049,250,0
complex_433,none,true,false,0.921400165,250,0
complex_434,none,true,false,0.77054905,250,0
complex_435,none,true,false,0.940448531,250,0
complex_436,none,true,false,45.964904206,250,30000
complex_437,none,true,false,0.966663686,250,0
complex_438,none,true,false,0.840918687,250,0
complex_439,none,true,false,0.814231261,250,0
complex_440,none,true,false,86.413159619,250,30000
complex_441,none,true,false,0.282784609,250,0
complex_442,none,true,false,72.4443689,250,30000
complex_443,none,true,false,98.792089704,250,30000
complex_444,none,true,false,63.863393081,250,30000
complex_445,none,true,false,95.618915554,250,30000
complex_446,none,true,false,1.659291401,250,0
complex_447,none,true,false,1.108190199,250,0
complex_448,none,true,false,77.342266344,250,30000
complex_449,none,true,false,0.519417722,250,0
complex_450,none,true,false,71.366169343,250,30000
complex_451,none,true,false,0.555072814,250,0
complex_452,none,true,false,73.443277847,250,30000
complex_453,none,true,false,1.236074819,250,0
complex_454,none,true,false,0.566462561,250,0
complex_455,none,true,false,1.043636193,250,0
complex_456,none,true,false,69.186577811,250,30000
complex_457,none,true,false,47.447450221,250,30000
complex_458,none,true,false,60.037282781,250,30000
complex_459,none,true,false,1.038186725,250,0
complex_460,none,true,false,0.863302549,250,0
complex_461,none,true,false,0.947550274,250,0
complex_462,none,true,false,0.569734296,250,0
complex_463,none,true,false,73.881112082,250,30000
complex_464,none,true,false,0.714126888,250,0
complex_465,none,true,false,68.948251885,250,30000
complex_466,none,true,false,0.528464004,250,0
complex_467,none,true,false,70.753017416,250,30000
complex_468,none,true,false,0.996506816,250,0
complex_469,none,true,false,70.88721643,250,30000
complex_470,none,true,false,91.48498578,250,30000
complex_471,none,true,false,2.246604142,250,0
complex_472,none,true,false,3.526295814,250,0
complex_473,none,true,false,0.556900416,250,0
complex_474,none,true,false,57.073780774,250,30000
complex_475,none,true,false,68.495853759,250,30000
complex_476,none,true,false,60.706324016,250,30000
complex_477,none,true,false,60.330335106,250,30000
complex_478,none,true,false,59.849695873,250,30000
complex_479,none,true,false,65.012189966,250,30000
complex_480,none,true,false,87.120767625,250,30000
complex_481,none,true,false,92.256279938,250,30000
complex_482,none,true,false,1.268071319,250,0
complex_483,none,true,true,1.372198799,250,446
complex_484,none,true,true,1.144209879,250,407
complex_485,none,true,false,0.76884346,250,0
complex_486,none,true,false,64.496402407,250,30000
complex_487,none,true,false,0.54523447,250,0
complex_488,none,true,true,1.366815948,250,185
complex_489,none,true,false,0.880298273,250,0
complex_490,none,true,false,76.107118191,250,30000
complex_491,none,true,false,60.627848478,250,30000
complex_492,none,true,true,1.324257677,250,152
complex_493,none,true,false,0.884702561,250,0
complex_494,none,true,false,0.907220966,250,0
complex_495,none,true,false,0.493632624,250,0
complex_496,none,true,false,70.433723973,250,30000
complex_497,none,true,false,0.256162054,250,0
complex_498,none,true,true,2.272747448,250,1731
complex_499,none,true,false,0.969807949,250,0
complex_500,none,true,false,99.149856905,250,30000
complex_501,none,true,false,59.677617014,250,30000
complex_1,tanimoto,true,false,0.912786089,250,0
complex_2,tanimoto,true,true,14.809370622,250,4488
complex_3,tanimoto,true,true,0.853864066,250,363
complex_4,tanimoto,true,true,1.338615826,250,140
complex_5,tanimoto,true,true,0.920727939,250,95
complex_6,tanimoto,true,true,3.484343103,250,530
complex_7,tanimoto,true,false,0.781050277,250,0
complex_8,tanimoto,true,true,1.750900651,250,105
complex_9,tanimoto,true,true,1.009821882,250,135
complex_10,tanimoto,true,true,1.40007119,250,452
complex_11,tanimoto,true,true,1.301559971,250,161
complex_12,tanimoto,true,false,1.525432986,250,0
complex_13,tanimoto,true,true,1.079398878,250,290
complex_14,tanimoto,true,false,100.355903231,250,30000
complex_15,tanimoto,true,true,0.84915443,250,113
complex_16,tanimoto,true,false,70.100095024,250,30000
complex_17,tanimoto,true,true,0.795110317,250,273
complex_18,tanimoto,true,false,0.812248004,250,0
complex_19,tanimoto,true,true,2.105887997,250,507
complex_20,tanimoto,true,false,0.519122094,250,0
complex_21,tanimoto,true,false,104.277678128,250,30000
complex_22,tanimoto,true,false,1.111810965,250,0
complex_23,tanimoto,true,false,0.509393556,250,0
complex_24,tanimoto,true,true,0.873900178,250,428
complex_25,tanimoto,true,false,0.614939347,250,0
complex_26,tanimoto,true,true,2.140944141,250,339
complex_27,tanimoto,true,false,0.839745229,250,0
complex_28,tanimoto,true,false,0.793679277,250,0
complex_29,tanimoto,true,false,1.314861378,250,0
complex_30,tanimoto,true,true,3.178653339,250,245
complex_31,tanimoto,true,true,1.248260132,250,459
complex_32,tanimoto,true,false,0.795094173,250,0
complex_33,tanimoto,true,true,1.182374033,250,509
complex_34,tanimoto,true,false,1.47032953,250,0
complex_35,tanimoto,true,true,5.064468464,250,404
complex_36,tanimoto,true,true,1.759674416,250,287
complex_37,tanimoto,true,true,1.916995774,250,155
complex_38,tanimoto,true,true,3.083546696,250,1064
complex_39,tanimoto,true,false,0.839645412,250,0
complex_40,tanimoto,true,true,0.740062419,250,429
complex_41,tanimoto,true,false,0.693209721,250,0
complex_42,tanimoto,true,true,1.225436047,250,272
complex_43,tanimoto,true,true,1.565743981,250,291
complex_44,tanimoto,true,true,1.49691165,250,158
complex_45,tanimoto,true,false,85.945821167,250,30000
complex_46,tanimoto,true,true,0.983323345,250,461
complex_47,tanimoto,true,true,1.612099704,250,395
complex_48,tanimoto,true,true,1.519281309,250,135
complex_49,tanimoto,true,true,3.230825246,250,225
complex_50,tanimoto,true,true,4.059960622,250,134
complex_51,tanimoto,true,true,2.333495207,250,338
complex_52,tanimoto,true,true,2.43046988,250,123
complex_53,tanimoto,true,true,1.072335392,250,248
complex_54,tanimoto,true,true,1.571988636,250,135
complex_55,tanimoto,true,true,2.341191926,250,287
complex_56,tanimoto,true,false,83.847488521,250,30000
complex_57,tanimoto,true,true,1.462393282,250,99
complex_58,tanimoto,true,false,0.823138113,250,0
complex_59,tanimoto,true,false,0.540175926,250,0
complex_60,tanimoto,true,false,79.511194731,250,30000
complex_61,tanimoto,true,false,81.96071384,250,30000
complex_62,tanimoto,true,false,84.141190285,250,30000
complex_63,tanimoto,true,false,105.895417571,250,30000
complex_64,tanimoto,true,false,76.884925147,250,30000
complex_65,tanimoto,true,false,67.375762031,250,30000
complex_66,tanimoto,true,false,76.809344614,250,30000
complex_67,tanimoto,true,false,79.700542412,250,30000
complex_68,tanimoto,true,false,83.323785504,250,30000
complex_69,tanimoto,true,true,5.777187366,250,363
complex_70,tanimoto,true,false,79.711129265,250,30000
complex_71,tanimoto,true,false,90.04253357,250,30000
complex_72,tanimoto,true,false,82.59131973,250,30000
complex_73,tanimoto,true,false,84.796776213,250,30000
complex_74,tanimoto,true,false,0.721697629,250,0
complex_75,tanimoto,true,false,76.466653114,250,30000
complex_76,tanimoto,true,true,1.450341559,250,1686
complex_77,tanimoto,true,false,85.062848108,250,30000
complex_78,tanimoto,true,false,83.830454979,250,30000
complex_79,tanimoto,true,false,63.682396533,250,30000
complex_80,tanimoto,true,true,1.221161257,250,99
complex_81,tanimoto,true,false,68.327629712,250,30000
complex_82,tanimoto,true,false,52.415857343,250,30000
complex_83,tanimoto,true,false,46.784673293,250,30000
complex_84,tanimoto,true,true,1.100303001,250,83
complex_85,tanimoto,true,false,1.132922104,250,0
complex_86,tanimoto,true,true,0.737456008,250,117
complex_87,tanimoto,true,false,79.480902563,250,30000
complex_88,tanimoto,true,false,71.967689046,250,30000
complex_89,tanimoto,true,false,0.544415254,250,0
complex_90,tanimoto,true,true,0.937502255,250,107
complex_91,tanimoto,true,true,1.070045853,250,137
complex_92,tanimoto,true,false,79.422984005,250,30000
complex_93,tanimoto,true,false,74.706892257,250,30000
complex_94,tanimoto,true,false,95.768303186,250,30000
complex_95,tanimoto,true,false,53.137409822,250,30000
complex_96,tanimoto,true,false,80.031664911,250,30000
complex_97,tanimoto,true,false,76.750819407,250,30000
complex_98,tanimoto,true,true,1.173407508,250,111
complex_99,tanimoto,true,true,0.932698443,250,105
complex_100,tanimoto,true,true,1.258563684,250,866
complex_101,tanimoto,true,true,0.736357831,250,417
complex_102,tanimoto,true,false,73.256478191,250,30000
complex_103,tanimoto,true,true,2.140418574,250,489
complex_104,tanimoto,true,false,0.795231987,250,0
complex_105,tanimoto,true,false,0.704551305,250,0
complex_106,tanimoto,true,false,0.423773026,250,0
complex_107,tanimoto,true,false,54.738840743,250,30000
complex_108,tanimoto,true,false,2.254723351,250,0
complex_109,tanimoto,true,false,55.612299614,250,30000
complex_110,tanimoto,true,false,1.219715822,250,0
complex_111,tanimoto,true,true,1.291432766,250,399
complex_112,tanimoto,true,false,1.446033394,250,0
complex_113,tanimoto,true,false,1.222942811,250,0
complex_114,tanimoto,true,false,1.122688805,250,0
complex_115,tanimoto,true,true,0.95396213,250,140
complex_116,tanimoto,true,true,1.111705008,250,131
complex_117,tanimoto,true,true,1.906302504,250,176
complex_118,tanimoto,true,true,1.797057634,250,575
complex_119,tanimoto,true,true,1.004370648,250,639
complex_120,tanimoto,true,false,2.232239363,250,0
complex_121,tanimoto,true,false,1.940403004,250,0
complex_122,tanimoto,true,true,1.236844458,250,201
complex_123,tanimoto,true,true,0.858377224,250,269
complex_124,tanimoto,true,false,0.719934716,250,0
complex_125,tanimoto,true,false,74.875429671,250,30000
complex_126,tanimoto,true,false,0.901890101,250,0
complex_127,tanimoto,true,true,5.94237246,250,980
complex_128,tanimoto,true,false,1.165868801,250,0
complex_129,tanimoto,true,false,1.481182735,250,0
complex_130,tanimoto,true,false,62.089320939,250,30000
complex_131,tanimoto,true,true,1.550488948,250,255
complex_132,tanimoto,true,true,0.623844925,250,209
complex_133,tanimoto,true,true,0.863859741,250,218
complex_134,tanimoto,true,false,0.92713795,250,0
complex_135,tanimoto,true,false,0.915729664,250,0
complex_136,tanimoto,true,true,3.05379011,250,296
complex_137,tanimoto,true,true,1.44664526,250,500
complex_138,tanimoto,true,false,1.229882946,250,0
complex_139,tanimoto,true,false,4.058530081,250,0
complex_140,tanimoto,true,false,72.023230946,250,30000
complex_141,tanimoto,true,false,0.769530515,250,0
complex_142,tanimoto,true,false,1.168911744,250,0
complex_143,tanimoto,true,false,2.192467078,250,0
complex_144,tanimoto,true,false,45.427572612,250,30000
complex_145,tanimoto,true,false,1.799631026,250,0
complex_146,tanimoto,true,false,71.666650981,250,30000
complex_147,tanimoto,true,false,1.271336367,250,0
complex_148,tanimoto,true,false,0.989841679,250,0
complex_149,tanimoto,true,false,1.917158187,250,0
complex_150,tanimoto,true,true,0.668701683,250,753
complex_151,tanimoto,true,false,0.849957776,250,0
complex_152,tanimoto,true,false,0.974391476,250,0
complex_153,tanimoto,true,true,0.86940115,250,746
complex_154,tanimoto,true,true,1.139652156,250,765
complex_155,tanimoto,true,false,1.040511405,250,0
complex_156,tanimoto,true,true,1.569739818,250,275
complex_157,tanimoto,true,true,1.29873581,250,140
complex_158,tanimoto,true,false,1.509339662,250,0
complex_159,tanimoto,true,false,45.814124969,250,30000
complex_160,tanimoto,true,true,2.401979404,250,269
complex_161,tanimoto,true,false,62.88959266,250,30000
complex_162,tanimoto,true,false,0.53480096,250,0
complex_164,tanimoto,true,false,0.729445371,250,0
complex_165,tanimoto,true,false,1.462127271,250,0
complex_166,tanimoto,true,true,1.480804162,250,236
complex_167,tanimoto,true,true,0.767638197,250,189
complex_168,tanimoto,true,true,1.936129305,250,69
complex_169,tanimoto,true,false,36.50447832,250,30000
complex_170,tanimoto,true,false,1.344274138,250,0
complex_171,tanimoto,true,true,2.962023776,250,615
complex_172,tanimoto,true,false,1.126995806,250,0
complex_173,tanimoto,true,true,1.345914526,250,155
complex_174,tanimoto,true,false,66.218625863,250,30000
complex_175,tanimoto,true,true,1.310119946,250,1489
complex_176,tanimoto,true,false,65.029994505,250,30000
complex_177,tanimoto,true,false,0.975970587,250,0
complex_178,tanimoto,true,true,0.843840305,250,83
complex_179,tanimoto,true,false,53.232184836,250,30000
complex_180,tanimoto,true,true,10.96571463,250,9541
complex_181,tanimoto,true,true,21.91091948,250,18895
complex_182,tanimoto,true,false,1.416182649,250,0
complex_183,tanimoto,true,false,1.915378598,250,0
complex_184,tanimoto,true,true,0.708228937,250,189
complex_185,tanimoto,true,false,0.652423356,250,0
complex_186,tanimoto,true,true,2.256609851,250,4972
complex_187,tanimoto,true,false,0.717880695,250,0
complex_188,tanimoto,true,true,5.592217383,250,1905
complex_189,tanimoto,true,true,0.98084604,250,245
complex_190,tanimoto,true,true,2.730490432,250,326
complex_191,tanimoto,true,true,1.595081915,250,675
complex_192,tanimoto,true,true,1.266425823,250,123
complex_193,tanimoto,true,true,3.270199792,250,464
complex_194,tanimoto,true,true,2.326097424,250,3648
complex_195,tanimoto,true,false,1.573069805,250,0
complex_196,tanimoto,true,false,1.270544396,250,0
complex_197,tanimoto,true,true,1.079996441,250,101
complex_198,tanimoto,true,true,1.656524818,250,371
complex_199,tanimoto,true,true,1.917616535,250,233
complex_200,tanimoto,true,false,1.343952544,250,0
complex_201,tanimoto,true,false,2.928626322,250,0
complex_202,tanimoto,true,true,2.763824091,250,297
complex_203,tanimoto,true,false,2.701598947,250,0
complex_204,tanimoto,true,true,1.62007953,250,218
complex_205,tanimoto,true,false,63.039983052,250,30000
complex_206,tanimoto,true,false,60.747745161,250,30000
complex_207,tanimoto,true,false,0.456056108,250,0
complex_208,tanimoto,true,false,0.634341745,250,0
complex_209,tanimoto,true,true,0.872806232,250,375
complex_210,tanimoto,true,false,0.79547388,250,0
complex_211,tanimoto,true,true,1.499246991,250,218
complex_212,tanimoto,true,true,3.175700389,250,311
complex_213,tanimoto,true,true,1.111583742,250,182
complex_214,tanimoto,true,false,68.615236397,250,30000
complex_215,tanimoto,true,true,1.054101826,250,110
complex_216,tanimoto,true,false,3.107626555,250,0
complex_217,tanimoto,true,true,22.863684351,250,12182
complex_218,tanimoto,true,false,0.897604443,250,0
complex_219,tanimoto,true,false,1.13612814,250,0
complex_220,tanimoto,true,false,0.768248127,250,0
complex_221,tanimoto,true,true,1.396766365,250,416
complex_222,tanimoto,true,false,0.465310763,250,0
complex_223,tanimoto,true,false,2.032330528,250,0
complex_224,tanimoto,true,false,0.965082265,250,0
complex_225,tanimoto,true,false,1.266443265,250,0
complex_226,tanimoto,true,false,1.722026178,250,0
complex_227,tanimoto,true,true,0.657752797,250,179
complex_228,tanimoto,true,false,1.306711708,250,0
complex_229,tanimoto,true,false,1.33972571,250,0
complex_230,tanimoto,true,false,0.51415622,250,0
complex_231,tanimoto,true,false,1.156182781,250,0
complex_232,tanimoto,true,false,0.600043378,250,0
complex_233,tanimoto,true,false,1.414161996,250,0
complex_234,tanimoto,true,true,5.028277711,250,4702
complex_235,tanimoto,true,false,0.491012919,250,0
complex_236,tanimoto,true,false,58.375417426,250,30000
complex_237,tanimoto,true,false,0.808905797,250,0
complex_238,tanimoto,true,false,80.426318831,250,30000
complex_239,tanimoto,true,false,0.627982974,250,0
complex_240,tanimoto,true,false,1.509308347,250,0
complex_241,tanimoto,true,false,69.103957876,250,30000
complex_242,tanimoto,true,false,0.706305666,250,0
complex_243,tanimoto,true,false,58.386562353,250,30000
complex_244,tanimoto,true,false,0.933474748,250,0
complex_245,tanimoto,true,false,0.693075079,250,0
complex_246,tanimoto,true,true,0.651736858,250,116
complex_247,tanimoto,true,true,2.0536001,250,287
complex_248,tanimoto,true,true,1.695544439,250,3359
complex_249,tanimoto,true,false,0.753764694,250,0
complex_250,tanimoto,true,false,1.353794864,250,0
complex_251,tanimoto,true,false,75.910066571,250,30000
complex_252,tanimoto,true,false,57.225142295,250,30000
complex_253,tanimoto,true,false,0.629619818,250,0
complex_254,tanimoto,true,false,0.70476965,250,0
complex_255,tanimoto,true,false,62.166189091,250,30000
complex_256,tanimoto,true,true,15.300815194,250,12476
complex_257,tanimoto,true,true,12.045385026,250,7096
complex_258,tanimoto,true,true,0.935588254,250,179
complex_259,tanimoto,true,true,2.001207742,250,5791
complex_260,tanimoto,true,false,1.174607212,250,0
complex_261,tanimoto,true,false,0.757300927,250,0
complex_262,tanimoto,true,false,35.03666351,250,30000
complex_263,tanimoto,true,true,3.129529186,250,149
complex_264,tanimoto,true,false,0.842628265,250,0
complex_265,tanimoto,true,false,42.988151689,250,30000
complex_266,tanimoto,true,false,0.379635773,250,0
complex_267,tanimoto,true,true,0.713943888,250,164
complex_268,tanimoto,true,false,2.269050871,250,0
complex_269,tanimoto,true,false,0.336350812,250,0
complex_270,tanimoto,true,false,3.856255928,250,0
complex_271,tanimoto,true,false,62.221355771,250,30000
complex_272,tanimoto,true,false,72.202891576,250,30000
complex_273,tanimoto,true,false,0.684234724,250,0
complex_274,tanimoto,true,false,0.562641173,250,0
complex_275,tanimoto,true,false,73.116677811,250,30000
complex_276,tanimoto,true,false,1.527975998,250,0
complex_277,tanimoto,true,false,62.328543871,250,30000
complex_278,tanimoto,true,false,76.672831457,250,30000
complex_279,tanimoto,true,false,1.339658431,250,0
complex_280,tanimoto,true,false,0.458609014,250,0
complex_281,tanimoto,true,true,0.632173781,250,290
complex_282,tanimoto,true,false,68.825870471,250,30000
complex_283,tanimoto,true,false,79.994013296,250,30000
complex_284,tanimoto,true,true,0.637453339,250,218
complex_285,tanimoto,true,false,75.697371502,250,30000
complex_286,tanimoto,true,false,72.61371197,250,30000
complex_287,tanimoto,true,true,1.5299017,250,3780
complex_288,tanimoto,true,false,0.449626063,250,0
complex_289,tanimoto,true,false,86.691891882,250,30000
complex_290,tanimoto,true,false,77.634327936,250,30000
complex_291,tanimoto,true,false,70.707782066,250,30000
complex_292,tanimoto,true,false,90.430006962,250,30000
complex_293,tanimoto,true,false,78.016195396,250,30000
complex_294,tanimoto,true,false,0.800810004,250,0
complex_295,tanimoto,true,false,1.387473838,250,0
complex_296,tanimoto,true,false,1.55656919,250,0
complex_297,tanimoto,true,false,1.598694422,250,0
complex_298,tanimoto,true,false,51.588611722,250,30000
complex_299,tanimoto,true,false,84.17497141,250,30000
complex_300,tanimoto,true,false,55.247950016,250,30000
complex_301,tanimoto,true,false,79.607318982,250,30000
complex_302,tanimoto,true,false,1.148612814,250,0
complex_303,tanimoto,true,false,76.301415723,250,30000
complex_304,tanimoto,true,false,72.667301973,250,30000
complex_305,tanimoto,true,false,0.468032906,250,0
complex_306,tanimoto,true,false,0.973265158,250,0
complex_307,tanimoto,true,false,67.89745012,250,30000
complex_308,tanimoto,true,false,89.961978355,250,30000
complex_309,tanimoto,true,false,64.443170545,250,30000
complex_310,tanimoto,true,false,95.299831326,250,30000
complex_311,tanimoto,true,false,85.97510432,250,30000
complex_312,tanimoto,true,false,83.317927067,250,30000
complex_313,tanimoto,true,false,101.179046483,250,30000
complex_314,tanimoto,true,false,69.825656826,250,30000
complex_315,tanimoto,true,false,0.563957428,250,0
complex_316,tanimoto,true,false,64.675063751,250,30000
complex_317,tanimoto,true,false,77.623018878,250,30000
complex_318,tanimoto,true,false,87.858233627,250,30000
complex_319,tanimoto,true,false,92.396708739,250,30000
complex_320,tanimoto,true,false,56.322536558,250,30000
complex_321,tanimoto,true,false,69.233374231,250,30000
complex_322,tanimoto,true,false,85.266232506,250,30000
complex_323,tanimoto,true,false,0.662427314,250,0
complex_324,tanimoto,true,false,67.445479587,250,30000
complex_325,tanimoto,true,false,0.83864171,250,0
complex_326,tanimoto,true,false,0.988228567,250,0
complex_327,tanimoto,true,false,1.716055993,250,0
complex_328,tanimoto,true,false,0.470056806,250,0
complex_329,tanimoto,true,false,98.285496332,250,30000
complex_330,tanimoto,true,false,83.94905928,250,30000
complex_331,tanimoto,true,false,88.725965283,250,30000
complex_332,tanimoto,true,false,81.111339179,250,30000
complex_333,tanimoto,true,false,106.03945814,250,30000
complex_334,tanimoto,true,false,0.668851566,250,0
complex_335,tanimoto,true,false,0.881155525,250,0
complex_336,tanimoto,true,false,93.918664213,250,30000
complex_337,tanimoto,true,false,1.156477629,250,0
complex_338,tanimoto,true,false,0.881866764,250,0
complex_339,tanimoto,true,false,0.641332674,250,0
complex_340,tanimoto,true,false,0.649281948,250,0
complex_341,tanimoto,true,false,0.772633558,250,0
complex_342,tanimoto,true,false,1.248794166,250,0
complex_343,tanimoto,true,false,48.01182989,250,30000
complex_344,tanimoto,true,false,106.115524163,250,30000
complex_345,tanimoto,true,true,0.631045971,250,153
complex_346,tanimoto,true,false,80.300166912,250,30000
complex_347,tanimoto,true,false,113.20481539,250,30000
complex_348,tanimoto,true,false,92.312745119,250,30000
complex_349,tanimoto,true,false,106.348470611,250,30000
complex_350,tanimoto,true,false,82.060128671,250,30000
complex_351,tanimoto,true,false,0.56035851,250,0
complex_352,tanimoto,true,false,0.916576482,250,0
complex_353,tanimoto,true,false,89.518416751,250,30000
complex_354,tanimoto,true,false,76.754052967,250,30000
complex_355,tanimoto,true,false,76.381777314,250,30000
complex_356,tanimoto,true,false,1.782920553,250,0
complex_357,tanimoto,true,false,1.024562192,250,0
complex_358,tanimoto,true,false,0.649200135,250,0
complex_359,tanimoto,true,false,1.475693892,250,0
complex_360,tanimoto,true,false,113.333201348,250,30000
complex_361,tanimoto,true,false,49.762732229,250,30000
complex_362,tanimoto,true,false,66.072795386,250,30000
complex_363,tanimoto,true,false,81.366658807,250,30000
complex_364,tanimoto,true,false,1.034468212,250,0
complex_365,tanimoto,true,false,0.654971781,250,0
complex_366,tanimoto,true,false,65.512687717,250,30000
complex_367,tanimoto,true,false,0.666585992,250,0
complex_368,tanimoto,true,true,0.892983959,250,147
complex_369,tanimoto,true,false,112.365541051,250,30000
complex_370,tanimoto,true,false,0.622260539,250,0
complex_371,tanimoto,true,false,92.916007617,250,30000
complex_372,tanimoto,true,true,1.675521679,250,119
complex_373,tanimoto,true,false,63.423377925,250,30000
complex_374,tanimoto,true,false,42.761940373,250,30000
complex_375,tanimoto,true,false,39.590368173,250,30000
complex_376,tanimoto,true,false,78.986146733,250,30000
complex_377,tanimoto,true,true,1.652176897,250,105
complex_378,tanimoto,true,false,73.816737955,250,30000
complex_379,tanimoto,true,false,70.197546595,250,30000
complex_380,tanimoto,true,false,109.404737427,250,30000
complex_381,tanimoto,true,false,0.544941529,250,0
complex_382,tanimoto,true,false,0.49023039,250,0
complex_383,tanimoto,true,true,1.460826748,250,113
complex_384,tanimoto,true,false,123.66595045,250,30000
complex_385,tanimoto,true,false,0.634273874,250,0
complex_386,tanimoto,true,false,1.11512059,250,0
complex_387,tanimoto,true,false,106.305131936,250,30000
complex_388,tanimoto,true,false,79.645032129,250,30000
complex_389,tanimoto,true,false,0.566063701,250,0
complex_390,tanimoto,true,false,0.580806755,250,0
complex_391,tanimoto,true,false,0.576375179,250,0
complex_392,tanimoto,true,false,0.540998604,250,0
complex_393,tanimoto,true,false,1.219928975,250,0
complex_394,tanimoto,true,false,0.696284682,250,0
complex_395,tanimoto,true,false,97.618458674,250,30000
complex_396,tanimoto,true,false,0.801588912,250,0
complex_397,tanimoto,true,false,71.362694907,250,30000
complex_398,tanimoto,true,false,0.703484163,250,0
complex_399,tanimoto,true,false,57.774607477,250,30000
complex_400,tanimoto,true,false,63.770800347,250,30000
complex_401,tanimoto,true,false,1.020224901,250,0
complex_402,tanimoto,true,false,0.958151489,250,0
complex_403,tanimoto,true,false,0.888633617,250,0
complex_404,tanimoto,true,false,0.781880049,250,0
complex_405,tanimoto,true,false,0.9959612,250,0
complex_406,tanimoto,true,false,88.467910716,250,30000
complex_407,tanimoto,true,false,88.035295407,250,30000
complex_408,tanimoto,true,false,1.129031834,250,0
complex_409,tanimoto,true,false,0.951792559,250,0
complex_410,tanimoto,true,false,0.676885696,250,0
complex_411,tanimoto,true,false,1.86153069,250,0
complex_412,tanimoto,true,false,85.828315426,250,30000
complex_413,tanimoto,true,false,74.587941784,250,30000
complex_414,tanimoto,true,false,0.934501588,250,0
complex_415,tanimoto,true,false,0.913576146,250,0
complex_416,tanimoto,true,false,0.974414522,250,0
complex_417,tanimoto,true,false,0.813381229,250,0
complex_418,tanimoto,true,false,0.811628673,250,0
complex_419,tanimoto,true,false,86.762590731,250,30000
complex_420,tanimoto,true,false,0.732363713,250,0
complex_421,tanimoto,true,false,0.710437953,250,0
complex_422,tanimoto,true,false,0.752904432,250,0
complex_423,tanimoto,true,false,72.891167861,250,30000
complex_424,tanimoto,true,false,0.981471398,250,0
complex_425,tanimoto,true,false,0.953500058,250,0
complex_426,tanimoto,true,false,0.493766578,250,0
complex_427,tanimoto,true,false,0.58991748,250,0
complex_428,tanimoto,true,false,0.751883047,250,0
complex_429,tanimoto,true,false,45.330060773,250,30000
complex_430,tanimoto,true,false,79.351907037,250,30000
complex_431,tanimoto,true,false,55.856009547,250,30000
complex_432,tanimoto,true,false,0.673664049,250,0
complex_433,tanimoto,true,false,0.921400165,250,0
complex_434,tanimoto,true,false,0.77054905,250,0
complex_435,tanimoto,true,false,0.940448531,250,0
complex_436,tanimoto,true,false,39.650015408,250,30000
complex_437,tanimoto,true,false,0.966663686,250,0
complex_438,tanimoto,true,false,0.840918687,250,0
complex_439,tanimoto,true,false,0.814231261,250,0
complex_440,tanimoto,true,false,77.259116904,250,30000
complex_441,tanimoto,true,false,0.282784609,250,0
complex_442,tanimoto,true,false,63.404910314,250,30000
complex_443,tanimoto,true,false,96.312237959,250,30000
complex_444,tanimoto,true,false,58.309856032,250,30000
complex_445,tanimoto,true,false,97.172743659,250,30000
complex_446,tanimoto,true,false,1.659291401,250,0
complex_447,tanimoto,true,false,1.108190199,250,0
complex_448,tanimoto,true,false,96.416606268,250,30000
complex_449,tanimoto,true,false,0.519417722,250,0
complex_450,tanimoto,true,false,65.219052632,250,30000
complex_451,tanimoto,true,false,0.555072814,250,0
complex_452,tanimoto,true,false,79.890985357,250,30000
complex_453,tanimoto,true,false,1.236074819,250,0
complex_454,tanimoto,true,false,0.566462561,250,0
complex_455,tanimoto,true,false,1.043636193,250,0
complex_456,tanimoto,true,false,64.067944987,250,30000
complex_457,tanimoto,true,false,59.481422063,250,30000
complex_458,tanimoto,true,false,64.01768125,250,30000
complex_459,tanimoto,true,false,1.038186725,250,0
complex_460,tanimoto,true,false,0.863302549,250,0
complex_461,tanimoto,true,false,0.947550274,250,0
complex_462,tanimoto,true,false,0.569734296,250,0
complex_463,tanimoto,true,false,77.797204456,250,30000
complex_464,tanimoto,true,false,0.714126888,250,0
complex_465,tanimoto,true,false,62.268489547,250,30000
complex_466,tanimoto,true,false,0.528464004,250,0
complex_467,tanimoto,true,false,81.677805299,250,30000
complex_468,tanimoto,true,false,0.996506816,250,0
complex_469,tanimoto,true,false,78.65729017,250,30000
complex_470,tanimoto,true,false,91.805545464,250,30000
complex_471,tanimoto,true,false,2.246604142,250,0
complex_472,tanimoto,true,false,3.526295814,250,0
complex_473,tanimoto,true,false,0.556900416,250,0
complex_474,tanimoto,true,false,53.309112229,250,30000
complex_475,tanimoto,true,false,67.008597752,250,30000
complex_476,tanimoto,true,false,51.160996442,250,30000
complex_477,tanimoto,true,false,64.923227137,250,30000
complex_478,tanimoto,true,false,58.279445633,250,30000
complex_479,tanimoto,true,false,66.385618835,250,30000
complex_480,tanimoto,true,false,89.200537182,250,30000
complex_481,tanimoto,true,false,86.148284633,250,30000
complex_482,tanimoto,true,false,1.268071319,250,0
complex_483,tanimoto,true,true,1.522624311,250,446
complex_484,tanimoto,true,true,1.354300051,250,407
complex_485,tanimoto,true,false,0.76884346,250,0
complex_486,tanimoto,true,false,65.409446856,250,30000
complex_487,tanimoto,true,false,0.54523447,250,0
complex_488,tanimoto,true,true,1.159640513,250,185
complex_489,tanimoto,true,false,0.880298273,250,0
complex_490,tanimoto,true,false,74.132678515,250,30000
complex_491,tanimoto,true,false,57.740659778,250,30000
complex_492,tanimoto,true,true,1.335119177,250,152
complex_493,tanimoto,true,false,0.884702561,250,0
complex_494,tanimoto,true,false,0.907220966,250,0
complex_495,tanimoto,true,false,0.493632624,250,0
complex_496,tanimoto,true,false,70.013007106,250,30000
complex_497,tanimoto,true,false,0.256162054,250,0
complex_498,tanimoto,true,true,3.026790046,250,2137
complex_499,tanimoto,true,false,0.969807949,250,0
complex_500,tanimoto,true,false,96.976256365,250,30000
complex_501,tanimoto,true,false,63.199932235,250,30000
complex_1,none,false,false,1.624794314,250,0
complex_2,none,false,false,1.255275062,250,0
complex_3,none,false,false,0.359343602,250,0
complex_4,none,false,false,1.099978676,250,0
complex_5,none,false,false,1.22656935,250,0
complex_6,none,false,true,3.834289222,250,2177
complex_7,none,false,false,1.457343684,250,0
complex_8,none,false,false,1.493251909,250,0
complex_9,none,false,false,0.367957706,250,0
complex_10,none,false,true,1.552625558,250,950
complex_11,none,false,false,0.947482562,250,0
complex_12,none,false,false,1.340848044,250,0
complex_13,none,false,false,0.717763744,250,0
complex_14,none,false,false,66.188421816,250,30000
complex_15,none,false,false,0.616375343,250,0
complex_16,none,false,false,0.717829037,250,0
complex_17,none,false,false,1.51074941,250,0
complex_18,none,false,false,86.849461864,250,30000
complex_19,none,false,false,1.697142918,250,0
complex_20,none,false,false,0.432288134,250,0
complex_21,none,false,false,0.789287609,250,0
complex_22,none,false,false,0.766509104,250,0
complex_23,none,false,false,0.404327541,250,0
complex_24,none,false,true,1.444216243,250,950
complex_25,none,false,false,69.69943124,250,30000
complex_26,none,false,false,3.420212669,250,0
complex_27,none,false,false,76.814704827,250,30000
complex_28,none,false,false,78.676197575,250,30000
complex_29,none,false,false,73.138561143,250,30000
complex_30,none,false,true,4.339544933,250,2177
complex_31,none,false,false,2.590031079,250,0
complex_32,none,false,false,93.649684017,250,30000
complex_33,none,false,true,2.224676213,250,981
complex_34,none,false,false,71.673261518,250,30000
complex_35,none,false,true,4.347206799,250,2145
complex_36,none,false,true,0.798200007,250,603
complex_37,none,false,false,1.27709725,250,0
complex_38,none,false,true,3.658432539,250,2177
complex_39,none,false,false,0.489184417,250,0
complex_40,none,false,true,1.112039319,250,365
complex_41,none,false,false,0.927155347,250,0
complex_42,none,false,false,0.46396796,250,0
complex_43,none,false,true,1.927293774,250,950
complex_44,none,false,true,2.042767866,250,939
complex_45,none,false,false,0.381985029,250,0
complex_46,none,false,false,0.892084796,250,0
complex_47,none,false,false,1.306614143,250,0
complex_48,none,false,false,1.414287529,250,0
complex_49,none,false,true,1.749217667,250,939
complex_50,none,false,true,4.246766797,250,2145
complex_51,none,false,false,1.313028189,250,0
complex_52,none,false,false,0.459720383,250,0
complex_53,none,false,false,0.913669236,250,0
complex_54,none,false,false,1.476017095,250,0
complex_55,none,false,false,1.332361473,250,0
complex_56,none,false,false,0.479730668,250,0
complex_57,none,false,false,0.465288636,250,0
complex_58,none,false,false,0.923124713,250,0
complex_59,none,false,false,0.965306219,250,0
complex_60,none,false,true,5.325076596,250,5133
complex_61,none,false,true,8.044114326,250,5385
complex_62,none,false,false,81.198849416,250,30000
complex_63,none,false,false,78.036517694,250,30000
complex_64,none,false,false,83.988680952,250,30000
complex_65,none,false,false,73.125629494,250,30000
complex_66,none,false,false,85.154641602,250,30000
complex_67,none,false,false,81.103914171,250,30000
complex_68,none,false,false,72.884147779,250,30000
complex_69,none,false,false,3.626543705,250,0
complex_70,none,false,false,83.53077365,250,30000
complex_71,none,false,false,75.242112291,250,30000
complex_72,none,false,false,68.650086029,250,30000
complex_73,none,false,false,76.042104406,250,30000
complex_74,none,false,false,88.152086502,250,30000
complex_75,none,false,false,77.655161778,250,30000
complex_76,none,false,false,1.386925176,250,0
complex_77,none,false,false,67.094260532,250,30000
complex_78,none,false,false,69.795326333,250,30000
complex_79,none,false,false,72.84396114,250,30000
complex_80,none,false,false,1.343055021,250,0
complex_81,none,false,false,86.818916602,250,30000
complex_82,none,false,false,63.439586449,250,30000
complex_83,none,false,false,64.534395504,250,30000
complex_84,none,false,false,1.360483997,250,0
complex_85,none,false,true,2.260704281,250,981
complex_86,none,false,false,1.309088305,250,0
complex_87,none,false,false,88.722293917,250,30000
complex_88,none,false,false,84.83879528,250,30000
complex_89,none,false,false,0.631722385,250,0
complex_90,none,false,false,1.387659921,250,0
complex_91,none,false,false,2.20976332,250,0
complex_92,none,false,false,102.189990479,250,30000
complex_93,none,false,false,54.810102026,250,30000
complex_94,none,false,false,71.78205129,250,30000
complex_95,none,false,true,1.485953177,250,1989
complex_96,none,false,false,70.170205533,250,30000
complex_97,none,false,false,61.03598939,250,30000
complex_98,none,false,true,1.2798317,250,927
complex_99,none,false,true,1.415383195,250,939
complex_100,none,false,true,1.358853508,250,950
complex_101,none,false,false,1.802521735,250,0
complex_102,none,false,false,3.41349579,250,0
complex_103,none,false,true,3.456558324,250,2145
complex_104,none,false,false,1.054613631,250,0
complex_105,none,false,true,1.555067487,250,941
complex_106,none,false,false,1.018515478,250,0
complex_107,none,false,false,61.237854875,250,30000
complex_108,none,false,false,3.647462112,250,0
complex_109,none,false,false,53.373102719,250,30000
complex_110,none,false,false,2.345517652,250,0
complex_111,none,false,false,1.640742103,250,0
complex_112,none,false,false,1.412920243,250,0
complex_113,none,false,false,1.638590527,250,0
complex_114,none,false,false,1.388800597,250,0
complex_115,none,false,false,1.476150078,250,0
complex_116,none,false,true,0.924923583,250,623
complex_117,none,false,false,1.484424037,250,0
complex_118,none,false,true,1.290460488,250,927
complex_119,none,false,false,1.515301683,250,0
complex_120,none,false,false,1.414548005,250,0
complex_121,none,false,false,59.905783524,250,30000
complex_122,none,false,false,0.869010567,250,0
complex_123,none,false,false,1.396014533,250,0
complex_124,none,false,true,0.890264103,250,621
complex_125,none,false,false,0.550257527,250,0
complex_126,none,false,false,0.54765569,250,0
complex_127,none,false,false,1.187155699,250,0
complex_128,none,false,false,54.378213773,250,30000
complex_129,none,false,false,65.266411053,250,30000
complex_130,none,false,false,61.703060513,250,30000
complex_131,none,false,false,3.093617281,250,0
complex_132,none,false,true,1.353854094,250,914
complex_133,none,false,false,0.730698981,250,0
complex_134,none,false,false,1.346775222,250,0
complex_135,none,false,false,1.534695597,250,0
complex_136,none,false,false,3.132651205,250,0
complex_137,none,false,false,3.710208674,250,0
complex_138,none,false,false,1.835953041,250,0
complex_139,none,false,false,83.370958939,250,30000
complex_140,none,false,false,75.513929394,250,30000
complex_141,none,false,false,1.565378782,250,0
complex_142,none,false,false,0.402520951,250,0
complex_143,none,false,false,1.597652812,250,0
complex_144,none,false,false,1.605164087,250,0
complex_145,none,false,false,1.405678373,250,0
complex_146,none,false,false,1.469523098,250,0
complex_147,none,false,false,72.103647259,250,30000
complex_148,none,false,false,1.177356652,250,0
complex_149,none,false,false,1.980518423,250,0
complex_150,none,false,false,3.080411497,250,0
complex_151,none,false,false,1.327056926,250,0
complex_152,none,false,false,3.556701013,250,0
complex_153,none,false,false,1.8891712,250,0
complex_154,none,false,false,1.251852371,250,0
complex_155,none,false,false,1.244041313,250,0
complex_156,none,false,false,3.668893773,250,0
complex_157,none,false,false,3.90754485,250,0
complex_158,none,false,false,1.493189004,250,0
complex_159,none,false,false,63.899891725,250,30000
complex_160,none,false,false,3.569111772,250,0
complex_161,none,false,false,103.573611339,250,30000
complex_162,none,false,false,1.380772593,250,0
complex_164,none,false,false,0.506048297,250,0
complex_165,none,false,false,2.193125252,250,0
complex_166,none,false,false,1.728193815,250,0
complex_167,none,false,true,1.157389469,250,621
complex_168,none,false,false,1.824695574,250,0
complex_169,none,false,false,5.584673111,250,0
complex_170,none,false,false,2.117608407,250,0
complex_171,none,false,false,4.818446007,250,0
complex_172,none,false,false,1.300644884,250,0
complex_173,none,false,false,0.46385768,250,0
complex_174,none,false,false,2.244974804,250,0
complex_175,none,false,false,1.125023194,250,0
complex_176,none,false,false,0.749576112,250,0
complex_177,none,false,false,0.593513719,250,0
complex_178,none,false,false,0.499718435,250,0
complex_179,none,false,false,1.051442496,250,0
complex_180,none,false,true,2.275933064,250,2054
complex_181,none,false,true,8.425427665,250,5142
complex_182,none,false,false,1.414142005,250,0
complex_183,none,false,false,77.761249331,250,30000
complex_184,none,false,false,0.999124804,250,0
complex_185,none,false,false,1.603176655,250,0
complex_186,none,false,true,5.527102829,250,2435
complex_187,none,false,false,1.210830721,250,0
complex_188,none,false,false,0.991856553,250,0
complex_189,none,false,false,1.352233475,250,0
complex_190,none,false,false,3.845317502,250,0
complex_191,none,false,false,2.363663633,250,0
complex_192,none,false,false,1.912943563,250,0
complex_193,none,false,false,3.909811558,250,0
complex_194,none,false,true,10.59514994,250,5142
complex_195,none,false,false,2.693237891,250,0
complex_196,none,false,false,1.6458076,250,0
complex_197,none,false,false,1.496614415,250,0
complex_198,none,false,true,6.600128253,250,2145
complex_199,none,false,false,1.683218085,250,0
complex_200,none,false,false,4.697577841,250,0
complex_201,none,false,false,77.67109178,250,30000
complex_202,none,false,false,4.49640723,250,0
complex_203,none,false,false,3.108574377,250,0
complex_204,none,false,false,1.397066916,250,0
complex_205,none,false,false,0.461778487,250,0
complex_206,none,false,false,0.594210742,250,0
complex_207,none,false,false,0.834710049,250,0
complex_208,none,false,false,0.887541508,250,0
complex_209,none,false,false,1.663206042,250,0
complex_210,none,false,false,0.713960884,250,0
complex_211,none,false,false,1.3154632,250,0
complex_212,none,false,false,3.587410473,250,0
complex_213,none,false,false,2.245183206,250,0
complex_214,none,false,false,3.785391918,250,0
complex_215,none,false,false,1.710810836,250,0
complex_216,none,false,false,79.5709666,250,30000
complex_217,none,false,false,1.704792865,250,0
complex_218,none,false,false,0.740399525,250,0
complex_219,none,false,false,0.845843437,250,0
complex_220,none,false,false,1.056330631,250,0
complex_221,none,false,false,1.387940287,250,0
complex_222,none,false,false,0.56402943,250,0
complex_223,none,false,false,1.849858034,250,0
complex_224,none,false,false,1.738854724,250,0
complex_225,none,false,false,3.779707554,250,0
complex_226,none,false,false,1.476616471,250,0
complex_227,none,false,true,0.953788539,250,593
complex_228,none,false,false,0.432823939,250,0
complex_229,none,false,false,1.531440307,250,0
complex_230,none,false,false,0.41151632,250,0
complex_231,none,false,false,0.448594918,250,0
complex_232,none,false,false,0.443378497,250,0
complex_233,none,false,false,1.403000409,250,0
complex_234,none,false,false,1.481676065,250,0
complex_235,none,false,false,0.420004844,250,0
complex_236,none,false,false,2.243972133,250,0
complex_237,none,false,false,0.550578946,250,0
complex_238,none,false,false,108.902587306,250,30000
complex_239,none,false,false,0.862406752,250,0
complex_240,none,false,false,1.387874497,250,0
complex_241,none,false,false,1.42536282,250,0
complex_242,none,false,true,5.428024428,250,624
complex_243,none,false,false,0.971957241,250,0
complex_244,none,false,false,1.252270193,250,0
complex_245,none,false,false,0.471171732,250,0
complex_246,none,false,false,0.494081601,250,0
complex_247,none,false,false,3.715072119,250,0
complex_248,none,false,false,0.780957353,250,0
complex_249,none,false,false,0.563406846,250,0
complex_250,none,false,false,1.529999097,250,0
complex_251,none,false,false,0.612090586,250,0
complex_252,none,false,false,76.129226993,250,30000
complex_253,none,false,false,0.409277093,250,0
complex_254,none,false,false,1.420981634,250,0
complex_255,none,false,false,107.915820031,250,30000
complex_256,none,false,true,1.899368871,250,2036
complex_257,none,false,false,1.017797958,250,0
complex_258,none,false,true,1.017900041,250,621
complex_259,none,false,false,2.163103784,250,0
complex_260,none,false,false,1.543244877,250,0
complex_261,none,false,false,83.265383595,250,30000
complex_262,none,false,false,1.40151852,250,0
complex_263,none,false,false,3.651246653,250,0
complex_264,none,false,false,1.05781727,250,0
complex_265,none,false,false,1.450427553,250,0
complex_266,none,false,false,0.381881002,250,0
complex_267,none,false,true,0.977383672,250,623
complex_268,none,false,false,1.994265587,250,0
complex_269,none,false,false,0.483482468,250,0
complex_270,none,false,true,7.262837698,250,5390
complex_271,none,false,false,0.370178693,250,0
complex_272,none,false,false,0.531905968,250,0
complex_273,none,false,false,0.164611497,250,0
complex_274,none,false,false,0.122387141,250,0
complex_275,none,false,false,117.813355767,250,30000
complex_276,none,false,false,80.578730098,250,30000
complex_277,none,false,false,69.290193543,250,30000
complex_278,none,false,false,100.592058269,250,30000
complex_279,none,false,false,90.388903529,250,30000
complex_280,none,false,false,108.566580537,250,30000
complex_281,none,false,false,1.475521732,250,0
complex_282,none,false,false,89.885463432,250,30000
complex_283,none,false,false,77.214978383,250,30000
complex_284,none,false,false,0.350426289,250,0
complex_285,none,false,false,71.859609575,250,30000
complex_286,none,false,false,75.412535396,250,30000
complex_287,none,false,false,1.397901105,250,0
complex_288,none,false,false,78.301472366,250,30000
complex_289,none,false,false,67.177051152,250,30000
complex_290,none,false,false,69.551911277,250,30000
complex_291,none,false,false,73.774635313,250,30000
complex_292,none,false,false,68.746520327,250,30000
complex_293,none,false,false,79.341249057,250,30000
complex_294,none,false,false,68.545279967,250,30000
complex_295,none,false,false,74.811511548,250,30000
complex_296,none,false,false,0.473321849,250,0
complex_297,none,false,false,0.381969697,250,0
complex_298,none,false,false,90.120758642,250,30000
complex_299,none,false,false,77.840935788,250,30000
complex_300,none,false,false,77.38143049,250,30000
complex_301,none,false,false,94.535368646,250,30000
complex_302,none,false,false,97.932010982,250,30000
complex_303,none,false,false,1.526411355,250,0
complex_304,none,false,false,90.393723925,250,30000
complex_305,none,false,false,105.609191371,250,30000
complex_306,none,false,false,98.556961597,250,30000
complex_307,none,false,false,90.712260237,250,30000
complex_308,none,false,false,108.075057853,250,30000
complex_309,none,false,false,82.01239107,250,30000
complex_310,none,false,false,0.488208852,250,0
complex_311,none,false,false,0.362743379,250,0
complex_312,none,false,false,105.58634745,250,30000
complex_313,none,false,false,90.049804918,250,30000
complex_314,none,false,false,80.220465762,250,30000
complex_315,none,false,false,73.699950468,250,30000
complex_316,none,false,false,77.216753001,250,30000
complex_317,none,false,false,66.111312975,250,30000
complex_318,none,false,false,67.589667655,250,30000
complex_319,none,false,false,69.967839363,250,30000
complex_320,none,false,false,67.235276647,250,30000
complex_321,none,false,false,84.601958013,250,30000
complex_322,none,false,false,71.758666429,250,30000
complex_323,none,false,false,63.222183789,250,30000
complex_324,none,false,false,67.885125782,250,30000
complex_325,none,false,false,61.518466504,250,30000
complex_326,none,false,false,60.643570659,250,30000
complex_327,none,false,false,67.729223084,250,30000
complex_328,none,false,false,77.176078539,250,30000
complex_329,none,false,false,63.990538222,250,30000
complex_330,none,false,false,71.248874539,250,30000
complex_331,none,false,false,69.29349357,250,30000
complex_332,none,false,false,1.538317482,250,0
complex_333,none,false,false,0.587740029,250,0
complex_334,none,false,false,69.94229763,250,30000
complex_335,none,false,false,53.098985148,250,30000
complex_336,none,false,false,71.749087167,250,30000
complex_337,none,false,false,68.416408811,250,30000
complex_338,none,false,false,63.022820889,250,30000
complex_339,none,false,false,81.78801741,250,30000
complex_340,none,false,false,66.369784091,250,30000
complex_341,none,false,false,62.525150819,250,30000
complex_342,none,false,false,55.031447178,250,30000
complex_343,none,false,false,0.431953735,250,0
complex_344,none,false,false,0.514244056,250,0
complex_345,none,false,false,1.234886721,250,0
complex_346,none,false,false,51.713467614,250,30000
complex_347,none,false,false,70.810482477,250,30000
complex_348,none,false,false,56.498497211,250,30000
complex_349,none,false,false,65.099272065,250,30000
complex_350,none,false,false,62.454447464,250,30000
complex_351,none,false,false,68.280055723,250,30000
complex_352,none,false,false,0.948070441,250,0
complex_353,none,false,false,1.229367033,250,0
complex_354,none,false,false,1.293879918,250,0
complex_355,none,false,false,1.326629879,250,0
complex_356,none,false,false,0.149702771,250,0
complex_357,none,false,false,0.344023081,250,0
complex_358,none,false,false,0.47193125,250,0
complex_359,none,false,false,51.387560903,250,30000
complex_360,none,false,false,58.193094084,250,30000
complex_361,none,false,false,1.8690678,250,0
complex_362,none,false,false,1.580213848,250,0
complex_363,none,false,false,1.445247154,250,0
complex_364,none,false,false,0.527050051,250,0
complex_365,none,false,false,0.728055669,250,0
complex_366,none,false,false,1.250387193,250,0
complex_367,none,false,false,56.031392645,250,30000
complex_368,none,false,false,0.967425927,250,0
complex_369,none,false,false,64.497949108,250,30000
complex_370,none,false,false,58.86674657,250,30000
complex_371,none,false,false,62.080135499,250,30000
complex_372,none,false,false,1.464122476,250,0
complex_373,none,false,false,57.629893679,250,30000
complex_374,none,false,false,57.774340157,250,30000
complex_375,none,false,false,62.439390306,250,30000
complex_376,none,false,false,1.408483518,250,0
complex_377,none,false,false,2.036660075,250,0
complex_378,none,false,false,55.088180047,250,30000
complex_379,none,false,false,1.347795338,250,0
complex_380,none,false,false,61.872313206,250,30000
complex_381,none,false,false,0.52884367,250,0
complex_382,none,false,false,0.447253719,250,0
complex_383,none,false,false,1.458316274,250,0
complex_384,none,false,false,67.748533879,250,30000
complex_385,none,false,false,62.778085679,250,30000
complex_386,none,false,false,57.110953665,250,30000
complex_387,none,false,false,0.986458089,250,0
complex_388,none,false,false,54.257238894,250,30000
complex_389,none,false,false,56.426624199,250,30000
complex_390,none,false,false,55.333564674,250,30000
complex_391,none,false,false,55.620185471,250,30000
complex_392,none,false,false,62.915331566,250,30000
complex_393,none,false,false,1.326770994,250,0
complex_394,none,false,false,1.306440679,250,0
complex_395,none,false,false,0.5387263,250,0
complex_396,none,false,false,62.045433037,250,30000
complex_397,none,false,false,1.480552689,250,0
complex_398,none,false,false,63.664401692,250,30000
complex_399,none,false,false,1.423054806,250,0
complex_400,none,false,false,1.34930966,250,0
complex_401,none,false,false,1.199160519,250,0
complex_402,none,false,false,1.284864977,250,0
complex_403,none,false,false,1.265533545,250,0
complex_404,none,false,false,2.122845424,250,0
complex_405,none,false,false,1.302846939,250,0
complex_406,none,false,false,1.364664289,250,0
complex_407,none,false,false,64.646546337,250,30000
complex_408,none,false,false,0.366679831,250,0
complex_409,none,false,false,0.98580994,250,0
complex_410,none,false,false,51.050177314,250,30000
complex_411,none,false,false,63.563197885,250,30000
complex_412,none,false,false,0.972545789,250,0
complex_413,none,false,false,70.54781,250,30000
complex_414,none,false,false,65.528460379,250,30000
complex_415,none,false,false,67.289637521,250,30000
complex_416,none,false,false,71.094055081,250,30000
complex_417,none,false,false,66.467649241,250,30000
complex_418,none,false,false,59.313344402,250,30000
complex_419,none,false,false,53.591721328,250,30000
complex_420,none,false,false,56.043324394,250,30000
complex_421,none,false,false,56.170189732,250,30000
complex_422,none,false,false,59.144012321,250,30000
complex_423,none,false,false,60.932255146,250,30000
complex_424,none,false,false,61.44314843,250,30000
complex_425,none,false,false,62.641729759,250,30000
complex_426,none,false,false,58.238034302,250,30000
complex_427,none,false,false,67.451256464,250,30000
complex_428,none,false,false,0.462338842,250,0
complex_429,none,false,false,1.510560864,250,0
complex_430,none,false,false,0.541838531,250,0
complex_431,none,false,false,50.095438407,250,30000
complex_432,none,false,false,55.431019616,250,30000
complex_433,none,false,false,56.386976638,250,30000
complex_434,none,false,false,56.250778799,250,30000
complex_435,none,false,false,54.593321452,250,30000
complex_436,none,false,false,51.338811041,250,30000
complex_437,none,false,false,58.180815753,250,30000
complex_438,none,false,false,57.258290471,250,30000
complex_439,none,false,false,0.959385505,250,0
complex_440,none,false,false,66.534525217,250,30000
complex_441,none,false,false,0.555633724,250,0
complex_442,none,false,false,1.316849245,250,0
complex_443,none,false,false,0.616194292,250,0
complex_444,none,false,false,53.987611109,250,30000
complex_445,none,false,false,0.534585769,250,0
complex_446,none,false,false,1.078496115,250,0
complex_447,none,false,false,1.19827763,250,0
complex_448,none,false,false,0.422148596,250,0
complex_449,none,false,false,0.694348673,250,0
complex_450,none,false,false,0.667458653,250,0
complex_451,none,false,false,59.488174092,250,30000
complex_452,none,false,false,0.465480858,250,0
complex_453,none,false,false,0.580398157,250,0
complex_454,none,false,false,1.451564558,250,0
complex_455,none,false,false,50.039244324,250,30000
complex_456,none,false,false,52.975232284,250,30000
complex_457,none,false,false,1.541294093,250,0
complex_458,none,false,false,1.439705432,250,0
complex_459,none,false,false,58.707774915,250,30000
complex_460,none,false,false,0.623155751,250,0
complex_461,none,false,false,0.579574683,250,0
complex_462,none,false,false,1.34878615,250,0
complex_463,none,false,false,63.34395672,250,30000
complex_464,none,false,false,60.017469642,250,30000
complex_465,none,false,false,55.863464805,250,30000
complex_466,none,false,false,0.137639907,250,0
complex_467,none,false,false,0.841293118,250,0
complex_468,none,false,false,65.251595268,250,30000
complex_469,none,false,false,0.459595314,250,0
complex_470,none,false,false,63.955119355,250,30000
complex_471,none,false,false,57.70815866,250,30000
complex_472,none,false,false,62.144867597,250,30000
complex_473,none,false,false,63.183712772,250,30000
complex_474,none,false,false,1.07510364,250,0
complex_475,none,false,false,1.351828518,250,0
complex_476,none,false,false,1.701238484,250,0
complex_477,none,false,false,0.954379459,250,0
complex_478,none,false,false,0.984994218,250,0
complex_479,none,false,false,0.515649981,250,0
complex_480,none,false,false,69.271966028,250,30000
complex_481,none,false,false,70.866025842,250,30000
complex_482,none,false,false,1.476278991,250,0
complex_483,none,false,false,1.677216572,250,0
complex_484,none,false,false,1.523952779,250,0
complex_485,none,false,false,1.435524837,250,0
complex_486,none,false,false,1.422350724,250,0
complex_487,none,false,false,0.813164215,250,0
complex_488,none,false,false,1.387049109,250,0
complex_489,none,false,false,58.695247498,250,30000
complex_490,none,false,false,54.294571526,250,30000
complex_491,none,false,false,1.879436663,250,0
complex_492,none,false,false,1.975044413,250,0
complex_493,none,false,false,61.61235616,250,30000
complex_494,none,false,false,2.432899698,250,0
complex_495,none,false,true,3.916752458,250,606
complex_496,none,false,false,53.939046882,250,30000
complex_497,none,false,false,0.409598058,250,0
complex_498,none,false,true,6.011604823,250,2568
complex_499,none,false,false,71.058764397,250,30000
complex_500,none,false,false,66.497381961,250,30000
complex_501,none,false,false,50.665662695,250,30000
complex_1,tanimoto,false,false,1.624794314,250,0
complex_2,tanimoto,false,false,1.255275062,250,0
complex_3,tanimoto,false,false,0.359343602,250,0
complex_4,tanimoto,false,false,1.099978676,250,0
complex_5,tanimoto,false,false,1.22656935,250,0
complex_6,tanimoto,false,true,3.439530548,250,2177
complex_7,tanimoto,false,false,1.457343684,250,0
complex_8,tanimoto,false,false,1.493251909,250,0
complex_9,tanimoto,false,false,0.367957706,250,0
complex_10,tanimoto,false,true,1.403597713,250,950
complex_11,tanimoto,false,false,0.947482562,250,0
complex_12,tanimoto,false,false,1.340848044,250,0
complex_13,tanimoto,false,false,0.717763744,250,0
complex_14,tanimoto,false,false,55.626541838,250,30000
complex_15,tanimoto,false,false,0.616375343,250,0
complex_16,tanimoto,false,false,0.717829037,250,0
complex_17,tanimoto,false,false,1.51074941,250,0
complex_18,tanimoto,false,false,65.243632923,250,30000
complex_19,tanimoto,false,false,1.697142918,250,0
complex_20,tanimoto,false,false,0.432288134,250,0
complex_21,tanimoto,false,false,0.789287609,250,0
complex_22,tanimoto,false,false,0.766509104,250,0
complex_23,tanimoto,false,false,0.404327541,250,0
complex_24,tanimoto,false,true,1.294485801,250,950
complex_25,tanimoto,false,false,56.395360266,250,30000
complex_26,tanimoto,false,false,3.420212669,250,0
complex_27,tanimoto,false,false,56.53838414,250,30000
complex_28,tanimoto,false,false,60.906988486,250,30000
complex_29,tanimoto,false,false,63.323608255,250,30000
complex_30,tanimoto,false,true,3.440071803,250,2177
complex_31,tanimoto,false,false,2.590031079,250,0
complex_32,tanimoto,false,false,78.721502443,250,30000
complex_33,tanimoto,false,true,2.073157616,250,981
complex_34,tanimoto,false,false,51.961401611,250,30000
complex_35,tanimoto,false,true,3.408544828,250,2145
complex_36,tanimoto,false,true,0.729305809,250,603
complex_37,tanimoto,false,false,1.27709725,250,0
complex_38,tanimoto,false,true,3.411198514,250,2177
complex_39,tanimoto,false,false,0.489184417,250,0
complex_40,tanimoto,false,true,1.028293491,250,365
complex_41,tanimoto,false,false,0.927155347,250,0
complex_42,tanimoto,false,false,0.46396796,250,0
complex_43,tanimoto,false,true,1.389512138,250,950
complex_44,tanimoto,false,true,1.336356523,250,939
complex_45,tanimoto,false,false,0.381985029,250,0
complex_46,tanimoto,false,false,0.892084796,250,0
complex_47,tanimoto,false,false,1.306614143,250,0
complex_48,tanimoto,false,false,1.414287529,250,0
complex_49,tanimoto,false,true,1.346840598,250,939
complex_50,tanimoto,false,true,3.41549641,250,2145
complex_51,tanimoto,false,false,1.313028189,250,0
complex_52,tanimoto,false,false,0.459720383,250,0
complex_53,tanimoto,false,false,0.913669236,250,0
complex_54,tanimoto,false,false,1.476017095,250,0
complex_55,tanimoto,false,false,1.332361473,250,0
complex_56,tanimoto,false,false,0.479730668,250,0
complex_57,tanimoto,false,false,0.465288636,250,0
complex_58,tanimoto,false,false,0.923124713,250,0
complex_59,tanimoto,false,false,0.965306219,250,0
complex_60,tanimoto,false,true,4.472085025,250,5133
complex_61,tanimoto,false,true,6.874399188,250,5385
complex_62,tanimoto,false,false,65.260472469,250,30000
complex_63,tanimoto,false,false,59.991476488,250,30000
complex_64,tanimoto,false,false,60.770411797,250,30000
complex_65,tanimoto,false,false,69.328197243,250,30000
complex_66,tanimoto,false,false,60.509817562,250,30000
complex_67,tanimoto,false,false,61.187577949,250,30000
complex_68,tanimoto,false,false,63.163298854,250,30000
complex_69,tanimoto,false,false,3.626543705,250,0
complex_70,tanimoto,false,false,59.846815463,250,30000
complex_71,tanimoto,false,false,71.910881513,250,30000
complex_72,tanimoto,false,false,58.83924364,250,30000
complex_73,tanimoto,false,false,61.387410952,250,30000
complex_74,tanimoto,false,false,62.931461503,250,30000
complex_75,tanimoto,false,false,59.594707062,250,30000
complex_76,tanimoto,false,false,1.386925176,250,0
complex_77,tanimoto,false,false,59.863947895,250,30000
complex_78,tanimoto,false,false,61.780578417,250,30000
complex_79,tanimoto,false,false,60.284224462,250,30000
complex_80,tanimoto,false,false,1.343055021,250,0
complex_81,tanimoto,false,false,65.885788147,250,30000
complex_82,tanimoto,false,false,49.815436021,250,30000
complex_83,tanimoto,false,false,47.228802697,250,30000
complex_84,tanimoto,false,false,1.360483997,250,0
complex_85,tanimoto,false,true,2.055452264,250,981
complex_86,tanimoto,false,false,1.309088305,250,0
complex_87,tanimoto,false,false,73.964804883,250,30000
complex_88,tanimoto,false,false,64.135722415,250,30000
complex_89,tanimoto,false,false,0.631722385,250,0
complex_90,tanimoto,false,false,1.387659921,250,0
complex_91,tanimoto,false,false,2.20976332,250,0
complex_92,tanimoto,false,false,61.145466559,250,30000
complex_93,tanimoto,false,false,49.627013494,250,30000
complex_94,tanimoto,false,false,74.03425572,250,30000
complex_95,tanimoto,false,true,1.364523405,250,1989
complex_96,tanimoto,false,false,64.443688953,250,30000
complex_97,tanimoto,false,false,55.446474038,250,30000
complex_98,tanimoto,false,true,1.286259669,250,927
complex_99,tanimoto,false,true,1.337502423,250,939
complex_100,tanimoto,false,true,1.452699304,250,950
complex_101,tanimoto,false,false,1.802521735,250,0
complex_102,tanimoto,false,false,3.41349579,250,0
complex_103,tanimoto,false,true,3.386216073,250,2145
complex_104,tanimoto,false,false,1.054613631,250,0
complex_105,tanimoto,false,true,1.372361632,250,939
complex_106,tanimoto,false,false,1.018515478,250,0
complex_107,tanimoto,false,false,51.862289055,250,30000
complex_108,tanimoto,false,false,3.647462112,250,0
complex_109,tanimoto,false,false,52.835942121,250,30000
complex_110,tanimoto,false,false,2.345517652,250,0
complex_111,tanimoto,false,false,1.640742103,250,0
complex_112,tanimoto,false,false,1.412920243,250,0
complex_113,tanimoto,false,false,1.638590527,250,0
complex_114,tanimoto,false,false,1.388800597,250,0
complex_115,tanimoto,false,false,1.476150078,250,0
complex_116,tanimoto,false,true,0.875982644,250,623
complex_117,tanimoto,false,false,1.484424037,250,0
complex_118,tanimoto,false,true,1.265834558,250,927
complex_119,tanimoto,false,false,1.515301683,250,0
complex_120,tanimoto,false,false,1.414548005,250,0
complex_121,tanimoto,false,false,55.070952828,250,30000
complex_122,tanimoto,false,false,0.869010567,250,0
complex_123,tanimoto,false,false,1.396014533,250,0
complex_124,tanimoto,false,true,0.884377303,250,621
complex_125,tanimoto,false,false,0.550257527,250,0
complex_126,tanimoto,false,false,0.54765569,250,0
complex_127,tanimoto,false,false,1.187155699,250,0
complex_128,tanimoto,false,false,52.543166586,250,30000
complex_129,tanimoto,false,false,64.159235132,250,30000
complex_130,tanimoto,false,false,63.624757667,250,30000
complex_131,tanimoto,false,false,3.093617281,250,0
complex_132,tanimoto,false,true,1.332899359,250,914
complex_133,tanimoto,false,false,0.730698981,250,0
complex_134,tanimoto,false,false,1.346775222,250,0
complex_135,tanimoto,false,false,1.534695597,250,0
complex_136,tanimoto,false,false,3.132651205,250,0
complex_137,tanimoto,false,false,3.710208674,250,0
complex_138,tanimoto,false,false,1.835953041,250,0
complex_139,tanimoto,false,false,56.995812242,250,30000
complex_140,tanimoto,false,false,50.834164993,250,30000
complex_141,tanimoto,false,false,1.565378782,250,0
complex_142,tanimoto,false,false,0.402520951,250,0
complex_143,tanimoto,false,false,1.597652812,250,0
complex_144,tanimoto,false,false,1.605164087,250,0
complex_145,tanimoto,false,false,1.405678373,250,0
complex_146,tanimoto,false,false,1.469523098,250,0
complex_147,tanimoto,false,false,54.573841975,250,30000
complex_148,tanimoto,false,false,1.177356652,250,0
complex_149,tanimoto,false,false,1.980518423,250,0
complex_150,tanimoto,false,false,3.080411497,250,0
complex_151,tanimoto,false,false,1.327056926,250,0
complex_152,tanimoto,false,false,3.556701013,250,0
complex_153,tanimoto,false,false,1.8891712,250,0
complex_154,tanimoto,false,false,1.251852371,250,0
complex_155,tanimoto,false,false,1.244041313,250,0
complex_156,tanimoto,false,false,3.668893773,250,0
complex_157,tanimoto,false,false,3.90754485,250,0
complex_158,tanimoto,false,false,1.493189004,250,0
complex_159,tanimoto,false,false,50.805034792,250,30000
complex_160,tanimoto,false,false,3.569111772,250,0
complex_161,tanimoto,false,false,76.833050578,250,30000
complex_162,tanimoto,false,false,1.380772593,250,0
complex_164,tanimoto,false,false,0.506048297,250,0
complex_165,tanimoto,false,false,2.193125252,250,0
complex_166,tanimoto,false,false,1.728193815,250,0
complex_167,tanimoto,false,true,0.872352036,250,621
complex_168,tanimoto,false,false,1.824695574,250,0
complex_169,tanimoto,false,false,5.584673111,250,0
complex_170,tanimoto,false,false,2.117608407,250,0
complex_171,tanimoto,false,false,4.818446007,250,0
complex_172,tanimoto,false,false,1.300644884,250,0
complex_173,tanimoto,false,false,0.46385768,250,0
complex_174,tanimoto,false,false,2.244974804,250,0
complex_175,tanimoto,false,false,1.125023194,250,0
complex_176,tanimoto,false,false,0.749576112,250,0
complex_177,tanimoto,false,false,0.593513719,250,0
complex_178,tanimoto,false,false,0.499718435,250,0
complex_179,tanimoto,false,false,1.051442496,250,0
complex_180,tanimoto,false,true,1.902204627,250,2054
complex_181,tanimoto,false,true,6.331117936,250,5139
complex_182,tanimoto,false,false,1.414142005,250,0
complex_183,tanimoto,false,false,59.783694353,250,30000
complex_184,tanimoto,false,false,0.999124804,250,0
complex_185,tanimoto,false,false,1.603176655,250,0
complex_186,tanimoto,false,true,5.777813657,250,2432
complex_187,tanimoto,false,false,1.210830721,250,0
complex_188,tanimoto,false,false,0.991856553,250,0
complex_189,tanimoto,false,false,1.352233475,250,0
complex_190,tanimoto,false,false,3.845317502,250,0
complex_191,tanimoto,false,false,2.363663633,250,0
complex_192,tanimoto,false,false,1.912943563,250,0
complex_193,tanimoto,false,false,3.909811558,250,0
complex_194,tanimoto,false,true,6.333354638,250,5139
complex_195,tanimoto,false,false,2.693237891,250,0
complex_196,tanimoto,false,false,1.6458076,250,0
complex_197,tanimoto,false,false,1.496614415,250,0
complex_198,tanimoto,false,true,4.560178071,250,2145
complex_199,tanimoto,false,false,1.683218085,250,0
complex_200,tanimoto,false,false,4.697577841,250,0
complex_201,tanimoto,false,false,51.191551789,250,30000
complex_202,tanimoto,false,false,4.49640723,250,0
complex_203,tanimoto,false,false,3.108574377,250,0
complex_204,tanimoto,false,false,1.397066916,250,0
complex_205,tanimoto,false,false,0.461778487,250,0
complex_206,tanimoto,false,false,0.594210742,250,0
complex_207,tanimoto,false,false,0.834710049,250,0
complex_208,tanimoto,false,false,0.887541508,250,0
complex_209,tanimoto,false,false,1.663206042,250,0
complex_210,tanimoto,false,false,0.713960884,250,0
complex_211,tanimoto,false,false,1.3154632,250,0
complex_212,tanimoto,false,false,3.587410473,250,0
complex_213,tanimoto,false,false,2.245183206,250,0
complex_214,tanimoto,false,false,3.785391918,250,0
complex_215,tanimoto,false,false,1.710810836,250,0
complex_216,tanimoto,false,false,48.50502397,250,30000
complex_217,tanimoto,false,false,1.704792865,250,0
complex_218,tanimoto,false,false,0.740399525,250,0
complex_219,tanimoto,false,false,0.845843437,250,0
complex_220,tanimoto,false,false,1.056330631,250,0
complex_221,tanimoto,false,false,1.387940287,250,0
complex_222,tanimoto,false,false,0.56402943,250,0
complex_223,tanimoto,false,false,1.849858034,250,0
complex_224,tanimoto,false,false,1.738854724,250,0
complex_225,tanimoto,false,false,3.779707554,250,0
complex_226,tanimoto,false,false,1.476616471,250,0
complex_227,tanimoto,false,true,0.805181169,250,593
complex_228,tanimoto,false,false,0.432823939,250,0
complex_229,tanimoto,false,false,1.531440307,250,0
complex_230,tanimoto,false,false,0.41151632,250,0
complex_231,tanimoto,false,false,0.448594918,250,0
complex_232,tanimoto,false,false,0.443378497,250,0
complex_233,tanimoto,false,false,1.403000409,250,0
complex_234,tanimoto,false,false,1.481676065,250,0
complex_235,tanimoto,false,false,0.420004844,250,0
complex_236,tanimoto,false,false,2.243972133,250,0
complex_237,tanimoto,false,false,0.550578946,250,0
complex_238,tanimoto,false,false,68.94235805,250,30000
complex_239,tanimoto,false,false,0.862406752,250,0
complex_240,tanimoto,false,false,1.387874497,250,0
complex_241,tanimoto,false,false,1.42536282,250,0
complex_242,tanimoto,false,true,4.23146262,250,670
complex_243,tanimoto,false,false,0.971957241,250,0
complex_244,tanimoto,false,false,1.252270193,250,0
complex_245,tanimoto,false,false,0.471171732,250,0
complex_246,tanimoto,false,false,0.494081601,250,0
complex_247,tanimoto,false,false,3.715072119,250,0
complex_248,tanimoto,false,false,0.780957353,250,0
complex_249,tanimoto,false,false,0.563406846,250,0
complex_250,tanimoto,false,false,1.529999097,250,0
complex_251,tanimoto,false,false,0.612090586,250,0
complex_252,tanimoto,false,false,56.535890068,250,30000
complex_253,tanimoto,false,false,0.409277093,250,0
complex_254,tanimoto,false,false,1.420981634,250,0
complex_255,tanimoto,false,false,52.715637232,250,30000
complex_256,tanimoto,false,true,1.496895849,250,2042
complex_257,tanimoto,false,false,1.017797958,250,0
complex_258,tanimoto,false,true,0.82500569,250,621
complex_259,tanimoto,false,false,2.163103784,250,0
complex_260,tanimoto,false,false,1.543244877,250,0
complex_261,tanimoto,false,false,52.769726622,250,30000
complex_262,tanimoto,false,false,1.40151852,250,0
complex_263,tanimoto,false,false,3.651246653,250,0
complex_264,tanimoto,false,false,1.05781727,250,0
complex_265,tanimoto,false,false,1.450427553,250,0
complex_266,tanimoto,false,false,0.381881002,250,0
complex_267,tanimoto,false,true,0.894031989,250,623
complex_268,tanimoto,false,false,1.994265587,250,0
complex_269,tanimoto,false,false,0.483482468,250,0
complex_270,tanimoto,false,true,7.247535222,250,5658
complex_271,tanimoto,false,false,0.370178693,250,0
complex_272,tanimoto,false,false,0.531905968,250,0
complex_273,tanimoto,false,false,0.164611497,250,0
complex_274,tanimoto,false,false,0.122387141,250,0
complex_275,tanimoto,false,false,66.916510784,250,30000
complex_276,tanimoto,false,false,57.35743384,250,30000
complex_277,tanimoto,false,false,59.042784473,250,30000
complex_278,tanimoto,false,false,64.867597493,250,30000
complex_279,tanimoto,false,false,58.332840427,250,30000
complex_280,tanimoto,false,false,64.373874503,250,30000
complex_281,tanimoto,false,false,1.475521732,250,0
complex_282,tanimoto,false,false,64.268649607,250,30000
complex_283,tanimoto,false,false,70.225748288,250,30000
complex_284,tanimoto,false,false,0.350426289,250,0
complex_285,tanimoto,false,false,62.734807101,250,30000
complex_286,tanimoto,false,false,68.501415974,250,30000
complex_287,tanimoto,false,false,1.397901105,250,0
complex_288,tanimoto,false,false,68.307636978,250,30000
complex_289,tanimoto,false,false,59.039402014,250,30000
complex_290,tanimoto,false,false,57.973381918,250,30000
complex_291,tanimoto,false,false,65.678525291,250,30000
complex_292,tanimoto,false,false,55.619843089,250,30000
complex_293,tanimoto,false,false,57.728777841,250,30000
complex_294,tanimoto,false,false,57.003867406,250,30000
complex_295,tanimoto,false,false,64.282297346,250,30000
complex_296,tanimoto,false,false,0.473321849,250,0
complex_297,tanimoto,false,false,0.381969697,250,0
complex_298,tanimoto,false,false,58.920910711,250,30000
complex_299,tanimoto,false,false,63.520395873,250,30000
complex_300,tanimoto,false,false,59.846538123,250,30000
complex_301,tanimoto,false,false,58.401509153,250,30000
complex_302,tanimoto,false,false,62.77500992,250,30000
complex_303,tanimoto,false,false,1.526411355,250,0
complex_304,tanimoto,false,false,64.023368076,250,30000
complex_305,tanimoto,false,false,59.160104354,250,30000
complex_306,tanimoto,false,false,62.77538989,250,30000
complex_307,tanimoto,false,false,54.387535272,250,30000
complex_308,tanimoto,false,false,62.494627957,250,30000
complex_309,tanimoto,false,false,51.916619267,250,30000
complex_310,tanimoto,false,false,0.488208852,250,0
complex_311,tanimoto,false,false,0.362743379,250,0
complex_312,tanimoto,false,false,68.587763182,250,30000
complex_313,tanimoto,false,false,65.771760139,250,30000
complex_314,tanimoto,false,false,56.950663134,250,30000
complex_315,tanimoto,false,false,62.255214863,250,30000
complex_316,tanimoto,false,false,59.565656247,250,30000
complex_317,tanimoto,false,false,50.750764588,250,30000
complex_318,tanimoto,false,false,55.131021825,250,30000
complex_319,tanimoto,false,false,63.539389518,250,30000
complex_320,tanimoto,false,false,52.843890063,250,30000
complex_321,tanimoto,false,false,58.688114696,250,30000
complex_322,tanimoto,false,false,58.1861776,250,30000
complex_323,tanimoto,false,false,52.073937508,250,30000
complex_324,tanimoto,false,false,51.76919544,250,30000
complex_325,tanimoto,false,false,51.142598509,250,30000
complex_326,tanimoto,false,false,50.870091499,250,30000
complex_327,tanimoto,false,false,57.025891758,250,30000
complex_328,tanimoto,false,false,62.320096958,250,30000
complex_329,tanimoto,false,false,58.532481992,250,30000
complex_330,tanimoto,false,false,55.924635022,250,30000
complex_331,tanimoto,false,false,61.915874669,250,30000
complex_332,tanimoto,false,false,1.538317482,250,0
complex_333,tanimoto,false,false,0.587740029,250,0
complex_334,tanimoto,false,false,64.226788739,250,30000
complex_335,tanimoto,false,false,51.862495813,250,30000
complex_336,tanimoto,false,false,66.836154602,250,30000
complex_337,tanimoto,false,false,50.337796026,250,30000
complex_338,tanimoto,false,false,49.33662615,250,30000
complex_339,tanimoto,false,false,71.314938619,250,30000
complex_340,tanimoto,false,false,65.138933577,250,30000
complex_341,tanimoto,false,false,57.619503501,250,30000
complex_342,tanimoto,false,false,49.395090764,250,30000
complex_343,tanimoto,false,false,0.431953735,250,0
complex_344,tanimoto,false,false,0.514244056,250,0
complex_345,tanimoto,false,false,1.234886721,250,0
complex_346,tanimoto,false,false,49.44695186,250,30000
complex_347,tanimoto,false,false,66.968259446,250,30000
complex_348,tanimoto,false,false,54.038686734,250,30000
complex_349,tanimoto,false,false,61.862547216,250,30000
complex_350,tanimoto,false,false,62.04421603,250,30000
complex_351,tanimoto,false,false,66.14735191,250,30000
complex_352,tanimoto,false,false,0.948070441,250,0
complex_353,tanimoto,false,false,1.229367033,250,0
complex_354,tanimoto,false,false,1.293879918,250,0
complex_355,tanimoto,false,false,1.326629879,250,0
complex_356,tanimoto,false,false,0.149702771,250,0
complex_357,tanimoto,false,false,0.344023081,250,0
complex_358,tanimoto,false,false,0.47193125,250,0
complex_359,tanimoto,false,false,49.136759964,250,30000
complex_360,tanimoto,false,false,56.869586789,250,30000
complex_361,tanimoto,false,false,1.8690678,250,0
complex_362,tanimoto,false,false,1.580213848,250,0
complex_363,tanimoto,false,false,1.445247154,250,0
complex_364,tanimoto,false,false,0.527050051,250,0
complex_365,tanimoto,false,false,0.728055669,250,0
complex_366,tanimoto,false,false,1.250387193,250,0
complex_367,tanimoto,false,false,54.772327703,250,30000
complex_368,tanimoto,false,false,0.967425927,250,0
complex_369,tanimoto,false,false,63.523486797,250,30000
complex_370,tanimoto,false,false,59.675788722,250,30000
complex_371,tanimoto,false,false,58.811120451,250,30000
complex_372,tanimoto,false,false,1.464122476,250,0
complex_373,tanimoto,false,false,53.596517782,250,30000
complex_374,tanimoto,false,false,54.471389364,250,30000
complex_375,tanimoto,false,false,53.9476821,250,30000
complex_376,tanimoto,false,false,1.408483518,250,0
complex_377,tanimoto,false,false,2.036660075,250,0
complex_378,tanimoto,false,false,53.255487352,250,30000
complex_379,tanimoto,false,false,1.347795338,250,0
complex_380,tanimoto,false,false,66.112565596,250,30000
complex_381,tanimoto,false,false,0.52884367,250,0
complex_382,tanimoto,false,false,0.447253719,250,0
complex_383,tanimoto,false,false,1.458316274,250,0
complex_384,tanimoto,false,false,64.019634488,250,30000
complex_385,tanimoto,false,false,58.533020445,250,30000
complex_386,tanimoto,false,false,60.10758218,250,30000
complex_387,tanimoto,false,false,0.986458089,250,0
complex_388,tanimoto,false,false,53.457676747,250,30000
complex_389,tanimoto,false,false,54.948776608,250,30000
complex_390,tanimoto,false,false,55.817106203,250,30000
complex_391,tanimoto,false,false,57.409905032,250,30000
complex_392,tanimoto,false,false,61.72661339,250,30000
complex_393,tanimoto,false,false,1.326770994,250,0
complex_394,tanimoto,false,false,1.306440679,250,0
complex_395,tanimoto,false,false,0.5387263,250,0
complex_396,tanimoto,false,false,57.935505069,250,30000
complex_397,tanimoto,false,false,1.480552689,250,0
complex_398,tanimoto,false,false,63.485574087,250,30000
complex_399,tanimoto,false,false,1.423054806,250,0
complex_400,tanimoto,false,false,1.34930966,250,0
complex_401,tanimoto,false,false,1.199160519,250,0
complex_402,tanimoto,false,false,1.284864977,250,0
complex_403,tanimoto,false,false,1.265533545,250,0
complex_404,tanimoto,false,false,2.122845424,250,0
complex_405,tanimoto,false,false,1.302846939,250,0
complex_406,tanimoto,false,false,1.364664289,250,0
complex_407,tanimoto,false,false,62.062929771,250,30000
complex_408,tanimoto,false,false,0.366679831,250,0
complex_409,tanimoto,false,false,0.98580994,250,0
complex_410,tanimoto,false,false,50.673109976,250,30000
complex_411,tanimoto,false,false,61.636851922,250,30000
complex_412,tanimoto,false,false,0.972545789,250,0
complex_413,tanimoto,false,false,71.464384906,250,30000
complex_414,tanimoto,false,false,63.928369085,250,30000
complex_415,tanimoto,false,false,66.120294584,250,30000
complex_416,tanimoto,false,false,67.8649905,250,30000
complex_417,tanimoto,false,false,66.528415984,250,30000
complex_418,tanimoto,false,false,53.558391586,250,30000
complex_419,tanimoto,false,false,60.215774055,250,30000
complex_420,tanimoto,false,false,54.777859026,250,30000
complex_421,tanimoto,false,false,55.909791056,250,30000
complex_422,tanimoto,false,false,54.7005929,250,30000
complex_423,tanimoto,false,false,58.512751889,250,30000
complex_424,tanimoto,false,false,60.741947168,250,30000
complex_425,tanimoto,false,false,65.625084161,250,30000
complex_426,tanimoto,false,false,57.72051231,250,30000
complex_427,tanimoto,false,false,67.063816332,250,30000
complex_428,tanimoto,false,false,0.462338842,250,0
complex_429,tanimoto,false,false,1.510560864,250,0
complex_430,tanimoto,false,false,0.541838531,250,0
complex_431,tanimoto,false,false,52.595745772,250,30000
complex_432,tanimoto,false,false,57.593016477,250,30000
complex_433,tanimoto,false,false,57.392521334,250,30000
complex_434,tanimoto,false,false,51.998736191,250,30000
complex_435,tanimoto,false,false,55.18898921,250,30000
complex_436,tanimoto,false,false,49.974498944,250,30000
complex_437,tanimoto,false,false,62.114101555,250,30000
complex_438,tanimoto,false,false,58.735315113,250,30000
complex_439,tanimoto,false,false,0.959385505,250,0
complex_440,tanimoto,false,false,60.008898388,250,30000
complex_441,tanimoto,false,false,0.555633724,250,0
complex_442,tanimoto,false,false,1.316849245,250,0
complex_443,tanimoto,false,false,0.616194292,250,0
complex_444,tanimoto,false,false,54.145401624,250,30000
complex_445,tanimoto,false,false,0.534585769,250,0
complex_446,tanimoto,false,false,1.078496115,250,0
complex_447,tanimoto,false,false,1.19827763,250,0
complex_448,tanimoto,false,false,0.422148596,250,0
complex_449,tanimoto,false,false,0.694348673,250,0
complex_450,tanimoto,false,false,0.667458653,250,0
complex_451,tanimoto,false,false,57.656802959,250,30000
complex_452,tanimoto,false,false,0.465480858,250,0
complex_453,tanimoto,false,false,0.580398157,250,0
complex_454,tanimoto,false,false,1.451564558,250,0
complex_455,tanimoto,false,false,52.226105234,250,30000
complex_456,tanimoto,false,false,52.304451995,250,30000
complex_457,tanimoto,false,false,1.541294093,250,0
complex_458,tanimoto,false,false,1.439705432,250,0
complex_459,tanimoto,false,false,60.512903347,250,30000
complex_460,tanimoto,false,false,0.623155751,250,0
complex_461,tanimoto,false,false,0.579574683,250,0
complex_462,tanimoto,false,false,1.34878615,250,0
complex_463,tanimoto,false,false,61.217147335,250,30000
complex_464,tanimoto,false,false,56.298404844,250,30000
complex_465,tanimoto,false,false,50.812689864,250,30000
complex_466,tanimoto,false,false,0.137639907,250,0
complex_467,tanimoto,false,false,0.841293118,250,0
complex_468,tanimoto,false,false,66.344031502,250,30000
complex_469,tanimoto,false,false,0.459595314,250,0
complex_470,tanimoto,false,false,62.78330378,250,30000
complex_471,tanimoto,false,false,56.555479926,250,30000
complex_472,tanimoto,false,false,62.51823226,250,30000
complex_473,tanimoto,false,false,64.760342215,250,30000
complex_474,tanimoto,false,false,1.07510364,250,0
complex_475,tanimoto,false,false,1.351828518,250,0
complex_476,tanimoto,false,false,1.701238484,250,0
complex_477,tanimoto,false,false,0.954379459,250,0
complex_478,tanimoto,false,false,0.984994218,250,0
complex_479,tanimoto,false,false,0.515649981,250,0
complex_480,tanimoto,false,false,67.759468266,250,30000
complex_481,tanimoto,false,false,67.599772877,250,30000
complex_482,tanimoto,false,false,1.476278991,250,0
complex_483,tanimoto,false,false,1.677216572,250,0
complex_484,tanimoto,false,false,1.523952779,250,0
complex_485,tanimoto,false,false,1.435524837,250,0
complex_486,tanimoto,false,false,1.422350724,250,0
complex_487,tanimoto,false,false,0.813164215,250,0
complex_488,tanimoto,false,false,1.387049109,250,0
complex_489,tanimoto,false,false,57.393283606,250,30000
complex_490,tanimoto,false,false,51.216107371,250,30000
complex_491,tanimoto,false,false,1.879436663,250,0
complex_492,tanimoto,false,false,1.975044413,250,0
complex_493,tanimoto,false,false,60.46770695,250,30000
complex_494,tanimoto,false,false,2.432899698,250,0
complex_495,tanimoto,false,true,4.059006363,250,698
complex_496,tanimoto,false,false,52.969229227,250,30000
complex_497,tanimoto,false,false,0.409598058,250,0
complex_498,tanimoto,false,true,8.351804751,250,3780
complex_499,tanimoto,false,false,69.881669931,250,30000
complex_500,tanimoto,false,false,59.94989828,250,30000
complex_501,tanimoto,false,false,49.177613796,250,30000
