
=======================================================
Running Automated SynRXN rbl/mos Tractability Benchmark
=======================================================
Successfully loaded SynRXN rbl/mos dataset with 12781 records.
Scanning the first 512 records for parsability...

Classification Summary (first 512 records):
  ✓ Parsed:   512
  ✗ Failed parsing: 0

Performing JIT warm-up on the first parsed problem...
[Atoms → Molecules] Found 250 molecules.
      [31m✗ Missing goal molecules.[0m
[Problem → Reactions] Found 30000 reactions, 250 molecules.
      [31m✗ Missing goal molecules.[0m
Warm-up complete.


Evaluating synthesis (stages molecules -> reactions only) on the first 500 parsed problems...

    [1m[With fragments][0m
    Running missing molecule synthesis subproblem (Atoms → Molecules)...
      Filtering reaction mos_1 (1/500)...
[Atoms → Molecules] Found 250 molecules.
      [31m✗ Missing goal molecules.[0m
        [31m✗ Missing molecule synthesis subproblem failed in 1.5s[0m
      Filtering reaction mos_2 (2/500)...
[Atoms → Molecules] Found 250 molecules.
      [31m✗ Missing goal molecules.[0m
        [31m✗ Missing molecule synthesis subproblem failed in 0.7s[0m
      Filtering reaction mos_3 (3/500)...
[Atoms → Molecules] Found 250 molecules.
      [31m✗ Missing goal molecules.[0m
        [31m✗ Missing molecule synthesis subproblem failed in 0.9s[0m
      Filtering reaction mos_4 (4/500)...
[Atoms → Molecules] Found 250 molecules.
      [31m✗ Missing goal molecules.[0m
        [31m✗ Missing molecule synthesis subproblem failed in 1.54s[0m
      Filtering reaction mos_5 (5/500)...
[Atoms → Molecules] Found 250 molecules.
      [31m✗ Missing goal molecules.[0m
        [31m✗ Missing molecule synthesis subproblem failed in 0.98s[0m
      Filtering reaction mos_6 (6/500)...
[Atoms → Molecules] Found 250 molecules.
      [31m✗ Missing goal molecules.[0m
        [31m✗ Missing molecule synthesis subproblem failed in 0.53s[0m
      Filtering reaction mos_7 (7/500)...
[Atoms → Molecules] Found 250 molecules.
      [31m✗ Missing goal molecules.[0m
        [31m✗ Missing molecule synthesis subproblem failed in 0.91s[0m
      Filtering reaction mos_8 (8/500)...
[Atoms → Molecules] Found 250 molecules.
      [31m✗ Missing goal molecules.[0m
        [31m✗ Missing molecule synthesis subproblem failed in 1.1s[0m
      Filtering reaction mos_9 (9/500)...
[Atoms → Molecules] Found 250 molecules.
      [31m✗ Missing goal molecules.[0m
        [31m✗ Missing molecule synthesis subproblem failed in 1.56s[0m
      Filtering reaction mos_10 (10/500)...
[Atoms → Molecules] Found 55 molecules.
      [32m✓ All goal molecules found.[0m
        [32m✓ Missing molecule synthesis subproblem passed in 0.22s[0m
      Filtering reaction mos_11 (11/500)...
[Atoms → Molecules] Found 29 molecules.
      [32m✓ All goal molecules found.[0m
        [32m✓ Missing molecule synthesis subproblem passed in 0.15s[0m
      Filtering reaction mos_12 (12/500)...
[Atoms → Molecules] Found 250 molecules.
      [31m✗ Missing goal molecules.[0m
        [31m✗ Missing molecule synthesis subproblem failed in 0.6s[0m
      Filtering reaction mos_13 (13/500)...
[Atoms → Molecules] Found 250 molecules.
      [31m✗ Missing goal molecules.[0m
        [31m✗ Missing molecule synthesis subproblem failed in 0.98s[0m
      Filtering reaction mos_14 (14/500)...
[Atoms → Molecules] Found 35 molecules.
      [32m✓ All goal molecules found.[0m
        [32m✓ Missing molecule synthesis subproblem passed in 0.2s[0m
      Filtering reaction mos_15 (15/500)...
[Atoms → Molecules] Found 90 molecules.
      [32m✓ All goal molecules found.[0m
        [32m✓ Missing molecule synthesis subproblem passed in 0.53s[0m
      Filtering reaction mos_16 (16/500)...
[Atoms → Molecules] Found 18 molecules.
      [32m✓ All goal molecules found.[0m
        [32m✓ Missing molecule synthesis subproblem passed in 0.06s[0m
      Filtering reaction mos_17 (17/500)...
[Atoms → Molecules] Found 250 molecules.
      [31m✗ Missing goal molecules.[0m
        [31m✗ Missing molecule synthesis subproblem failed in 2.07s[0m
      Filtering reaction mos_18 (18/500)...
[Atoms → Molecules] Found 250 molecules.
      [31m✗ Missing goal molecules.[0m
        [31m✗ Missing molecule synthesis subproblem failed in 1.23s[0m
      Filtering reaction mos_19 (19/500)...
[Atoms → Molecules] Found 250 molecules.
      [31m✗ Missing goal molecules.[0m
        [31m✗ Missing molecule synthesis subproblem failed in 2.79s[0m
      Filtering reaction mos_20 (20/500)...
[Atoms → Molecules] Found 250 molecules.
      [31m✗ Missing goal molecules.[0m
        [31m✗ Missing molecule synthesis subproblem failed in 1.48s[0m
      Filtering reaction mos_21 (21/500)...
[Atoms → Molecules] Found 250 molecules.
      [31m✗ Missing goal molecules.[0m
        [31m✗ Missing molecule synthesis subproblem failed in 1.43s[0m
      Filtering reaction mos_22 (22/500)...
[Atoms → Molecules] Found 250 molecules.
      [31m✗ Missing goal molecules.[0m
        [31m✗ Missing molecule synthesis subproblem failed in 1.1s[0m
      Filtering reaction mos_23 (23/500)...
[Atoms → Molecules] Found 250 molecules.
      [31m✗ Missing goal molecules.[0m
        [31m✗ Missing molecule synthesis subproblem failed in 0.98s[0m
      Filtering reaction mos_24 (24/500)...
[Atoms → Molecules] Found 250 molecules.
      [31m✗ Missing goal molecules.[0m
        [31m✗ Missing molecule synthesis subproblem failed in 0.86s[0m
      Filtering reaction mos_25 (25/500)...
[Atoms → Molecules] Found 4 molecules.
      [32m✓ All goal molecules found.[0m
        [32m✓ Missing molecule synthesis subproblem passed in 0.09s[0m
      Filtering reaction mos_26 (26/500)...
[Atoms → Molecules] Found 250 molecules.
      [31m✗ Missing goal molecules.[0m
        [31m✗ Missing molecule synthesis subproblem failed in 0.86s[0m
      Filtering reaction mos_27 (27/500)...
[Atoms → Molecules] Found 250 molecules.
      [31m✗ Missing goal molecules.[0m
        [31m✗ Missing molecule synthesis subproblem failed in 1.4s[0m
      Filtering reaction mos_28 (28/500)...
[Atoms → Molecules] Found 250 molecules.
      [31m✗ Missing goal molecules.[0m
        [31m✗ Missing molecule synthesis subproblem failed in 0.88s[0m
      Filtering reaction mos_29 (29/500)...
[Atoms → Molecules] Found 130 molecules.
      [32m✓ All goal molecules found.[0m
        [32m✓ Missing molecule synthesis subproblem passed in 1.11s[0m
      Filtering reaction mos_30 (30/500)...
[Atoms → Molecules] Found 35 molecules.
      [32m✓ All goal molecules found.[0m
        [32m✓ Missing molecule synthesis subproblem passed in 0.13s[0m
      Filtering reaction mos_31 (31/500)...
[Atoms → Molecules] Found 250 molecules.
      [31m✗ Missing goal molecules.[0m
        [31m✗ Missing molecule synthesis subproblem failed in 1.49s[0m
      Filtering reaction mos_32 (32/500)...
[Atoms → Molecules] Found 250 molecules.
      [31m✗ Missing goal molecules.[0m
        [31m✗ Missing molecule synthesis subproblem failed in 2.14s[0m
      Filtering reaction mos_33 (33/500)...
[Atoms → Molecules] Found 250 molecules.
      [31m✗ Missing goal molecules.[0m
        [31m✗ Missing molecule synthesis subproblem failed in 0.39s[0m
      Filtering reaction mos_34 (34/500)...
[Atoms → Molecules] Found 146 molecules.
      [32m✓ All goal molecules found.[0m
        [32m✓ Missing molecule synthesis subproblem passed in 1.45s[0m
      Filtering reaction mos_35 (35/500)...
[Atoms → Molecules] Found 154 molecules.
      [32m✓ All goal molecules found.[0m
        [32m✓ Missing molecule synthesis subproblem passed in 0.57s[0m
      Filtering reaction mos_36 (36/500)...
[Atoms → Molecules] Found 250 molecules.
      [31m✗ Missing goal molecules.[0m
        [31m✗ Missing molecule synthesis subproblem failed in 0.34s[0m
      Filtering reaction mos_37 (37/500)...
[Atoms → Molecules] Found 11 molecules.
      [32m✓ All goal molecules found.[0m
        [32m✓ Missing molecule synthesis subproblem passed in 0.06s[0m
      Filtering reaction mos_38 (38/500)...
[Atoms → Molecules] Found 250 molecules.
      [31m✗ Missing goal molecules.[0m
        [31m✗ Missing molecule synthesis subproblem failed in 1.27s[0m
      Filtering reaction mos_39 (39/500)...
[Atoms → Molecules] Found 125 molecules.
      [32m✓ All goal molecules found.[0m
        [32m✓ Missing molecule synthesis subproblem passed in 1.42s[0m
      Filtering reaction mos_40 (40/500)...
[Atoms → Molecules] Found 250 molecules.
      [31m✗ Missing goal molecules.[0m
        [31m✗ Missing molecule synthesis subproblem failed in 0.69s[0m
      Filtering reaction mos_41 (41/500)...
[Atoms → Molecules] Found 250 molecules.
      [31m✗ Missing goal molecules.[0m
        [31m✗ Missing molecule synthesis subproblem failed in 0.62s[0m
      Filtering reaction mos_42 (42/500)...
[Atoms → Molecules] Found 98 molecules.
      [32m✓ All goal molecules found.[0m
        [32m✓ Missing molecule synthesis subproblem passed in 0.44s[0m
      Filtering reaction mos_43 (43/500)...
[Atoms → Molecules] Found 250 molecules.
      [31m✗ Missing goal molecules.[0m
        [31m✗ Missing molecule synthesis subproblem failed in 0.8s[0m
      Filtering reaction mos_44 (44/500)...
[Atoms → Molecules] Found 250 molecules.
      [31m✗ Missing goal molecules.[0m
        [31m✗ Missing molecule synthesis subproblem failed in 0.71s[0m
      Filtering reaction mos_45 (45/500)...
[Atoms → Molecules] Found 250 molecules.
      [31m✗ Missing goal molecules.[0m
        [31m✗ Missing molecule synthesis subproblem failed in 0.78s[0m
      Filtering reaction mos_46 (46/500)...
[Atoms → Molecules] Found 18 molecules.
      [32m✓ All goal molecules found.[0m
        [32m✓ Missing molecule synthesis subproblem passed in 0.18s[0m
      Filtering reaction mos_47 (47/500)...
[Atoms → Molecules] Found 250 molecules.
      [31m✗ Missing goal molecules.[0m
        [31m✗ Missing molecule synthesis subproblem failed in 1.13s[0m
      Filtering reaction mos_48 (48/500)...
[Atoms → Molecules] Found 250 molecules.
      [31m✗ Missing goal molecules.[0m
        [31m✗ Missing molecule synthesis subproblem failed in 0.84s[0m
      Filtering reaction mos_49 (49/500)...
[Atoms → Molecules] Found 219 molecules.
      [32m✓ All goal molecules found.[0m
        [32m✓ Missing molecule synthesis subproblem passed in 1.04s[0m
      Filtering reaction mos_50 (50/500)...
[Atoms → Molecules] Found 5 molecules.
      [32m✓ All goal molecules found.[0m
        [32m✓ Missing molecule synthesis subproblem passed in 0.03s[0m
      Filtering reaction mos_51 (51/500)...
[Atoms → Molecules] Found 27 molecules.
      [32m✓ All goal molecules found.[0m
        [32m✓ Missing molecule synthesis subproblem passed in 0.08s[0m
      Filtering reaction mos_52 (52/500)...
[Atoms → Molecules] Found 250 molecules.
      [31m✗ Missing goal molecules.[0m
        [31m✗ Missing molecule synthesis subproblem failed in 0.92s[0m
      Filtering reaction mos_53 (53/500)...
[Atoms → Molecules] Found 250 molecules.
      [31m✗ Missing goal molecules.[0m
        [31m✗ Missing molecule synthesis subproblem failed in 1.04s[0m
      Filtering reaction mos_54 (54/500)...
[Atoms → Molecules] Found 250 molecules.
      [31m✗ Missing goal molecules.[0m
        [31m✗ Missing molecule synthesis subproblem failed in 0.58s[0m
      Filtering reaction mos_55 (55/500)...
[Atoms → Molecules] Found 250 molecules.
      [31m✗ Missing goal molecules.[0m
        [31m✗ Missing molecule synthesis subproblem failed in 0.53s[0m
      Filtering reaction mos_56 (56/500)...
[Atoms → Molecules] Found 250 molecules.
      [31m✗ Missing goal molecules.[0m
        [31m✗ Missing molecule synthesis subproblem failed in 1.02s[0m
      Filtering reaction mos_57 (57/500)...
[Atoms → Molecules] Found 250 molecules.
      [31m✗ Missing goal molecules.[0m
        [31m✗ Missing molecule synthesis subproblem failed in 1.11s[0m
      Filtering reaction mos_58 (58/500)...
[Atoms → Molecules] Found 43 molecules.
      [32m✓ All goal molecules found.[0m
        [32m✓ Missing molecule synthesis subproblem passed in 0.18s[0m
      Filtering reaction mos_59 (59/500)...
[Atoms → Molecules] Found 250 molecules.
      [31m✗ Missing goal molecules.[0m
        [31m✗ Missing molecule synthesis subproblem failed in 0.71s[0m
      Filtering reaction mos_60 (60/500)...
[Atoms → Molecules] Found 250 molecules.
      [31m✗ Missing goal molecules.[0m
        [31m✗ Missing molecule synthesis subproblem failed in 0.59s[0m
      Filtering reaction mos_61 (61/500)...
[Atoms → Molecules] Found 8 molecules.
      [32m✓ All goal molecules found.[0m
        [32m✓ Missing molecule synthesis subproblem passed in 0.04s[0m
      Filtering reaction mos_62 (62/500)...
[Atoms → Molecules] Found 250 molecules.
      [31m✗ Missing goal molecules.[0m
        [31m✗ Missing molecule synthesis subproblem failed in 0.77s[0m
      Filtering reaction mos_63 (63/500)...
[Atoms → Molecules] Found 156 molecules.
      [32m✓ All goal molecules found.[0m
        [32m✓ Missing molecule synthesis subproblem passed in 0.64s[0m
      Filtering reaction mos_64 (64/500)...
[Atoms → Molecules] Found 6 molecules.
      [32m✓ All goal molecules found.[0m
        [32m✓ Missing molecule synthesis subproblem passed in 0.19s[0m
      Filtering reaction mos_65 (65/500)...
[Atoms → Molecules] Found 45 molecules.
      [32m✓ All goal molecules found.[0m
        [32m✓ Missing molecule synthesis subproblem passed in 1.11s[0m
      Filtering reaction mos_66 (66/500)...
[Atoms → Molecules] Found 154 molecules.
      [32m✓ All goal molecules found.[0m
        [32m✓ Missing molecule synthesis subproblem passed in 0.65s[0m
      Filtering reaction mos_67 (67/500)...
[Atoms → Molecules] Found 250 molecules.
      [31m✗ Missing goal molecules.[0m
        [31m✗ Missing molecule synthesis subproblem failed in 1.51s[0m
      Filtering reaction mos_68 (68/500)...
[Atoms → Molecules] Found 250 molecules.
      [31m✗ Missing goal molecules.[0m
        [31m✗ Missing molecule synthesis subproblem failed in 0.67s[0m
      Filtering reaction mos_69 (69/500)...
[Atoms → Molecules] Found 11 molecules.
      [32m✓ All goal molecules found.[0m
        [32m✓ Missing molecule synthesis subproblem passed in 0.04s[0m
      Filtering reaction mos_70 (70/500)...
[Atoms → Molecules] Found 93 molecules.
      [32m✓ All goal molecules found.[0m
        [32m✓ Missing molecule synthesis subproblem passed in 0.35s[0m
      Filtering reaction mos_71 (71/500)...
[Atoms → Molecules] Found 250 molecules.
      [31m✗ Missing goal molecules.[0m
        [31m✗ Missing molecule synthesis subproblem failed in 2.7s[0m
      Filtering reaction mos_72 (72/500)...
[Atoms → Molecules] Found 250 molecules.
      [31m✗ Missing goal molecules.[0m
        [31m✗ Missing molecule synthesis subproblem failed in 1.29s[0m
      Filtering reaction mos_73 (73/500)...
[Atoms → Molecules] Found 210 molecules.
      [32m✓ All goal molecules found.[0m
        [32m✓ Missing molecule synthesis subproblem passed in 1.07s[0m
      Filtering reaction mos_74 (74/500)...
[Atoms → Molecules] Found 250 molecules.
      [31m✗ Missing goal molecules.[0m
        [31m✗ Missing molecule synthesis subproblem failed in 1.72s[0m
      Filtering reaction mos_75 (75/500)...
[Atoms → Molecules] Found 250 molecules.
      [31m✗ Missing goal molecules.[0m
        [31m✗ Missing molecule synthesis subproblem failed in 1.22s[0m
      Filtering reaction mos_76 (76/500)...
[Atoms → Molecules] Found 250 molecules.
      [31m✗ Missing goal molecules.[0m
        [31m✗ Missing molecule synthesis subproblem failed in 1.2s[0m
      Filtering reaction mos_77 (77/500)...
[Atoms → Molecules] Found 43 molecules.
      [32m✓ All goal molecules found.[0m
        [32m✓ Missing molecule synthesis subproblem passed in 0.38s[0m
      Filtering reaction mos_78 (78/500)...
[Atoms → Molecules] Found 250 molecules.
      [31m✗ Missing goal molecules.[0m
        [31m✗ Missing molecule synthesis subproblem failed in 0.42s[0m
      Filtering reaction mos_79 (79/500)...
[Atoms → Molecules] Found 15 molecules.
      [32m✓ All goal molecules found.[0m
        [32m✓ Missing molecule synthesis subproblem passed in 0.08s[0m
      Filtering reaction mos_80 (80/500)...
[Atoms → Molecules] Found 250 molecules.
      [31m✗ Missing goal molecules.[0m
        [31m✗ Missing molecule synthesis subproblem failed in 3.03s[0m
      Filtering reaction mos_81 (81/500)...
[Atoms → Molecules] Found 6 molecules.
      [32m✓ All goal molecules found.[0m
        [32m✓ Missing molecule synthesis subproblem passed in 0.04s[0m
      Filtering reaction mos_82 (82/500)...
[Atoms → Molecules] Found 91 molecules.
      [32m✓ All goal molecules found.[0m
        [32m✓ Missing molecule synthesis subproblem passed in 0.44s[0m
      Filtering reaction mos_83 (83/500)...
[Atoms → Molecules] Found 249 molecules.
      [32m✓ All goal molecules found.[0m
        [32m✓ Missing molecule synthesis subproblem passed in 1.13s[0m
      Filtering reaction mos_84 (84/500)...
[Atoms → Molecules] Found 250 molecules.
      [31m✗ Missing goal molecules.[0m
        [31m✗ Missing molecule synthesis subproblem failed in 1.06s[0m
      Filtering reaction mos_85 (85/500)...
[Atoms → Molecules] Found 110 molecules.
      [32m✓ All goal molecules found.[0m
        [32m✓ Missing molecule synthesis subproblem passed in 0.46s[0m
      Filtering reaction mos_86 (86/500)...
[Atoms → Molecules] Found 250 molecules.
      [31m✗ Missing goal molecules.[0m
        [31m✗ Missing molecule synthesis subproblem failed in 0.62s[0m
      Filtering reaction mos_87 (87/500)...
[Atoms → Molecules] Found 250 molecules.
      [31m✗ Missing goal molecules.[0m
        [31m✗ Missing molecule synthesis subproblem failed in 0.8s[0m
      Filtering reaction mos_88 (88/500)...
[Atoms → Molecules] Found 250 molecules.
      [31m✗ Missing goal molecules.[0m
        [31m✗ Missing molecule synthesis subproblem failed in 0.69s[0m
      Filtering reaction mos_89 (89/500)...
[Atoms → Molecules] Found 250 molecules.
      [31m✗ Missing goal molecules.[0m
        [31m✗ Missing molecule synthesis subproblem failed in 0.57s[0m
      Filtering reaction mos_90 (90/500)...
[Atoms → Molecules] Found 250 molecules.
      [31m✗ Missing goal molecules.[0m
        [31m✗ Missing molecule synthesis subproblem failed in 1.08s[0m
      Filtering reaction mos_91 (91/500)...
[Atoms → Molecules] Found 28 molecules.
      [32m✓ All goal molecules found.[0m
        [32m✓ Missing molecule synthesis subproblem passed in 0.09s[0m
      Filtering reaction mos_92 (92/500)...
[Atoms → Molecules] Found 250 molecules.
      [31m✗ Missing goal molecules.[0m
        [31m✗ Missing molecule synthesis subproblem failed in 0.92s[0m
      Filtering reaction mos_93 (93/500)...
[Atoms → Molecules] Found 250 molecules.
      [31m✗ Missing goal molecules.[0m
        [31m✗ Missing molecule synthesis subproblem failed in 1.49s[0m
      Filtering reaction mos_94 (94/500)...
[Atoms → Molecules] Found 250 molecules.
      [31m✗ Missing goal molecules.[0m
        [31m✗ Missing molecule synthesis subproblem failed in 0.75s[0m
      Filtering reaction mos_95 (95/500)...
[Atoms → Molecules] Found 45 molecules.
      [32m✓ All goal molecules found.[0m
        [32m✓ Missing molecule synthesis subproblem passed in 0.12s[0m
      Filtering reaction mos_96 (96/500)...
[Atoms → Molecules] Found 250 molecules.
      [31m✗ Missing goal molecules.[0m
        [31m✗ Missing molecule synthesis subproblem failed in 1.07s[0m
      Filtering reaction mos_97 (97/500)...
[Atoms → Molecules] Found 250 molecules.
      [31m✗ Missing goal molecules.[0m
        [31m✗ Missing molecule synthesis subproblem failed in 0.67s[0m
      Filtering reaction mos_98 (98/500)...
[Atoms → Molecules] Found 250 molecules.
      [31m✗ Missing goal molecules.[0m
        [31m✗ Missing molecule synthesis subproblem failed in 0.89s[0m
      Filtering reaction mos_99 (99/500)...
[Atoms → Molecules] Found 241 molecules.
      [32m✓ All goal molecules found.[0m
        [32m✓ Missing molecule synthesis subproblem passed in 1.18s[0m
      Filtering reaction mos_100 (100/500)...
[Atoms → Molecules] Found 250 molecules.
      [31m✗ Missing goal molecules.[0m
        [31m✗ Missing molecule synthesis subproblem failed in 0.55s[0m
      Filtering reaction mos_101 (101/500)...
[Atoms → Molecules] Found 15 molecules.
      [32m✓ All goal molecules found.[0m
        [32m✓ Missing molecule synthesis subproblem passed in 0.1s[0m
      Filtering reaction mos_102 (102/500)...
[Atoms → Molecules] Found 250 molecules.
      [31m✗ Missing goal molecules.[0m
        [31m✗ Missing molecule synthesis subproblem failed in 1.64s[0m
      Filtering reaction mos_103 (103/500)...
[Atoms → Molecules] Found 11 molecules.
      [32m✓ All goal molecules found.[0m
        [32m✓ Missing molecule synthesis subproblem passed in 0.13s[0m
      Filtering reaction mos_104 (104/500)...
[Atoms → Molecules] Found 250 molecules.
      [31m✗ Missing goal molecules.[0m
        [31m✗ Missing molecule synthesis subproblem failed in 1.26s[0m
      Filtering reaction mos_105 (105/500)...
[Atoms → Molecules] Found 250 molecules.
      [31m✗ Missing goal molecules.[0m
        [31m✗ Missing molecule synthesis subproblem failed in 0.66s[0m
      Filtering reaction mos_106 (106/500)...
[Atoms → Molecules] Found 119 molecules.
      [32m✓ All goal molecules found.[0m
        [32m✓ Missing molecule synthesis subproblem passed in 0.35s[0m
      Filtering reaction mos_107 (107/500)...
[Atoms → Molecules] Found 1 molecules.
      [32m✓ All goal molecules found.[0m
        [32m✓ Missing molecule synthesis subproblem passed in 0.06s[0m
      Filtering reaction mos_108 (108/500)...
[Atoms → Molecules] Found 250 molecules.
      [31m✗ Missing goal molecules.[0m
        [31m✗ Missing molecule synthesis subproblem failed in 0.72s[0m
      Filtering reaction mos_109 (109/500)...
[Atoms → Molecules] Found 250 molecules.
      [31m✗ Missing goal molecules.[0m
        [31m✗ Missing molecule synthesis subproblem failed in 0.65s[0m
      Filtering reaction mos_110 (110/500)...
[Atoms → Molecules] Found 250 molecules.
      [31m✗ Missing goal molecules.[0m
        [31m✗ Missing molecule synthesis subproblem failed in 0.78s[0m
      Filtering reaction mos_111 (111/500)...
[Atoms → Molecules] Found 250 molecules.
      [31m✗ Missing goal molecules.[0m
        [31m✗ Missing molecule synthesis subproblem failed in 0.75s[0m
      Filtering reaction mos_112 (112/500)...
[Atoms → Molecules] Found 250 molecules.
      [31m✗ Missing goal molecules.[0m
        [31m✗ Missing molecule synthesis subproblem failed in 1.26s[0m
      Filtering reaction mos_113 (113/500)...
[Atoms → Molecules] Found 109 molecules.
      [32m✓ All goal molecules found.[0m
        [32m✓ Missing molecule synthesis subproblem passed in 0.38s[0m
      Filtering reaction mos_114 (114/500)...
[Atoms → Molecules] Found 4 molecules.
      [32m✓ All goal molecules found.[0m
        [32m✓ Missing molecule synthesis subproblem passed in 0.05s[0m
      Filtering reaction mos_115 (115/500)...
[Atoms → Molecules] Found 31 molecules.
      [32m✓ All goal molecules found.[0m
        [32m✓ Missing molecule synthesis subproblem passed in 0.18s[0m
      Filtering reaction mos_116 (116/500)...
[Atoms → Molecules] Found 250 molecules.
      [31m✗ Missing goal molecules.[0m
        [31m✗ Missing molecule synthesis subproblem failed in 1.3s[0m
      Filtering reaction mos_117 (117/500)...
[Atoms → Molecules] Found 14 molecules.
      [32m✓ All goal molecules found.[0m
        [32m✓ Missing molecule synthesis subproblem passed in 0.06s[0m
      Filtering reaction mos_118 (118/500)...
[Atoms → Molecules] Found 250 molecules.
      [31m✗ Missing goal molecules.[0m
        [31m✗ Missing molecule synthesis subproblem failed in 0.62s[0m
      Filtering reaction mos_119 (119/500)...
[Atoms → Molecules] Found 250 molecules.
      [31m✗ Missing goal molecules.[0m
        [31m✗ Missing molecule synthesis subproblem failed in 1.07s[0m
      Filtering reaction mos_120 (120/500)...
[Atoms → Molecules] Found 250 molecules.
      [31m✗ Missing goal molecules.[0m
        [31m✗ Missing molecule synthesis subproblem failed in 1.27s[0m
      Filtering reaction mos_121 (121/500)...
[Atoms → Molecules] Found 250 molecules.
      [31m✗ Missing goal molecules.[0m
        [31m✗ Missing molecule synthesis subproblem failed in 1.19s[0m
      Filtering reaction mos_122 (122/500)...
[Atoms → Molecules] Found 250 molecules.
      [31m✗ Missing goal molecules.[0m
        [31m✗ Missing molecule synthesis subproblem failed in 2.27s[0m
      Filtering reaction mos_123 (123/500)...
[Atoms → Molecules] Found 250 molecules.
      [31m✗ Missing goal molecules.[0m
        [31m✗ Missing molecule synthesis subproblem failed in 0.94s[0m
      Filtering reaction mos_124 (124/500)...
[Atoms → Molecules] Found 250 molecules.
      [31m✗ Missing goal molecules.[0m
        [31m✗ Missing molecule synthesis subproblem failed in 0.76s[0m
      Filtering reaction mos_125 (125/500)...
[Atoms → Molecules] Found 116 molecules.
      [32m✓ All goal molecules found.[0m
        [32m✓ Missing molecule synthesis subproblem passed in 0.79s[0m
      Filtering reaction mos_126 (126/500)...
[Atoms → Molecules] Found 250 molecules.
      [31m✗ Missing goal molecules.[0m
        [31m✗ Missing molecule synthesis subproblem failed in 0.73s[0m
      Filtering reaction mos_127 (127/500)...
[Atoms → Molecules] Found 250 molecules.
      [31m✗ Missing goal molecules.[0m
        [31m✗ Missing molecule synthesis subproblem failed in 1.06s[0m
      Filtering reaction mos_128 (128/500)...
[Atoms → Molecules] Found 250 molecules.
      [31m✗ Missing goal molecules.[0m
        [31m✗ Missing molecule synthesis subproblem failed in 0.64s[0m
      Filtering reaction mos_129 (129/500)...
[Atoms → Molecules] Found 250 molecules.
      [31m✗ Missing goal molecules.[0m
        [31m✗ Missing molecule synthesis subproblem failed in 0.9s[0m
      Filtering reaction mos_130 (130/500)...
[Atoms → Molecules] Found 250 molecules.
      [31m✗ Missing goal molecules.[0m
        [31m✗ Missing molecule synthesis subproblem failed in 0.55s[0m
      Filtering reaction mos_131 (131/500)...
[Atoms → Molecules] Found 250 molecules.
      [31m✗ Missing goal molecules.[0m
        [31m✗ Missing molecule synthesis subproblem failed in 0.99s[0m
      Filtering reaction mos_132 (132/500)...
[Atoms → Molecules] Found 4 molecules.
      [32m✓ All goal molecules found.[0m
        [32m✓ Missing molecule synthesis subproblem passed in 0.03s[0m
      Filtering reaction mos_133 (133/500)...
[Atoms → Molecules] Found 6 molecules.
      [32m✓ All goal molecules found.[0m
        [32m✓ Missing molecule synthesis subproblem passed in 0.09s[0m
      Filtering reaction mos_134 (134/500)...
[Atoms → Molecules] Found 4 molecules.
      [32m✓ All goal molecules found.[0m
        [32m✓ Missing molecule synthesis subproblem passed in 0.03s[0m
      Filtering reaction mos_135 (135/500)...
[Atoms → Molecules] Found 250 molecules.
      [31m✗ Missing goal molecules.[0m
        [31m✗ Missing molecule synthesis subproblem failed in 0.69s[0m
      Filtering reaction mos_136 (136/500)...
[Atoms → Molecules] Found 250 molecules.
      [31m✗ Missing goal molecules.[0m
        [31m✗ Missing molecule synthesis subproblem failed in 0.78s[0m
      Filtering reaction mos_137 (137/500)...
[Atoms → Molecules] Found 87 molecules.
      [32m✓ All goal molecules found.[0m
        [32m✓ Missing molecule synthesis subproblem passed in 0.64s[0m
      Filtering reaction mos_138 (138/500)...
[Atoms → Molecules] Found 45 molecules.
      [32m✓ All goal molecules found.[0m
        [32m✓ Missing molecule synthesis subproblem passed in 0.23s[0m
      Filtering reaction mos_139 (139/500)...
[Atoms → Molecules] Found 250 molecules.
      [31m✗ Missing goal molecules.[0m
        [31m✗ Missing molecule synthesis subproblem failed in 1.11s[0m
      Filtering reaction mos_140 (140/500)...
[Atoms → Molecules] Found 190 molecules.
      [32m✓ All goal molecules found.[0m
        [32m✓ Missing molecule synthesis subproblem passed in 1.12s[0m
      Filtering reaction mos_141 (141/500)...
[Atoms → Molecules] Found 250 molecules.
      [31m✗ Missing goal molecules.[0m
        [31m✗ Missing molecule synthesis subproblem failed in 0.67s[0m
      Filtering reaction mos_142 (142/500)...
[Atoms → Molecules] Found 250 molecules.
      [31m✗ Missing goal molecules.[0m
        [31m✗ Missing molecule synthesis subproblem failed in 0.82s[0m
      Filtering reaction mos_143 (143/500)...
[Atoms → Molecules] Found 250 molecules.
      [31m✗ Missing goal molecules.[0m
        [31m✗ Missing molecule synthesis subproblem failed in 1.0s[0m
      Filtering reaction mos_144 (144/500)...
[Atoms → Molecules] Found 250 molecules.
      [31m✗ Missing goal molecules.[0m
        [31m✗ Missing molecule synthesis subproblem failed in 0.97s[0m
      Filtering reaction mos_145 (145/500)...
[Atoms → Molecules] Found 3 molecules.
      [32m✓ All goal molecules found.[0m
        [32m✓ Missing molecule synthesis subproblem passed in 0.02s[0m
      Filtering reaction mos_146 (146/500)...
[Atoms → Molecules] Found 250 molecules.
      [31m✗ Missing goal molecules.[0m
        [31m✗ Missing molecule synthesis subproblem failed in 1.07s[0m
      Filtering reaction mos_147 (147/500)...
[Atoms → Molecules] Found 250 molecules.
      [31m✗ Missing goal molecules.[0m
        [31m✗ Missing molecule synthesis subproblem failed in 0.42s[0m
      Filtering reaction mos_148 (148/500)...
[Atoms → Molecules] Found 250 molecules.
      [31m✗ Missing goal molecules.[0m
        [31m✗ Missing molecule synthesis subproblem failed in 1.17s[0m
      Filtering reaction mos_149 (149/500)...
[Atoms → Molecules] Found 250 molecules.
      [31m✗ Missing goal molecules.[0m
        [31m✗ Missing molecule synthesis subproblem failed in 1.14s[0m
      Filtering reaction mos_150 (150/500)...
[Atoms → Molecules] Found 35 molecules.
      [32m✓ All goal molecules found.[0m
        [32m✓ Missing molecule synthesis subproblem passed in 0.13s[0m
      Filtering reaction mos_151 (151/500)...
[Atoms → Molecules] Found 250 molecules.
      [31m✗ Missing goal molecules.[0m
        [31m✗ Missing molecule synthesis subproblem failed in 0.87s[0m
      Filtering reaction mos_152 (152/500)...
[Atoms → Molecules] Found 250 molecules.
      [31m✗ Missing goal molecules.[0m
        [31m✗ Missing molecule synthesis subproblem failed in 1.03s[0m
      Filtering reaction mos_153 (153/500)...
[Atoms → Molecules] Found 250 molecules.
      [31m✗ Missing goal molecules.[0m
        [31m✗ Missing molecule synthesis subproblem failed in 1.29s[0m
      Filtering reaction mos_154 (154/500)...
[Atoms → Molecules] Found 250 molecules.
      [31m✗ Missing goal molecules.[0m
        [31m✗ Missing molecule synthesis subproblem failed in 1.13s[0m
      Filtering reaction mos_155 (155/500)...
[Atoms → Molecules] Found 250 molecules.
      [31m✗ Missing goal molecules.[0m
        [31m✗ Missing molecule synthesis subproblem failed in 1.23s[0m
      Filtering reaction mos_156 (156/500)...
[Atoms → Molecules] Found 250 molecules.
      [31m✗ Missing goal molecules.[0m
        [31m✗ Missing molecule synthesis subproblem failed in 1.12s[0m
      Filtering reaction mos_157 (157/500)...
[Atoms → Molecules] Found 250 molecules.
      [31m✗ Missing goal molecules.[0m
        [31m✗ Missing molecule synthesis subproblem failed in 3.02s[0m
      Filtering reaction mos_158 (158/500)...
[Atoms → Molecules] Found 250 molecules.
      [31m✗ Missing goal molecules.[0m
        [31m✗ Missing molecule synthesis subproblem failed in 0.83s[0m
      Filtering reaction mos_159 (159/500)...
[Atoms → Molecules] Found 250 molecules.
      [31m✗ Missing goal molecules.[0m
        [31m✗ Missing molecule synthesis subproblem failed in 0.73s[0m
      Filtering reaction mos_160 (160/500)...
[Atoms → Molecules] Found 250 molecules.
      [31m✗ Missing goal molecules.[0m
        [31m✗ Missing molecule synthesis subproblem failed in 1.93s[0m
      Filtering reaction mos_161 (161/500)...
[Atoms → Molecules] Found 250 molecules.
      [31m✗ Missing goal molecules.[0m
        [31m✗ Missing molecule synthesis subproblem failed in 0.7s[0m
      Filtering reaction mos_162 (162/500)...
[Atoms → Molecules] Found 250 molecules.
      [31m✗ Missing goal molecules.[0m
        [31m✗ Missing molecule synthesis subproblem failed in 1.42s[0m
      Filtering reaction mos_163 (163/500)...
[Atoms → Molecules] Found 250 molecules.
      [31m✗ Missing goal molecules.[0m
        [31m✗ Missing molecule synthesis subproblem failed in 0.75s[0m
      Filtering reaction mos_164 (164/500)...
[Atoms → Molecules] Found 250 molecules.
      [31m✗ Missing goal molecules.[0m
        [31m✗ Missing molecule synthesis subproblem failed in 2.12s[0m
      Filtering reaction mos_165 (165/500)...
[Atoms → Molecules] Found 250 molecules.
      [31m✗ Missing goal molecules.[0m
        [31m✗ Missing molecule synthesis subproblem failed in 1.96s[0m
      Filtering reaction mos_166 (166/500)...
[Atoms → Molecules] Found 250 molecules.
      [31m✗ Missing goal molecules.[0m
        [31m✗ Missing molecule synthesis subproblem failed in 0.43s[0m
      Filtering reaction mos_167 (167/500)...
[Atoms → Molecules] Found 250 molecules.
      [31m✗ Missing goal molecules.[0m
        [31m✗ Missing molecule synthesis subproblem failed in 0.91s[0m
      Filtering reaction mos_168 (168/500)...
[Atoms → Molecules] Found 250 molecules.
      [31m✗ Missing goal molecules.[0m
        [31m✗ Missing molecule synthesis subproblem failed in 0.93s[0m
      Filtering reaction mos_169 (169/500)...
[Atoms → Molecules] Found 250 molecules.
      [31m✗ Missing goal molecules.[0m
        [31m✗ Missing molecule synthesis subproblem failed in 1.59s[0m
      Filtering reaction mos_170 (170/500)...
[Atoms → Molecules] Found 118 molecules.
      [32m✓ All goal molecules found.[0m
        [32m✓ Missing molecule synthesis subproblem passed in 0.57s[0m
      Filtering reaction mos_171 (171/500)...
[Atoms → Molecules] Found 9 molecules.
      [32m✓ All goal molecules found.[0m
        [32m✓ Missing molecule synthesis subproblem passed in 0.05s[0m
      Filtering reaction mos_172 (172/500)...
[Atoms → Molecules] Found 245 molecules.
      [32m✓ All goal molecules found.[0m
        [32m✓ Missing molecule synthesis subproblem passed in 3.44s[0m
      Filtering reaction mos_173 (173/500)...
[Atoms → Molecules] Found 27 molecules.
      [32m✓ All goal molecules found.[0m
        [32m✓ Missing molecule synthesis subproblem passed in 0.08s[0m
      Filtering reaction mos_174 (174/500)...
[Atoms → Molecules] Found 3 molecules.
      [32m✓ All goal molecules found.[0m
        [32m✓ Missing molecule synthesis subproblem passed in 0.03s[0m
      Filtering reaction mos_175 (175/500)...
[Atoms → Molecules] Found 250 molecules.
      [31m✗ Missing goal molecules.[0m
        [31m✗ Missing molecule synthesis subproblem failed in 1.18s[0m
      Filtering reaction mos_176 (176/500)...
[Atoms → Molecules] Found 250 molecules.
      [31m✗ Missing goal molecules.[0m
        [31m✗ Missing molecule synthesis subproblem failed in 1.01s[0m
      Filtering reaction mos_177 (177/500)...
[Atoms → Molecules] Found 8 molecules.
      [32m✓ All goal molecules found.[0m
        [32m✓ Missing molecule synthesis subproblem passed in 0.04s[0m
      Filtering reaction mos_178 (178/500)...
[Atoms → Molecules] Found 250 molecules.
      [31m✗ Missing goal molecules.[0m
        [31m✗ Missing molecule synthesis subproblem failed in 1.83s[0m
      Filtering reaction mos_179 (179/500)...
[Atoms → Molecules] Found 2 molecules.
      [32m✓ All goal molecules found.[0m
        [32m✓ Missing molecule synthesis subproblem passed in 0.07s[0m
      Filtering reaction mos_180 (180/500)...
[Atoms → Molecules] Found 250 molecules.
      [31m✗ Missing goal molecules.[0m
        [31m✗ Missing molecule synthesis subproblem failed in 0.75s[0m
      Filtering reaction mos_181 (181/500)...
[Atoms → Molecules] Found 250 molecules.
      [31m✗ Missing goal molecules.[0m
        [31m✗ Missing molecule synthesis subproblem failed in 1.03s[0m
      Filtering reaction mos_182 (182/500)...
[Atoms → Molecules] Found 250 molecules.
      [31m✗ Missing goal molecules.[0m
        [31m✗ Missing molecule synthesis subproblem failed in 0.89s[0m
      Filtering reaction mos_183 (183/500)...
[Atoms → Molecules] Found 250 molecules.
      [31m✗ Missing goal molecules.[0m
        [31m✗ Missing molecule synthesis subproblem failed in 0.47s[0m
      Filtering reaction mos_184 (184/500)...
[Atoms → Molecules] Found 250 molecules.
      [31m✗ Missing goal molecules.[0m
        [31m✗ Missing molecule synthesis subproblem failed in 1.0s[0m
      Filtering reaction mos_185 (185/500)...
[Atoms → Molecules] Found 250 molecules.
      [31m✗ Missing goal molecules.[0m
        [31m✗ Missing molecule synthesis subproblem failed in 1.0s[0m
      Filtering reaction mos_186 (186/500)...
[Atoms → Molecules] Found 250 molecules.
      [31m✗ Missing goal molecules.[0m
        [31m✗ Missing molecule synthesis subproblem failed in 1.17s[0m
      Filtering reaction mos_187 (187/500)...
[Atoms → Molecules] Found 119 molecules.
      [32m✓ All goal molecules found.[0m
        [32m✓ Missing molecule synthesis subproblem passed in 0.49s[0m
      Filtering reaction mos_188 (188/500)...
[Atoms → Molecules] Found 250 molecules.
      [31m✗ Missing goal molecules.[0m
        [31m✗ Missing molecule synthesis subproblem failed in 0.99s[0m
      Filtering reaction mos_189 (189/500)...
[Atoms → Molecules] Found 250 molecules.
      [31m✗ Missing goal molecules.[0m
        [31m✗ Missing molecule synthesis subproblem failed in 0.8s[0m
      Filtering reaction mos_190 (190/500)...
[Atoms → Molecules] Found 145 molecules.
      [32m✓ All goal molecules found.[0m
        [32m✓ Missing molecule synthesis subproblem passed in 0.58s[0m
      Filtering reaction mos_191 (191/500)...
[Atoms → Molecules] Found 250 molecules.
      [31m✗ Missing goal molecules.[0m
        [31m✗ Missing molecule synthesis subproblem failed in 0.71s[0m
      Filtering reaction mos_192 (192/500)...
[Atoms → Molecules] Found 250 molecules.
      [31m✗ Missing goal molecules.[0m
        [31m✗ Missing molecule synthesis subproblem failed in 0.85s[0m
      Filtering reaction mos_193 (193/500)...
[Atoms → Molecules] Found 250 molecules.
      [31m✗ Missing goal molecules.[0m
        [31m✗ Missing molecule synthesis subproblem failed in 1.27s[0m
      Filtering reaction mos_194 (194/500)...
[Atoms → Molecules] Found 13 molecules.
      [32m✓ All goal molecules found.[0m
        [32m✓ Missing molecule synthesis subproblem passed in 0.1s[0m
      Filtering reaction mos_195 (195/500)...
[Atoms → Molecules] Found 41 molecules.
      [32m✓ All goal molecules found.[0m
        [32m✓ Missing molecule synthesis subproblem passed in 0.15s[0m
      Filtering reaction mos_196 (196/500)...
[Atoms → Molecules] Found 20 molecules.
      [32m✓ All goal molecules found.[0m
        [32m✓ Missing molecule synthesis subproblem passed in 0.1s[0m
      Filtering reaction mos_197 (197/500)...
[Atoms → Molecules] Found 94 molecules.
      [32m✓ All goal molecules found.[0m
        [32m✓ Missing molecule synthesis subproblem passed in 0.21s[0m
      Filtering reaction mos_198 (198/500)...
[Atoms → Molecules] Found 12 molecules.
      [32m✓ All goal molecules found.[0m
        [32m✓ Missing molecule synthesis subproblem passed in 0.04s[0m
      Filtering reaction mos_199 (199/500)...
[Atoms → Molecules] Found 35 molecules.
      [32m✓ All goal molecules found.[0m
        [32m✓ Missing molecule synthesis subproblem passed in 0.23s[0m
      Filtering reaction mos_200 (200/500)...
[Atoms → Molecules] Found 125 molecules.
      [32m✓ All goal molecules found.[0m
        [32m✓ Missing molecule synthesis subproblem passed in 0.48s[0m
      Filtering reaction mos_201 (201/500)...
[Atoms → Molecules] Found 250 molecules.
      [31m✗ Missing goal molecules.[0m
        [31m✗ Missing molecule synthesis subproblem failed in 0.9s[0m
      Filtering reaction mos_202 (202/500)...
[Atoms → Molecules] Found 250 molecules.
      [31m✗ Missing goal molecules.[0m
        [31m✗ Missing molecule synthesis subproblem failed in 1.25s[0m
      Filtering reaction mos_203 (203/500)...
[Atoms → Molecules] Found 250 molecules.
      [31m✗ Missing goal molecules.[0m
        [31m✗ Missing molecule synthesis subproblem failed in 0.95s[0m
      Filtering reaction mos_204 (204/500)...
[Atoms → Molecules] Found 250 molecules.
      [31m✗ Missing goal molecules.[0m
        [31m✗ Missing molecule synthesis subproblem failed in 1.46s[0m
      Filtering reaction mos_205 (205/500)...
[Atoms → Molecules] Found 23 molecules.
      [32m✓ All goal molecules found.[0m
        [32m✓ Missing molecule synthesis subproblem passed in 0.07s[0m
      Filtering reaction mos_206 (206/500)...
[Atoms → Molecules] Found 20 molecules.
      [32m✓ All goal molecules found.[0m
        [32m✓ Missing molecule synthesis subproblem passed in 0.04s[0m
      Filtering reaction mos_207 (207/500)...
[Atoms → Molecules] Found 250 molecules.
      [31m✗ Missing goal molecules.[0m
        [31m✗ Missing molecule synthesis subproblem failed in 1.24s[0m
      Filtering reaction mos_208 (208/500)...
[Atoms → Molecules] Found 12 molecules.
      [32m✓ All goal molecules found.[0m
        [32m✓ Missing molecule synthesis subproblem passed in 0.1s[0m
      Filtering reaction mos_209 (209/500)...
[Atoms → Molecules] Found 250 molecules.
      [31m✗ Missing goal molecules.[0m
        [31m✗ Missing molecule synthesis subproblem failed in 0.75s[0m
      Filtering reaction mos_210 (210/500)...
[Atoms → Molecules] Found 16 molecules.
      [32m✓ All goal molecules found.[0m
        [32m✓ Missing molecule synthesis subproblem passed in 0.1s[0m
      Filtering reaction mos_211 (211/500)...
[Atoms → Molecules] Found 113 molecules.
      [32m✓ All goal molecules found.[0m
        [32m✓ Missing molecule synthesis subproblem passed in 0.38s[0m
      Filtering reaction mos_212 (212/500)...
[Atoms → Molecules] Found 250 molecules.
      [31m✗ Missing goal molecules.[0m
        [31m✗ Missing molecule synthesis subproblem failed in 0.77s[0m
      Filtering reaction mos_213 (213/500)...
[Atoms → Molecules] Found 250 molecules.
      [31m✗ Missing goal molecules.[0m
        [31m✗ Missing molecule synthesis subproblem failed in 0.88s[0m
      Filtering reaction mos_214 (214/500)...
[Atoms → Molecules] Found 194 molecules.
      [32m✓ All goal molecules found.[0m
        [32m✓ Missing molecule synthesis subproblem passed in 0.38s[0m
      Filtering reaction mos_215 (215/500)...
[Atoms → Molecules] Found 41 molecules.
      [32m✓ All goal molecules found.[0m
        [32m✓ Missing molecule synthesis subproblem passed in 0.19s[0m
      Filtering reaction mos_216 (216/500)...
[Atoms → Molecules] Found 93 molecules.
      [32m✓ All goal molecules found.[0m
        [32m✓ Missing molecule synthesis subproblem passed in 0.39s[0m
      Filtering reaction mos_217 (217/500)...
[Atoms → Molecules] Found 250 molecules.
      [31m✗ Missing goal molecules.[0m
        [31m✗ Missing molecule synthesis subproblem failed in 0.66s[0m
      Filtering reaction mos_218 (218/500)...
[Atoms → Molecules] Found 158 molecules.
      [32m✓ All goal molecules found.[0m
        [32m✓ Missing molecule synthesis subproblem passed in 0.53s[0m
      Filtering reaction mos_219 (219/500)...
[Atoms → Molecules] Found 250 molecules.
      [31m✗ Missing goal molecules.[0m
        [31m✗ Missing molecule synthesis subproblem failed in 1.04s[0m
      Filtering reaction mos_220 (220/500)...
[Atoms → Molecules] Found 250 molecules.
      [31m✗ Missing goal molecules.[0m
        [31m✗ Missing molecule synthesis subproblem failed in 1.25s[0m
      Filtering reaction mos_221 (221/500)...
[Atoms → Molecules] Found 250 molecules.
      [31m✗ Missing goal molecules.[0m
        [31m✗ Missing molecule synthesis subproblem failed in 1.27s[0m
      Filtering reaction mos_222 (222/500)...
[Atoms → Molecules] Found 32 molecules.
      [32m✓ All goal molecules found.[0m
        [32m✓ Missing molecule synthesis subproblem passed in 0.16s[0m
      Filtering reaction mos_223 (223/500)...
[Atoms → Molecules] Found 198 molecules.
      [32m✓ All goal molecules found.[0m
        [32m✓ Missing molecule synthesis subproblem passed in 1.3s[0m
      Filtering reaction mos_224 (224/500)...
[Atoms → Molecules] Found 250 molecules.
      [31m✗ Missing goal molecules.[0m
        [31m✗ Missing molecule synthesis subproblem failed in 1.49s[0m
      Filtering reaction mos_225 (225/500)...
[Atoms → Molecules] Found 250 molecules.
      [31m✗ Missing goal molecules.[0m
        [31m✗ Missing molecule synthesis subproblem failed in 2.08s[0m
      Filtering reaction mos_226 (226/500)...
[Atoms → Molecules] Found 250 molecules.
      [31m✗ Missing goal molecules.[0m
        [31m✗ Missing molecule synthesis subproblem failed in 0.74s[0m
      Filtering reaction mos_227 (227/500)...
[Atoms → Molecules] Found 250 molecules.
      [31m✗ Missing goal molecules.[0m
        [31m✗ Missing molecule synthesis subproblem failed in 0.84s[0m
      Filtering reaction mos_228 (228/500)...
[Atoms → Molecules] Found 250 molecules.
      [31m✗ Missing goal molecules.[0m
        [31m✗ Missing molecule synthesis subproblem failed in 0.71s[0m
      Filtering reaction mos_229 (229/500)...
[Atoms → Molecules] Found 250 molecules.
      [31m✗ Missing goal molecules.[0m
        [31m✗ Missing molecule synthesis subproblem failed in 1.36s[0m
      Filtering reaction mos_230 (230/500)...
[Atoms → Molecules] Found 250 molecules.
      [31m✗ Missing goal molecules.[0m
        [31m✗ Missing molecule synthesis subproblem failed in 1.14s[0m
      Filtering reaction mos_231 (231/500)...
[Atoms → Molecules] Found 250 molecules.
      [31m✗ Missing goal molecules.[0m
        [31m✗ Missing molecule synthesis subproblem failed in 4.88s[0m
      Filtering reaction mos_232 (232/500)...
[Atoms → Molecules] Found 20 molecules.
      [32m✓ All goal molecules found.[0m
        [32m✓ Missing molecule synthesis subproblem passed in 0.1s[0m
      Filtering reaction mos_233 (233/500)...
[Atoms → Molecules] Found 250 molecules.
      [31m✗ Missing goal molecules.[0m
        [31m✗ Missing molecule synthesis subproblem failed in 1.25s[0m
      Filtering reaction mos_234 (234/500)...
[Atoms → Molecules] Found 59 molecules.
      [32m✓ All goal molecules found.[0m
        [32m✓ Missing molecule synthesis subproblem passed in 0.24s[0m
      Filtering reaction mos_235 (235/500)...
[Atoms → Molecules] Found 250 molecules.
      [31m✗ Missing goal molecules.[0m
        [31m✗ Missing molecule synthesis subproblem failed in 0.81s[0m
      Filtering reaction mos_236 (236/500)...
[Atoms → Molecules] Found 250 molecules.
      [31m✗ Missing goal molecules.[0m
        [31m✗ Missing molecule synthesis subproblem failed in 0.93s[0m
      Filtering reaction mos_237 (237/500)...
[Atoms → Molecules] Found 250 molecules.
      [31m✗ Missing goal molecules.[0m
        [31m✗ Missing molecule synthesis subproblem failed in 1.0s[0m
      Filtering reaction mos_238 (238/500)...
[Atoms → Molecules] Found 241 molecules.
      [32m✓ All goal molecules found.[0m
        [32m✓ Missing molecule synthesis subproblem passed in 1.29s[0m
      Filtering reaction mos_239 (239/500)...
[Atoms → Molecules] Found 250 molecules.
      [31m✗ Missing goal molecules.[0m
        [31m✗ Missing molecule synthesis subproblem failed in 1.01s[0m
      Filtering reaction mos_240 (240/500)...
[Atoms → Molecules] Found 250 molecules.
      [31m✗ Missing goal molecules.[0m
        [31m✗ Missing molecule synthesis subproblem failed in 1.94s[0m
      Filtering reaction mos_241 (241/500)...
[Atoms → Molecules] Found 250 molecules.
      [31m✗ Missing goal molecules.[0m
        [31m✗ Missing molecule synthesis subproblem failed in 0.81s[0m
      Filtering reaction mos_242 (242/500)...
[Atoms → Molecules] Found 14 molecules.
      [32m✓ All goal molecules found.[0m
        [32m✓ Missing molecule synthesis subproblem passed in 0.07s[0m
      Filtering reaction mos_243 (243/500)...
[Atoms → Molecules] Found 250 molecules.
      [31m✗ Missing goal molecules.[0m
        [31m✗ Missing molecule synthesis subproblem failed in 1.25s[0m
      Filtering reaction mos_244 (244/500)...
[Atoms → Molecules] Found 250 molecules.
      [31m✗ Missing goal molecules.[0m
        [31m✗ Missing molecule synthesis subproblem failed in 1.97s[0m
      Filtering reaction mos_245 (245/500)...
[Atoms → Molecules] Found 250 molecules.
      [31m✗ Missing goal molecules.[0m
        [31m✗ Missing molecule synthesis subproblem failed in 0.92s[0m
      Filtering reaction mos_246 (246/500)...
[Atoms → Molecules] Found 250 molecules.
      [31m✗ Missing goal molecules.[0m
        [31m✗ Missing molecule synthesis subproblem failed in 1.03s[0m
      Filtering reaction mos_247 (247/500)...
[Atoms → Molecules] Found 250 molecules.
      [31m✗ Missing goal molecules.[0m
        [31m✗ Missing molecule synthesis subproblem failed in 1.23s[0m
      Filtering reaction mos_248 (248/500)...
[Atoms → Molecules] Found 250 molecules.
      [31m✗ Missing goal molecules.[0m
        [31m✗ Missing molecule synthesis subproblem failed in 1.09s[0m
      Filtering reaction mos_249 (249/500)...
[Atoms → Molecules] Found 250 molecules.
      [31m✗ Missing goal molecules.[0m
        [31m✗ Missing molecule synthesis subproblem failed in 1.01s[0m
      Filtering reaction mos_250 (250/500)...
[Atoms → Molecules] Found 250 molecules.
      [31m✗ Missing goal molecules.[0m
        [31m✗ Missing molecule synthesis subproblem failed in 1.26s[0m
      Filtering reaction mos_251 (251/500)...
[Atoms → Molecules] Found 250 molecules.
      [31m✗ Missing goal molecules.[0m
        [31m✗ Missing molecule synthesis subproblem failed in 6.32s[0m
      Filtering reaction mos_252 (252/500)...
[Atoms → Molecules] Found 250 molecules.
      [31m✗ Missing goal molecules.[0m
        [31m✗ Missing molecule synthesis subproblem failed in 2.85s[0m
      Filtering reaction mos_253 (253/500)...
[Atoms → Molecules] Found 133 molecules.
      [32m✓ All goal molecules found.[0m
        [32m✓ Missing molecule synthesis subproblem passed in 0.54s[0m
      Filtering reaction mos_254 (254/500)...
[Atoms → Molecules] Found 6 molecules.
      [32m✓ All goal molecules found.[0m
        [32m✓ Missing molecule synthesis subproblem passed in 0.03s[0m
      Filtering reaction mos_255 (255/500)...
[Atoms → Molecules] Found 11 molecules.
      [32m✓ All goal molecules found.[0m
        [32m✓ Missing molecule synthesis subproblem passed in 0.05s[0m
      Filtering reaction mos_256 (256/500)...
[Atoms → Molecules] Found 250 molecules.
      [31m✗ Missing goal molecules.[0m
        [31m✗ Missing molecule synthesis subproblem failed in 0.88s[0m
      Filtering reaction mos_257 (257/500)...
[Atoms → Molecules] Found 9 molecules.
      [32m✓ All goal molecules found.[0m
        [32m✓ Missing molecule synthesis subproblem passed in 0.04s[0m
      Filtering reaction mos_258 (258/500)...
[Atoms → Molecules] Found 250 molecules.
      [31m✗ Missing goal molecules.[0m
        [31m✗ Missing molecule synthesis subproblem failed in 2.75s[0m
      Filtering reaction mos_259 (259/500)...
[Atoms → Molecules] Found 250 molecules.
      [31m✗ Missing goal molecules.[0m
        [31m✗ Missing molecule synthesis subproblem failed in 1.66s[0m
      Filtering reaction mos_260 (260/500)...
[Atoms → Molecules] Found 250 molecules.
      [31m✗ Missing goal molecules.[0m
        [31m✗ Missing molecule synthesis subproblem failed in 0.77s[0m
      Filtering reaction mos_261 (261/500)...
[Atoms → Molecules] Found 51 molecules.
      [32m✓ All goal molecules found.[0m
        [32m✓ Missing molecule synthesis subproblem passed in 0.18s[0m
      Filtering reaction mos_262 (262/500)...
[Atoms → Molecules] Found 250 molecules.
      [31m✗ Missing goal molecules.[0m
        [31m✗ Missing molecule synthesis subproblem failed in 1.18s[0m
      Filtering reaction mos_263 (263/500)...
[Atoms → Molecules] Found 250 molecules.
      [31m✗ Missing goal molecules.[0m
        [31m✗ Missing molecule synthesis subproblem failed in 1.86s[0m
      Filtering reaction mos_264 (264/500)...
[Atoms → Molecules] Found 250 molecules.
      [31m✗ Missing goal molecules.[0m
        [31m✗ Missing molecule synthesis subproblem failed in 1.09s[0m
      Filtering reaction mos_265 (265/500)...
[Atoms → Molecules] Found 24 molecules.
      [32m✓ All goal molecules found.[0m
        [32m✓ Missing molecule synthesis subproblem passed in 0.09s[0m
      Filtering reaction mos_266 (266/500)...
[Atoms → Molecules] Found 250 molecules.
      [31m✗ Missing goal molecules.[0m
        [31m✗ Missing molecule synthesis subproblem failed in 1.21s[0m
      Filtering reaction mos_267 (267/500)...
[Atoms → Molecules] Found 250 molecules.
      [31m✗ Missing goal molecules.[0m
        [31m✗ Missing molecule synthesis subproblem failed in 0.91s[0m
      Filtering reaction mos_268 (268/500)...
[Atoms → Molecules] Found 250 molecules.
      [31m✗ Missing goal molecules.[0m
        [31m✗ Missing molecule synthesis subproblem failed in 0.83s[0m
      Filtering reaction mos_269 (269/500)...
[Atoms → Molecules] Found 250 molecules.
      [31m✗ Missing goal molecules.[0m
        [31m✗ Missing molecule synthesis subproblem failed in 0.83s[0m
      Filtering reaction mos_270 (270/500)...
[Atoms → Molecules] Found 19 molecules.
      [32m✓ All goal molecules found.[0m
        [32m✓ Missing molecule synthesis subproblem passed in 0.07s[0m
      Filtering reaction mos_271 (271/500)...
[Atoms → Molecules] Found 250 molecules.
      [31m✗ Missing goal molecules.[0m
        [31m✗ Missing molecule synthesis subproblem failed in 1.09s[0m
      Filtering reaction mos_272 (272/500)...
[Atoms → Molecules] Found 161 molecules.
      [32m✓ All goal molecules found.[0m
        [32m✓ Missing molecule synthesis subproblem passed in 1.04s[0m
      Filtering reaction mos_273 (273/500)...
[Atoms → Molecules] Found 250 molecules.
      [31m✗ Missing goal molecules.[0m
        [31m✗ Missing molecule synthesis subproblem failed in 1.31s[0m
      Filtering reaction mos_274 (274/500)...
[Atoms → Molecules] Found 118 molecules.
      [32m✓ All goal molecules found.[0m
        [32m✓ Missing molecule synthesis subproblem passed in 0.53s[0m
      Filtering reaction mos_275 (275/500)...
[Atoms → Molecules] Found 57 molecules.
      [32m✓ All goal molecules found.[0m
        [32m✓ Missing molecule synthesis subproblem passed in 0.51s[0m
      Filtering reaction mos_276 (276/500)...
[Atoms → Molecules] Found 174 molecules.
      [32m✓ All goal molecules found.[0m
        [32m✓ Missing molecule synthesis subproblem passed in 0.53s[0m
      Filtering reaction mos_277 (277/500)...
[Atoms → Molecules] Found 143 molecules.
      [32m✓ All goal molecules found.[0m
        [32m✓ Missing molecule synthesis subproblem passed in 0.79s[0m
      Filtering reaction mos_278 (278/500)...
[Atoms → Molecules] Found 3 molecules.
      [32m✓ All goal molecules found.[0m
        [32m✓ Missing molecule synthesis subproblem passed in 0.09s[0m
      Filtering reaction mos_279 (279/500)...
[Atoms → Molecules] Found 250 molecules.
      [31m✗ Missing goal molecules.[0m
        [31m✗ Missing molecule synthesis subproblem failed in 1.15s[0m
      Filtering reaction mos_280 (280/500)...
[Atoms → Molecules] Found 250 molecules.
      [31m✗ Missing goal molecules.[0m
        [31m✗ Missing molecule synthesis subproblem failed in 1.09s[0m
      Filtering reaction mos_281 (281/500)...
[Atoms → Molecules] Found 12 molecules.
      [32m✓ All goal molecules found.[0m
        [32m✓ Missing molecule synthesis subproblem passed in 0.03s[0m
      Filtering reaction mos_282 (282/500)...
[Atoms → Molecules] Found 250 molecules.
      [31m✗ Missing goal molecules.[0m
        [31m✗ Missing molecule synthesis subproblem failed in 1.12s[0m
      Filtering reaction mos_283 (283/500)...
[Atoms → Molecules] Found 32 molecules.
      [32m✓ All goal molecules found.[0m
        [32m✓ Missing molecule synthesis subproblem passed in 0.25s[0m
      Filtering reaction mos_284 (284/500)...
[Atoms → Molecules] Found 250 molecules.
      [31m✗ Missing goal molecules.[0m
        [31m✗ Missing molecule synthesis subproblem failed in 2.12s[0m
      Filtering reaction mos_285 (285/500)...
[Atoms → Molecules] Found 19 molecules.
      [32m✓ All goal molecules found.[0m
        [32m✓ Missing molecule synthesis subproblem passed in 0.1s[0m
      Filtering reaction mos_286 (286/500)...
[Atoms → Molecules] Found 250 molecules.
      [31m✗ Missing goal molecules.[0m
        [31m✗ Missing molecule synthesis subproblem failed in 1.18s[0m
      Filtering reaction mos_287 (287/500)...
[Atoms → Molecules] Found 250 molecules.
      [31m✗ Missing goal molecules.[0m
        [31m✗ Missing molecule synthesis subproblem failed in 0.97s[0m
      Filtering reaction mos_288 (288/500)...
[Atoms → Molecules] Found 250 molecules.
      [31m✗ Missing goal molecules.[0m
        [31m✗ Missing molecule synthesis subproblem failed in 0.99s[0m
      Filtering reaction mos_289 (289/500)...
[Atoms → Molecules] Found 114 molecules.
      [32m✓ All goal molecules found.[0m
        [32m✓ Missing molecule synthesis subproblem passed in 0.64s[0m
      Filtering reaction mos_290 (290/500)...
[Atoms → Molecules] Found 250 molecules.
      [31m✗ Missing goal molecules.[0m
        [31m✗ Missing molecule synthesis subproblem failed in 1.14s[0m
      Filtering reaction mos_291 (291/500)...
[Atoms → Molecules] Found 189 molecules.
      [32m✓ All goal molecules found.[0m
        [32m✓ Missing molecule synthesis subproblem passed in 0.41s[0m
      Filtering reaction mos_292 (292/500)...
[Atoms → Molecules] Found 250 molecules.
      [31m✗ Missing goal molecules.[0m
        [31m✗ Missing molecule synthesis subproblem failed in 1.33s[0m
      Filtering reaction mos_293 (293/500)...
[Atoms → Molecules] Found 250 molecules.
      [31m✗ Missing goal molecules.[0m
        [31m✗ Missing molecule synthesis subproblem failed in 2.61s[0m
      Filtering reaction mos_294 (294/500)...
[Atoms → Molecules] Found 49 molecules.
      [32m✓ All goal molecules found.[0m
        [32m✓ Missing molecule synthesis subproblem passed in 0.11s[0m
      Filtering reaction mos_295 (295/500)...
[Atoms → Molecules] Found 250 molecules.
      [31m✗ Missing goal molecules.[0m
        [31m✗ Missing molecule synthesis subproblem failed in 1.05s[0m
      Filtering reaction mos_296 (296/500)...
[Atoms → Molecules] Found 250 molecules.
      [31m✗ Missing goal molecules.[0m
        [31m✗ Missing molecule synthesis subproblem failed in 0.57s[0m
      Filtering reaction mos_297 (297/500)...
[Atoms → Molecules] Found 250 molecules.
      [31m✗ Missing goal molecules.[0m
        [31m✗ Missing molecule synthesis subproblem failed in 1.25s[0m
      Filtering reaction mos_298 (298/500)...
[Atoms → Molecules] Found 250 molecules.
      [31m✗ Missing goal molecules.[0m
        [31m✗ Missing molecule synthesis subproblem failed in 0.53s[0m
      Filtering reaction mos_299 (299/500)...
[Atoms → Molecules] Found 250 molecules.
      [31m✗ Missing goal molecules.[0m
        [31m✗ Missing molecule synthesis subproblem failed in 0.31s[0m
      Filtering reaction mos_300 (300/500)...
[Atoms → Molecules] Found 250 molecules.
      [31m✗ Missing goal molecules.[0m
        [31m✗ Missing molecule synthesis subproblem failed in 1.08s[0m
      Filtering reaction mos_301 (301/500)...
[Atoms → Molecules] Found 250 molecules.
      [31m✗ Missing goal molecules.[0m
        [31m✗ Missing molecule synthesis subproblem failed in 3.45s[0m
      Filtering reaction mos_302 (302/500)...
[Atoms → Molecules] Found 250 molecules.
      [31m✗ Missing goal molecules.[0m
        [31m✗ Missing molecule synthesis subproblem failed in 1.34s[0m
      Filtering reaction mos_303 (303/500)...
[Atoms → Molecules] Found 250 molecules.
      [31m✗ Missing goal molecules.[0m
        [31m✗ Missing molecule synthesis subproblem failed in 0.94s[0m
      Filtering reaction mos_304 (304/500)...
[Atoms → Molecules] Found 250 molecules.
      [31m✗ Missing goal molecules.[0m
        [31m✗ Missing molecule synthesis subproblem failed in 1.4s[0m
      Filtering reaction mos_305 (305/500)...
[Atoms → Molecules] Found 250 molecules.
      [31m✗ Missing goal molecules.[0m
        [31m✗ Missing molecule synthesis subproblem failed in 0.76s[0m
      Filtering reaction mos_306 (306/500)...
[Atoms → Molecules] Found 192 molecules.
      [32m✓ All goal molecules found.[0m
        [32m✓ Missing molecule synthesis subproblem passed in 1.68s[0m
      Filtering reaction mos_307 (307/500)...
[Atoms → Molecules] Found 250 molecules.
      [31m✗ Missing goal molecules.[0m
        [31m✗ Missing molecule synthesis subproblem failed in 2.14s[0m
      Filtering reaction mos_308 (308/500)...
[Atoms → Molecules] Found 250 molecules.
      [31m✗ Missing goal molecules.[0m
        [31m✗ Missing molecule synthesis subproblem failed in 0.95s[0m
      Filtering reaction mos_309 (309/500)...
[Atoms → Molecules] Found 250 molecules.
      [31m✗ Missing goal molecules.[0m
        [31m✗ Missing molecule synthesis subproblem failed in 3.19s[0m
      Filtering reaction mos_310 (310/500)...
[Atoms → Molecules] Found 33 molecules.
      [32m✓ All goal molecules found.[0m
        [32m✓ Missing molecule synthesis subproblem passed in 0.08s[0m
      Filtering reaction mos_311 (311/500)...
[Atoms → Molecules] Found 250 molecules.
      [31m✗ Missing goal molecules.[0m
        [31m✗ Missing molecule synthesis subproblem failed in 1.94s[0m
      Filtering reaction mos_312 (312/500)...
[Atoms → Molecules] Found 221 molecules.
      [32m✓ All goal molecules found.[0m
        [32m✓ Missing molecule synthesis subproblem passed in 1.34s[0m
      Filtering reaction mos_313 (313/500)...
[Atoms → Molecules] Found 250 molecules.
      [31m✗ Missing goal molecules.[0m
        [31m✗ Missing molecule synthesis subproblem failed in 1.82s[0m
      Filtering reaction mos_314 (314/500)...
[Atoms → Molecules] Found 250 molecules.
      [31m✗ Missing goal molecules.[0m
        [31m✗ Missing molecule synthesis subproblem failed in 0.68s[0m
      Filtering reaction mos_315 (315/500)...
[Atoms → Molecules] Found 14 molecules.
      [32m✓ All goal molecules found.[0m
        [32m✓ Missing molecule synthesis subproblem passed in 0.1s[0m
      Filtering reaction mos_316 (316/500)...
[Atoms → Molecules] Found 250 molecules.
      [31m✗ Missing goal molecules.[0m
        [31m✗ Missing molecule synthesis subproblem failed in 1.79s[0m
      Filtering reaction mos_317 (317/500)...
[Atoms → Molecules] Found 250 molecules.
      [31m✗ Missing goal molecules.[0m
        [31m✗ Missing molecule synthesis subproblem failed in 1.13s[0m
      Filtering reaction mos_318 (318/500)...
[Atoms → Molecules] Found 181 molecules.
      [32m✓ All goal molecules found.[0m
        [32m✓ Missing molecule synthesis subproblem passed in 1.03s[0m
      Filtering reaction mos_319 (319/500)...
[Atoms → Molecules] Found 250 molecules.
      [31m✗ Missing goal molecules.[0m
        [31m✗ Missing molecule synthesis subproblem failed in 1.09s[0m
      Filtering reaction mos_320 (320/500)...
[Atoms → Molecules] Found 22 molecules.
      [32m✓ All goal molecules found.[0m
        [32m✓ Missing molecule synthesis subproblem passed in 0.1s[0m
      Filtering reaction mos_321 (321/500)...
[Atoms → Molecules] Found 250 molecules.
      [31m✗ Missing goal molecules.[0m
        [31m✗ Missing molecule synthesis subproblem failed in 1.0s[0m
      Filtering reaction mos_322 (322/500)...
[Atoms → Molecules] Found 250 molecules.
      [31m✗ Missing goal molecules.[0m
        [31m✗ Missing molecule synthesis subproblem failed in 0.62s[0m
      Filtering reaction mos_323 (323/500)...
[Atoms → Molecules] Found 5 molecules.
      [32m✓ All goal molecules found.[0m
        [32m✓ Missing molecule synthesis subproblem passed in 0.08s[0m
      Filtering reaction mos_324 (324/500)...
[Atoms → Molecules] Found 77 molecules.
      [32m✓ All goal molecules found.[0m
        [32m✓ Missing molecule synthesis subproblem passed in 0.22s[0m
      Filtering reaction mos_325 (325/500)...
[Atoms → Molecules] Found 250 molecules.
      [31m✗ Missing goal molecules.[0m
        [31m✗ Missing molecule synthesis subproblem failed in 0.73s[0m
      Filtering reaction mos_326 (326/500)...
[Atoms → Molecules] Found 250 molecules.
      [31m✗ Missing goal molecules.[0m
        [31m✗ Missing molecule synthesis subproblem failed in 1.12s[0m
      Filtering reaction mos_327 (327/500)...
[Atoms → Molecules] Found 250 molecules.
      [31m✗ Missing goal molecules.[0m
        [31m✗ Missing molecule synthesis subproblem failed in 0.81s[0m
      Filtering reaction mos_328 (328/500)...
[Atoms → Molecules] Found 250 molecules.
      [31m✗ Missing goal molecules.[0m
        [31m✗ Missing molecule synthesis subproblem failed in 0.69s[0m
      Filtering reaction mos_329 (329/500)...
[Atoms → Molecules] Found 250 molecules.
      [31m✗ Missing goal molecules.[0m
        [31m✗ Missing molecule synthesis subproblem failed in 0.64s[0m
      Filtering reaction mos_330 (330/500)...
[Atoms → Molecules] Found 250 molecules.
      [31m✗ Missing goal molecules.[0m
        [31m✗ Missing molecule synthesis subproblem failed in 1.58s[0m
      Filtering reaction mos_331 (331/500)...
[Atoms → Molecules] Found 56 molecules.
      [32m✓ All goal molecules found.[0m
        [32m✓ Missing molecule synthesis subproblem passed in 0.33s[0m
      Filtering reaction mos_332 (332/500)...
[Atoms → Molecules] Found 250 molecules.
      [31m✗ Missing goal molecules.[0m
        [31m✗ Missing molecule synthesis subproblem failed in 0.86s[0m
      Filtering reaction mos_333 (333/500)...
[Atoms → Molecules] Found 14 molecules.
      [32m✓ All goal molecules found.[0m
        [32m✓ Missing molecule synthesis subproblem passed in 0.05s[0m
      Filtering reaction mos_334 (334/500)...
[Atoms → Molecules] Found 154 molecules.
      [32m✓ All goal molecules found.[0m
        [32m✓ Missing molecule synthesis subproblem passed in 1.03s[0m
      Filtering reaction mos_335 (335/500)...
[Atoms → Molecules] Found 250 molecules.
      [31m✗ Missing goal molecules.[0m
        [31m✗ Missing molecule synthesis subproblem failed in 1.02s[0m
      Filtering reaction mos_336 (336/500)...
[Atoms → Molecules] Found 250 molecules.
      [31m✗ Missing goal molecules.[0m
        [31m✗ Missing molecule synthesis subproblem failed in 1.67s[0m
      Filtering reaction mos_337 (337/500)...
[Atoms → Molecules] Found 64 molecules.
      [32m✓ All goal molecules found.[0m
        [32m✓ Missing molecule synthesis subproblem passed in 0.49s[0m
      Filtering reaction mos_338 (338/500)...
[Atoms → Molecules] Found 250 molecules.
      [31m✗ Missing goal molecules.[0m
        [31m✗ Missing molecule synthesis subproblem failed in 1.22s[0m
      Filtering reaction mos_339 (339/500)...
[Atoms → Molecules] Found 250 molecules.
      [31m✗ Missing goal molecules.[0m
        [31m✗ Missing molecule synthesis subproblem failed in 2.24s[0m
      Filtering reaction mos_340 (340/500)...
[Atoms → Molecules] Found 250 molecules.
      [31m✗ Missing goal molecules.[0m
        [31m✗ Missing molecule synthesis subproblem failed in 2.47s[0m
      Filtering reaction mos_341 (341/500)...
[Atoms → Molecules] Found 250 molecules.
      [31m✗ Missing goal molecules.[0m
        [31m✗ Missing molecule synthesis subproblem failed in 2.34s[0m
      Filtering reaction mos_342 (342/500)...
[Atoms → Molecules] Found 250 molecules.
      [31m✗ Missing goal molecules.[0m
        [31m✗ Missing molecule synthesis subproblem failed in 0.49s[0m
      Filtering reaction mos_343 (343/500)...
[Atoms → Molecules] Found 176 molecules.
      [32m✓ All goal molecules found.[0m
        [32m✓ Missing molecule synthesis subproblem passed in 0.96s[0m
      Filtering reaction mos_344 (344/500)...
[Atoms → Molecules] Found 34 molecules.
      [32m✓ All goal molecules found.[0m
        [32m✓ Missing molecule synthesis subproblem passed in 0.12s[0m
      Filtering reaction mos_345 (345/500)...
[Atoms → Molecules] Found 250 molecules.
      [31m✗ Missing goal molecules.[0m
        [31m✗ Missing molecule synthesis subproblem failed in 0.79s[0m
      Filtering reaction mos_346 (346/500)...
[Atoms → Molecules] Found 110 molecules.
      [32m✓ All goal molecules found.[0m
        [32m✓ Missing molecule synthesis subproblem passed in 0.61s[0m
      Filtering reaction mos_347 (347/500)...
[Atoms → Molecules] Found 250 molecules.
      [31m✗ Missing goal molecules.[0m
        [31m✗ Missing molecule synthesis subproblem failed in 0.77s[0m
      Filtering reaction mos_348 (348/500)...
[Atoms → Molecules] Found 250 molecules.
      [31m✗ Missing goal molecules.[0m
        [31m✗ Missing molecule synthesis subproblem failed in 0.81s[0m
      Filtering reaction mos_349 (349/500)...
[Atoms → Molecules] Found 250 molecules.
      [31m✗ Missing goal molecules.[0m
        [31m✗ Missing molecule synthesis subproblem failed in 1.04s[0m
      Filtering reaction mos_350 (350/500)...
[Atoms → Molecules] Found 250 molecules.
      [31m✗ Missing goal molecules.[0m
        [31m✗ Missing molecule synthesis subproblem failed in 1.14s[0m
      Filtering reaction mos_351 (351/500)...
[Atoms → Molecules] Found 215 molecules.
      [32m✓ All goal molecules found.[0m
        [32m✓ Missing molecule synthesis subproblem passed in 1.54s[0m
      Filtering reaction mos_352 (352/500)...
[Atoms → Molecules] Found 14 molecules.
      [32m✓ All goal molecules found.[0m
        [32m✓ Missing molecule synthesis subproblem passed in 0.06s[0m
      Filtering reaction mos_353 (353/500)...
[Atoms → Molecules] Found 181 molecules.
      [32m✓ All goal molecules found.[0m
        [32m✓ Missing molecule synthesis subproblem passed in 0.88s[0m
      Filtering reaction mos_354 (354/500)...
[Atoms → Molecules] Found 15 molecules.
      [32m✓ All goal molecules found.[0m
        [32m✓ Missing molecule synthesis subproblem passed in 0.03s[0m
      Filtering reaction mos_355 (355/500)...
[Atoms → Molecules] Found 26 molecules.
      [32m✓ All goal molecules found.[0m
        [32m✓ Missing molecule synthesis subproblem passed in 0.26s[0m
      Filtering reaction mos_356 (356/500)...
[Atoms → Molecules] Found 211 molecules.
      [32m✓ All goal molecules found.[0m
        [32m✓ Missing molecule synthesis subproblem passed in 1.08s[0m
      Filtering reaction mos_357 (357/500)...
[Atoms → Molecules] Found 250 molecules.
      [31m✗ Missing goal molecules.[0m
        [31m✗ Missing molecule synthesis subproblem failed in 1.26s[0m
      Filtering reaction mos_358 (358/500)...
[Atoms → Molecules] Found 37 molecules.
      [32m✓ All goal molecules found.[0m
        [32m✓ Missing molecule synthesis subproblem passed in 0.16s[0m
      Filtering reaction mos_359 (359/500)...
[Atoms → Molecules] Found 250 molecules.
      [31m✗ Missing goal molecules.[0m
        [31m✗ Missing molecule synthesis subproblem failed in 1.31s[0m
      Filtering reaction mos_360 (360/500)...
[Atoms → Molecules] Found 250 molecules.
      [31m✗ Missing goal molecules.[0m
        [31m✗ Missing molecule synthesis subproblem failed in 2.84s[0m
      Filtering reaction mos_361 (361/500)...
[Atoms → Molecules] Found 250 molecules.
      [31m✗ Missing goal molecules.[0m
        [31m✗ Missing molecule synthesis subproblem failed in 2.42s[0m
      Filtering reaction mos_362 (362/500)...
[Atoms → Molecules] Found 250 molecules.
      [31m✗ Missing goal molecules.[0m
        [31m✗ Missing molecule synthesis subproblem failed in 1.2s[0m
      Filtering reaction mos_363 (363/500)...
[Atoms → Molecules] Found 169 molecules.
      [32m✓ All goal molecules found.[0m
        [32m✓ Missing molecule synthesis subproblem passed in 1.05s[0m
      Filtering reaction mos_364 (364/500)...
[Atoms → Molecules] Found 17 molecules.
      [32m✓ All goal molecules found.[0m
        [32m✓ Missing molecule synthesis subproblem passed in 0.06s[0m
      Filtering reaction mos_365 (365/500)...
[Atoms → Molecules] Found 250 molecules.
      [31m✗ Missing goal molecules.[0m
        [31m✗ Missing molecule synthesis subproblem failed in 1.31s[0m
      Filtering reaction mos_366 (366/500)...
[Atoms → Molecules] Found 250 molecules.
      [31m✗ Missing goal molecules.[0m
        [31m✗ Missing molecule synthesis subproblem failed in 0.8s[0m
      Filtering reaction mos_367 (367/500)...
[Atoms → Molecules] Found 14 molecules.
      [32m✓ All goal molecules found.[0m
        [32m✓ Missing molecule synthesis subproblem passed in 0.06s[0m
      Filtering reaction mos_368 (368/500)...
[Atoms → Molecules] Found 250 molecules.
      [31m✗ Missing goal molecules.[0m
        [31m✗ Missing molecule synthesis subproblem failed in 1.18s[0m
      Filtering reaction mos_369 (369/500)...
[Atoms → Molecules] Found 250 molecules.
      [31m✗ Missing goal molecules.[0m
        [31m✗ Missing molecule synthesis subproblem failed in 1.05s[0m
      Filtering reaction mos_370 (370/500)...
[Atoms → Molecules] Found 250 molecules.
      [31m✗ Missing goal molecules.[0m
        [31m✗ Missing molecule synthesis subproblem failed in 0.52s[0m
      Filtering reaction mos_371 (371/500)...
[Atoms → Molecules] Found 250 molecules.
      [31m✗ Missing goal molecules.[0m
        [31m✗ Missing molecule synthesis subproblem failed in 0.52s[0m
      Filtering reaction mos_372 (372/500)...
[Atoms → Molecules] Found 250 molecules.
      [31m✗ Missing goal molecules.[0m
        [31m✗ Missing molecule synthesis subproblem failed in 1.31s[0m
      Filtering reaction mos_373 (373/500)...
[Atoms → Molecules] Found 174 molecules.
      [32m✓ All goal molecules found.[0m
        [32m✓ Missing molecule synthesis subproblem passed in 0.98s[0m
      Filtering reaction mos_374 (374/500)...
[Atoms → Molecules] Found 250 molecules.
      [31m✗ Missing goal molecules.[0m
        [31m✗ Missing molecule synthesis subproblem failed in 1.18s[0m
      Filtering reaction mos_375 (375/500)...
[Atoms → Molecules] Found 250 molecules.
      [31m✗ Missing goal molecules.[0m
        [31m✗ Missing molecule synthesis subproblem failed in 0.7s[0m
      Filtering reaction mos_376 (376/500)...
[Atoms → Molecules] Found 250 molecules.
      [31m✗ Missing goal molecules.[0m
        [31m✗ Missing molecule synthesis subproblem failed in 1.17s[0m
      Filtering reaction mos_377 (377/500)...
[Atoms → Molecules] Found 17 molecules.
      [32m✓ All goal molecules found.[0m
        [32m✓ Missing molecule synthesis subproblem passed in 0.05s[0m
      Filtering reaction mos_378 (378/500)...
[Atoms → Molecules] Found 250 molecules.
      [31m✗ Missing goal molecules.[0m
        [31m✗ Missing molecule synthesis subproblem failed in 0.74s[0m
      Filtering reaction mos_379 (379/500)...
[Atoms → Molecules] Found 132 molecules.
      [32m✓ All goal molecules found.[0m
        [32m✓ Missing molecule synthesis subproblem passed in 0.65s[0m
      Filtering reaction mos_380 (380/500)...
[Atoms → Molecules] Found 250 molecules.
      [31m✗ Missing goal molecules.[0m
        [31m✗ Missing molecule synthesis subproblem failed in 1.31s[0m
      Filtering reaction mos_381 (381/500)...
[Atoms → Molecules] Found 250 molecules.
      [31m✗ Missing goal molecules.[0m
        [31m✗ Missing molecule synthesis subproblem failed in 1.06s[0m
      Filtering reaction mos_382 (382/500)...
[Atoms → Molecules] Found 250 molecules.
      [31m✗ Missing goal molecules.[0m
        [31m✗ Missing molecule synthesis subproblem failed in 0.94s[0m
      Filtering reaction mos_383 (383/500)...
[Atoms → Molecules] Found 45 molecules.
      [32m✓ All goal molecules found.[0m
        [32m✓ Missing molecule synthesis subproblem passed in 0.24s[0m
      Filtering reaction mos_384 (384/500)...
[Atoms → Molecules] Found 250 molecules.
      [31m✗ Missing goal molecules.[0m
        [31m✗ Missing molecule synthesis subproblem failed in 2.57s[0m
      Filtering reaction mos_385 (385/500)...
[Atoms → Molecules] Found 250 molecules.
      [31m✗ Missing goal molecules.[0m
        [31m✗ Missing molecule synthesis subproblem failed in 1.35s[0m
      Filtering reaction mos_386 (386/500)...
[Atoms → Molecules] Found 250 molecules.
      [31m✗ Missing goal molecules.[0m
        [31m✗ Missing molecule synthesis subproblem failed in 1.0s[0m
      Filtering reaction mos_387 (387/500)...
[Atoms → Molecules] Found 250 molecules.
      [31m✗ Missing goal molecules.[0m
        [31m✗ Missing molecule synthesis subproblem failed in 1.44s[0m
      Filtering reaction mos_388 (388/500)...
[Atoms → Molecules] Found 152 molecules.
      [32m✓ All goal molecules found.[0m
        [32m✓ Missing molecule synthesis subproblem passed in 0.4s[0m
      Filtering reaction mos_389 (389/500)...
[Atoms → Molecules] Found 250 molecules.
      [31m✗ Missing goal molecules.[0m
        [31m✗ Missing molecule synthesis subproblem failed in 1.18s[0m
      Filtering reaction mos_390 (390/500)...
[Atoms → Molecules] Found 11 molecules.
      [32m✓ All goal molecules found.[0m
        [32m✓ Missing molecule synthesis subproblem passed in 0.05s[0m
      Filtering reaction mos_391 (391/500)...
[Atoms → Molecules] Found 39 molecules.
      [32m✓ All goal molecules found.[0m
        [32m✓ Missing molecule synthesis subproblem passed in 0.18s[0m
      Filtering reaction mos_392 (392/500)...
[Atoms → Molecules] Found 64 molecules.
      [32m✓ All goal molecules found.[0m
        [32m✓ Missing molecule synthesis subproblem passed in 0.33s[0m
      Filtering reaction mos_393 (393/500)...
[Atoms → Molecules] Found 134 molecules.
      [32m✓ All goal molecules found.[0m
        [32m✓ Missing molecule synthesis subproblem passed in 0.55s[0m
      Filtering reaction mos_394 (394/500)...
[Atoms → Molecules] Found 250 molecules.
      [31m✗ Missing goal molecules.[0m
        [31m✗ Missing molecule synthesis subproblem failed in 0.9s[0m
      Filtering reaction mos_395 (395/500)...
[Atoms → Molecules] Found 250 molecules.
      [31m✗ Missing goal molecules.[0m
        [31m✗ Missing molecule synthesis subproblem failed in 0.77s[0m
      Filtering reaction mos_396 (396/500)...
[Atoms → Molecules] Found 250 molecules.
      [31m✗ Missing goal molecules.[0m
        [31m✗ Missing molecule synthesis subproblem failed in 0.72s[0m
      Filtering reaction mos_397 (397/500)...
[Atoms → Molecules] Found 15 molecules.
      [32m✓ All goal molecules found.[0m
        [32m✓ Missing molecule synthesis subproblem passed in 0.1s[0m
      Filtering reaction mos_398 (398/500)...
[Atoms → Molecules] Found 250 molecules.
      [31m✗ Missing goal molecules.[0m
        [31m✗ Missing molecule synthesis subproblem failed in 1.62s[0m
      Filtering reaction mos_399 (399/500)...
[Atoms → Molecules] Found 250 molecules.
      [31m✗ Missing goal molecules.[0m
        [31m✗ Missing molecule synthesis subproblem failed in 0.75s[0m
      Filtering reaction mos_400 (400/500)...
[Atoms → Molecules] Found 250 molecules.
      [31m✗ Missing goal molecules.[0m
        [31m✗ Missing molecule synthesis subproblem failed in 0.58s[0m
      Filtering reaction mos_401 (401/500)...
[Atoms → Molecules] Found 7 molecules.
      [32m✓ All goal molecules found.[0m
        [32m✓ Missing molecule synthesis subproblem passed in 0.1s[0m
      Filtering reaction mos_402 (402/500)...
[Atoms → Molecules] Found 250 molecules.
      [31m✗ Missing goal molecules.[0m
        [31m✗ Missing molecule synthesis subproblem failed in 1.47s[0m
      Filtering reaction mos_403 (403/500)...
[Atoms → Molecules] Found 250 molecules.
      [31m✗ Missing goal molecules.[0m
        [31m✗ Missing molecule synthesis subproblem failed in 0.76s[0m
      Filtering reaction mos_404 (404/500)...
[Atoms → Molecules] Found 250 molecules.
      [31m✗ Missing goal molecules.[0m
        [31m✗ Missing molecule synthesis subproblem failed in 0.84s[0m
      Filtering reaction mos_405 (405/500)...
[Atoms → Molecules] Found 250 molecules.
      [31m✗ Missing goal molecules.[0m
        [31m✗ Missing molecule synthesis subproblem failed in 0.88s[0m
      Filtering reaction mos_406 (406/500)...
[Atoms → Molecules] Found 250 molecules.
      [31m✗ Missing goal molecules.[0m
        [31m✗ Missing molecule synthesis subproblem failed in 1.16s[0m
      Filtering reaction mos_407 (407/500)...
[Atoms → Molecules] Found 250 molecules.
      [31m✗ Missing goal molecules.[0m
        [31m✗ Missing molecule synthesis subproblem failed in 0.98s[0m
      Filtering reaction mos_408 (408/500)...
[Atoms → Molecules] Found 250 molecules.
      [31m✗ Missing goal molecules.[0m
        [31m✗ Missing molecule synthesis subproblem failed in 1.09s[0m
      Filtering reaction mos_409 (409/500)...
[Atoms → Molecules] Found 250 molecules.
      [31m✗ Missing goal molecules.[0m
        [31m✗ Missing molecule synthesis subproblem failed in 2.32s[0m
      Filtering reaction mos_410 (410/500)...
[Atoms → Molecules] Found 250 molecules.
      [31m✗ Missing goal molecules.[0m
        [31m✗ Missing molecule synthesis subproblem failed in 1.04s[0m
      Filtering reaction mos_411 (411/500)...
[Atoms → Molecules] Found 143 molecules.
      [32m✓ All goal molecules found.[0m
        [32m✓ Missing molecule synthesis subproblem passed in 0.67s[0m
      Filtering reaction mos_412 (412/500)...
[Atoms → Molecules] Found 250 molecules.
      [31m✗ Missing goal molecules.[0m
        [31m✗ Missing molecule synthesis subproblem failed in 0.77s[0m
      Filtering reaction mos_413 (413/500)...
[Atoms → Molecules] Found 250 molecules.
      [31m✗ Missing goal molecules.[0m
        [31m✗ Missing molecule synthesis subproblem failed in 1.23s[0m
      Filtering reaction mos_414 (414/500)...
[Atoms → Molecules] Found 119 molecules.
      [32m✓ All goal molecules found.[0m
        [32m✓ Missing molecule synthesis subproblem passed in 1.07s[0m
      Filtering reaction mos_415 (415/500)...
[Atoms → Molecules] Found 250 molecules.
      [31m✗ Missing goal molecules.[0m
        [31m✗ Missing molecule synthesis subproblem failed in 0.73s[0m
      Filtering reaction mos_416 (416/500)...
[Atoms → Molecules] Found 250 molecules.
      [31m✗ Missing goal molecules.[0m
        [31m✗ Missing molecule synthesis subproblem failed in 0.68s[0m
      Filtering reaction mos_417 (417/500)...
[Atoms → Molecules] Found 3 molecules.
      [32m✓ All goal molecules found.[0m
        [32m✓ Missing molecule synthesis subproblem passed in 0.02s[0m
      Filtering reaction mos_418 (418/500)...
[Atoms → Molecules] Found 250 molecules.
      [31m✗ Missing goal molecules.[0m
        [31m✗ Missing molecule synthesis subproblem failed in 0.95s[0m
      Filtering reaction mos_419 (419/500)...
[Atoms → Molecules] Found 250 molecules.
      [31m✗ Missing goal molecules.[0m
        [31m✗ Missing molecule synthesis subproblem failed in 0.96s[0m
      Filtering reaction mos_420 (420/500)...
[Atoms → Molecules] Found 141 molecules.
      [32m✓ All goal molecules found.[0m
        [32m✓ Missing molecule synthesis subproblem passed in 0.34s[0m
      Filtering reaction mos_421 (421/500)...
[Atoms → Molecules] Found 250 molecules.
      [31m✗ Missing goal molecules.[0m
        [31m✗ Missing molecule synthesis subproblem failed in 0.73s[0m
      Filtering reaction mos_422 (422/500)...
[Atoms → Molecules] Found 250 molecules.
      [31m✗ Missing goal molecules.[0m
        [31m✗ Missing molecule synthesis subproblem failed in 0.77s[0m
      Filtering reaction mos_423 (423/500)...
[Atoms → Molecules] Found 250 molecules.
      [31m✗ Missing goal molecules.[0m
        [31m✗ Missing molecule synthesis subproblem failed in 1.36s[0m
      Filtering reaction mos_424 (424/500)...
[Atoms → Molecules] Found 34 molecules.
      [32m✓ All goal molecules found.[0m
        [32m✓ Missing molecule synthesis subproblem passed in 0.16s[0m
      Filtering reaction mos_425 (425/500)...
[Atoms → Molecules] Found 2 molecules.
      [32m✓ All goal molecules found.[0m
        [32m✓ Missing molecule synthesis subproblem passed in 0.08s[0m
      Filtering reaction mos_426 (426/500)...
[Atoms → Molecules] Found 11 molecules.
      [32m✓ All goal molecules found.[0m
        [32m✓ Missing molecule synthesis subproblem passed in 0.06s[0m
      Filtering reaction mos_427 (427/500)...
[Atoms → Molecules] Found 63 molecules.
      [32m✓ All goal molecules found.[0m
        [32m✓ Missing molecule synthesis subproblem passed in 0.16s[0m
      Filtering reaction mos_428 (428/500)...
[Atoms → Molecules] Found 250 molecules.
      [31m✗ Missing goal molecules.[0m
        [31m✗ Missing molecule synthesis subproblem failed in 0.73s[0m
      Filtering reaction mos_429 (429/500)...
[Atoms → Molecules] Found 250 molecules.
      [31m✗ Missing goal molecules.[0m
        [31m✗ Missing molecule synthesis subproblem failed in 1.97s[0m
      Filtering reaction mos_430 (430/500)...
[Atoms → Molecules] Found 91 molecules.
      [32m✓ All goal molecules found.[0m
        [32m✓ Missing molecule synthesis subproblem passed in 0.2s[0m
      Filtering reaction mos_431 (431/500)...
[Atoms → Molecules] Found 250 molecules.
      [31m✗ Missing goal molecules.[0m
        [31m✗ Missing molecule synthesis subproblem failed in 0.8s[0m
      Filtering reaction mos_432 (432/500)...
[Atoms → Molecules] Found 113 molecules.
      [32m✓ All goal molecules found.[0m
        [32m✓ Missing molecule synthesis subproblem passed in 1.08s[0m
      Filtering reaction mos_433 (433/500)...
[Atoms → Molecules] Found 250 molecules.
      [31m✗ Missing goal molecules.[0m
        [31m✗ Missing molecule synthesis subproblem failed in 0.85s[0m
      Filtering reaction mos_434 (434/500)...
[Atoms → Molecules] Found 250 molecules.
      [31m✗ Missing goal molecules.[0m
        [31m✗ Missing molecule synthesis subproblem failed in 1.37s[0m
      Filtering reaction mos_435 (435/500)...
[Atoms → Molecules] Found 137 molecules.
      [32m✓ All goal molecules found.[0m
        [32m✓ Missing molecule synthesis subproblem passed in 0.47s[0m
      Filtering reaction mos_436 (436/500)...
[Atoms → Molecules] Found 250 molecules.
      [31m✗ Missing goal molecules.[0m
        [31m✗ Missing molecule synthesis subproblem failed in 0.78s[0m
      Filtering reaction mos_437 (437/500)...
[Atoms → Molecules] Found 250 molecules.
      [31m✗ Missing goal molecules.[0m
        [31m✗ Missing molecule synthesis subproblem failed in 0.98s[0m
      Filtering reaction mos_438 (438/500)...
[Atoms → Molecules] Found 250 molecules.
      [31m✗ Missing goal molecules.[0m
        [31m✗ Missing molecule synthesis subproblem failed in 1.07s[0m
      Filtering reaction mos_439 (439/500)...
[Atoms → Molecules] Found 7 molecules.
      [32m✓ All goal molecules found.[0m
        [32m✓ Missing molecule synthesis subproblem passed in 0.1s[0m
      Filtering reaction mos_440 (440/500)...
[Atoms → Molecules] Found 250 molecules.
      [31m✗ Missing goal molecules.[0m
        [31m✗ Missing molecule synthesis subproblem failed in 1.54s[0m
      Filtering reaction mos_441 (441/500)...
[Atoms → Molecules] Found 9 molecules.
      [32m✓ All goal molecules found.[0m
        [32m✓ Missing molecule synthesis subproblem passed in 0.14s[0m
      Filtering reaction mos_442 (442/500)...
[Atoms → Molecules] Found 250 molecules.
      [31m✗ Missing goal molecules.[0m
        [31m✗ Missing molecule synthesis subproblem failed in 0.6s[0m
      Filtering reaction mos_443 (443/500)...
[Atoms → Molecules] Found 250 molecules.
      [31m✗ Missing goal molecules.[0m
        [31m✗ Missing molecule synthesis subproblem failed in 1.02s[0m
      Filtering reaction mos_444 (444/500)...
[Atoms → Molecules] Found 250 molecules.
      [31m✗ Missing goal molecules.[0m
        [31m✗ Missing molecule synthesis subproblem failed in 1.47s[0m
      Filtering reaction mos_445 (445/500)...
[Atoms → Molecules] Found 250 molecules.
      [31m✗ Missing goal molecules.[0m
        [31m✗ Missing molecule synthesis subproblem failed in 1.0s[0m
      Filtering reaction mos_446 (446/500)...
[Atoms → Molecules] Found 250 molecules.
      [31m✗ Missing goal molecules.[0m
        [31m✗ Missing molecule synthesis subproblem failed in 1.22s[0m
      Filtering reaction mos_447 (447/500)...
[Atoms → Molecules] Found 250 molecules.
      [31m✗ Missing goal molecules.[0m
        [31m✗ Missing molecule synthesis subproblem failed in 0.95s[0m
      Filtering reaction mos_448 (448/500)...
[Atoms → Molecules] Found 250 molecules.
      [31m✗ Missing goal molecules.[0m
        [31m✗ Missing molecule synthesis subproblem failed in 0.86s[0m
      Filtering reaction mos_449 (449/500)...
[Atoms → Molecules] Found 250 molecules.
      [31m✗ Missing goal molecules.[0m
        [31m✗ Missing molecule synthesis subproblem failed in 0.79s[0m
      Filtering reaction mos_450 (450/500)...
[Atoms → Molecules] Found 250 molecules.
      [31m✗ Missing goal molecules.[0m
        [31m✗ Missing molecule synthesis subproblem failed in 2.39s[0m
      Filtering reaction mos_451 (451/500)...
[Atoms → Molecules] Found 250 molecules.
      [31m✗ Missing goal molecules.[0m
        [31m✗ Missing molecule synthesis subproblem failed in 0.87s[0m
      Filtering reaction mos_452 (452/500)...
[Atoms → Molecules] Found 250 molecules.
      [31m✗ Missing goal molecules.[0m
        [31m✗ Missing molecule synthesis subproblem failed in 0.6s[0m
      Filtering reaction mos_453 (453/500)...
[Atoms → Molecules] Found 250 molecules.
      [31m✗ Missing goal molecules.[0m
        [31m✗ Missing molecule synthesis subproblem failed in 1.99s[0m
      Filtering reaction mos_454 (454/500)...
[Atoms → Molecules] Found 250 molecules.
      [31m✗ Missing goal molecules.[0m
        [31m✗ Missing molecule synthesis subproblem failed in 1.97s[0m
      Filtering reaction mos_455 (455/500)...
[Atoms → Molecules] Found 250 molecules.
      [31m✗ Missing goal molecules.[0m
        [31m✗ Missing molecule synthesis subproblem failed in 0.72s[0m
      Filtering reaction mos_456 (456/500)...
[Atoms → Molecules] Found 156 molecules.
      [32m✓ All goal molecules found.[0m
        [32m✓ Missing molecule synthesis subproblem passed in 0.85s[0m
      Filtering reaction mos_457 (457/500)...
[Atoms → Molecules] Found 10 molecules.
      [32m✓ All goal molecules found.[0m
        [32m✓ Missing molecule synthesis subproblem passed in 0.04s[0m
      Filtering reaction mos_458 (458/500)...
[Atoms → Molecules] Found 250 molecules.
      [31m✗ Missing goal molecules.[0m
        [31m✗ Missing molecule synthesis subproblem failed in 0.69s[0m
      Filtering reaction mos_459 (459/500)...
[Atoms → Molecules] Found 250 molecules.
      [31m✗ Missing goal molecules.[0m
        [31m✗ Missing molecule synthesis subproblem failed in 0.81s[0m
      Filtering reaction mos_460 (460/500)...
[Atoms → Molecules] Found 138 molecules.
      [32m✓ All goal molecules found.[0m
        [32m✓ Missing molecule synthesis subproblem passed in 0.84s[0m
      Filtering reaction mos_461 (461/500)...
[Atoms → Molecules] Found 250 molecules.
      [31m✗ Missing goal molecules.[0m
        [31m✗ Missing molecule synthesis subproblem failed in 0.8s[0m
      Filtering reaction mos_462 (462/500)...
[Atoms → Molecules] Found 14 molecules.
      [32m✓ All goal molecules found.[0m
        [32m✓ Missing molecule synthesis subproblem passed in 0.05s[0m
      Filtering reaction mos_463 (463/500)...
[Atoms → Molecules] Found 250 molecules.
      [31m✗ Missing goal molecules.[0m
        [31m✗ Missing molecule synthesis subproblem failed in 0.76s[0m
      Filtering reaction mos_464 (464/500)...
[Atoms → Molecules] Found 250 molecules.
      [31m✗ Missing goal molecules.[0m
        [31m✗ Missing molecule synthesis subproblem failed in 0.98s[0m
      Filtering reaction mos_465 (465/500)...
[Atoms → Molecules] Found 250 molecules.
      [31m✗ Missing goal molecules.[0m
        [31m✗ Missing molecule synthesis subproblem failed in 0.7s[0m
      Filtering reaction mos_466 (466/500)...
[Atoms → Molecules] Found 250 molecules.
      [31m✗ Missing goal molecules.[0m
        [31m✗ Missing molecule synthesis subproblem failed in 0.78s[0m
      Filtering reaction mos_467 (467/500)...
[Atoms → Molecules] Found 250 molecules.
      [31m✗ Missing goal molecules.[0m
        [31m✗ Missing molecule synthesis subproblem failed in 0.48s[0m
      Filtering reaction mos_468 (468/500)...
[Atoms → Molecules] Found 228 molecules.
      [32m✓ All goal molecules found.[0m
        [32m✓ Missing molecule synthesis subproblem passed in 1.6s[0m
      Filtering reaction mos_469 (469/500)...
[Atoms → Molecules] Found 250 molecules.
      [31m✗ Missing goal molecules.[0m
        [31m✗ Missing molecule synthesis subproblem failed in 0.89s[0m
      Filtering reaction mos_470 (470/500)...
[Atoms → Molecules] Found 250 molecules.
      [31m✗ Missing goal molecules.[0m
        [31m✗ Missing molecule synthesis subproblem failed in 0.47s[0m
      Filtering reaction mos_471 (471/500)...
[Atoms → Molecules] Found 66 molecules.
      [32m✓ All goal molecules found.[0m
        [32m✓ Missing molecule synthesis subproblem passed in 0.26s[0m
      Filtering reaction mos_472 (472/500)...
[Atoms → Molecules] Found 250 molecules.
      [31m✗ Missing goal molecules.[0m
        [31m✗ Missing molecule synthesis subproblem failed in 1.41s[0m
      Filtering reaction mos_473 (473/500)...
[Atoms → Molecules] Found 5 molecules.
      [32m✓ All goal molecules found.[0m
        [32m✓ Missing molecule synthesis subproblem passed in 0.03s[0m
      Filtering reaction mos_474 (474/500)...
[Atoms → Molecules] Found 250 molecules.
      [31m✗ Missing goal molecules.[0m
        [31m✗ Missing molecule synthesis subproblem failed in 1.04s[0m
      Filtering reaction mos_475 (475/500)...
[Atoms → Molecules] Found 250 molecules.
      [31m✗ Missing goal molecules.[0m
        [31m✗ Missing molecule synthesis subproblem failed in 1.06s[0m
      Filtering reaction mos_476 (476/500)...
[Atoms → Molecules] Found 159 molecules.
      [32m✓ All goal molecules found.[0m
        [32m✓ Missing molecule synthesis subproblem passed in 0.51s[0m
      Filtering reaction mos_477 (477/500)...
[Atoms → Molecules] Found 250 molecules.
      [31m✗ Missing goal molecules.[0m
        [31m✗ Missing molecule synthesis subproblem failed in 1.77s[0m
      Filtering reaction mos_478 (478/500)...
[Atoms → Molecules] Found 250 molecules.
      [31m✗ Missing goal molecules.[0m
        [31m✗ Missing molecule synthesis subproblem failed in 2.36s[0m
      Filtering reaction mos_479 (479/500)...
[Atoms → Molecules] Found 21 molecules.
      [32m✓ All goal molecules found.[0m
        [32m✓ Missing molecule synthesis subproblem passed in 0.05s[0m
      Filtering reaction mos_480 (480/500)...
[Atoms → Molecules] Found 153 molecules.
      [32m✓ All goal molecules found.[0m
        [32m✓ Missing molecule synthesis subproblem passed in 0.72s[0m
      Filtering reaction mos_481 (481/500)...
[Atoms → Molecules] Found 250 molecules.
      [31m✗ Missing goal molecules.[0m
        [31m✗ Missing molecule synthesis subproblem failed in 0.76s[0m
      Filtering reaction mos_482 (482/500)...
[Atoms → Molecules] Found 137 molecules.
      [32m✓ All goal molecules found.[0m
        [32m✓ Missing molecule synthesis subproblem passed in 1.23s[0m
      Filtering reaction mos_483 (483/500)...
[Atoms → Molecules] Found 250 molecules.
      [31m✗ Missing goal molecules.[0m
        [31m✗ Missing molecule synthesis subproblem failed in 2.33s[0m
      Filtering reaction mos_484 (484/500)...
[Atoms → Molecules] Found 250 molecules.
      [31m✗ Missing goal molecules.[0m
        [31m✗ Missing molecule synthesis subproblem failed in 2.41s[0m
      Filtering reaction mos_485 (485/500)...
[Atoms → Molecules] Found 250 molecules.
      [31m✗ Missing goal molecules.[0m
        [31m✗ Missing molecule synthesis subproblem failed in 0.95s[0m
      Filtering reaction mos_486 (486/500)...
[Atoms → Molecules] Found 250 molecules.
      [31m✗ Missing goal molecules.[0m
        [31m✗ Missing molecule synthesis subproblem failed in 1.54s[0m
      Filtering reaction mos_487 (487/500)...
[Atoms → Molecules] Found 250 molecules.
      [31m✗ Missing goal molecules.[0m
        [31m✗ Missing molecule synthesis subproblem failed in 0.84s[0m
      Filtering reaction mos_488 (488/500)...
[Atoms → Molecules] Found 250 molecules.
      [31m✗ Missing goal molecules.[0m
        [31m✗ Missing molecule synthesis subproblem failed in 1.52s[0m
      Filtering reaction mos_489 (489/500)...
[Atoms → Molecules] Found 250 molecules.
      [31m✗ Missing goal molecules.[0m
        [31m✗ Missing molecule synthesis subproblem failed in 1.02s[0m
      Filtering reaction mos_490 (490/500)...
[Atoms → Molecules] Found 250 molecules.
      [31m✗ Missing goal molecules.[0m
        [31m✗ Missing molecule synthesis subproblem failed in 0.85s[0m
      Filtering reaction mos_491 (491/500)...
[Atoms → Molecules] Found 250 molecules.
      [31m✗ Missing goal molecules.[0m
        [31m✗ Missing molecule synthesis subproblem failed in 0.54s[0m
      Filtering reaction mos_492 (492/500)...
[Atoms → Molecules] Found 250 molecules.
      [31m✗ Missing goal molecules.[0m
        [31m✗ Missing molecule synthesis subproblem failed in 0.64s[0m
      Filtering reaction mos_493 (493/500)...
[Atoms → Molecules] Found 250 molecules.
      [31m✗ Missing goal molecules.[0m
        [31m✗ Missing molecule synthesis subproblem failed in 0.53s[0m
      Filtering reaction mos_494 (494/500)...
[Atoms → Molecules] Found 3 molecules.
      [32m✓ All goal molecules found.[0m
        [32m✓ Missing molecule synthesis subproblem passed in 0.01s[0m
      Filtering reaction mos_495 (495/500)...
[Atoms → Molecules] Found 250 molecules.
      [31m✗ Missing goal molecules.[0m
        [31m✗ Missing molecule synthesis subproblem failed in 1.01s[0m
      Filtering reaction mos_496 (496/500)...
[Atoms → Molecules] Found 62 molecules.
      [32m✓ All goal molecules found.[0m
        [32m✓ Missing molecule synthesis subproblem passed in 0.16s[0m
      Filtering reaction mos_497 (497/500)...
[Atoms → Molecules] Found 250 molecules.
      [31m✗ Missing goal molecules.[0m
        [31m✗ Missing molecule synthesis subproblem failed in 0.74s[0m
      Filtering reaction mos_498 (498/500)...
[Atoms → Molecules] Found 250 molecules.
      [31m✗ Missing goal molecules.[0m
        [31m✗ Missing molecule synthesis subproblem failed in 1.53s[0m
      Filtering reaction mos_499 (499/500)...
[Atoms → Molecules] Found 250 molecules.
      [31m✗ Missing goal molecules.[0m
        [31m✗ Missing molecule synthesis subproblem failed in 1.3s[0m
      Filtering reaction mos_500 (500/500)...
[Atoms → Molecules] Found 8 molecules.
      [32m✓ All goal molecules found.[0m
        [32m✓ Missing molecule synthesis subproblem passed in 0.04s[0m

  [1mSimilarity Metric: none[0m
      Evaluating reaction mos_1 (1/500)...
        [31m✗ Skipped reaction synthesis (missing molecule synthesis subproblem failed).[0m
      Evaluating reaction mos_2 (2/500)...
        [31m✗ Skipped reaction synthesis (missing molecule synthesis subproblem failed).[0m
      Evaluating reaction mos_3 (3/500)...
        [31m✗ Skipped reaction synthesis (missing molecule synthesis subproblem failed).[0m
      Evaluating reaction mos_4 (4/500)...
        [31m✗ Skipped reaction synthesis (missing molecule synthesis subproblem failed).[0m
      Evaluating reaction mos_5 (5/500)...
        [31m✗ Skipped reaction synthesis (missing molecule synthesis subproblem failed).[0m
      Evaluating reaction mos_6 (6/500)...
        [31m✗ Skipped reaction synthesis (missing molecule synthesis subproblem failed).[0m
      Evaluating reaction mos_7 (7/500)...
        [31m✗ Skipped reaction synthesis (missing molecule synthesis subproblem failed).[0m
      Evaluating reaction mos_8 (8/500)...
        [31m✗ Skipped reaction synthesis (missing molecule synthesis subproblem failed).[0m
      Evaluating reaction mos_9 (9/500)...
        [31m✗ Skipped reaction synthesis (missing molecule synthesis subproblem failed).[0m
      Evaluating reaction mos_10 (10/500)...
[Problem → Reactions] Found 194 reactions, 250 molecules.
      [32m✓ All goal molecules found.[0m
      [32m✓ All goal reactions found.[0m
        [32m✓ Target reaction successfully synthesized in 1.61s![0m
      Evaluating reaction mos_11 (11/500)...
[Problem → Reactions] Found 957 reactions, 250 molecules.
      [32m✓ All goal molecules found.[0m
      [32m✓ All goal reactions found.[0m
        [32m✓ Target reaction successfully synthesized in 3.26s![0m
      Evaluating reaction mos_12 (12/500)...
        [31m✗ Skipped reaction synthesis (missing molecule synthesis subproblem failed).[0m
      Evaluating reaction mos_13 (13/500)...
        [31m✗ Skipped reaction synthesis (missing molecule synthesis subproblem failed).[0m
      Evaluating reaction mos_14 (14/500)...
[Problem → Reactions] Found 665 reactions, 250 molecules.
      [32m✓ All goal molecules found.[0m
      [32m✓ All goal reactions found.[0m
        [32m✓ Target reaction successfully synthesized in 1.48s![0m
      Evaluating reaction mos_15 (15/500)...
[Problem → Reactions] Found 3705 reactions, 250 molecules.
      [32m✓ All goal molecules found.[0m
      [32m✓ All goal reactions found.[0m
        [32m✓ Target reaction successfully synthesized in 2.06s![0m
      Evaluating reaction mos_16 (16/500)...
[Problem → Reactions] Found 998 reactions, 250 molecules.
      [32m✓ All goal molecules found.[0m
      [32m✓ All goal reactions found.[0m
        [32m✓ Target reaction successfully synthesized in 0.65s![0m
      Evaluating reaction mos_17 (17/500)...
        [31m✗ Skipped reaction synthesis (missing molecule synthesis subproblem failed).[0m
      Evaluating reaction mos_18 (18/500)...
        [31m✗ Skipped reaction synthesis (missing molecule synthesis subproblem failed).[0m
      Evaluating reaction mos_19 (19/500)...
        [31m✗ Skipped reaction synthesis (missing molecule synthesis subproblem failed).[0m
      Evaluating reaction mos_20 (20/500)...
        [31m✗ Skipped reaction synthesis (missing molecule synthesis subproblem failed).[0m
      Evaluating reaction mos_21 (21/500)...
        [31m✗ Skipped reaction synthesis (missing molecule synthesis subproblem failed).[0m
      Evaluating reaction mos_22 (22/500)...
        [31m✗ Skipped reaction synthesis (missing molecule synthesis subproblem failed).[0m
      Evaluating reaction mos_23 (23/500)...
        [31m✗ Skipped reaction synthesis (missing molecule synthesis subproblem failed).[0m
      Evaluating reaction mos_24 (24/500)...
        [31m✗ Skipped reaction synthesis (missing molecule synthesis subproblem failed).[0m
      Evaluating reaction mos_25 (25/500)...
[Problem → Reactions] Found 767 reactions, 250 molecules.
      [32m✓ All goal molecules found.[0m
      [32m✓ All goal reactions found.[0m
        [32m✓ Target reaction successfully synthesized in 1.04s![0m
      Evaluating reaction mos_26 (26/500)...
        [31m✗ Skipped reaction synthesis (missing molecule synthesis subproblem failed).[0m
      Evaluating reaction mos_27 (27/500)...
        [31m✗ Skipped reaction synthesis (missing molecule synthesis subproblem failed).[0m
      Evaluating reaction mos_28 (28/500)...
        [31m✗ Skipped reaction synthesis (missing molecule synthesis subproblem failed).[0m
      Evaluating reaction mos_29 (29/500)...
[Problem → Reactions] Found 2746 reactions, 250 molecules.
      [32m✓ All goal molecules found.[0m
      [32m✓ All goal reactions found.[0m
        [32m✓ Target reaction successfully synthesized in 11.47s![0m
      Evaluating reaction mos_30 (30/500)...
[Problem → Reactions] Found 30000 reactions, 250 molecules.
      [32m✓ All goal molecules found.[0m
      [31m✗ Missing goal reactions.[0m
        [31m✗ Synthesis failed or timed out in 91.86s.[0m
      Evaluating reaction mos_31 (31/500)...
        [31m✗ Skipped reaction synthesis (missing molecule synthesis subproblem failed).[0m
      Evaluating reaction mos_32 (32/500)...
        [31m✗ Skipped reaction synthesis (missing molecule synthesis subproblem failed).[0m
      Evaluating reaction mos_33 (33/500)...
        [31m✗ Skipped reaction synthesis (missing molecule synthesis subproblem failed).[0m
      Evaluating reaction mos_34 (34/500)...
[Problem → Reactions] Found 14130 reactions, 250 molecules.
      [32m✓ All goal molecules found.[0m
      [32m✓ All goal reactions found.[0m
        [32m✓ Target reaction successfully synthesized in 22.05s![0m
      Evaluating reaction mos_35 (35/500)...
[Problem → Reactions] Found 3121 reactions, 250 molecules.
      [32m✓ All goal molecules found.[0m
      [32m✓ All goal reactions found.[0m
        [32m✓ Target reaction successfully synthesized in 1.78s![0m
      Evaluating reaction mos_36 (36/500)...
        [31m✗ Skipped reaction synthesis (missing molecule synthesis subproblem failed).[0m
      Evaluating reaction mos_37 (37/500)...
[Problem → Reactions] Found 203 reactions, 250 molecules.
      [32m✓ All goal molecules found.[0m
      [32m✓ All goal reactions found.[0m
        [32m✓ Target reaction successfully synthesized in 0.98s![0m
      Evaluating reaction mos_38 (38/500)...
        [31m✗ Skipped reaction synthesis (missing molecule synthesis subproblem failed).[0m
      Evaluating reaction mos_39 (39/500)...
[Problem → Reactions] Found 9473 reactions, 250 molecules.
      [32m✓ All goal molecules found.[0m
      [32m✓ All goal reactions found.[0m
        [32m✓ Target reaction successfully synthesized in 4.17s![0m
      Evaluating reaction mos_40 (40/500)...
        [31m✗ Skipped reaction synthesis (missing molecule synthesis subproblem failed).[0m
      Evaluating reaction mos_41 (41/500)...
        [31m✗ Skipped reaction synthesis (missing molecule synthesis subproblem failed).[0m
      Evaluating reaction mos_42 (42/500)...
[Problem → Reactions] Found 1635 reactions, 250 molecules.
      [32m✓ All goal molecules found.[0m
      [32m✓ All goal reactions found.[0m
        [32m✓ Target reaction successfully synthesized in 2.78s![0m
      Evaluating reaction mos_43 (43/500)...
        [31m✗ Skipped reaction synthesis (missing molecule synthesis subproblem failed).[0m
      Evaluating reaction mos_44 (44/500)...
        [31m✗ Skipped reaction synthesis (missing molecule synthesis subproblem failed).[0m
      Evaluating reaction mos_45 (45/500)...
        [31m✗ Skipped reaction synthesis (missing molecule synthesis subproblem failed).[0m
      Evaluating reaction mos_46 (46/500)...
[Problem → Reactions] Found 764 reactions, 250 molecules.
      [32m✓ All goal molecules found.[0m
      [32m✓ All goal reactions found.[0m
        [32m✓ Target reaction successfully synthesized in 1.25s![0m
      Evaluating reaction mos_47 (47/500)...
        [31m✗ Skipped reaction synthesis (missing molecule synthesis subproblem failed).[0m
      Evaluating reaction mos_48 (48/500)...
        [31m✗ Skipped reaction synthesis (missing molecule synthesis subproblem failed).[0m
      Evaluating reaction mos_49 (49/500)...
[Problem → Reactions] Found 7208 reactions, 250 molecules.
      [32m✓ All goal molecules found.[0m
      [32m✓ All goal reactions found.[0m
        [32m✓ Target reaction successfully synthesized in 12.35s![0m
      Evaluating reaction mos_50 (50/500)...
[Problem → Reactions] Found 113 reactions, 250 molecules.
      [32m✓ All goal molecules found.[0m
      [32m✓ All goal reactions found.[0m
        [32m✓ Target reaction successfully synthesized in 0.68s![0m
      Evaluating reaction mos_51 (51/500)...
[Problem → Reactions] Found 7154 reactions, 250 molecules.
      [32m✓ All goal molecules found.[0m
      [32m✓ All goal reactions found.[0m
        [32m✓ Target reaction successfully synthesized in 14.93s![0m
      Evaluating reaction mos_52 (52/500)...
        [31m✗ Skipped reaction synthesis (missing molecule synthesis subproblem failed).[0m
      Evaluating reaction mos_53 (53/500)...
        [31m✗ Skipped reaction synthesis (missing molecule synthesis subproblem failed).[0m
      Evaluating reaction mos_54 (54/500)...
        [31m✗ Skipped reaction synthesis (missing molecule synthesis subproblem failed).[0m
      Evaluating reaction mos_55 (55/500)...
        [31m✗ Skipped reaction synthesis (missing molecule synthesis subproblem failed).[0m
      Evaluating reaction mos_56 (56/500)...
        [31m✗ Skipped reaction synthesis (missing molecule synthesis subproblem failed).[0m
      Evaluating reaction mos_57 (57/500)...
        [31m✗ Skipped reaction synthesis (missing molecule synthesis subproblem failed).[0m
      Evaluating reaction mos_58 (58/500)...
[Problem → Reactions] Found 345 reactions, 250 molecules.
      [32m✓ All goal molecules found.[0m
      [32m✓ All goal reactions found.[0m
        [32m✓ Target reaction successfully synthesized in 1.24s![0m
      Evaluating reaction mos_59 (59/500)...
        [31m✗ Skipped reaction synthesis (missing molecule synthesis subproblem failed).[0m
      Evaluating reaction mos_60 (60/500)...
        [31m✗ Skipped reaction synthesis (missing molecule synthesis subproblem failed).[0m
      Evaluating reaction mos_61 (61/500)...
[Problem → Reactions] Found 206 reactions, 250 molecules.
      [32m✓ All goal molecules found.[0m
      [32m✓ All goal reactions found.[0m
        [32m✓ Target reaction successfully synthesized in 0.9s![0m
      Evaluating reaction mos_62 (62/500)...
        [31m✗ Skipped reaction synthesis (missing molecule synthesis subproblem failed).[0m
      Evaluating reaction mos_63 (63/500)...
[Problem → Reactions] Found 8560 reactions, 250 molecules.
      [32m✓ All goal molecules found.[0m
      [32m✓ All goal reactions found.[0m
        [32m✓ Target reaction successfully synthesized in 14.6s![0m
      Evaluating reaction mos_64 (64/500)...
[Problem → Reactions] Found 269 reactions, 250 molecules.
      [32m✓ All goal molecules found.[0m
      [32m✓ All goal reactions found.[0m
        [32m✓ Target reaction successfully synthesized in 0.94s![0m
      Evaluating reaction mos_65 (65/500)...
[Problem → Reactions] Found 177 reactions, 250 molecules.
      [32m✓ All goal molecules found.[0m
      [32m✓ All goal reactions found.[0m
        [32m✓ Target reaction successfully synthesized in 1.02s![0m
      Evaluating reaction mos_66 (66/500)...
[Problem → Reactions] Found 6296 reactions, 250 molecules.
      [32m✓ All goal molecules found.[0m
      [32m✓ All goal reactions found.[0m
        [32m✓ Target reaction successfully synthesized in 2.14s![0m
      Evaluating reaction mos_67 (67/500)...
        [31m✗ Skipped reaction synthesis (missing molecule synthesis subproblem failed).[0m
      Evaluating reaction mos_68 (68/500)...
        [31m✗ Skipped reaction synthesis (missing molecule synthesis subproblem failed).[0m
      Evaluating reaction mos_69 (69/500)...
[Problem → Reactions] Found 407 reactions, 250 molecules.
      [32m✓ All goal molecules found.[0m
      [32m✓ All goal reactions found.[0m
        [32m✓ Target reaction successfully synthesized in 0.9s![0m
      Evaluating reaction mos_70 (70/500)...
[Problem → Reactions] Found 30000 reactions, 250 molecules.
      [32m✓ All goal molecules found.[0m
      [31m✗ Missing goal reactions.[0m
        [31m✗ Synthesis failed or timed out in 58.34s.[0m
      Evaluating reaction mos_71 (71/500)...
        [31m✗ Skipped reaction synthesis (missing molecule synthesis subproblem failed).[0m
      Evaluating reaction mos_72 (72/500)...
        [31m✗ Skipped reaction synthesis (missing molecule synthesis subproblem failed).[0m
      Evaluating reaction mos_73 (73/500)...
[Problem → Reactions] Found 13360 reactions, 250 molecules.
      [32m✓ All goal molecules found.[0m
      [32m✓ All goal reactions found.[0m
        [32m✓ Target reaction successfully synthesized in 18.78s![0m
      Evaluating reaction mos_74 (74/500)...
        [31m✗ Skipped reaction synthesis (missing molecule synthesis subproblem failed).[0m
      Evaluating reaction mos_75 (75/500)...
        [31m✗ Skipped reaction synthesis (missing molecule synthesis subproblem failed).[0m
      Evaluating reaction mos_76 (76/500)...
        [31m✗ Skipped reaction synthesis (missing molecule synthesis subproblem failed).[0m
      Evaluating reaction mos_77 (77/500)...
[Problem → Reactions] Found 381 reactions, 250 molecules.
      [32m✓ All goal molecules found.[0m
      [32m✓ All goal reactions found.[0m
        [32m✓ Target reaction successfully synthesized in 1.34s![0m
      Evaluating reaction mos_78 (78/500)...
        [31m✗ Skipped reaction synthesis (missing molecule synthesis subproblem failed).[0m
      Evaluating reaction mos_79 (79/500)...
[Problem → Reactions] Found 206 reactions, 250 molecules.
      [32m✓ All goal molecules found.[0m
      [32m✓ All goal reactions found.[0m
        [32m✓ Target reaction successfully synthesized in 2.08s![0m
      Evaluating reaction mos_80 (80/500)...
        [31m✗ Skipped reaction synthesis (missing molecule synthesis subproblem failed).[0m
      Evaluating reaction mos_81 (81/500)...
[Problem → Reactions] Found 93 reactions, 250 molecules.
      [32m✓ All goal molecules found.[0m
      [32m✓ All goal reactions found.[0m
        [32m✓ Target reaction successfully synthesized in 0.91s![0m
      Evaluating reaction mos_82 (82/500)...
[Problem → Reactions] Found 5792 reactions, 250 molecules.
      [32m✓ All goal molecules found.[0m
      [32m✓ All goal reactions found.[0m
        [32m✓ Target reaction successfully synthesized in 13.89s![0m
      Evaluating reaction mos_83 (83/500)...
[Problem → Reactions] Found 29668 reactions, 250 molecules.
      [32m✓ All goal molecules found.[0m
      [32m✓ All goal reactions found.[0m
        [32m✓ Target reaction successfully synthesized in 45.02s![0m
      Evaluating reaction mos_84 (84/500)...
        [31m✗ Skipped reaction synthesis (missing molecule synthesis subproblem failed).[0m
      Evaluating reaction mos_85 (85/500)...
[Problem → Reactions] Found 30000 reactions, 250 molecules.
      [32m✓ All goal molecules found.[0m
      [31m✗ Missing goal reactions.[0m
        [31m✗ Synthesis failed or timed out in 67.18s.[0m
      Evaluating reaction mos_86 (86/500)...
        [31m✗ Skipped reaction synthesis (missing molecule synthesis subproblem failed).[0m
      Evaluating reaction mos_87 (87/500)...
        [31m✗ Skipped reaction synthesis (missing molecule synthesis subproblem failed).[0m
      Evaluating reaction mos_88 (88/500)...
        [31m✗ Skipped reaction synthesis (missing molecule synthesis subproblem failed).[0m
      Evaluating reaction mos_89 (89/500)...
        [31m✗ Skipped reaction synthesis (missing molecule synthesis subproblem failed).[0m
      Evaluating reaction mos_90 (90/500)...
        [31m✗ Skipped reaction synthesis (missing molecule synthesis subproblem failed).[0m
      Evaluating reaction mos_91 (91/500)...
[Problem → Reactions] Found 182 reactions, 250 molecules.
      [32m✓ All goal molecules found.[0m
      [32m✓ All goal reactions found.[0m
        [32m✓ Target reaction successfully synthesized in 0.9s![0m
      Evaluating reaction mos_92 (92/500)...
        [31m✗ Skipped reaction synthesis (missing molecule synthesis subproblem failed).[0m
      Evaluating reaction mos_93 (93/500)...
        [31m✗ Skipped reaction synthesis (missing molecule synthesis subproblem failed).[0m
      Evaluating reaction mos_94 (94/500)...
        [31m✗ Skipped reaction synthesis (missing molecule synthesis subproblem failed).[0m
      Evaluating reaction mos_95 (95/500)...
[Problem → Reactions] Found 80 reactions, 250 molecules.
      [32m✓ All goal molecules found.[0m
      [32m✓ All goal reactions found.[0m
        [32m✓ Target reaction successfully synthesized in 0.96s![0m
      Evaluating reaction mos_96 (96/500)...
        [31m✗ Skipped reaction synthesis (missing molecule synthesis subproblem failed).[0m
      Evaluating reaction mos_97 (97/500)...
        [31m✗ Skipped reaction synthesis (missing molecule synthesis subproblem failed).[0m
      Evaluating reaction mos_98 (98/500)...
        [31m✗ Skipped reaction synthesis (missing molecule synthesis subproblem failed).[0m
      Evaluating reaction mos_99 (99/500)...
[Problem → Reactions] Found 9968 reactions, 250 molecules.
      [32m✓ All goal molecules found.[0m
      [32m✓ All goal reactions found.[0m
        [32m✓ Target reaction successfully synthesized in 17.38s![0m
      Evaluating reaction mos_100 (100/500)...
        [31m✗ Skipped reaction synthesis (missing molecule synthesis subproblem failed).[0m
      Evaluating reaction mos_101 (101/500)...
[Problem → Reactions] Found 131 reactions, 250 molecules.
      [32m✓ All goal molecules found.[0m
      [32m✓ All goal reactions found.[0m
        [32m✓ Target reaction successfully synthesized in 0.64s![0m
      Evaluating reaction mos_102 (102/500)...
        [31m✗ Skipped reaction synthesis (missing molecule synthesis subproblem failed).[0m
      Evaluating reaction mos_103 (103/500)...
[Problem → Reactions] Found 278 reactions, 250 molecules.
      [32m✓ All goal molecules found.[0m
      [32m✓ All goal reactions found.[0m
        [32m✓ Target reaction successfully synthesized in 1.11s![0m
      Evaluating reaction mos_104 (104/500)...
        [31m✗ Skipped reaction synthesis (missing molecule synthesis subproblem failed).[0m
      Evaluating reaction mos_105 (105/500)...
        [31m✗ Skipped reaction synthesis (missing molecule synthesis subproblem failed).[0m
      Evaluating reaction mos_106 (106/500)...
[Problem → Reactions] Found 9940 reactions, 250 molecules.
      [32m✓ All goal molecules found.[0m
      [32m✓ All goal reactions found.[0m
        [32m✓ Target reaction successfully synthesized in 19.5s![0m
      Evaluating reaction mos_107 (107/500)...
[Problem → Reactions] Found 753 reactions, 250 molecules.
      [32m✓ All goal molecules found.[0m
      [32m✓ All goal reactions found.[0m
        [32m✓ Target reaction successfully synthesized in 2.84s![0m
      Evaluating reaction mos_108 (108/500)...
        [31m✗ Skipped reaction synthesis (missing molecule synthesis subproblem failed).[0m
      Evaluating reaction mos_109 (109/500)...
        [31m✗ Skipped reaction synthesis (missing molecule synthesis subproblem failed).[0m
      Evaluating reaction mos_110 (110/500)...
        [31m✗ Skipped reaction synthesis (missing molecule synthesis subproblem failed).[0m
      Evaluating reaction mos_111 (111/500)...
        [31m✗ Skipped reaction synthesis (missing molecule synthesis subproblem failed).[0m
      Evaluating reaction mos_112 (112/500)...
        [31m✗ Skipped reaction synthesis (missing molecule synthesis subproblem failed).[0m
      Evaluating reaction mos_113 (113/500)...
[Problem → Reactions] Found 12538 reactions, 250 molecules.
      [32m✓ All goal molecules found.[0m
      [32m✓ All goal reactions found.[0m
        [32m✓ Target reaction successfully synthesized in 23.46s![0m
      Evaluating reaction mos_114 (114/500)...
[Problem → Reactions] Found 459 reactions, 250 molecules.
      [32m✓ All goal molecules found.[0m
      [32m✓ All goal reactions found.[0m
        [32m✓ Target reaction successfully synthesized in 0.7s![0m
      Evaluating reaction mos_115 (115/500)...
[Problem → Reactions] Found 87 reactions, 250 molecules.
      [32m✓ All goal molecules found.[0m
      [32m✓ All goal reactions found.[0m
        [32m✓ Target reaction successfully synthesized in 1.19s![0m
      Evaluating reaction mos_116 (116/500)...
        [31m✗ Skipped reaction synthesis (missing molecule synthesis subproblem failed).[0m
      Evaluating reaction mos_117 (117/500)...
[Problem → Reactions] Found 248 reactions, 250 molecules.
      [32m✓ All goal molecules found.[0m
      [32m✓ All goal reactions found.[0m
        [32m✓ Target reaction successfully synthesized in 1.7s![0m
      Evaluating reaction mos_118 (118/500)...
        [31m✗ Skipped reaction synthesis (missing molecule synthesis subproblem failed).[0m
      Evaluating reaction mos_119 (119/500)...
        [31m✗ Skipped reaction synthesis (missing molecule synthesis subproblem failed).[0m
      Evaluating reaction mos_120 (120/500)...
        [31m✗ Skipped reaction synthesis (missing molecule synthesis subproblem failed).[0m
      Evaluating reaction mos_121 (121/500)...
        [31m✗ Skipped reaction synthesis (missing molecule synthesis subproblem failed).[0m
      Evaluating reaction mos_122 (122/500)...
        [31m✗ Skipped reaction synthesis (missing molecule synthesis subproblem failed).[0m
      Evaluating reaction mos_123 (123/500)...
        [31m✗ Skipped reaction synthesis (missing molecule synthesis subproblem failed).[0m
      Evaluating reaction mos_124 (124/500)...
        [31m✗ Skipped reaction synthesis (missing molecule synthesis subproblem failed).[0m
      Evaluating reaction mos_125 (125/500)...
[Problem → Reactions] Found 10001 reactions, 250 molecules.
      [32m✓ All goal molecules found.[0m
      [32m✓ All goal reactions found.[0m
        [32m✓ Target reaction successfully synthesized in 3.42s![0m
      Evaluating reaction mos_126 (126/500)...
        [31m✗ Skipped reaction synthesis (missing molecule synthesis subproblem failed).[0m
      Evaluating reaction mos_127 (127/500)...
        [31m✗ Skipped reaction synthesis (missing molecule synthesis subproblem failed).[0m
      Evaluating reaction mos_128 (128/500)...
        [31m✗ Skipped reaction synthesis (missing molecule synthesis subproblem failed).[0m
      Evaluating reaction mos_129 (129/500)...
        [31m✗ Skipped reaction synthesis (missing molecule synthesis subproblem failed).[0m
      Evaluating reaction mos_130 (130/500)...
        [31m✗ Skipped reaction synthesis (missing molecule synthesis subproblem failed).[0m
      Evaluating reaction mos_131 (131/500)...
        [31m✗ Skipped reaction synthesis (missing molecule synthesis subproblem failed).[0m
      Evaluating reaction mos_132 (132/500)...
[Problem → Reactions] Found 98 reactions, 250 molecules.
      [32m✓ All goal molecules found.[0m
      [32m✓ All goal reactions found.[0m
        [32m✓ Target reaction successfully synthesized in 1.29s![0m
      Evaluating reaction mos_133 (133/500)...
[Problem → Reactions] Found 215 reactions, 250 molecules.
      [32m✓ All goal molecules found.[0m
      [32m✓ All goal reactions found.[0m
        [32m✓ Target reaction successfully synthesized in 1.34s![0m
      Evaluating reaction mos_134 (134/500)...
[Problem → Reactions] Found 125 reactions, 250 molecules.
      [32m✓ All goal molecules found.[0m
      [32m✓ All goal reactions found.[0m
        [32m✓ Target reaction successfully synthesized in 0.93s![0m
      Evaluating reaction mos_135 (135/500)...
        [31m✗ Skipped reaction synthesis (missing molecule synthesis subproblem failed).[0m
      Evaluating reaction mos_136 (136/500)...
        [31m✗ Skipped reaction synthesis (missing molecule synthesis subproblem failed).[0m
      Evaluating reaction mos_137 (137/500)...
[Problem → Reactions] Found 20670 reactions, 250 molecules.
      [32m✓ All goal molecules found.[0m
      [32m✓ All goal reactions found.[0m
        [32m✓ Target reaction successfully synthesized in 40.19s![0m
      Evaluating reaction mos_138 (138/500)...
[Problem → Reactions] Found 392 reactions, 250 molecules.
      [32m✓ All goal molecules found.[0m
      [32m✓ All goal reactions found.[0m
        [32m✓ Target reaction successfully synthesized in 1.26s![0m
      Evaluating reaction mos_139 (139/500)...
        [31m✗ Skipped reaction synthesis (missing molecule synthesis subproblem failed).[0m
      Evaluating reaction mos_140 (140/500)...
[Problem → Reactions] Found 1947 reactions, 250 molecules.
      [32m✓ All goal molecules found.[0m
      [32m✓ All goal reactions found.[0m
        [32m✓ Target reaction successfully synthesized in 2.01s![0m
      Evaluating reaction mos_141 (141/500)...
        [31m✗ Skipped reaction synthesis (missing molecule synthesis subproblem failed).[0m
      Evaluating reaction mos_142 (142/500)...
        [31m✗ Skipped reaction synthesis (missing molecule synthesis subproblem failed).[0m
      Evaluating reaction mos_143 (143/500)...
        [31m✗ Skipped reaction synthesis (missing molecule synthesis subproblem failed).[0m
      Evaluating reaction mos_144 (144/500)...
        [31m✗ Skipped reaction synthesis (missing molecule synthesis subproblem failed).[0m
      Evaluating reaction mos_145 (145/500)...
[Problem → Reactions] Found 231 reactions, 250 molecules.
      [32m✓ All goal molecules found.[0m
      [32m✓ All goal reactions found.[0m
        [32m✓ Target reaction successfully synthesized in 1.27s![0m
      Evaluating reaction mos_146 (146/500)...
        [31m✗ Skipped reaction synthesis (missing molecule synthesis subproblem failed).[0m
      Evaluating reaction mos_147 (147/500)...
        [31m✗ Skipped reaction synthesis (missing molecule synthesis subproblem failed).[0m
      Evaluating reaction mos_148 (148/500)...
        [31m✗ Skipped reaction synthesis (missing molecule synthesis subproblem failed).[0m
      Evaluating reaction mos_149 (149/500)...
        [31m✗ Skipped reaction synthesis (missing molecule synthesis subproblem failed).[0m
      Evaluating reaction mos_150 (150/500)...
[Problem → Reactions] Found 6380 reactions, 250 molecules.
      [32m✓ All goal molecules found.[0m
      [32m✓ All goal reactions found.[0m
        [32m✓ Target reaction successfully synthesized in 13.83s![0m
      Evaluating reaction mos_151 (151/500)...
        [31m✗ Skipped reaction synthesis (missing molecule synthesis subproblem failed).[0m
      Evaluating reaction mos_152 (152/500)...
        [31m✗ Skipped reaction synthesis (missing molecule synthesis subproblem failed).[0m
      Evaluating reaction mos_153 (153/500)...
        [31m✗ Skipped reaction synthesis (missing molecule synthesis subproblem failed).[0m
      Evaluating reaction mos_154 (154/500)...
        [31m✗ Skipped reaction synthesis (missing molecule synthesis subproblem failed).[0m
      Evaluating reaction mos_155 (155/500)...
        [31m✗ Skipped reaction synthesis (missing molecule synthesis subproblem failed).[0m
      Evaluating reaction mos_156 (156/500)...
        [31m✗ Skipped reaction synthesis (missing molecule synthesis subproblem failed).[0m
      Evaluating reaction mos_157 (157/500)...
        [31m✗ Skipped reaction synthesis (missing molecule synthesis subproblem failed).[0m
      Evaluating reaction mos_158 (158/500)...
        [31m✗ Skipped reaction synthesis (missing molecule synthesis subproblem failed).[0m
      Evaluating reaction mos_159 (159/500)...
        [31m✗ Skipped reaction synthesis (missing molecule synthesis subproblem failed).[0m
      Evaluating reaction mos_160 (160/500)...
        [31m✗ Skipped reaction synthesis (missing molecule synthesis subproblem failed).[0m
      Evaluating reaction mos_161 (161/500)...
        [31m✗ Skipped reaction synthesis (missing molecule synthesis subproblem failed).[0m
      Evaluating reaction mos_162 (162/500)...
        [31m✗ Skipped reaction synthesis (missing molecule synthesis subproblem failed).[0m
      Evaluating reaction mos_163 (163/500)...
        [31m✗ Skipped reaction synthesis (missing molecule synthesis subproblem failed).[0m
      Evaluating reaction mos_164 (164/500)...
        [31m✗ Skipped reaction synthesis (missing molecule synthesis subproblem failed).[0m
      Evaluating reaction mos_165 (165/500)...
        [31m✗ Skipped reaction synthesis (missing molecule synthesis subproblem failed).[0m
      Evaluating reaction mos_166 (166/500)...
        [31m✗ Skipped reaction synthesis (missing molecule synthesis subproblem failed).[0m
      Evaluating reaction mos_167 (167/500)...
        [31m✗ Skipped reaction synthesis (missing molecule synthesis subproblem failed).[0m
      Evaluating reaction mos_168 (168/500)...
        [31m✗ Skipped reaction synthesis (missing molecule synthesis subproblem failed).[0m
      Evaluating reaction mos_169 (169/500)...
        [31m✗ Skipped reaction synthesis (missing molecule synthesis subproblem failed).[0m
      Evaluating reaction mos_170 (170/500)...
[Problem → Reactions] Found 287 reactions, 250 molecules.
      [32m✓ All goal molecules found.[0m
      [32m✓ All goal reactions found.[0m
        [32m✓ Target reaction successfully synthesized in 1.15s![0m
      Evaluating reaction mos_171 (171/500)...
[Problem → Reactions] Found 152 reactions, 250 molecules.
      [32m✓ All goal molecules found.[0m
      [32m✓ All goal reactions found.[0m
        [32m✓ Target reaction successfully synthesized in 0.84s![0m
      Evaluating reaction mos_172 (172/500)...
[Problem → Reactions] Found 2133 reactions, 250 molecules.
      [32m✓ All goal molecules found.[0m
      [32m✓ All goal reactions found.[0m
        [32m✓ Target reaction successfully synthesized in 4.37s![0m
      Evaluating reaction mos_173 (173/500)...
[Problem → Reactions] Found 30000 reactions, 250 molecules.
      [32m✓ All goal molecules found.[0m
      [31m✗ Missing goal reactions.[0m
        [31m✗ Synthesis failed or timed out in 84.86s.[0m
      Evaluating reaction mos_174 (174/500)...
[Problem → Reactions] Found 389 reactions, 250 molecules.
      [32m✓ All goal molecules found.[0m
      [32m✓ All goal reactions found.[0m
        [32m✓ Target reaction successfully synthesized in 0.93s![0m
      Evaluating reaction mos_175 (175/500)...
        [31m✗ Skipped reaction synthesis (missing molecule synthesis subproblem failed).[0m
      Evaluating reaction mos_176 (176/500)...
        [31m✗ Skipped reaction synthesis (missing molecule synthesis subproblem failed).[0m
      Evaluating reaction mos_177 (177/500)...
[Problem → Reactions] Found 146 reactions, 250 molecules.
      [32m✓ All goal molecules found.[0m
      [32m✓ All goal reactions found.[0m
        [32m✓ Target reaction successfully synthesized in 0.92s![0m
      Evaluating reaction mos_178 (178/500)...
        [31m✗ Skipped reaction synthesis (missing molecule synthesis subproblem failed).[0m
      Evaluating reaction mos_179 (179/500)...
[Problem → Reactions] Found 416 reactions, 250 molecules.
      [32m✓ All goal molecules found.[0m
      [32m✓ All goal reactions found.[0m
        [32m✓ Target reaction successfully synthesized in 0.62s![0m
      Evaluating reaction mos_180 (180/500)...
        [31m✗ Skipped reaction synthesis (missing molecule synthesis subproblem failed).[0m
      Evaluating reaction mos_181 (181/500)...
        [31m✗ Skipped reaction synthesis (missing molecule synthesis subproblem failed).[0m
      Evaluating reaction mos_182 (182/500)...
        [31m✗ Skipped reaction synthesis (missing molecule synthesis subproblem failed).[0m
      Evaluating reaction mos_183 (183/500)...
        [31m✗ Skipped reaction synthesis (missing molecule synthesis subproblem failed).[0m
      Evaluating reaction mos_184 (184/500)...
        [31m✗ Skipped reaction synthesis (missing molecule synthesis subproblem failed).[0m
      Evaluating reaction mos_185 (185/500)...
        [31m✗ Skipped reaction synthesis (missing molecule synthesis subproblem failed).[0m
      Evaluating reaction mos_186 (186/500)...
        [31m✗ Skipped reaction synthesis (missing molecule synthesis subproblem failed).[0m
      Evaluating reaction mos_187 (187/500)...
[Problem → Reactions] Found 9856 reactions, 250 molecules.
      [32m✓ All goal molecules found.[0m
      [32m✓ All goal reactions found.[0m
        [32m✓ Target reaction successfully synthesized in 10.77s![0m
      Evaluating reaction mos_188 (188/500)...
        [31m✗ Skipped reaction synthesis (missing molecule synthesis subproblem failed).[0m
      Evaluating reaction mos_189 (189/500)...
        [31m✗ Skipped reaction synthesis (missing molecule synthesis subproblem failed).[0m
      Evaluating reaction mos_190 (190/500)...
[Problem → Reactions] Found 9026 reactions, 250 molecules.
      [32m✓ All goal molecules found.[0m
      [32m✓ All goal reactions found.[0m
        [32m✓ Target reaction successfully synthesized in 2.17s![0m
      Evaluating reaction mos_191 (191/500)...
        [31m✗ Skipped reaction synthesis (missing molecule synthesis subproblem failed).[0m
      Evaluating reaction mos_192 (192/500)...
        [31m✗ Skipped reaction synthesis (missing molecule synthesis subproblem failed).[0m
      Evaluating reaction mos_193 (193/500)...
        [31m✗ Skipped reaction synthesis (missing molecule synthesis subproblem failed).[0m
      Evaluating reaction mos_194 (194/500)...
[Problem → Reactions] Found 489 reactions, 250 molecules.
      [32m✓ All goal molecules found.[0m
      [32m✓ All goal reactions found.[0m
        [32m✓ Target reaction successfully synthesized in 1.84s![0m
      Evaluating reaction mos_195 (195/500)...
[Problem → Reactions] Found 320 reactions, 250 molecules.
      [32m✓ All goal molecules found.[0m
      [32m✓ All goal reactions found.[0m
        [32m✓ Target reaction successfully synthesized in 0.82s![0m
      Evaluating reaction mos_196 (196/500)...
[Problem → Reactions] Found 30000 reactions, 250 molecules.
      [32m✓ All goal molecules found.[0m
      [31m✗ Missing goal reactions.[0m
        [31m✗ Synthesis failed or timed out in 64.51s.[0m
      Evaluating reaction mos_197 (197/500)...
[Problem → Reactions] Found 30000 reactions, 250 molecules.
      [32m✓ All goal molecules found.[0m
      [31m✗ Missing goal reactions.[0m
        [31m✗ Synthesis failed or timed out in 67.19s.[0m
      Evaluating reaction mos_198 (198/500)...
[Problem → Reactions] Found 201 reactions, 250 molecules.
      [32m✓ All goal molecules found.[0m
      [32m✓ All goal reactions found.[0m
        [32m✓ Target reaction successfully synthesized in 1.0s![0m
      Evaluating reaction mos_199 (199/500)...
[Problem → Reactions] Found 6884 reactions, 250 molecules.
      [32m✓ All goal molecules found.[0m
      [32m✓ All goal reactions found.[0m
        [32m✓ Target reaction successfully synthesized in 11.19s![0m
      Evaluating reaction mos_200 (200/500)...
[Problem → Reactions] Found 296 reactions, 250 molecules.
      [32m✓ All goal molecules found.[0m
      [32m✓ All goal reactions found.[0m
        [32m✓ Target reaction successfully synthesized in 1.21s![0m
      Evaluating reaction mos_201 (201/500)...
        [31m✗ Skipped reaction synthesis (missing molecule synthesis subproblem failed).[0m
      Evaluating reaction mos_202 (202/500)...
        [31m✗ Skipped reaction synthesis (missing molecule synthesis subproblem failed).[0m
      Evaluating reaction mos_203 (203/500)...
        [31m✗ Skipped reaction synthesis (missing molecule synthesis subproblem failed).[0m
      Evaluating reaction mos_204 (204/500)...
        [31m✗ Skipped reaction synthesis (missing molecule synthesis subproblem failed).[0m
      Evaluating reaction mos_205 (205/500)...
[Problem → Reactions] Found 209 reactions, 250 molecules.
      [32m✓ All goal molecules found.[0m
      [32m✓ All goal reactions found.[0m
        [32m✓ Target reaction successfully synthesized in 0.81s![0m
      Evaluating reaction mos_206 (206/500)...
[Problem → Reactions] Found 21 reactions, 250 molecules.
      [32m✓ All goal molecules found.[0m
      [32m✓ All goal reactions found.[0m
        [32m✓ Target reaction successfully synthesized in 0.56s![0m
      Evaluating reaction mos_207 (207/500)...
        [31m✗ Skipped reaction synthesis (missing molecule synthesis subproblem failed).[0m
      Evaluating reaction mos_208 (208/500)...
[Problem → Reactions] Found 693 reactions, 250 molecules.
      [32m✓ All goal molecules found.[0m
      [32m✓ All goal reactions found.[0m
        [32m✓ Target reaction successfully synthesized in 1.08s![0m
      Evaluating reaction mos_209 (209/500)...
        [31m✗ Skipped reaction synthesis (missing molecule synthesis subproblem failed).[0m
      Evaluating reaction mos_210 (210/500)...
[Problem → Reactions] Found 170 reactions, 250 molecules.
      [32m✓ All goal molecules found.[0m
      [32m✓ All goal reactions found.[0m
        [32m✓ Target reaction successfully synthesized in 0.64s![0m
      Evaluating reaction mos_211 (211/500)...
[Problem → Reactions] Found 5010 reactions, 250 molecules.
      [32m✓ All goal molecules found.[0m
      [32m✓ All goal reactions found.[0m
        [32m✓ Target reaction successfully synthesized in 11.68s![0m
      Evaluating reaction mos_212 (212/500)...
        [31m✗ Skipped reaction synthesis (missing molecule synthesis subproblem failed).[0m
      Evaluating reaction mos_213 (213/500)...
        [31m✗ Skipped reaction synthesis (missing molecule synthesis subproblem failed).[0m
      Evaluating reaction mos_214 (214/500)...
[Problem → Reactions] Found 92 reactions, 250 molecules.
      [32m✓ All goal molecules found.[0m
      [32m✓ All goal reactions found.[0m
        [32m✓ Target reaction successfully synthesized in 0.55s![0m
      Evaluating reaction mos_215 (215/500)...
[Problem → Reactions] Found 899 reactions, 250 molecules.
      [32m✓ All goal molecules found.[0m
      [32m✓ All goal reactions found.[0m
        [32m✓ Target reaction successfully synthesized in 1.3s![0m
      Evaluating reaction mos_216 (216/500)...
[Problem → Reactions] Found 30000 reactions, 250 molecules.
      [32m✓ All goal molecules found.[0m
      [31m✗ Missing goal reactions.[0m
        [31m✗ Synthesis failed or timed out in 59.69s.[0m
      Evaluating reaction mos_217 (217/500)...
        [31m✗ Skipped reaction synthesis (missing molecule synthesis subproblem failed).[0m
      Evaluating reaction mos_218 (218/500)...
[Problem → Reactions] Found 3966 reactions, 250 molecules.
      [32m✓ All goal molecules found.[0m
      [32m✓ All goal reactions found.[0m
        [32m✓ Target reaction successfully synthesized in 10.87s![0m
      Evaluating reaction mos_219 (219/500)...
        [31m✗ Skipped reaction synthesis (missing molecule synthesis subproblem failed).[0m
      Evaluating reaction mos_220 (220/500)...
        [31m✗ Skipped reaction synthesis (missing molecule synthesis subproblem failed).[0m
      Evaluating reaction mos_221 (221/500)...
        [31m✗ Skipped reaction synthesis (missing molecule synthesis subproblem failed).[0m
      Evaluating reaction mos_222 (222/500)...
[Problem → Reactions] Found 134 reactions, 250 molecules.
      [32m✓ All goal molecules found.[0m
      [32m✓ All goal reactions found.[0m
        [32m✓ Target reaction successfully synthesized in 1.71s![0m
      Evaluating reaction mos_223 (223/500)...
[Problem → Reactions] Found 23060 reactions, 250 molecules.
      [32m✓ All goal molecules found.[0m
      [32m✓ All goal reactions found.[0m
        [32m✓ Target reaction successfully synthesized in 43.21s![0m
      Evaluating reaction mos_224 (224/500)...
        [31m✗ Skipped reaction synthesis (missing molecule synthesis subproblem failed).[0m
      Evaluating reaction mos_225 (225/500)...
        [31m✗ Skipped reaction synthesis (missing molecule synthesis subproblem failed).[0m
      Evaluating reaction mos_226 (226/500)...
        [31m✗ Skipped reaction synthesis (missing molecule synthesis subproblem failed).[0m
      Evaluating reaction mos_227 (227/500)...
        [31m✗ Skipped reaction synthesis (missing molecule synthesis subproblem failed).[0m
      Evaluating reaction mos_228 (228/500)...
        [31m✗ Skipped reaction synthesis (missing molecule synthesis subproblem failed).[0m
      Evaluating reaction mos_229 (229/500)...
        [31m✗ Skipped reaction synthesis (missing molecule synthesis subproblem failed).[0m
      Evaluating reaction mos_230 (230/500)...
        [31m✗ Skipped reaction synthesis (missing molecule synthesis subproblem failed).[0m
      Evaluating reaction mos_231 (231/500)...
        [31m✗ Skipped reaction synthesis (missing molecule synthesis subproblem failed).[0m
      Evaluating reaction mos_232 (232/500)...
[Problem → Reactions] Found 261 reactions, 250 molecules.
      [32m✓ All goal molecules found.[0m
      [32m✓ All goal reactions found.[0m
        [32m✓ Target reaction successfully synthesized in 1.32s![0m
      Evaluating reaction mos_233 (233/500)...
        [31m✗ Skipped reaction synthesis (missing molecule synthesis subproblem failed).[0m
      Evaluating reaction mos_234 (234/500)...
[Problem → Reactions] Found 1957 reactions, 250 molecules.
      [32m✓ All goal molecules found.[0m
      [32m✓ All goal reactions found.[0m
        [32m✓ Target reaction successfully synthesized in 1.97s![0m
      Evaluating reaction mos_235 (235/500)...
        [31m✗ Skipped reaction synthesis (missing molecule synthesis subproblem failed).[0m
      Evaluating reaction mos_236 (236/500)...
        [31m✗ Skipped reaction synthesis (missing molecule synthesis subproblem failed).[0m
      Evaluating reaction mos_237 (237/500)...
        [31m✗ Skipped reaction synthesis (missing molecule synthesis subproblem failed).[0m
      Evaluating reaction mos_238 (238/500)...
[Problem → Reactions] Found 5502 reactions, 250 molecules.
      [32m✓ All goal molecules found.[0m
      [32m✓ All goal reactions found.[0m
        [32m✓ Target reaction successfully synthesized in 11.58s![0m
      Evaluating reaction mos_239 (239/500)...
        [31m✗ Skipped reaction synthesis (missing molecule synthesis subproblem failed).[0m
      Evaluating reaction mos_240 (240/500)...
        [31m✗ Skipped reaction synthesis (missing molecule synthesis subproblem failed).[0m
      Evaluating reaction mos_241 (241/500)...
        [31m✗ Skipped reaction synthesis (missing molecule synthesis subproblem failed).[0m
      Evaluating reaction mos_242 (242/500)...
[Problem → Reactions] Found 299 reactions, 250 molecules.
      [32m✓ All goal molecules found.[0m
      [32m✓ All goal reactions found.[0m
        [32m✓ Target reaction successfully synthesized in 1.23s![0m
      Evaluating reaction mos_243 (243/500)...
        [31m✗ Skipped reaction synthesis (missing molecule synthesis subproblem failed).[0m
      Evaluating reaction mos_244 (244/500)...
        [31m✗ Skipped reaction synthesis (missing molecule synthesis subproblem failed).[0m
      Evaluating reaction mos_245 (245/500)...
        [31m✗ Skipped reaction synthesis (missing molecule synthesis subproblem failed).[0m
      Evaluating reaction mos_246 (246/500)...
        [31m✗ Skipped reaction synthesis (missing molecule synthesis subproblem failed).[0m
      Evaluating reaction mos_247 (247/500)...
        [31m✗ Skipped reaction synthesis (missing molecule synthesis subproblem failed).[0m
      Evaluating reaction mos_248 (248/500)...
        [31m✗ Skipped reaction synthesis (missing molecule synthesis subproblem failed).[0m
      Evaluating reaction mos_249 (249/500)...
        [31m✗ Skipped reaction synthesis (missing molecule synthesis subproblem failed).[0m
      Evaluating reaction mos_250 (250/500)...
        [31m✗ Skipped reaction synthesis (missing molecule synthesis subproblem failed).[0m
      Evaluating reaction mos_251 (251/500)...
        [31m✗ Skipped reaction synthesis (missing molecule synthesis subproblem failed).[0m
      Evaluating reaction mos_252 (252/500)...
        [31m✗ Skipped reaction synthesis (missing molecule synthesis subproblem failed).[0m
      Evaluating reaction mos_253 (253/500)...
[Problem → Reactions] Found 11128 reactions, 250 molecules.
      [32m✓ All goal molecules found.[0m
      [32m✓ All goal reactions found.[0m
        [32m✓ Target reaction successfully synthesized in 18.79s![0m
      Evaluating reaction mos_254 (254/500)...
[Problem → Reactions] Found 176 reactions, 250 molecules.
      [32m✓ All goal molecules found.[0m
      [32m✓ All goal reactions found.[0m
        [32m✓ Target reaction successfully synthesized in 1.06s![0m
      Evaluating reaction mos_255 (255/500)...
[Problem → Reactions] Found 681 reactions, 250 molecules.
      [32m✓ All goal molecules found.[0m
      [32m✓ All goal reactions found.[0m
        [32m✓ Target reaction successfully synthesized in 1.06s![0m
      Evaluating reaction mos_256 (256/500)...
        [31m✗ Skipped reaction synthesis (missing molecule synthesis subproblem failed).[0m
      Evaluating reaction mos_257 (257/500)...
[Problem → Reactions] Found 285 reactions, 250 molecules.
      [32m✓ All goal molecules found.[0m
      [32m✓ All goal reactions found.[0m
        [32m✓ Target reaction successfully synthesized in 0.73s![0m
      Evaluating reaction mos_258 (258/500)...
        [31m✗ Skipped reaction synthesis (missing molecule synthesis subproblem failed).[0m
      Evaluating reaction mos_259 (259/500)...
        [31m✗ Skipped reaction synthesis (missing molecule synthesis subproblem failed).[0m
      Evaluating reaction mos_260 (260/500)...
        [31m✗ Skipped reaction synthesis (missing molecule synthesis subproblem failed).[0m
      Evaluating reaction mos_261 (261/500)...
[Problem → Reactions] Found 194 reactions, 250 molecules.
      [32m✓ All goal molecules found.[0m
      [32m✓ All goal reactions found.[0m
        [32m✓ Target reaction successfully synthesized in 1.26s![0m
      Evaluating reaction mos_262 (262/500)...
        [31m✗ Skipped reaction synthesis (missing molecule synthesis subproblem failed).[0m
      Evaluating reaction mos_263 (263/500)...
        [31m✗ Skipped reaction synthesis (missing molecule synthesis subproblem failed).[0m
      Evaluating reaction mos_264 (264/500)...
        [31m✗ Skipped reaction synthesis (missing molecule synthesis subproblem failed).[0m
      Evaluating reaction mos_265 (265/500)...
[Problem → Reactions] Found 146 reactions, 250 molecules.
      [32m✓ All goal molecules found.[0m
      [32m✓ All goal reactions found.[0m
        [32m✓ Target reaction successfully synthesized in 1.02s![0m
      Evaluating reaction mos_266 (266/500)...
        [31m✗ Skipped reaction synthesis (missing molecule synthesis subproblem failed).[0m
      Evaluating reaction mos_267 (267/500)...
        [31m✗ Skipped reaction synthesis (missing molecule synthesis subproblem failed).[0m
      Evaluating reaction mos_268 (268/500)...
        [31m✗ Skipped reaction synthesis (missing molecule synthesis subproblem failed).[0m
      Evaluating reaction mos_269 (269/500)...
        [31m✗ Skipped reaction synthesis (missing molecule synthesis subproblem failed).[0m
      Evaluating reaction mos_270 (270/500)...
[Problem → Reactions] Found 141 reactions, 250 molecules.
      [32m✓ All goal molecules found.[0m
      [32m✓ All goal reactions found.[0m
        [32m✓ Target reaction successfully synthesized in 0.73s![0m
      Evaluating reaction mos_271 (271/500)...
        [31m✗ Skipped reaction synthesis (missing molecule synthesis subproblem failed).[0m
      Evaluating reaction mos_272 (272/500)...
[Problem → Reactions] Found 15480 reactions, 250 molecules.
      [32m✓ All goal molecules found.[0m
      [32m✓ All goal reactions found.[0m
        [32m✓ Target reaction successfully synthesized in 23.83s![0m
      Evaluating reaction mos_273 (273/500)...
        [31m✗ Skipped reaction synthesis (missing molecule synthesis subproblem failed).[0m
      Evaluating reaction mos_274 (274/500)...
[Problem → Reactions] Found 10044 reactions, 250 molecules.
      [32m✓ All goal molecules found.[0m
      [32m✓ All goal reactions found.[0m
        [32m✓ Target reaction successfully synthesized in 16.52s![0m
      Evaluating reaction mos_275 (275/500)...
[Problem → Reactions] Found 19532 reactions, 250 molecules.
      [32m✓ All goal molecules found.[0m
      [32m✓ All goal reactions found.[0m
        [32m✓ Target reaction successfully synthesized in 27.99s![0m
      Evaluating reaction mos_276 (276/500)...
[Problem → Reactions] Found 30000 reactions, 250 molecules.
      [32m✓ All goal molecules found.[0m
      [31m✗ Missing goal reactions.[0m
        [31m✗ Synthesis failed or timed out in 46.57s.[0m
      Evaluating reaction mos_277 (277/500)...
[Problem → Reactions] Found 24828 reactions, 250 molecules.
      [32m✓ All goal molecules found.[0m
      [32m✓ All goal reactions found.[0m
        [32m✓ Target reaction successfully synthesized in 43.63s![0m
      Evaluating reaction mos_278 (278/500)...
[Problem → Reactions] Found 195 reactions, 250 molecules.
      [32m✓ All goal molecules found.[0m
      [32m✓ All goal reactions found.[0m
        [32m✓ Target reaction successfully synthesized in 1.58s![0m
      Evaluating reaction mos_279 (279/500)...
        [31m✗ Skipped reaction synthesis (missing molecule synthesis subproblem failed).[0m
      Evaluating reaction mos_280 (280/500)...
        [31m✗ Skipped reaction synthesis (missing molecule synthesis subproblem failed).[0m
      Evaluating reaction mos_281 (281/500)...
[Problem → Reactions] Found 116 reactions, 250 molecules.
      [32m✓ All goal molecules found.[0m
      [32m✓ All goal reactions found.[0m
        [32m✓ Target reaction successfully synthesized in 0.75s![0m
      Evaluating reaction mos_282 (282/500)...
        [31m✗ Skipped reaction synthesis (missing molecule synthesis subproblem failed).[0m
      Evaluating reaction mos_283 (283/500)...
[Problem → Reactions] Found 107 reactions, 250 molecules.
      [32m✓ All goal molecules found.[0m
      [32m✓ All goal reactions found.[0m
        [32m✓ Target reaction successfully synthesized in 1.5s![0m
      Evaluating reaction mos_284 (284/500)...
        [31m✗ Skipped reaction synthesis (missing molecule synthesis subproblem failed).[0m
      Evaluating reaction mos_285 (285/500)...
[Problem → Reactions] Found 164 reactions, 250 molecules.
      [32m✓ All goal molecules found.[0m
      [32m✓ All goal reactions found.[0m
        [32m✓ Target reaction successfully synthesized in 1.7s![0m
      Evaluating reaction mos_286 (286/500)...
        [31m✗ Skipped reaction synthesis (missing molecule synthesis subproblem failed).[0m
      Evaluating reaction mos_287 (287/500)...
        [31m✗ Skipped reaction synthesis (missing molecule synthesis subproblem failed).[0m
      Evaluating reaction mos_288 (288/500)...
        [31m✗ Skipped reaction synthesis (missing molecule synthesis subproblem failed).[0m
      Evaluating reaction mos_289 (289/500)...
[Problem → Reactions] Found 13298 reactions, 250 molecules.
      [32m✓ All goal molecules found.[0m
      [32m✓ All goal reactions found.[0m
        [32m✓ Target reaction successfully synthesized in 19.97s![0m
      Evaluating reaction mos_290 (290/500)...
        [31m✗ Skipped reaction synthesis (missing molecule synthesis subproblem failed).[0m
      Evaluating reaction mos_291 (291/500)...
[Problem → Reactions] Found 113 reactions, 250 molecules.
      [32m✓ All goal molecules found.[0m
      [32m✓ All goal reactions found.[0m
        [32m✓ Target reaction successfully synthesized in 0.47s![0m
      Evaluating reaction mos_292 (292/500)...
        [31m✗ Skipped reaction synthesis (missing molecule synthesis subproblem failed).[0m
      Evaluating reaction mos_293 (293/500)...
        [31m✗ Skipped reaction synthesis (missing molecule synthesis subproblem failed).[0m
      Evaluating reaction mos_294 (294/500)...
[Problem → Reactions] Found 98 reactions, 250 molecules.
      [32m✓ All goal molecules found.[0m
      [32m✓ All goal reactions found.[0m
        [32m✓ Target reaction successfully synthesized in 0.53s![0m
      Evaluating reaction mos_295 (295/500)...
        [31m✗ Skipped reaction synthesis (missing molecule synthesis subproblem failed).[0m
      Evaluating reaction mos_296 (296/500)...
        [31m✗ Skipped reaction synthesis (missing molecule synthesis subproblem failed).[0m
      Evaluating reaction mos_297 (297/500)...
        [31m✗ Skipped reaction synthesis (missing molecule synthesis subproblem failed).[0m
      Evaluating reaction mos_298 (298/500)...
        [31m✗ Skipped reaction synthesis (missing molecule synthesis subproblem failed).[0m
      Evaluating reaction mos_299 (299/500)...
        [31m✗ Skipped reaction synthesis (missing molecule synthesis subproblem failed).[0m
      Evaluating reaction mos_300 (300/500)...
        [31m✗ Skipped reaction synthesis (missing molecule synthesis subproblem failed).[0m
      Evaluating reaction mos_301 (301/500)...
        [31m✗ Skipped reaction synthesis (missing molecule synthesis subproblem failed).[0m
      Evaluating reaction mos_302 (302/500)...
        [31m✗ Skipped reaction synthesis (missing molecule synthesis subproblem failed).[0m
      Evaluating reaction mos_303 (303/500)...
        [31m✗ Skipped reaction synthesis (missing molecule synthesis subproblem failed).[0m
      Evaluating reaction mos_304 (304/500)...
        [31m✗ Skipped reaction synthesis (missing molecule synthesis subproblem failed).[0m
      Evaluating reaction mos_305 (305/500)...
        [31m✗ Skipped reaction synthesis (missing molecule synthesis subproblem failed).[0m
      Evaluating reaction mos_306 (306/500)...
[Problem → Reactions] Found 14463 reactions, 250 molecules.
      [32m✓ All goal molecules found.[0m
      [32m✓ All goal reactions found.[0m
        [32m✓ Target reaction successfully synthesized in 3.64s![0m
      Evaluating reaction mos_307 (307/500)...
        [31m✗ Skipped reaction synthesis (missing molecule synthesis subproblem failed).[0m
      Evaluating reaction mos_308 (308/500)...
        [31m✗ Skipped reaction synthesis (missing molecule synthesis subproblem failed).[0m
      Evaluating reaction mos_309 (309/500)...
        [31m✗ Skipped reaction synthesis (missing molecule synthesis subproblem failed).[0m
      Evaluating reaction mos_310 (310/500)...
[Problem → Reactions] Found 245 reactions, 250 molecules.
      [32m✓ All goal molecules found.[0m
      [32m✓ All goal reactions found.[0m
        [32m✓ Target reaction successfully synthesized in 0.5s![0m
      Evaluating reaction mos_311 (311/500)...
        [31m✗ Skipped reaction synthesis (missing molecule synthesis subproblem failed).[0m
      Evaluating reaction mos_312 (312/500)...
[Problem → Reactions] Found 30000 reactions, 250 molecules.
      [32m✓ All goal molecules found.[0m
      [31m✗ Missing goal reactions.[0m
        [31m✗ Synthesis failed or timed out in 58.04s.[0m
      Evaluating reaction mos_313 (313/500)...
        [31m✗ Skipped reaction synthesis (missing molecule synthesis subproblem failed).[0m
      Evaluating reaction mos_314 (314/500)...
        [31m✗ Skipped reaction synthesis (missing molecule synthesis subproblem failed).[0m
      Evaluating reaction mos_315 (315/500)...
[Problem → Reactions] Found 30000 reactions, 250 molecules.
      [32m✓ All goal molecules found.[0m
      [31m✗ Missing goal reactions.[0m
        [31m✗ Synthesis failed or timed out in 61.76s.[0m
      Evaluating reaction mos_316 (316/500)...
        [31m✗ Skipped reaction synthesis (missing molecule synthesis subproblem failed).[0m
      Evaluating reaction mos_317 (317/500)...
        [31m✗ Skipped reaction synthesis (missing molecule synthesis subproblem failed).[0m
      Evaluating reaction mos_318 (318/500)...
[Problem → Reactions] Found 30000 reactions, 250 molecules.
      [32m✓ All goal molecules found.[0m
      [31m✗ Missing goal reactions.[0m
        [31m✗ Synthesis failed or timed out in 67.37s.[0m
      Evaluating reaction mos_319 (319/500)...
        [31m✗ Skipped reaction synthesis (missing molecule synthesis subproblem failed).[0m
      Evaluating reaction mos_320 (320/500)...
[Problem → Reactions] Found 407 reactions, 250 molecules.
      [32m✓ All goal molecules found.[0m
      [32m✓ All goal reactions found.[0m
        [32m✓ Target reaction successfully synthesized in 0.75s![0m
      Evaluating reaction mos_321 (321/500)...
        [31m✗ Skipped reaction synthesis (missing molecule synthesis subproblem failed).[0m
      Evaluating reaction mos_322 (322/500)...
        [31m✗ Skipped reaction synthesis (missing molecule synthesis subproblem failed).[0m
      Evaluating reaction mos_323 (323/500)...
[Problem → Reactions] Found 182 reactions, 250 molecules.
      [32m✓ All goal molecules found.[0m
      [32m✓ All goal reactions found.[0m
        [32m✓ Target reaction successfully synthesized in 1.27s![0m
      Evaluating reaction mos_324 (324/500)...
[Problem → Reactions] Found 4156 reactions, 250 molecules.
      [32m✓ All goal molecules found.[0m
      [32m✓ All goal reactions found.[0m
        [32m✓ Target reaction successfully synthesized in 10.38s![0m
      Evaluating reaction mos_325 (325/500)...
        [31m✗ Skipped reaction synthesis (missing molecule synthesis subproblem failed).[0m
      Evaluating reaction mos_326 (326/500)...
        [31m✗ Skipped reaction synthesis (missing molecule synthesis subproblem failed).[0m
      Evaluating reaction mos_327 (327/500)...
        [31m✗ Skipped reaction synthesis (missing molecule synthesis subproblem failed).[0m
      Evaluating reaction mos_328 (328/500)...
        [31m✗ Skipped reaction synthesis (missing molecule synthesis subproblem failed).[0m
      Evaluating reaction mos_329 (329/500)...
        [31m✗ Skipped reaction synthesis (missing molecule synthesis subproblem failed).[0m
      Evaluating reaction mos_330 (330/500)...
        [31m✗ Skipped reaction synthesis (missing molecule synthesis subproblem failed).[0m
      Evaluating reaction mos_331 (331/500)...
[Problem → Reactions] Found 2367 reactions, 250 molecules.
      [32m✓ All goal molecules found.[0m
      [32m✓ All goal reactions found.[0m
        [32m✓ Target reaction successfully synthesized in 1.47s![0m
      Evaluating reaction mos_332 (332/500)...
        [31m✗ Skipped reaction synthesis (missing molecule synthesis subproblem failed).[0m
      Evaluating reaction mos_333 (333/500)...
[Problem → Reactions] Found 179 reactions, 250 molecules.
      [32m✓ All goal molecules found.[0m
      [32m✓ All goal reactions found.[0m
        [32m✓ Target reaction successfully synthesized in 0.85s![0m
      Evaluating reaction mos_334 (334/500)...
[Problem → Reactions] Found 2689 reactions, 250 molecules.
      [32m✓ All goal molecules found.[0m
      [32m✓ All goal reactions found.[0m
        [32m✓ Target reaction successfully synthesized in 2.51s![0m
      Evaluating reaction mos_335 (335/500)...
        [31m✗ Skipped reaction synthesis (missing molecule synthesis subproblem failed).[0m
      Evaluating reaction mos_336 (336/500)...
        [31m✗ Skipped reaction synthesis (missing molecule synthesis subproblem failed).[0m
      Evaluating reaction mos_337 (337/500)...
[Problem → Reactions] Found 30000 reactions, 250 molecules.
      [32m✓ All goal molecules found.[0m
      [31m✗ Missing goal reactions.[0m
        [31m✗ Synthesis failed or timed out in 50.92s.[0m
      Evaluating reaction mos_338 (338/500)...
        [31m✗ Skipped reaction synthesis (missing molecule synthesis subproblem failed).[0m
      Evaluating reaction mos_339 (339/500)...
        [31m✗ Skipped reaction synthesis (missing molecule synthesis subproblem failed).[0m
      Evaluating reaction mos_340 (340/500)...
        [31m✗ Skipped reaction synthesis (missing molecule synthesis subproblem failed).[0m
      Evaluating reaction mos_341 (341/500)...
        [31m✗ Skipped reaction synthesis (missing molecule synthesis subproblem failed).[0m
      Evaluating reaction mos_342 (342/500)...
        [31m✗ Skipped reaction synthesis (missing molecule synthesis subproblem failed).[0m
      Evaluating reaction mos_343 (343/500)...
[Problem → Reactions] Found 7556 reactions, 250 molecules.
      [32m✓ All goal molecules found.[0m
      [32m✓ All goal reactions found.[0m
        [32m✓ Target reaction successfully synthesized in 12.69s![0m
      Evaluating reaction mos_344 (344/500)...
[Problem → Reactions] Found 101 reactions, 250 molecules.
      [32m✓ All goal molecules found.[0m
      [32m✓ All goal reactions found.[0m
        [32m✓ Target reaction successfully synthesized in 0.9s![0m
      Evaluating reaction mos_345 (345/500)...
        [31m✗ Skipped reaction synthesis (missing molecule synthesis subproblem failed).[0m
      Evaluating reaction mos_346 (346/500)...
[Problem → Reactions] Found 2944 reactions, 250 molecules.
      [32m✓ All goal molecules found.[0m
      [32m✓ All goal reactions found.[0m
        [32m✓ Target reaction successfully synthesized in 8.6s![0m
      Evaluating reaction mos_347 (347/500)...
        [31m✗ Skipped reaction synthesis (missing molecule synthesis subproblem failed).[0m
      Evaluating reaction mos_348 (348/500)...
        [31m✗ Skipped reaction synthesis (missing molecule synthesis subproblem failed).[0m
      Evaluating reaction mos_349 (349/500)...
        [31m✗ Skipped reaction synthesis (missing molecule synthesis subproblem failed).[0m
      Evaluating reaction mos_350 (350/500)...
        [31m✗ Skipped reaction synthesis (missing molecule synthesis subproblem failed).[0m
      Evaluating reaction mos_351 (351/500)...
[Problem → Reactions] Found 5165 reactions, 250 molecules.
      [32m✓ All goal molecules found.[0m
      [32m✓ All goal reactions found.[0m
        [32m✓ Target reaction successfully synthesized in 3.15s![0m
      Evaluating reaction mos_352 (352/500)...
[Problem → Reactions] Found 176 reactions, 250 molecules.
      [32m✓ All goal molecules found.[0m
      [32m✓ All goal reactions found.[0m
        [32m✓ Target reaction successfully synthesized in 0.99s![0m
      Evaluating reaction mos_353 (353/500)...
[Problem → Reactions] Found 7734 reactions, 250 molecules.
      [32m✓ All goal molecules found.[0m
      [32m✓ All goal reactions found.[0m
        [32m✓ Target reaction successfully synthesized in 12.25s![0m
      Evaluating reaction mos_354 (354/500)...
[Problem → Reactions] Found 30000 reactions, 250 molecules.
      [32m✓ All goal molecules found.[0m
      [31m✗ Missing goal reactions.[0m
        [31m✗ Synthesis failed or timed out in 56.27s.[0m
      Evaluating reaction mos_355 (355/500)...
[Problem → Reactions] Found 203 reactions, 250 molecules.
      [32m✓ All goal molecules found.[0m
      [32m✓ All goal reactions found.[0m
        [32m✓ Target reaction successfully synthesized in 1.25s![0m
      Evaluating reaction mos_356 (356/500)...
[Problem → Reactions] Found 30000 reactions, 250 molecules.
      [32m✓ All goal molecules found.[0m
      [31m✗ Missing goal reactions.[0m
        [31m✗ Synthesis failed or timed out in 37.81s.[0m
      Evaluating reaction mos_357 (357/500)...
        [31m✗ Skipped reaction synthesis (missing molecule synthesis subproblem failed).[0m
      Evaluating reaction mos_358 (358/500)...
[Problem → Reactions] Found 369 reactions, 250 molecules.
      [32m✓ All goal molecules found.[0m
      [32m✓ All goal reactions found.[0m
        [32m✓ Target reaction successfully synthesized in 1.72s![0m
      Evaluating reaction mos_359 (359/500)...
        [31m✗ Skipped reaction synthesis (missing molecule synthesis subproblem failed).[0m
      Evaluating reaction mos_360 (360/500)...
        [31m✗ Skipped reaction synthesis (missing molecule synthesis subproblem failed).[0m
      Evaluating reaction mos_361 (361/500)...
        [31m✗ Skipped reaction synthesis (missing molecule synthesis subproblem failed).[0m
      Evaluating reaction mos_362 (362/500)...
        [31m✗ Skipped reaction synthesis (missing molecule synthesis subproblem failed).[0m
      Evaluating reaction mos_363 (363/500)...
[Problem → Reactions] Found 5378 reactions, 250 molecules.
      [32m✓ All goal molecules found.[0m
      [32m✓ All goal reactions found.[0m
        [32m✓ Target reaction successfully synthesized in 11.44s![0m
      Evaluating reaction mos_364 (364/500)...
[Problem → Reactions] Found 393 reactions, 250 molecules.
      [32m✓ All goal molecules found.[0m
      [32m✓ All goal reactions found.[0m
        [32m✓ Target reaction successfully synthesized in 0.98s![0m
      Evaluating reaction mos_365 (365/500)...
        [31m✗ Skipped reaction synthesis (missing molecule synthesis subproblem failed).[0m
      Evaluating reaction mos_366 (366/500)...
        [31m✗ Skipped reaction synthesis (missing molecule synthesis subproblem failed).[0m
      Evaluating reaction mos_367 (367/500)...
[Problem → Reactions] Found 236 reactions, 250 molecules.
      [32m✓ All goal molecules found.[0m
      [32m✓ All goal reactions found.[0m
        [32m✓ Target reaction successfully synthesized in 1.7s![0m
      Evaluating reaction mos_368 (368/500)...
        [31m✗ Skipped reaction synthesis (missing molecule synthesis subproblem failed).[0m
      Evaluating reaction mos_369 (369/500)...
        [31m✗ Skipped reaction synthesis (missing molecule synthesis subproblem failed).[0m
      Evaluating reaction mos_370 (370/500)...
        [31m✗ Skipped reaction synthesis (missing molecule synthesis subproblem failed).[0m
      Evaluating reaction mos_371 (371/500)...
        [31m✗ Skipped reaction synthesis (missing molecule synthesis subproblem failed).[0m
      Evaluating reaction mos_372 (372/500)...
        [31m✗ Skipped reaction synthesis (missing molecule synthesis subproblem failed).[0m
      Evaluating reaction mos_373 (373/500)...
[Problem → Reactions] Found 8891 reactions, 250 molecules.
      [32m✓ All goal molecules found.[0m
      [32m✓ All goal reactions found.[0m
        [32m✓ Target reaction successfully synthesized in 3.14s![0m
      Evaluating reaction mos_374 (374/500)...
        [31m✗ Skipped reaction synthesis (missing molecule synthesis subproblem failed).[0m
      Evaluating reaction mos_375 (375/500)...
        [31m✗ Skipped reaction synthesis (missing molecule synthesis subproblem failed).[0m
      Evaluating reaction mos_376 (376/500)...
        [31m✗ Skipped reaction synthesis (missing molecule synthesis subproblem failed).[0m
      Evaluating reaction mos_377 (377/500)...
[Problem → Reactions] Found 311 reactions, 250 molecules.
      [32m✓ All goal molecules found.[0m
      [32m✓ All goal reactions found.[0m
        [32m✓ Target reaction successfully synthesized in 0.63s![0m
      Evaluating reaction mos_378 (378/500)...
        [31m✗ Skipped reaction synthesis (missing molecule synthesis subproblem failed).[0m
      Evaluating reaction mos_379 (379/500)...
[Problem → Reactions] Found 6736 reactions, 250 molecules.
      [32m✓ All goal molecules found.[0m
      [32m✓ All goal reactions found.[0m
        [32m✓ Target reaction successfully synthesized in 18.79s![0m
      Evaluating reaction mos_380 (380/500)...
        [31m✗ Skipped reaction synthesis (missing molecule synthesis subproblem failed).[0m
      Evaluating reaction mos_381 (381/500)...
        [31m✗ Skipped reaction synthesis (missing molecule synthesis subproblem failed).[0m
      Evaluating reaction mos_382 (382/500)...
        [31m✗ Skipped reaction synthesis (missing molecule synthesis subproblem failed).[0m
      Evaluating reaction mos_383 (383/500)...
[Problem → Reactions] Found 30000 reactions, 250 molecules.
      [32m✓ All goal molecules found.[0m
      [31m✗ Missing goal reactions.[0m
        [31m✗ Synthesis failed or timed out in 62.26s.[0m
      Evaluating reaction mos_384 (384/500)...
        [31m✗ Skipped reaction synthesis (missing molecule synthesis subproblem failed).[0m
      Evaluating reaction mos_385 (385/500)...
        [31m✗ Skipped reaction synthesis (missing molecule synthesis subproblem failed).[0m
      Evaluating reaction mos_386 (386/500)...
        [31m✗ Skipped reaction synthesis (missing molecule synthesis subproblem failed).[0m
      Evaluating reaction mos_387 (387/500)...
        [31m✗ Skipped reaction synthesis (missing molecule synthesis subproblem failed).[0m
      Evaluating reaction mos_388 (388/500)...
[Problem → Reactions] Found 30000 reactions, 250 molecules.
      [32m✓ All goal molecules found.[0m
      [31m✗ Missing goal reactions.[0m
        [31m✗ Synthesis failed or timed out in 91.95s.[0m
      Evaluating reaction mos_389 (389/500)...
        [31m✗ Skipped reaction synthesis (missing molecule synthesis subproblem failed).[0m
      Evaluating reaction mos_390 (390/500)...
[Problem → Reactions] Found 93 reactions, 250 molecules.
      [32m✓ All goal molecules found.[0m
      [32m✓ All goal reactions found.[0m
        [32m✓ Target reaction successfully synthesized in 1.22s![0m
      Evaluating reaction mos_391 (391/500)...
[Problem → Reactions] Found 99 reactions, 250 molecules.
      [32m✓ All goal molecules found.[0m
      [32m✓ All goal reactions found.[0m
        [32m✓ Target reaction successfully synthesized in 1.78s![0m
      Evaluating reaction mos_392 (392/500)...
[Problem → Reactions] Found 1260 reactions, 250 molecules.
      [32m✓ All goal molecules found.[0m
      [32m✓ All goal reactions found.[0m
        [32m✓ Target reaction successfully synthesized in 6.83s![0m
      Evaluating reaction mos_393 (393/500)...
[Problem → Reactions] Found 13170 reactions, 250 molecules.
      [32m✓ All goal molecules found.[0m
      [32m✓ All goal reactions found.[0m
        [32m✓ Target reaction successfully synthesized in 23.94s![0m
      Evaluating reaction mos_394 (394/500)...
        [31m✗ Skipped reaction synthesis (missing molecule synthesis subproblem failed).[0m
      Evaluating reaction mos_395 (395/500)...
        [31m✗ Skipped reaction synthesis (missing molecule synthesis subproblem failed).[0m
      Evaluating reaction mos_396 (396/500)...
        [31m✗ Skipped reaction synthesis (missing molecule synthesis subproblem failed).[0m
      Evaluating reaction mos_397 (397/500)...
[Problem → Reactions] Found 344 reactions, 250 molecules.
      [32m✓ All goal molecules found.[0m
      [32m✓ All goal reactions found.[0m
        [32m✓ Target reaction successfully synthesized in 0.69s![0m
      Evaluating reaction mos_398 (398/500)...
        [31m✗ Skipped reaction synthesis (missing molecule synthesis subproblem failed).[0m
      Evaluating reaction mos_399 (399/500)...
        [31m✗ Skipped reaction synthesis (missing molecule synthesis subproblem failed).[0m
      Evaluating reaction mos_400 (400/500)...
        [31m✗ Skipped reaction synthesis (missing molecule synthesis subproblem failed).[0m
      Evaluating reaction mos_401 (401/500)...
[Problem → Reactions] Found 95 reactions, 250 molecules.
      [32m✓ All goal molecules found.[0m
      [32m✓ All goal reactions found.[0m
        [32m✓ Target reaction successfully synthesized in 0.77s![0m
      Evaluating reaction mos_402 (402/500)...
        [31m✗ Skipped reaction synthesis (missing molecule synthesis subproblem failed).[0m
      Evaluating reaction mos_403 (403/500)...
        [31m✗ Skipped reaction synthesis (missing molecule synthesis subproblem failed).[0m
      Evaluating reaction mos_404 (404/500)...
        [31m✗ Skipped reaction synthesis (missing molecule synthesis subproblem failed).[0m
      Evaluating reaction mos_405 (405/500)...
        [31m✗ Skipped reaction synthesis (missing molecule synthesis subproblem failed).[0m
      Evaluating reaction mos_406 (406/500)...
        [31m✗ Skipped reaction synthesis (missing molecule synthesis subproblem failed).[0m
      Evaluating reaction mos_407 (407/500)...
        [31m✗ Skipped reaction synthesis (missing molecule synthesis subproblem failed).[0m
      Evaluating reaction mos_408 (408/500)...
        [31m✗ Skipped reaction synthesis (missing molecule synthesis subproblem failed).[0m
      Evaluating reaction mos_409 (409/500)...
        [31m✗ Skipped reaction synthesis (missing molecule synthesis subproblem failed).[0m
      Evaluating reaction mos_410 (410/500)...
        [31m✗ Skipped reaction synthesis (missing molecule synthesis subproblem failed).[0m
      Evaluating reaction mos_411 (411/500)...
[Problem → Reactions] Found 5043 reactions, 250 molecules.
      [32m✓ All goal molecules found.[0m
      [32m✓ All goal reactions found.[0m
        [32m✓ Target reaction successfully synthesized in 3.18s![0m
      Evaluating reaction mos_412 (412/500)...
        [31m✗ Skipped reaction synthesis (missing molecule synthesis subproblem failed).[0m
      Evaluating reaction mos_413 (413/500)...
        [31m✗ Skipped reaction synthesis (missing molecule synthesis subproblem failed).[0m
      Evaluating reaction mos_414 (414/500)...
[Problem → Reactions] Found 2269 reactions, 250 molecules.
      [32m✓ All goal molecules found.[0m
      [32m✓ All goal reactions found.[0m
        [32m✓ Target reaction successfully synthesized in 3.42s![0m
      Evaluating reaction mos_415 (415/500)...
        [31m✗ Skipped reaction synthesis (missing molecule synthesis subproblem failed).[0m
      Evaluating reaction mos_416 (416/500)...
        [31m✗ Skipped reaction synthesis (missing molecule synthesis subproblem failed).[0m
      Evaluating reaction mos_417 (417/500)...
[Problem → Reactions] Found 62 reactions, 250 molecules.
      [32m✓ All goal molecules found.[0m
      [32m✓ All goal reactions found.[0m
        [32m✓ Target reaction successfully synthesized in 1.01s![0m
      Evaluating reaction mos_418 (418/500)...
        [31m✗ Skipped reaction synthesis (missing molecule synthesis subproblem failed).[0m
      Evaluating reaction mos_419 (419/500)...
        [31m✗ Skipped reaction synthesis (missing molecule synthesis subproblem failed).[0m
      Evaluating reaction mos_420 (420/500)...
[Problem → Reactions] Found 3819 reactions, 250 molecules.
      [32m✓ All goal molecules found.[0m
      [32m✓ All goal reactions found.[0m
        [32m✓ Target reaction successfully synthesized in 2.86s![0m
      Evaluating reaction mos_421 (421/500)...
        [31m✗ Skipped reaction synthesis (missing molecule synthesis subproblem failed).[0m
      Evaluating reaction mos_422 (422/500)...
        [31m✗ Skipped reaction synthesis (missing molecule synthesis subproblem failed).[0m
      Evaluating reaction mos_423 (423/500)...
        [31m✗ Skipped reaction synthesis (missing molecule synthesis subproblem failed).[0m
      Evaluating reaction mos_424 (424/500)...
[Problem → Reactions] Found 152 reactions, 250 molecules.
      [32m✓ All goal molecules found.[0m
      [32m✓ All goal reactions found.[0m
        [32m✓ Target reaction successfully synthesized in 2.88s![0m
      Evaluating reaction mos_425 (425/500)...
[Problem → Reactions] Found 443 reactions, 250 molecules.
      [32m✓ All goal molecules found.[0m
      [32m✓ All goal reactions found.[0m
        [32m✓ Target reaction successfully synthesized in 1.37s![0m
      Evaluating reaction mos_426 (426/500)...
[Problem → Reactions] Found 171 reactions, 250 molecules.
      [32m✓ All goal molecules found.[0m
      [32m✓ All goal reactions found.[0m
        [32m✓ Target reaction successfully synthesized in 2.06s![0m
      Evaluating reaction mos_427 (427/500)...
[Problem → Reactions] Found 218 reactions, 250 molecules.
      [32m✓ All goal molecules found.[0m
      [32m✓ All goal reactions found.[0m
        [32m✓ Target reaction successfully synthesized in 0.91s![0m
      Evaluating reaction mos_428 (428/500)...
        [31m✗ Skipped reaction synthesis (missing molecule synthesis subproblem failed).[0m
      Evaluating reaction mos_429 (429/500)...
        [31m✗ Skipped reaction synthesis (missing molecule synthesis subproblem failed).[0m
      Evaluating reaction mos_430 (430/500)...
[Problem → Reactions] Found 6478 reactions, 250 molecules.
      [32m✓ All goal molecules found.[0m
      [32m✓ All goal reactions found.[0m
        [32m✓ Target reaction successfully synthesized in 15.17s![0m
      Evaluating reaction mos_431 (431/500)...
        [31m✗ Skipped reaction synthesis (missing molecule synthesis subproblem failed).[0m
      Evaluating reaction mos_432 (432/500)...
[Problem → Reactions] Found 5266 reactions, 250 molecules.
      [32m✓ All goal molecules found.[0m
      [32m✓ All goal reactions found.[0m
        [32m✓ Target reaction successfully synthesized in 13.93s![0m
      Evaluating reaction mos_433 (433/500)...
        [31m✗ Skipped reaction synthesis (missing molecule synthesis subproblem failed).[0m
      Evaluating reaction mos_434 (434/500)...
        [31m✗ Skipped reaction synthesis (missing molecule synthesis subproblem failed).[0m
      Evaluating reaction mos_435 (435/500)...
[Problem → Reactions] Found 2301 reactions, 250 molecules.
      [32m✓ All goal molecules found.[0m
      [32m✓ All goal reactions found.[0m
        [32m✓ Target reaction successfully synthesized in 1.62s![0m
      Evaluating reaction mos_436 (436/500)...
        [31m✗ Skipped reaction synthesis (missing molecule synthesis subproblem failed).[0m
      Evaluating reaction mos_437 (437/500)...
        [31m✗ Skipped reaction synthesis (missing molecule synthesis subproblem failed).[0m
      Evaluating reaction mos_438 (438/500)...
        [31m✗ Skipped reaction synthesis (missing molecule synthesis subproblem failed).[0m
      Evaluating reaction mos_439 (439/500)...
[Problem → Reactions] Found 254 reactions, 250 molecules.
      [32m✓ All goal molecules found.[0m
      [32m✓ All goal reactions found.[0m
        [32m✓ Target reaction successfully synthesized in 1.08s![0m
      Evaluating reaction mos_440 (440/500)...
        [31m✗ Skipped reaction synthesis (missing molecule synthesis subproblem failed).[0m
      Evaluating reaction mos_441 (441/500)...
[Problem → Reactions] Found 341 reactions, 250 molecules.
      [32m✓ All goal molecules found.[0m
      [32m✓ All goal reactions found.[0m
        [32m✓ Target reaction successfully synthesized in 1.81s![0m
      Evaluating reaction mos_442 (442/500)...
        [31m✗ Skipped reaction synthesis (missing molecule synthesis subproblem failed).[0m
      Evaluating reaction mos_443 (443/500)...
        [31m✗ Skipped reaction synthesis (missing molecule synthesis subproblem failed).[0m
      Evaluating reaction mos_444 (444/500)...
        [31m✗ Skipped reaction synthesis (missing molecule synthesis subproblem failed).[0m
      Evaluating reaction mos_445 (445/500)...
        [31m✗ Skipped reaction synthesis (missing molecule synthesis subproblem failed).[0m
      Evaluating reaction mos_446 (446/500)...
        [31m✗ Skipped reaction synthesis (missing molecule synthesis subproblem failed).[0m
      Evaluating reaction mos_447 (447/500)...
        [31m✗ Skipped reaction synthesis (missing molecule synthesis subproblem failed).[0m
      Evaluating reaction mos_448 (448/500)...
        [31m✗ Skipped reaction synthesis (missing molecule synthesis subproblem failed).[0m
      Evaluating reaction mos_449 (449/500)...
        [31m✗ Skipped reaction synthesis (missing molecule synthesis subproblem failed).[0m
      Evaluating reaction mos_450 (450/500)...
        [31m✗ Skipped reaction synthesis (missing molecule synthesis subproblem failed).[0m
      Evaluating reaction mos_451 (451/500)...
        [31m✗ Skipped reaction synthesis (missing molecule synthesis subproblem failed).[0m
      Evaluating reaction mos_452 (452/500)...
        [31m✗ Skipped reaction synthesis (missing molecule synthesis subproblem failed).[0m
      Evaluating reaction mos_453 (453/500)...
        [31m✗ Skipped reaction synthesis (missing molecule synthesis subproblem failed).[0m
      Evaluating reaction mos_454 (454/500)...
        [31m✗ Skipped reaction synthesis (missing molecule synthesis subproblem failed).[0m
      Evaluating reaction mos_455 (455/500)...
        [31m✗ Skipped reaction synthesis (missing molecule synthesis subproblem failed).[0m
      Evaluating reaction mos_456 (456/500)...
[Problem → Reactions] Found 2999 reactions, 250 molecules.
      [32m✓ All goal molecules found.[0m
      [32m✓ All goal reactions found.[0m
        [32m✓ Target reaction successfully synthesized in 2.07s![0m
      Evaluating reaction mos_457 (457/500)...
[Problem → Reactions] Found 89 reactions, 250 molecules.
      [32m✓ All goal molecules found.[0m
      [32m✓ All goal reactions found.[0m
        [32m✓ Target reaction successfully synthesized in 0.89s![0m
      Evaluating reaction mos_458 (458/500)...
        [31m✗ Skipped reaction synthesis (missing molecule synthesis subproblem failed).[0m
      Evaluating reaction mos_459 (459/500)...
        [31m✗ Skipped reaction synthesis (missing molecule synthesis subproblem failed).[0m
      Evaluating reaction mos_460 (460/500)...
[Problem → Reactions] Found 12114 reactions, 250 molecules.
      [32m✓ All goal molecules found.[0m
      [32m✓ All goal reactions found.[0m
        [32m✓ Target reaction successfully synthesized in 26.04s![0m
      Evaluating reaction mos_461 (461/500)...
        [31m✗ Skipped reaction synthesis (missing molecule synthesis subproblem failed).[0m
      Evaluating reaction mos_462 (462/500)...
[Problem → Reactions] Found 347 reactions, 250 molecules.
      [32m✓ All goal molecules found.[0m
      [32m✓ All goal reactions found.[0m
        [32m✓ Target reaction successfully synthesized in 1.56s![0m
      Evaluating reaction mos_463 (463/500)...
        [31m✗ Skipped reaction synthesis (missing molecule synthesis subproblem failed).[0m
      Evaluating reaction mos_464 (464/500)...
        [31m✗ Skipped reaction synthesis (missing molecule synthesis subproblem failed).[0m
      Evaluating reaction mos_465 (465/500)...
        [31m✗ Skipped reaction synthesis (missing molecule synthesis subproblem failed).[0m
      Evaluating reaction mos_466 (466/500)...
        [31m✗ Skipped reaction synthesis (missing molecule synthesis subproblem failed).[0m
      Evaluating reaction mos_467 (467/500)...
        [31m✗ Skipped reaction synthesis (missing molecule synthesis subproblem failed).[0m
      Evaluating reaction mos_468 (468/500)...
[Problem → Reactions] Found 24518 reactions, 250 molecules.
      [32m✓ All goal molecules found.[0m
      [32m✓ All goal reactions found.[0m
        [32m✓ Target reaction successfully synthesized in 39.59s![0m
      Evaluating reaction mos_469 (469/500)...
        [31m✗ Skipped reaction synthesis (missing molecule synthesis subproblem failed).[0m
      Evaluating reaction mos_470 (470/500)...
        [31m✗ Skipped reaction synthesis (missing molecule synthesis subproblem failed).[0m
      Evaluating reaction mos_471 (471/500)...
[Problem → Reactions] Found 30000 reactions, 250 molecules.
      [32m✓ All goal molecules found.[0m
      [31m✗ Missing goal reactions.[0m
        [31m✗ Synthesis failed or timed out in 49.71s.[0m
      Evaluating reaction mos_472 (472/500)...
        [31m✗ Skipped reaction synthesis (missing molecule synthesis subproblem failed).[0m
      Evaluating reaction mos_473 (473/500)...
[Problem → Reactions] Found 128 reactions, 250 molecules.
      [32m✓ All goal molecules found.[0m
      [32m✓ All goal reactions found.[0m
        [32m✓ Target reaction successfully synthesized in 0.87s![0m
      Evaluating reaction mos_474 (474/500)...
        [31m✗ Skipped reaction synthesis (missing molecule synthesis subproblem failed).[0m
      Evaluating reaction mos_475 (475/500)...
        [31m✗ Skipped reaction synthesis (missing molecule synthesis subproblem failed).[0m
      Evaluating reaction mos_476 (476/500)...
[Problem → Reactions] Found 2081 reactions, 250 molecules.
      [32m✓ All goal molecules found.[0m
      [32m✓ All goal reactions found.[0m
        [32m✓ Target reaction successfully synthesized in 1.42s![0m
      Evaluating reaction mos_477 (477/500)...
        [31m✗ Skipped reaction synthesis (missing molecule synthesis subproblem failed).[0m
      Evaluating reaction mos_478 (478/500)...
        [31m✗ Skipped reaction synthesis (missing molecule synthesis subproblem failed).[0m
      Evaluating reaction mos_479 (479/500)...
[Problem → Reactions] Found 254 reactions, 250 molecules.
      [32m✓ All goal molecules found.[0m
      [32m✓ All goal reactions found.[0m
        [32m✓ Target reaction successfully synthesized in 0.92s![0m
      Evaluating reaction mos_480 (480/500)...
[Problem → Reactions] Found 1459 reactions, 250 molecules.
      [32m✓ All goal molecules found.[0m
      [32m✓ All goal reactions found.[0m
        [32m✓ Target reaction successfully synthesized in 1.69s![0m
      Evaluating reaction mos_481 (481/500)...
        [31m✗ Skipped reaction synthesis (missing molecule synthesis subproblem failed).[0m
      Evaluating reaction mos_482 (482/500)...
[Problem → Reactions] Found 30000 reactions, 250 molecules.
      [32m✓ All goal molecules found.[0m
      [31m✗ Missing goal reactions.[0m
        [31m✗ Synthesis failed or timed out in 40.75s.[0m
      Evaluating reaction mos_483 (483/500)...
        [31m✗ Skipped reaction synthesis (missing molecule synthesis subproblem failed).[0m
      Evaluating reaction mos_484 (484/500)...
        [31m✗ Skipped reaction synthesis (missing molecule synthesis subproblem failed).[0m
      Evaluating reaction mos_485 (485/500)...
        [31m✗ Skipped reaction synthesis (missing molecule synthesis subproblem failed).[0m
      Evaluating reaction mos_486 (486/500)...
        [31m✗ Skipped reaction synthesis (missing molecule synthesis subproblem failed).[0m
      Evaluating reaction mos_487 (487/500)...
        [31m✗ Skipped reaction synthesis (missing molecule synthesis subproblem failed).[0m
      Evaluating reaction mos_488 (488/500)...
        [31m✗ Skipped reaction synthesis (missing molecule synthesis subproblem failed).[0m
      Evaluating reaction mos_489 (489/500)...
        [31m✗ Skipped reaction synthesis (missing molecule synthesis subproblem failed).[0m
      Evaluating reaction mos_490 (490/500)...
        [31m✗ Skipped reaction synthesis (missing molecule synthesis subproblem failed).[0m
      Evaluating reaction mos_491 (491/500)...
        [31m✗ Skipped reaction synthesis (missing molecule synthesis subproblem failed).[0m
      Evaluating reaction mos_492 (492/500)...
        [31m✗ Skipped reaction synthesis (missing molecule synthesis subproblem failed).[0m
      Evaluating reaction mos_493 (493/500)...
        [31m✗ Skipped reaction synthesis (missing molecule synthesis subproblem failed).[0m
      Evaluating reaction mos_494 (494/500)...
[Problem → Reactions] Found 30000 reactions, 250 molecules.
      [32m✓ All goal molecules found.[0m
      [31m✗ Missing goal reactions.[0m
        [31m✗ Synthesis failed or timed out in 65.18s.[0m
      Evaluating reaction mos_495 (495/500)...
        [31m✗ Skipped reaction synthesis (missing molecule synthesis subproblem failed).[0m
      Evaluating reaction mos_496 (496/500)...
[Problem → Reactions] Found 225 reactions, 250 molecules.
      [32m✓ All goal molecules found.[0m
      [32m✓ All goal reactions found.[0m
        [32m✓ Target reaction successfully synthesized in 0.76s![0m
      Evaluating reaction mos_497 (497/500)...
        [31m✗ Skipped reaction synthesis (missing molecule synthesis subproblem failed).[0m
      Evaluating reaction mos_498 (498/500)...
        [31m✗ Skipped reaction synthesis (missing molecule synthesis subproblem failed).[0m
      Evaluating reaction mos_499 (499/500)...
        [31m✗ Skipped reaction synthesis (missing molecule synthesis subproblem failed).[0m
      Evaluating reaction mos_500 (500/500)...
[Problem → Reactions] Found 125 reactions, 250 molecules.
      [32m✓ All goal molecules found.[0m
      [32m✓ All goal reactions found.[0m
        [32m✓ Target reaction successfully synthesized in 1.27s![0m

      Synthesis Performance (Metric: none, With fragments) on Tractable Subspace:
        - Evaluated runs: 500
        - Success rate:   29.2%
        - Average time:   5.99s

  [1mSimilarity Metric: tanimoto[0m
      Evaluating reaction mos_1 (1/500)...
        [31m✗ Skipped reaction synthesis (missing molecule synthesis subproblem failed).[0m
      Evaluating reaction mos_2 (2/500)...
        [31m✗ Skipped reaction synthesis (missing molecule synthesis subproblem failed).[0m
      Evaluating reaction mos_3 (3/500)...
        [31m✗ Skipped reaction synthesis (missing molecule synthesis subproblem failed).[0m
      Evaluating reaction mos_4 (4/500)...
        [31m✗ Skipped reaction synthesis (missing molecule synthesis subproblem failed).[0m
      Evaluating reaction mos_5 (5/500)...
        [31m✗ Skipped reaction synthesis (missing molecule synthesis subproblem failed).[0m
      Evaluating reaction mos_6 (6/500)...
        [31m✗ Skipped reaction synthesis (missing molecule synthesis subproblem failed).[0m
      Evaluating reaction mos_7 (7/500)...
        [31m✗ Skipped reaction synthesis (missing molecule synthesis subproblem failed).[0m
      Evaluating reaction mos_8 (8/500)...
        [31m✗ Skipped reaction synthesis (missing molecule synthesis subproblem failed).[0m
      Evaluating reaction mos_9 (9/500)...
        [31m✗ Skipped reaction synthesis (missing molecule synthesis subproblem failed).[0m
      Evaluating reaction mos_10 (10/500)...
[Problem → Reactions] Found 194 reactions, 250 molecules.
      [32m✓ All goal molecules found.[0m
      [32m✓ All goal reactions found.[0m
        [32m✓ Target reaction successfully synthesized in 1.43s![0m
      Evaluating reaction mos_11 (11/500)...
[Problem → Reactions] Found 957 reactions, 250 molecules.
      [32m✓ All goal molecules found.[0m
      [32m✓ All goal reactions found.[0m
        [32m✓ Target reaction successfully synthesized in 2.36s![0m
      Evaluating reaction mos_12 (12/500)...
        [31m✗ Skipped reaction synthesis (missing molecule synthesis subproblem failed).[0m
      Evaluating reaction mos_13 (13/500)...
        [31m✗ Skipped reaction synthesis (missing molecule synthesis subproblem failed).[0m
      Evaluating reaction mos_14 (14/500)...
[Problem → Reactions] Found 665 reactions, 250 molecules.
      [32m✓ All goal molecules found.[0m
      [32m✓ All goal reactions found.[0m
        [32m✓ Target reaction successfully synthesized in 1.63s![0m
      Evaluating reaction mos_15 (15/500)...
[Problem → Reactions] Found 3787 reactions, 250 molecules.
      [32m✓ All goal molecules found.[0m
      [32m✓ All goal reactions found.[0m
        [32m✓ Target reaction successfully synthesized in 2.56s![0m
      Evaluating reaction mos_16 (16/500)...
[Problem → Reactions] Found 998 reactions, 250 molecules.
      [32m✓ All goal molecules found.[0m
      [32m✓ All goal reactions found.[0m
        [32m✓ Target reaction successfully synthesized in 0.62s![0m
      Evaluating reaction mos_17 (17/500)...
        [31m✗ Skipped reaction synthesis (missing molecule synthesis subproblem failed).[0m
      Evaluating reaction mos_18 (18/500)...
        [31m✗ Skipped reaction synthesis (missing molecule synthesis subproblem failed).[0m
      Evaluating reaction mos_19 (19/500)...
        [31m✗ Skipped reaction synthesis (missing molecule synthesis subproblem failed).[0m
      Evaluating reaction mos_20 (20/500)...
        [31m✗ Skipped reaction synthesis (missing molecule synthesis subproblem failed).[0m
      Evaluating reaction mos_21 (21/500)...
        [31m✗ Skipped reaction synthesis (missing molecule synthesis subproblem failed).[0m
      Evaluating reaction mos_22 (22/500)...
        [31m✗ Skipped reaction synthesis (missing molecule synthesis subproblem failed).[0m
      Evaluating reaction mos_23 (23/500)...
        [31m✗ Skipped reaction synthesis (missing molecule synthesis subproblem failed).[0m
      Evaluating reaction mos_24 (24/500)...
        [31m✗ Skipped reaction synthesis (missing molecule synthesis subproblem failed).[0m
      Evaluating reaction mos_25 (25/500)...
[Problem → Reactions] Found 767 reactions, 250 molecules.
      [32m✓ All goal molecules found.[0m
      [32m✓ All goal reactions found.[0m
        [32m✓ Target reaction successfully synthesized in 1.21s![0m
      Evaluating reaction mos_26 (26/500)...
        [31m✗ Skipped reaction synthesis (missing molecule synthesis subproblem failed).[0m
      Evaluating reaction mos_27 (27/500)...
        [31m✗ Skipped reaction synthesis (missing molecule synthesis subproblem failed).[0m
      Evaluating reaction mos_28 (28/500)...
        [31m✗ Skipped reaction synthesis (missing molecule synthesis subproblem failed).[0m
      Evaluating reaction mos_29 (29/500)...
[Problem → Reactions] Found 2832 reactions, 250 molecules.
      [32m✓ All goal molecules found.[0m
      [32m✓ All goal reactions found.[0m
        [32m✓ Target reaction successfully synthesized in 9.87s![0m
      Evaluating reaction mos_30 (30/500)...
[Problem → Reactions] Found 30000 reactions, 250 molecules.
      [32m✓ All goal molecules found.[0m
      [31m✗ Missing goal reactions.[0m
        [31m✗ Synthesis failed or timed out in 113.67s.[0m
      Evaluating reaction mos_31 (31/500)...
        [31m✗ Skipped reaction synthesis (missing molecule synthesis subproblem failed).[0m
      Evaluating reaction mos_32 (32/500)...
        [31m✗ Skipped reaction synthesis (missing molecule synthesis subproblem failed).[0m
      Evaluating reaction mos_33 (33/500)...
        [31m✗ Skipped reaction synthesis (missing molecule synthesis subproblem failed).[0m
      Evaluating reaction mos_34 (34/500)...
[Problem → Reactions] Found 14242 reactions, 250 molecules.
      [32m✓ All goal molecules found.[0m
      [32m✓ All goal reactions found.[0m
        [32m✓ Target reaction successfully synthesized in 26.62s![0m
      Evaluating reaction mos_35 (35/500)...
[Problem → Reactions] Found 3195 reactions, 250 molecules.
      [32m✓ All goal molecules found.[0m
      [32m✓ All goal reactions found.[0m
        [32m✓ Target reaction successfully synthesized in 1.95s![0m
      Evaluating reaction mos_36 (36/500)...
        [31m✗ Skipped reaction synthesis (missing molecule synthesis subproblem failed).[0m
      Evaluating reaction mos_37 (37/500)...
[Problem → Reactions] Found 203 reactions, 250 molecules.
      [32m✓ All goal molecules found.[0m
      [32m✓ All goal reactions found.[0m
        [32m✓ Target reaction successfully synthesized in 0.86s![0m
      Evaluating reaction mos_38 (38/500)...
        [31m✗ Skipped reaction synthesis (missing molecule synthesis subproblem failed).[0m
      Evaluating reaction mos_39 (39/500)...
[Problem → Reactions] Found 9865 reactions, 250 molecules.
      [32m✓ All goal molecules found.[0m
      [32m✓ All goal reactions found.[0m
        [32m✓ Target reaction successfully synthesized in 5.4s![0m
      Evaluating reaction mos_40 (40/500)...
        [31m✗ Skipped reaction synthesis (missing molecule synthesis subproblem failed).[0m
      Evaluating reaction mos_41 (41/500)...
        [31m✗ Skipped reaction synthesis (missing molecule synthesis subproblem failed).[0m
      Evaluating reaction mos_42 (42/500)...
[Problem → Reactions] Found 1739 reactions, 250 molecules.
      [32m✓ All goal molecules found.[0m
      [32m✓ All goal reactions found.[0m
        [32m✓ Target reaction successfully synthesized in 3.41s![0m
      Evaluating reaction mos_43 (43/500)...
        [31m✗ Skipped reaction synthesis (missing molecule synthesis subproblem failed).[0m
      Evaluating reaction mos_44 (44/500)...
        [31m✗ Skipped reaction synthesis (missing molecule synthesis subproblem failed).[0m
      Evaluating reaction mos_45 (45/500)...
        [31m✗ Skipped reaction synthesis (missing molecule synthesis subproblem failed).[0m
      Evaluating reaction mos_46 (46/500)...
[Problem → Reactions] Found 764 reactions, 250 molecules.
      [32m✓ All goal molecules found.[0m
      [32m✓ All goal reactions found.[0m
        [32m✓ Target reaction successfully synthesized in 1.44s![0m
      Evaluating reaction mos_47 (47/500)...
        [31m✗ Skipped reaction synthesis (missing molecule synthesis subproblem failed).[0m
      Evaluating reaction mos_48 (48/500)...
        [31m✗ Skipped reaction synthesis (missing molecule synthesis subproblem failed).[0m
      Evaluating reaction mos_49 (49/500)...
[Problem → Reactions] Found 7216 reactions, 250 molecules.
      [32m✓ All goal molecules found.[0m
      [32m✓ All goal reactions found.[0m
        [32m✓ Target reaction successfully synthesized in 13.34s![0m
      Evaluating reaction mos_50 (50/500)...
[Problem → Reactions] Found 113 reactions, 250 molecules.
      [32m✓ All goal molecules found.[0m
      [32m✓ All goal reactions found.[0m
        [32m✓ Target reaction successfully synthesized in 0.65s![0m
      Evaluating reaction mos_51 (51/500)...
[Problem → Reactions] Found 7364 reactions, 250 molecules.
      [32m✓ All goal molecules found.[0m
      [32m✓ All goal reactions found.[0m
        [32m✓ Target reaction successfully synthesized in 16.03s![0m
      Evaluating reaction mos_52 (52/500)...
        [31m✗ Skipped reaction synthesis (missing molecule synthesis subproblem failed).[0m
      Evaluating reaction mos_53 (53/500)...
        [31m✗ Skipped reaction synthesis (missing molecule synthesis subproblem failed).[0m
      Evaluating reaction mos_54 (54/500)...
        [31m✗ Skipped reaction synthesis (missing molecule synthesis subproblem failed).[0m
      Evaluating reaction mos_55 (55/500)...
        [31m✗ Skipped reaction synthesis (missing molecule synthesis subproblem failed).[0m
      Evaluating reaction mos_56 (56/500)...
        [31m✗ Skipped reaction synthesis (missing molecule synthesis subproblem failed).[0m
      Evaluating reaction mos_57 (57/500)...
        [31m✗ Skipped reaction synthesis (missing molecule synthesis subproblem failed).[0m
      Evaluating reaction mos_58 (58/500)...
[Problem → Reactions] Found 345 reactions, 250 molecules.
      [32m✓ All goal molecules found.[0m
      [32m✓ All goal reactions found.[0m
        [32m✓ Target reaction successfully synthesized in 1.29s![0m
      Evaluating reaction mos_59 (59/500)...
        [31m✗ Skipped reaction synthesis (missing molecule synthesis subproblem failed).[0m
      Evaluating reaction mos_60 (60/500)...
        [31m✗ Skipped reaction synthesis (missing molecule synthesis subproblem failed).[0m
      Evaluating reaction mos_61 (61/500)...
[Problem → Reactions] Found 206 reactions, 250 molecules.
      [32m✓ All goal molecules found.[0m
      [32m✓ All goal reactions found.[0m
        [32m✓ Target reaction successfully synthesized in 1.08s![0m
      Evaluating reaction mos_62 (62/500)...
        [31m✗ Skipped reaction synthesis (missing molecule synthesis subproblem failed).[0m
      Evaluating reaction mos_63 (63/500)...
[Problem → Reactions] Found 8584 reactions, 250 molecules.
      [32m✓ All goal molecules found.[0m
      [32m✓ All goal reactions found.[0m
        [32m✓ Target reaction successfully synthesized in 14.32s![0m
      Evaluating reaction mos_64 (64/500)...
[Problem → Reactions] Found 269 reactions, 250 molecules.
      [32m✓ All goal molecules found.[0m
      [32m✓ All goal reactions found.[0m
        [32m✓ Target reaction successfully synthesized in 0.84s![0m
      Evaluating reaction mos_65 (65/500)...
[Problem → Reactions] Found 177 reactions, 250 molecules.
      [32m✓ All goal molecules found.[0m
      [32m✓ All goal reactions found.[0m
        [32m✓ Target reaction successfully synthesized in 1.12s![0m
      Evaluating reaction mos_66 (66/500)...
[Problem → Reactions] Found 6402 reactions, 250 molecules.
      [32m✓ All goal molecules found.[0m
      [32m✓ All goal reactions found.[0m
        [32m✓ Target reaction successfully synthesized in 2.25s![0m
      Evaluating reaction mos_67 (67/500)...
        [31m✗ Skipped reaction synthesis (missing molecule synthesis subproblem failed).[0m
      Evaluating reaction mos_68 (68/500)...
        [31m✗ Skipped reaction synthesis (missing molecule synthesis subproblem failed).[0m
      Evaluating reaction mos_69 (69/500)...
[Problem → Reactions] Found 407 reactions, 250 molecules.
      [32m✓ All goal molecules found.[0m
      [32m✓ All goal reactions found.[0m
        [32m✓ Target reaction successfully synthesized in 0.92s![0m
      Evaluating reaction mos_70 (70/500)...
[Problem → Reactions] Found 30000 reactions, 250 molecules.
      [32m✓ All goal molecules found.[0m
      [31m✗ Missing goal reactions.[0m
        [31m✗ Synthesis failed or timed out in 59.08s.[0m
      Evaluating reaction mos_71 (71/500)...
        [31m✗ Skipped reaction synthesis (missing molecule synthesis subproblem failed).[0m
      Evaluating reaction mos_72 (72/500)...
        [31m✗ Skipped reaction synthesis (missing molecule synthesis subproblem failed).[0m
      Evaluating reaction mos_73 (73/500)...
[Problem → Reactions] Found 13364 reactions, 250 molecules.
      [32m✓ All goal molecules found.[0m
      [32m✓ All goal reactions found.[0m
        [32m✓ Target reaction successfully synthesized in 17.35s![0m
      Evaluating reaction mos_74 (74/500)...
        [31m✗ Skipped reaction synthesis (missing molecule synthesis subproblem failed).[0m
      Evaluating reaction mos_75 (75/500)...
        [31m✗ Skipped reaction synthesis (missing molecule synthesis subproblem failed).[0m
      Evaluating reaction mos_76 (76/500)...
        [31m✗ Skipped reaction synthesis (missing molecule synthesis subproblem failed).[0m
      Evaluating reaction mos_77 (77/500)...
[Problem → Reactions] Found 381 reactions, 250 molecules.
      [32m✓ All goal molecules found.[0m
      [32m✓ All goal reactions found.[0m
        [32m✓ Target reaction successfully synthesized in 1.27s![0m
      Evaluating reaction mos_78 (78/500)...
        [31m✗ Skipped reaction synthesis (missing molecule synthesis subproblem failed).[0m
      Evaluating reaction mos_79 (79/500)...
[Problem → Reactions] Found 206 reactions, 250 molecules.
      [32m✓ All goal molecules found.[0m
      [32m✓ All goal reactions found.[0m
        [32m✓ Target reaction successfully synthesized in 1.95s![0m
      Evaluating reaction mos_80 (80/500)...
        [31m✗ Skipped reaction synthesis (missing molecule synthesis subproblem failed).[0m
      Evaluating reaction mos_81 (81/500)...
[Problem → Reactions] Found 93 reactions, 250 molecules.
      [32m✓ All goal molecules found.[0m
      [32m✓ All goal reactions found.[0m
        [32m✓ Target reaction successfully synthesized in 0.9s![0m
      Evaluating reaction mos_82 (82/500)...
[Problem → Reactions] Found 5876 reactions, 250 molecules.
      [32m✓ All goal molecules found.[0m
      [32m✓ All goal reactions found.[0m
        [32m✓ Target reaction successfully synthesized in 12.45s![0m
      Evaluating reaction mos_83 (83/500)...
[Problem → Reactions] Found 29668 reactions, 250 molecules.
      [32m✓ All goal molecules found.[0m
      [32m✓ All goal reactions found.[0m
        [32m✓ Target reaction successfully synthesized in 47.06s![0m
      Evaluating reaction mos_84 (84/500)...
        [31m✗ Skipped reaction synthesis (missing molecule synthesis subproblem failed).[0m
      Evaluating reaction mos_85 (85/500)...
[Problem → Reactions] Found 30000 reactions, 250 molecules.
      [32m✓ All goal molecules found.[0m
      [31m✗ Missing goal reactions.[0m
        [31m✗ Synthesis failed or timed out in 60.16s.[0m
      Evaluating reaction mos_86 (86/500)...
        [31m✗ Skipped reaction synthesis (missing molecule synthesis subproblem failed).[0m
      Evaluating reaction mos_87 (87/500)...
        [31m✗ Skipped reaction synthesis (missing molecule synthesis subproblem failed).[0m
      Evaluating reaction mos_88 (88/500)...
        [31m✗ Skipped reaction synthesis (missing molecule synthesis subproblem failed).[0m
      Evaluating reaction mos_89 (89/500)...
        [31m✗ Skipped reaction synthesis (missing molecule synthesis subproblem failed).[0m
      Evaluating reaction mos_90 (90/500)...
        [31m✗ Skipped reaction synthesis (missing molecule synthesis subproblem failed).[0m
      Evaluating reaction mos_91 (91/500)...
[Problem → Reactions] Found 182 reactions, 250 molecules.
      [32m✓ All goal molecules found.[0m
      [32m✓ All goal reactions found.[0m
        [32m✓ Target reaction successfully synthesized in 0.88s![0m
      Evaluating reaction mos_92 (92/500)...
        [31m✗ Skipped reaction synthesis (missing molecule synthesis subproblem failed).[0m
      Evaluating reaction mos_93 (93/500)...
        [31m✗ Skipped reaction synthesis (missing molecule synthesis subproblem failed).[0m
      Evaluating reaction mos_94 (94/500)...
        [31m✗ Skipped reaction synthesis (missing molecule synthesis subproblem failed).[0m
      Evaluating reaction mos_95 (95/500)...
[Problem → Reactions] Found 80 reactions, 250 molecules.
      [32m✓ All goal molecules found.[0m
      [32m✓ All goal reactions found.[0m
        [32m✓ Target reaction successfully synthesized in 0.78s![0m
      Evaluating reaction mos_96 (96/500)...
        [31m✗ Skipped reaction synthesis (missing molecule synthesis subproblem failed).[0m
      Evaluating reaction mos_97 (97/500)...
        [31m✗ Skipped reaction synthesis (missing molecule synthesis subproblem failed).[0m
      Evaluating reaction mos_98 (98/500)...
        [31m✗ Skipped reaction synthesis (missing molecule synthesis subproblem failed).[0m
      Evaluating reaction mos_99 (99/500)...
[Problem → Reactions] Found 9968 reactions, 250 molecules.
      [32m✓ All goal molecules found.[0m
      [32m✓ All goal reactions found.[0m
        [32m✓ Target reaction successfully synthesized in 16.43s![0m
      Evaluating reaction mos_100 (100/500)...
        [31m✗ Skipped reaction synthesis (missing molecule synthesis subproblem failed).[0m
      Evaluating reaction mos_101 (101/500)...
[Problem → Reactions] Found 131 reactions, 250 molecules.
      [32m✓ All goal molecules found.[0m
      [32m✓ All goal reactions found.[0m
        [32m✓ Target reaction successfully synthesized in 0.56s![0m
      Evaluating reaction mos_102 (102/500)...
        [31m✗ Skipped reaction synthesis (missing molecule synthesis subproblem failed).[0m
      Evaluating reaction mos_103 (103/500)...
[Problem → Reactions] Found 278 reactions, 250 molecules.
      [32m✓ All goal molecules found.[0m
      [32m✓ All goal reactions found.[0m
        [32m✓ Target reaction successfully synthesized in 1.27s![0m
      Evaluating reaction mos_104 (104/500)...
        [31m✗ Skipped reaction synthesis (missing molecule synthesis subproblem failed).[0m
      Evaluating reaction mos_105 (105/500)...
        [31m✗ Skipped reaction synthesis (missing molecule synthesis subproblem failed).[0m
      Evaluating reaction mos_106 (106/500)...
[Problem → Reactions] Found 9962 reactions, 250 molecules.
      [32m✓ All goal molecules found.[0m
      [32m✓ All goal reactions found.[0m
        [32m✓ Target reaction successfully synthesized in 16.44s![0m
      Evaluating reaction mos_107 (107/500)...
[Problem → Reactions] Found 753 reactions, 250 molecules.
      [32m✓ All goal molecules found.[0m
      [32m✓ All goal reactions found.[0m
        [32m✓ Target reaction successfully synthesized in 2.8s![0m
      Evaluating reaction mos_108 (108/500)...
        [31m✗ Skipped reaction synthesis (missing molecule synthesis subproblem failed).[0m
      Evaluating reaction mos_109 (109/500)...
        [31m✗ Skipped reaction synthesis (missing molecule synthesis subproblem failed).[0m
      Evaluating reaction mos_110 (110/500)...
        [31m✗ Skipped reaction synthesis (missing molecule synthesis subproblem failed).[0m
      Evaluating reaction mos_111 (111/500)...
        [31m✗ Skipped reaction synthesis (missing molecule synthesis subproblem failed).[0m
      Evaluating reaction mos_112 (112/500)...
        [31m✗ Skipped reaction synthesis (missing molecule synthesis subproblem failed).[0m
      Evaluating reaction mos_113 (113/500)...
[Problem → Reactions] Found 12620 reactions, 250 molecules.
      [32m✓ All goal molecules found.[0m
      [32m✓ All goal reactions found.[0m
        [32m✓ Target reaction successfully synthesized in 21.57s![0m
      Evaluating reaction mos_114 (114/500)...
[Problem → Reactions] Found 459 reactions, 250 molecules.
      [32m✓ All goal molecules found.[0m
      [32m✓ All goal reactions found.[0m
        [32m✓ Target reaction successfully synthesized in 0.68s![0m
      Evaluating reaction mos_115 (115/500)...
[Problem → Reactions] Found 87 reactions, 250 molecules.
      [32m✓ All goal molecules found.[0m
      [32m✓ All goal reactions found.[0m
        [32m✓ Target reaction successfully synthesized in 0.94s![0m
      Evaluating reaction mos_116 (116/500)...
        [31m✗ Skipped reaction synthesis (missing molecule synthesis subproblem failed).[0m
      Evaluating reaction mos_117 (117/500)...
[Problem → Reactions] Found 248 reactions, 250 molecules.
      [32m✓ All goal molecules found.[0m
      [32m✓ All goal reactions found.[0m
        [32m✓ Target reaction successfully synthesized in 1.61s![0m
      Evaluating reaction mos_118 (118/500)...
        [31m✗ Skipped reaction synthesis (missing molecule synthesis subproblem failed).[0m
      Evaluating reaction mos_119 (119/500)...
        [31m✗ Skipped reaction synthesis (missing molecule synthesis subproblem failed).[0m
      Evaluating reaction mos_120 (120/500)...
        [31m✗ Skipped reaction synthesis (missing molecule synthesis subproblem failed).[0m
      Evaluating reaction mos_121 (121/500)...
        [31m✗ Skipped reaction synthesis (missing molecule synthesis subproblem failed).[0m
      Evaluating reaction mos_122 (122/500)...
        [31m✗ Skipped reaction synthesis (missing molecule synthesis subproblem failed).[0m
      Evaluating reaction mos_123 (123/500)...
        [31m✗ Skipped reaction synthesis (missing molecule synthesis subproblem failed).[0m
      Evaluating reaction mos_124 (124/500)...
        [31m✗ Skipped reaction synthesis (missing molecule synthesis subproblem failed).[0m
      Evaluating reaction mos_125 (125/500)...
[Problem → Reactions] Found 10149 reactions, 250 molecules.
      [32m✓ All goal molecules found.[0m
      [32m✓ All goal reactions found.[0m
        [32m✓ Target reaction successfully synthesized in 3.51s![0m
      Evaluating reaction mos_126 (126/500)...
        [31m✗ Skipped reaction synthesis (missing molecule synthesis subproblem failed).[0m
      Evaluating reaction mos_127 (127/500)...
        [31m✗ Skipped reaction synthesis (missing molecule synthesis subproblem failed).[0m
      Evaluating reaction mos_128 (128/500)...
        [31m✗ Skipped reaction synthesis (missing molecule synthesis subproblem failed).[0m
      Evaluating reaction mos_129 (129/500)...
        [31m✗ Skipped reaction synthesis (missing molecule synthesis subproblem failed).[0m
      Evaluating reaction mos_130 (130/500)...
        [31m✗ Skipped reaction synthesis (missing molecule synthesis subproblem failed).[0m
      Evaluating reaction mos_131 (131/500)...
        [31m✗ Skipped reaction synthesis (missing molecule synthesis subproblem failed).[0m
      Evaluating reaction mos_132 (132/500)...
[Problem → Reactions] Found 98 reactions, 250 molecules.
      [32m✓ All goal molecules found.[0m
      [32m✓ All goal reactions found.[0m
        [32m✓ Target reaction successfully synthesized in 1.32s![0m
      Evaluating reaction mos_133 (133/500)...
[Problem → Reactions] Found 215 reactions, 250 molecules.
      [32m✓ All goal molecules found.[0m
      [32m✓ All goal reactions found.[0m
        [32m✓ Target reaction successfully synthesized in 1.19s![0m
      Evaluating reaction mos_134 (134/500)...
[Problem → Reactions] Found 125 reactions, 250 molecules.
      [32m✓ All goal molecules found.[0m
      [32m✓ All goal reactions found.[0m
        [32m✓ Target reaction successfully synthesized in 0.98s![0m
      Evaluating reaction mos_135 (135/500)...
        [31m✗ Skipped reaction synthesis (missing molecule synthesis subproblem failed).[0m
      Evaluating reaction mos_136 (136/500)...
        [31m✗ Skipped reaction synthesis (missing molecule synthesis subproblem failed).[0m
      Evaluating reaction mos_137 (137/500)...
[Problem → Reactions] Found 20824 reactions, 250 molecules.
      [32m✓ All goal molecules found.[0m
      [32m✓ All goal reactions found.[0m
        [32m✓ Target reaction successfully synthesized in 42.15s![0m
      Evaluating reaction mos_138 (138/500)...
[Problem → Reactions] Found 392 reactions, 250 molecules.
      [32m✓ All goal molecules found.[0m
      [32m✓ All goal reactions found.[0m
        [32m✓ Target reaction successfully synthesized in 1.2s![0m
      Evaluating reaction mos_139 (139/500)...
        [31m✗ Skipped reaction synthesis (missing molecule synthesis subproblem failed).[0m
      Evaluating reaction mos_140 (140/500)...
[Problem → Reactions] Found 1975 reactions, 250 molecules.
      [32m✓ All goal molecules found.[0m
      [32m✓ All goal reactions found.[0m
        [32m✓ Target reaction successfully synthesized in 2.1s![0m
      Evaluating reaction mos_141 (141/500)...
        [31m✗ Skipped reaction synthesis (missing molecule synthesis subproblem failed).[0m
      Evaluating reaction mos_142 (142/500)...
        [31m✗ Skipped reaction synthesis (missing molecule synthesis subproblem failed).[0m
      Evaluating reaction mos_143 (143/500)...
        [31m✗ Skipped reaction synthesis (missing molecule synthesis subproblem failed).[0m
      Evaluating reaction mos_144 (144/500)...
        [31m✗ Skipped reaction synthesis (missing molecule synthesis subproblem failed).[0m
      Evaluating reaction mos_145 (145/500)...
[Problem → Reactions] Found 231 reactions, 250 molecules.
      [32m✓ All goal molecules found.[0m
      [32m✓ All goal reactions found.[0m
        [32m✓ Target reaction successfully synthesized in 1.43s![0m
      Evaluating reaction mos_146 (146/500)...
        [31m✗ Skipped reaction synthesis (missing molecule synthesis subproblem failed).[0m
      Evaluating reaction mos_147 (147/500)...
        [31m✗ Skipped reaction synthesis (missing molecule synthesis subproblem failed).[0m
      Evaluating reaction mos_148 (148/500)...
        [31m✗ Skipped reaction synthesis (missing molecule synthesis subproblem failed).[0m
      Evaluating reaction mos_149 (149/500)...
        [31m✗ Skipped reaction synthesis (missing molecule synthesis subproblem failed).[0m
      Evaluating reaction mos_150 (150/500)...
[Problem → Reactions] Found 6480 reactions, 250 molecules.
      [32m✓ All goal molecules found.[0m
      [32m✓ All goal reactions found.[0m
        [32m✓ Target reaction successfully synthesized in 15.36s![0m
      Evaluating reaction mos_151 (151/500)...
        [31m✗ Skipped reaction synthesis (missing molecule synthesis subproblem failed).[0m
      Evaluating reaction mos_152 (152/500)...
        [31m✗ Skipped reaction synthesis (missing molecule synthesis subproblem failed).[0m
      Evaluating reaction mos_153 (153/500)...
        [31m✗ Skipped reaction synthesis (missing molecule synthesis subproblem failed).[0m
      Evaluating reaction mos_154 (154/500)...
        [31m✗ Skipped reaction synthesis (missing molecule synthesis subproblem failed).[0m
      Evaluating reaction mos_155 (155/500)...
        [31m✗ Skipped reaction synthesis (missing molecule synthesis subproblem failed).[0m
      Evaluating reaction mos_156 (156/500)...
        [31m✗ Skipped reaction synthesis (missing molecule synthesis subproblem failed).[0m
      Evaluating reaction mos_157 (157/500)...
        [31m✗ Skipped reaction synthesis (missing molecule synthesis subproblem failed).[0m
      Evaluating reaction mos_158 (158/500)...
        [31m✗ Skipped reaction synthesis (missing molecule synthesis subproblem failed).[0m
      Evaluating reaction mos_159 (159/500)...
        [31m✗ Skipped reaction synthesis (missing molecule synthesis subproblem failed).[0m
      Evaluating reaction mos_160 (160/500)...
        [31m✗ Skipped reaction synthesis (missing molecule synthesis subproblem failed).[0m
      Evaluating reaction mos_161 (161/500)...
        [31m✗ Skipped reaction synthesis (missing molecule synthesis subproblem failed).[0m
      Evaluating reaction mos_162 (162/500)...
        [31m✗ Skipped reaction synthesis (missing molecule synthesis subproblem failed).[0m
      Evaluating reaction mos_163 (163/500)...
        [31m✗ Skipped reaction synthesis (missing molecule synthesis subproblem failed).[0m
      Evaluating reaction mos_164 (164/500)...
        [31m✗ Skipped reaction synthesis (missing molecule synthesis subproblem failed).[0m
      Evaluating reaction mos_165 (165/500)...
        [31m✗ Skipped reaction synthesis (missing molecule synthesis subproblem failed).[0m
      Evaluating reaction mos_166 (166/500)...
        [31m✗ Skipped reaction synthesis (missing molecule synthesis subproblem failed).[0m
      Evaluating reaction mos_167 (167/500)...
        [31m✗ Skipped reaction synthesis (missing molecule synthesis subproblem failed).[0m
      Evaluating reaction mos_168 (168/500)...
        [31m✗ Skipped reaction synthesis (missing molecule synthesis subproblem failed).[0m
      Evaluating reaction mos_169 (169/500)...
        [31m✗ Skipped reaction synthesis (missing molecule synthesis subproblem failed).[0m
      Evaluating reaction mos_170 (170/500)...
[Problem → Reactions] Found 287 reactions, 250 molecules.
      [32m✓ All goal molecules found.[0m
      [32m✓ All goal reactions found.[0m
        [32m✓ Target reaction successfully synthesized in 1.14s![0m
      Evaluating reaction mos_171 (171/500)...
[Problem → Reactions] Found 152 reactions, 250 molecules.
      [32m✓ All goal molecules found.[0m
      [32m✓ All goal reactions found.[0m
        [32m✓ Target reaction successfully synthesized in 1.24s![0m
      Evaluating reaction mos_172 (172/500)...
[Problem → Reactions] Found 2137 reactions, 250 molecules.
      [32m✓ All goal molecules found.[0m
      [32m✓ All goal reactions found.[0m
        [32m✓ Target reaction successfully synthesized in 4.96s![0m
      Evaluating reaction mos_173 (173/500)...
[Problem → Reactions] Found 30000 reactions, 250 molecules.
      [32m✓ All goal molecules found.[0m
      [31m✗ Missing goal reactions.[0m
        [31m✗ Synthesis failed or timed out in 82.61s.[0m
      Evaluating reaction mos_174 (174/500)...
[Problem → Reactions] Found 389 reactions, 250 molecules.
      [32m✓ All goal molecules found.[0m
      [32m✓ All goal reactions found.[0m
        [32m✓ Target reaction successfully synthesized in 1.01s![0m
      Evaluating reaction mos_175 (175/500)...
        [31m✗ Skipped reaction synthesis (missing molecule synthesis subproblem failed).[0m
      Evaluating reaction mos_176 (176/500)...
        [31m✗ Skipped reaction synthesis (missing molecule synthesis subproblem failed).[0m
      Evaluating reaction mos_177 (177/500)...
[Problem → Reactions] Found 146 reactions, 250 molecules.
      [32m✓ All goal molecules found.[0m
      [32m✓ All goal reactions found.[0m
        [32m✓ Target reaction successfully synthesized in 1.02s![0m
      Evaluating reaction mos_178 (178/500)...
        [31m✗ Skipped reaction synthesis (missing molecule synthesis subproblem failed).[0m
      Evaluating reaction mos_179 (179/500)...
[Problem → Reactions] Found 416 reactions, 250 molecules.
      [32m✓ All goal molecules found.[0m
      [32m✓ All goal reactions found.[0m
        [32m✓ Target reaction successfully synthesized in 0.5s![0m
      Evaluating reaction mos_180 (180/500)...
        [31m✗ Skipped reaction synthesis (missing molecule synthesis subproblem failed).[0m
      Evaluating reaction mos_181 (181/500)...
        [31m✗ Skipped reaction synthesis (missing molecule synthesis subproblem failed).[0m
      Evaluating reaction mos_182 (182/500)...
        [31m✗ Skipped reaction synthesis (missing molecule synthesis subproblem failed).[0m
      Evaluating reaction mos_183 (183/500)...
        [31m✗ Skipped reaction synthesis (missing molecule synthesis subproblem failed).[0m
      Evaluating reaction mos_184 (184/500)...
        [31m✗ Skipped reaction synthesis (missing molecule synthesis subproblem failed).[0m
      Evaluating reaction mos_185 (185/500)...
        [31m✗ Skipped reaction synthesis (missing molecule synthesis subproblem failed).[0m
      Evaluating reaction mos_186 (186/500)...
        [31m✗ Skipped reaction synthesis (missing molecule synthesis subproblem failed).[0m
      Evaluating reaction mos_187 (187/500)...
[Problem → Reactions] Found 10002 reactions, 250 molecules.
      [32m✓ All goal molecules found.[0m
      [32m✓ All goal reactions found.[0m
        [32m✓ Target reaction successfully synthesized in 11.54s![0m
      Evaluating reaction mos_188 (188/500)...
        [31m✗ Skipped reaction synthesis (missing molecule synthesis subproblem failed).[0m
      Evaluating reaction mos_189 (189/500)...
        [31m✗ Skipped reaction synthesis (missing molecule synthesis subproblem failed).[0m
      Evaluating reaction mos_190 (190/500)...
[Problem → Reactions] Found 9100 reactions, 250 molecules.
      [32m✓ All goal molecules found.[0m
      [32m✓ All goal reactions found.[0m
        [32m✓ Target reaction successfully synthesized in 2.26s![0m
      Evaluating reaction mos_191 (191/500)...
        [31m✗ Skipped reaction synthesis (missing molecule synthesis subproblem failed).[0m
      Evaluating reaction mos_192 (192/500)...
        [31m✗ Skipped reaction synthesis (missing molecule synthesis subproblem failed).[0m
      Evaluating reaction mos_193 (193/500)...
        [31m✗ Skipped reaction synthesis (missing molecule synthesis subproblem failed).[0m
      Evaluating reaction mos_194 (194/500)...
[Problem → Reactions] Found 489 reactions, 250 molecules.
      [32m✓ All goal molecules found.[0m
      [32m✓ All goal reactions found.[0m
        [32m✓ Target reaction successfully synthesized in 1.84s![0m
      Evaluating reaction mos_195 (195/500)...
[Problem → Reactions] Found 320 reactions, 250 molecules.
      [32m✓ All goal molecules found.[0m
      [32m✓ All goal reactions found.[0m
        [32m✓ Target reaction successfully synthesized in 0.64s![0m
      Evaluating reaction mos_196 (196/500)...
[Problem → Reactions] Found 30000 reactions, 250 molecules.
      [32m✓ All goal molecules found.[0m
      [31m✗ Missing goal reactions.[0m
        [31m✗ Synthesis failed or timed out in 75.88s.[0m
      Evaluating reaction mos_197 (197/500)...
[Problem → Reactions] Found 30000 reactions, 250 molecules.
      [32m✓ All goal molecules found.[0m
      [31m✗ Missing goal reactions.[0m
        [31m✗ Synthesis failed or timed out in 64.3s.[0m
      Evaluating reaction mos_198 (198/500)...
[Problem → Reactions] Found 201 reactions, 250 molecules.
      [32m✓ All goal molecules found.[0m
      [32m✓ All goal reactions found.[0m
        [32m✓ Target reaction successfully synthesized in 1.4s![0m
      Evaluating reaction mos_199 (199/500)...
[Problem → Reactions] Found 7090 reactions, 250 molecules.
      [32m✓ All goal molecules found.[0m
      [32m✓ All goal reactions found.[0m
        [32m✓ Target reaction successfully synthesized in 15.27s![0m
      Evaluating reaction mos_200 (200/500)...
[Problem → Reactions] Found 296 reactions, 250 molecules.
      [32m✓ All goal molecules found.[0m
      [32m✓ All goal reactions found.[0m
        [32m✓ Target reaction successfully synthesized in 1.42s![0m
      Evaluating reaction mos_201 (201/500)...
        [31m✗ Skipped reaction synthesis (missing molecule synthesis subproblem failed).[0m
      Evaluating reaction mos_202 (202/500)...
        [31m✗ Skipped reaction synthesis (missing molecule synthesis subproblem failed).[0m
      Evaluating reaction mos_203 (203/500)...
        [31m✗ Skipped reaction synthesis (missing molecule synthesis subproblem failed).[0m
      Evaluating reaction mos_204 (204/500)...
        [31m✗ Skipped reaction synthesis (missing molecule synthesis subproblem failed).[0m
      Evaluating reaction mos_205 (205/500)...
[Problem → Reactions] Found 209 reactions, 250 molecules.
      [32m✓ All goal molecules found.[0m
      [32m✓ All goal reactions found.[0m
        [32m✓ Target reaction successfully synthesized in 0.79s![0m
      Evaluating reaction mos_206 (206/500)...
[Problem → Reactions] Found 21 reactions, 250 molecules.
      [32m✓ All goal molecules found.[0m
      [32m✓ All goal reactions found.[0m
        [32m✓ Target reaction successfully synthesized in 0.55s![0m
      Evaluating reaction mos_207 (207/500)...
        [31m✗ Skipped reaction synthesis (missing molecule synthesis subproblem failed).[0m
      Evaluating reaction mos_208 (208/500)...
[Problem → Reactions] Found 693 reactions, 250 molecules.
      [32m✓ All goal molecules found.[0m
      [32m✓ All goal reactions found.[0m
        [32m✓ Target reaction successfully synthesized in 1.14s![0m
      Evaluating reaction mos_209 (209/500)...
        [31m✗ Skipped reaction synthesis (missing molecule synthesis subproblem failed).[0m
      Evaluating reaction mos_210 (210/500)...
[Problem → Reactions] Found 170 reactions, 250 molecules.
      [32m✓ All goal molecules found.[0m
      [32m✓ All goal reactions found.[0m
        [32m✓ Target reaction successfully synthesized in 0.69s![0m
      Evaluating reaction mos_211 (211/500)...
[Problem → Reactions] Found 5066 reactions, 250 molecules.
      [32m✓ All goal molecules found.[0m
      [32m✓ All goal reactions found.[0m
        [32m✓ Target reaction successfully synthesized in 10.86s![0m
      Evaluating reaction mos_212 (212/500)...
        [31m✗ Skipped reaction synthesis (missing molecule synthesis subproblem failed).[0m
      Evaluating reaction mos_213 (213/500)...
        [31m✗ Skipped reaction synthesis (missing molecule synthesis subproblem failed).[0m
      Evaluating reaction mos_214 (214/500)...
[Problem → Reactions] Found 92 reactions, 250 molecules.
      [32m✓ All goal molecules found.[0m
      [32m✓ All goal reactions found.[0m
        [32m✓ Target reaction successfully synthesized in 0.5s![0m
      Evaluating reaction mos_215 (215/500)...
[Problem → Reactions] Found 1055 reactions, 250 molecules.
      [32m✓ All goal molecules found.[0m
      [32m✓ All goal reactions found.[0m
        [32m✓ Target reaction successfully synthesized in 1.42s![0m
      Evaluating reaction mos_216 (216/500)...
[Problem → Reactions] Found 30000 reactions, 250 molecules.
      [32m✓ All goal molecules found.[0m
      [31m✗ Missing goal reactions.[0m
        [31m✗ Synthesis failed or timed out in 54.24s.[0m
      Evaluating reaction mos_217 (217/500)...
        [31m✗ Skipped reaction synthesis (missing molecule synthesis subproblem failed).[0m
      Evaluating reaction mos_218 (218/500)...
[Problem → Reactions] Found 3994 reactions, 250 molecules.
      [32m✓ All goal molecules found.[0m
      [32m✓ All goal reactions found.[0m
        [32m✓ Target reaction successfully synthesized in 13.33s![0m
      Evaluating reaction mos_219 (219/500)...
        [31m✗ Skipped reaction synthesis (missing molecule synthesis subproblem failed).[0m
      Evaluating reaction mos_220 (220/500)...
        [31m✗ Skipped reaction synthesis (missing molecule synthesis subproblem failed).[0m
      Evaluating reaction mos_221 (221/500)...
        [31m✗ Skipped reaction synthesis (missing molecule synthesis subproblem failed).[0m
      Evaluating reaction mos_222 (222/500)...
[Problem → Reactions] Found 134 reactions, 250 molecules.
      [32m✓ All goal molecules found.[0m
      [32m✓ All goal reactions found.[0m
        [32m✓ Target reaction successfully synthesized in 1.81s![0m
      Evaluating reaction mos_223 (223/500)...
[Problem → Reactions] Found 23068 reactions, 250 molecules.
      [32m✓ All goal molecules found.[0m
      [32m✓ All goal reactions found.[0m
        [32m✓ Target reaction successfully synthesized in 41.69s![0m
      Evaluating reaction mos_224 (224/500)...
        [31m✗ Skipped reaction synthesis (missing molecule synthesis subproblem failed).[0m
      Evaluating reaction mos_225 (225/500)...
        [31m✗ Skipped reaction synthesis (missing molecule synthesis subproblem failed).[0m
      Evaluating reaction mos_226 (226/500)...
        [31m✗ Skipped reaction synthesis (missing molecule synthesis subproblem failed).[0m
      Evaluating reaction mos_227 (227/500)...
        [31m✗ Skipped reaction synthesis (missing molecule synthesis subproblem failed).[0m
      Evaluating reaction mos_228 (228/500)...
        [31m✗ Skipped reaction synthesis (missing molecule synthesis subproblem failed).[0m
      Evaluating reaction mos_229 (229/500)...
        [31m✗ Skipped reaction synthesis (missing molecule synthesis subproblem failed).[0m
      Evaluating reaction mos_230 (230/500)...
        [31m✗ Skipped reaction synthesis (missing molecule synthesis subproblem failed).[0m
      Evaluating reaction mos_231 (231/500)...
        [31m✗ Skipped reaction synthesis (missing molecule synthesis subproblem failed).[0m
      Evaluating reaction mos_232 (232/500)...
[Problem → Reactions] Found 261 reactions, 250 molecules.
      [32m✓ All goal molecules found.[0m
      [32m✓ All goal reactions found.[0m
        [32m✓ Target reaction successfully synthesized in 1.26s![0m
      Evaluating reaction mos_233 (233/500)...
        [31m✗ Skipped reaction synthesis (missing molecule synthesis subproblem failed).[0m
      Evaluating reaction mos_234 (234/500)...
[Problem → Reactions] Found 2135 reactions, 250 molecules.
      [32m✓ All goal molecules found.[0m
      [32m✓ All goal reactions found.[0m
        [32m✓ Target reaction successfully synthesized in 2.02s![0m
      Evaluating reaction mos_235 (235/500)...
        [31m✗ Skipped reaction synthesis (missing molecule synthesis subproblem failed).[0m
      Evaluating reaction mos_236 (236/500)...
        [31m✗ Skipped reaction synthesis (missing molecule synthesis subproblem failed).[0m
      Evaluating reaction mos_237 (237/500)...
        [31m✗ Skipped reaction synthesis (missing molecule synthesis subproblem failed).[0m
      Evaluating reaction mos_238 (238/500)...
[Problem → Reactions] Found 5504 reactions, 250 molecules.
      [32m✓ All goal molecules found.[0m
      [32m✓ All goal reactions found.[0m
        [32m✓ Target reaction successfully synthesized in 10.44s![0m
      Evaluating reaction mos_239 (239/500)...
        [31m✗ Skipped reaction synthesis (missing molecule synthesis subproblem failed).[0m
      Evaluating reaction mos_240 (240/500)...
        [31m✗ Skipped reaction synthesis (missing molecule synthesis subproblem failed).[0m
      Evaluating reaction mos_241 (241/500)...
        [31m✗ Skipped reaction synthesis (missing molecule synthesis subproblem failed).[0m
      Evaluating reaction mos_242 (242/500)...
[Problem → Reactions] Found 299 reactions, 250 molecules.
      [32m✓ All goal molecules found.[0m
      [32m✓ All goal reactions found.[0m
        [32m✓ Target reaction successfully synthesized in 1.16s![0m
      Evaluating reaction mos_243 (243/500)...
        [31m✗ Skipped reaction synthesis (missing molecule synthesis subproblem failed).[0m
      Evaluating reaction mos_244 (244/500)...
        [31m✗ Skipped reaction synthesis (missing molecule synthesis subproblem failed).[0m
      Evaluating reaction mos_245 (245/500)...
        [31m✗ Skipped reaction synthesis (missing molecule synthesis subproblem failed).[0m
      Evaluating reaction mos_246 (246/500)...
        [31m✗ Skipped reaction synthesis (missing molecule synthesis subproblem failed).[0m
      Evaluating reaction mos_247 (247/500)...
        [31m✗ Skipped reaction synthesis (missing molecule synthesis subproblem failed).[0m
      Evaluating reaction mos_248 (248/500)...
        [31m✗ Skipped reaction synthesis (missing molecule synthesis subproblem failed).[0m
      Evaluating reaction mos_249 (249/500)...
        [31m✗ Skipped reaction synthesis (missing molecule synthesis subproblem failed).[0m
      Evaluating reaction mos_250 (250/500)...
        [31m✗ Skipped reaction synthesis (missing molecule synthesis subproblem failed).[0m
      Evaluating reaction mos_251 (251/500)...
        [31m✗ Skipped reaction synthesis (missing molecule synthesis subproblem failed).[0m
      Evaluating reaction mos_252 (252/500)...
        [31m✗ Skipped reaction synthesis (missing molecule synthesis subproblem failed).[0m
      Evaluating reaction mos_253 (253/500)...
[Problem → Reactions] Found 11206 reactions, 250 molecules.
      [32m✓ All goal molecules found.[0m
      [32m✓ All goal reactions found.[0m
        [32m✓ Target reaction successfully synthesized in 18.35s![0m
      Evaluating reaction mos_254 (254/500)...
[Problem → Reactions] Found 176 reactions, 250 molecules.
      [32m✓ All goal molecules found.[0m
      [32m✓ All goal reactions found.[0m
        [32m✓ Target reaction successfully synthesized in 1.11s![0m
      Evaluating reaction mos_255 (255/500)...
[Problem → Reactions] Found 681 reactions, 250 molecules.
      [32m✓ All goal molecules found.[0m
      [32m✓ All goal reactions found.[0m
        [32m✓ Target reaction successfully synthesized in 0.93s![0m
      Evaluating reaction mos_256 (256/500)...
        [31m✗ Skipped reaction synthesis (missing molecule synthesis subproblem failed).[0m
      Evaluating reaction mos_257 (257/500)...
[Problem → Reactions] Found 285 reactions, 250 molecules.
      [32m✓ All goal molecules found.[0m
      [32m✓ All goal reactions found.[0m
        [32m✓ Target reaction successfully synthesized in 0.92s![0m
      Evaluating reaction mos_258 (258/500)...
        [31m✗ Skipped reaction synthesis (missing molecule synthesis subproblem failed).[0m
      Evaluating reaction mos_259 (259/500)...
        [31m✗ Skipped reaction synthesis (missing molecule synthesis subproblem failed).[0m
      Evaluating reaction mos_260 (260/500)...
        [31m✗ Skipped reaction synthesis (missing molecule synthesis subproblem failed).[0m
      Evaluating reaction mos_261 (261/500)...
[Problem → Reactions] Found 194 reactions, 250 molecules.
      [32m✓ All goal molecules found.[0m
      [32m✓ All goal reactions found.[0m
        [32m✓ Target reaction successfully synthesized in 1.03s![0m
      Evaluating reaction mos_262 (262/500)...
        [31m✗ Skipped reaction synthesis (missing molecule synthesis subproblem failed).[0m
      Evaluating reaction mos_263 (263/500)...
        [31m✗ Skipped reaction synthesis (missing molecule synthesis subproblem failed).[0m
      Evaluating reaction mos_264 (264/500)...
        [31m✗ Skipped reaction synthesis (missing molecule synthesis subproblem failed).[0m
      Evaluating reaction mos_265 (265/500)...
[Problem → Reactions] Found 146 reactions, 250 molecules.
      [32m✓ All goal molecules found.[0m
      [32m✓ All goal reactions found.[0m
        [32m✓ Target reaction successfully synthesized in 0.93s![0m
      Evaluating reaction mos_266 (266/500)...
        [31m✗ Skipped reaction synthesis (missing molecule synthesis subproblem failed).[0m
      Evaluating reaction mos_267 (267/500)...
        [31m✗ Skipped reaction synthesis (missing molecule synthesis subproblem failed).[0m
      Evaluating reaction mos_268 (268/500)...
        [31m✗ Skipped reaction synthesis (missing molecule synthesis subproblem failed).[0m
      Evaluating reaction mos_269 (269/500)...
        [31m✗ Skipped reaction synthesis (missing molecule synthesis subproblem failed).[0m
      Evaluating reaction mos_270 (270/500)...
[Problem → Reactions] Found 141 reactions, 250 molecules.
      [32m✓ All goal molecules found.[0m
      [32m✓ All goal reactions found.[0m
        [32m✓ Target reaction successfully synthesized in 0.87s![0m
      Evaluating reaction mos_271 (271/500)...
        [31m✗ Skipped reaction synthesis (missing molecule synthesis subproblem failed).[0m
      Evaluating reaction mos_272 (272/500)...
[Problem → Reactions] Found 15550 reactions, 250 molecules.
      [32m✓ All goal molecules found.[0m
      [32m✓ All goal reactions found.[0m
        [32m✓ Target reaction successfully synthesized in 24.95s![0m
      Evaluating reaction mos_273 (273/500)...
        [31m✗ Skipped reaction synthesis (missing molecule synthesis subproblem failed).[0m
      Evaluating reaction mos_274 (274/500)...
[Problem → Reactions] Found 10168 reactions, 250 molecules.
      [32m✓ All goal molecules found.[0m
      [32m✓ All goal reactions found.[0m
        [32m✓ Target reaction successfully synthesized in 15.38s![0m
      Evaluating reaction mos_275 (275/500)...
[Problem → Reactions] Found 19832 reactions, 250 molecules.
      [32m✓ All goal molecules found.[0m
      [32m✓ All goal reactions found.[0m
        [32m✓ Target reaction successfully synthesized in 29.4s![0m
      Evaluating reaction mos_276 (276/500)...
[Problem → Reactions] Found 30000 reactions, 250 molecules.
      [32m✓ All goal molecules found.[0m
      [31m✗ Missing goal reactions.[0m
        [31m✗ Synthesis failed or timed out in 39.47s.[0m
      Evaluating reaction mos_277 (277/500)...
[Problem → Reactions] Found 24920 reactions, 250 molecules.
      [32m✓ All goal molecules found.[0m
      [32m✓ All goal reactions found.[0m
        [32m✓ Target reaction successfully synthesized in 56.82s![0m
      Evaluating reaction mos_278 (278/500)...
[Problem → Reactions] Found 195 reactions, 250 molecules.
      [32m✓ All goal molecules found.[0m
      [32m✓ All goal reactions found.[0m
        [32m✓ Target reaction successfully synthesized in 3.0s![0m
      Evaluating reaction mos_279 (279/500)...
        [31m✗ Skipped reaction synthesis (missing molecule synthesis subproblem failed).[0m
      Evaluating reaction mos_280 (280/500)...
        [31m✗ Skipped reaction synthesis (missing molecule synthesis subproblem failed).[0m
      Evaluating reaction mos_281 (281/500)...
[Problem → Reactions] Found 116 reactions, 250 molecules.
      [32m✓ All goal molecules found.[0m
      [32m✓ All goal reactions found.[0m
        [32m✓ Target reaction successfully synthesized in 0.76s![0m
      Evaluating reaction mos_282 (282/500)...
        [31m✗ Skipped reaction synthesis (missing molecule synthesis subproblem failed).[0m
      Evaluating reaction mos_283 (283/500)...
[Problem → Reactions] Found 107 reactions, 250 molecules.
      [32m✓ All goal molecules found.[0m
      [32m✓ All goal reactions found.[0m
        [32m✓ Target reaction successfully synthesized in 1.71s![0m
      Evaluating reaction mos_284 (284/500)...
        [31m✗ Skipped reaction synthesis (missing molecule synthesis subproblem failed).[0m
      Evaluating reaction mos_285 (285/500)...
[Problem → Reactions] Found 164 reactions, 250 molecules.
      [32m✓ All goal molecules found.[0m
      [32m✓ All goal reactions found.[0m
        [32m✓ Target reaction successfully synthesized in 1.84s![0m
      Evaluating reaction mos_286 (286/500)...
        [31m✗ Skipped reaction synthesis (missing molecule synthesis subproblem failed).[0m
      Evaluating reaction mos_287 (287/500)...
        [31m✗ Skipped reaction synthesis (missing molecule synthesis subproblem failed).[0m
      Evaluating reaction mos_288 (288/500)...
        [31m✗ Skipped reaction synthesis (missing molecule synthesis subproblem failed).[0m
      Evaluating reaction mos_289 (289/500)...
[Problem → Reactions] Found 13364 reactions, 250 molecules.
      [32m✓ All goal molecules found.[0m
      [32m✓ All goal reactions found.[0m
        [32m✓ Target reaction successfully synthesized in 25.26s![0m
      Evaluating reaction mos_290 (290/500)...
        [31m✗ Skipped reaction synthesis (missing molecule synthesis subproblem failed).[0m
      Evaluating reaction mos_291 (291/500)...
[Problem → Reactions] Found 113 reactions, 250 molecules.
      [32m✓ All goal molecules found.[0m
      [32m✓ All goal reactions found.[0m
        [32m✓ Target reaction successfully synthesized in 0.72s![0m
      Evaluating reaction mos_292 (292/500)...
        [31m✗ Skipped reaction synthesis (missing molecule synthesis subproblem failed).[0m
      Evaluating reaction mos_293 (293/500)...
        [31m✗ Skipped reaction synthesis (missing molecule synthesis subproblem failed).[0m
      Evaluating reaction mos_294 (294/500)...
[Problem → Reactions] Found 98 reactions, 250 molecules.
      [32m✓ All goal molecules found.[0m
      [32m✓ All goal reactions found.[0m
        [32m✓ Target reaction successfully synthesized in 0.69s![0m
      Evaluating reaction mos_295 (295/500)...
        [31m✗ Skipped reaction synthesis (missing molecule synthesis subproblem failed).[0m
      Evaluating reaction mos_296 (296/500)...
        [31m✗ Skipped reaction synthesis (missing molecule synthesis subproblem failed).[0m
      Evaluating reaction mos_297 (297/500)...
        [31m✗ Skipped reaction synthesis (missing molecule synthesis subproblem failed).[0m
      Evaluating reaction mos_298 (298/500)...
        [31m✗ Skipped reaction synthesis (missing molecule synthesis subproblem failed).[0m
      Evaluating reaction mos_299 (299/500)...
        [31m✗ Skipped reaction synthesis (missing molecule synthesis subproblem failed).[0m
      Evaluating reaction mos_300 (300/500)...
        [31m✗ Skipped reaction synthesis (missing molecule synthesis subproblem failed).[0m
      Evaluating reaction mos_301 (301/500)...
        [31m✗ Skipped reaction synthesis (missing molecule synthesis subproblem failed).[0m
      Evaluating reaction mos_302 (302/500)...
        [31m✗ Skipped reaction synthesis (missing molecule synthesis subproblem failed).[0m
      Evaluating reaction mos_303 (303/500)...
        [31m✗ Skipped reaction synthesis (missing molecule synthesis subproblem failed).[0m
      Evaluating reaction mos_304 (304/500)...
        [31m✗ Skipped reaction synthesis (missing molecule synthesis subproblem failed).[0m
      Evaluating reaction mos_305 (305/500)...
        [31m✗ Skipped reaction synthesis (missing molecule synthesis subproblem failed).[0m
      Evaluating reaction mos_306 (306/500)...
[Problem → Reactions] Found 14535 reactions, 250 molecules.
      [32m✓ All goal molecules found.[0m
      [32m✓ All goal reactions found.[0m
        [32m✓ Target reaction successfully synthesized in 3.93s![0m
      Evaluating reaction mos_307 (307/500)...
        [31m✗ Skipped reaction synthesis (missing molecule synthesis subproblem failed).[0m
      Evaluating reaction mos_308 (308/500)...
        [31m✗ Skipped reaction synthesis (missing molecule synthesis subproblem failed).[0m
      Evaluating reaction mos_309 (309/500)...
        [31m✗ Skipped reaction synthesis (missing molecule synthesis subproblem failed).[0m
      Evaluating reaction mos_310 (310/500)...
[Problem → Reactions] Found 245 reactions, 250 molecules.
      [32m✓ All goal molecules found.[0m
      [32m✓ All goal reactions found.[0m
        [32m✓ Target reaction successfully synthesized in 0.48s![0m
      Evaluating reaction mos_311 (311/500)...
        [31m✗ Skipped reaction synthesis (missing molecule synthesis subproblem failed).[0m
      Evaluating reaction mos_312 (312/500)...
[Problem → Reactions] Found 30000 reactions, 250 molecules.
      [32m✓ All goal molecules found.[0m
      [31m✗ Missing goal reactions.[0m
        [31m✗ Synthesis failed or timed out in 44.11s.[0m
      Evaluating reaction mos_313 (313/500)...
        [31m✗ Skipped reaction synthesis (missing molecule synthesis subproblem failed).[0m
      Evaluating reaction mos_314 (314/500)...
        [31m✗ Skipped reaction synthesis (missing molecule synthesis subproblem failed).[0m
      Evaluating reaction mos_315 (315/500)...
[Problem → Reactions] Found 30000 reactions, 250 molecules.
      [32m✓ All goal molecules found.[0m
      [31m✗ Missing goal reactions.[0m
        [31m✗ Synthesis failed or timed out in 56.21s.[0m
      Evaluating reaction mos_316 (316/500)...
        [31m✗ Skipped reaction synthesis (missing molecule synthesis subproblem failed).[0m
      Evaluating reaction mos_317 (317/500)...
        [31m✗ Skipped reaction synthesis (missing molecule synthesis subproblem failed).[0m
      Evaluating reaction mos_318 (318/500)...
[Problem → Reactions] Found 30000 reactions, 250 molecules.
      [32m✓ All goal molecules found.[0m
      [31m✗ Missing goal reactions.[0m
        [31m✗ Synthesis failed or timed out in 58.34s.[0m
      Evaluating reaction mos_319 (319/500)...
        [31m✗ Skipped reaction synthesis (missing molecule synthesis subproblem failed).[0m
      Evaluating reaction mos_320 (320/500)...
[Problem → Reactions] Found 407 reactions, 250 molecules.
      [32m✓ All goal molecules found.[0m
      [32m✓ All goal reactions found.[0m
        [32m✓ Target reaction successfully synthesized in 0.9s![0m
      Evaluating reaction mos_321 (321/500)...
        [31m✗ Skipped reaction synthesis (missing molecule synthesis subproblem failed).[0m
      Evaluating reaction mos_322 (322/500)...
        [31m✗ Skipped reaction synthesis (missing molecule synthesis subproblem failed).[0m
      Evaluating reaction mos_323 (323/500)...
[Problem → Reactions] Found 182 reactions, 250 molecules.
      [32m✓ All goal molecules found.[0m
      [32m✓ All goal reactions found.[0m
        [32m✓ Target reaction successfully synthesized in 1.89s![0m
      Evaluating reaction mos_324 (324/500)...
[Problem → Reactions] Found 4250 reactions, 250 molecules.
      [32m✓ All goal molecules found.[0m
      [32m✓ All goal reactions found.[0m
        [32m✓ Target reaction successfully synthesized in 10.82s![0m
      Evaluating reaction mos_325 (325/500)...
        [31m✗ Skipped reaction synthesis (missing molecule synthesis subproblem failed).[0m
      Evaluating reaction mos_326 (326/500)...
        [31m✗ Skipped reaction synthesis (missing molecule synthesis subproblem failed).[0m
      Evaluating reaction mos_327 (327/500)...
        [31m✗ Skipped reaction synthesis (missing molecule synthesis subproblem failed).[0m
      Evaluating reaction mos_328 (328/500)...
        [31m✗ Skipped reaction synthesis (missing molecule synthesis subproblem failed).[0m
      Evaluating reaction mos_329 (329/500)...
        [31m✗ Skipped reaction synthesis (missing molecule synthesis subproblem failed).[0m
      Evaluating reaction mos_330 (330/500)...
        [31m✗ Skipped reaction synthesis (missing molecule synthesis subproblem failed).[0m
      Evaluating reaction mos_331 (331/500)...
[Problem → Reactions] Found 2517 reactions, 250 molecules.
      [32m✓ All goal molecules found.[0m
      [32m✓ All goal reactions found.[0m
        [32m✓ Target reaction successfully synthesized in 1.57s![0m
      Evaluating reaction mos_332 (332/500)...
        [31m✗ Skipped reaction synthesis (missing molecule synthesis subproblem failed).[0m
      Evaluating reaction mos_333 (333/500)...
[Problem → Reactions] Found 179 reactions, 250 molecules.
      [32m✓ All goal molecules found.[0m
      [32m✓ All goal reactions found.[0m
        [32m✓ Target reaction successfully synthesized in 0.86s![0m
      Evaluating reaction mos_334 (334/500)...
[Problem → Reactions] Found 2765 reactions, 250 molecules.
      [32m✓ All goal molecules found.[0m
      [32m✓ All goal reactions found.[0m
        [32m✓ Target reaction successfully synthesized in 2.27s![0m
      Evaluating reaction mos_335 (335/500)...
        [31m✗ Skipped reaction synthesis (missing molecule synthesis subproblem failed).[0m
      Evaluating reaction mos_336 (336/500)...
        [31m✗ Skipped reaction synthesis (missing molecule synthesis subproblem failed).[0m
      Evaluating reaction mos_337 (337/500)...
[Problem → Reactions] Found 30000 reactions, 250 molecules.
      [32m✓ All goal molecules found.[0m
      [31m✗ Missing goal reactions.[0m
        [31m✗ Synthesis failed or timed out in 46.89s.[0m
      Evaluating reaction mos_338 (338/500)...
        [31m✗ Skipped reaction synthesis (missing molecule synthesis subproblem failed).[0m
      Evaluating reaction mos_339 (339/500)...
        [31m✗ Skipped reaction synthesis (missing molecule synthesis subproblem failed).[0m
      Evaluating reaction mos_340 (340/500)...
        [31m✗ Skipped reaction synthesis (missing molecule synthesis subproblem failed).[0m
      Evaluating reaction mos_341 (341/500)...
        [31m✗ Skipped reaction synthesis (missing molecule synthesis subproblem failed).[0m
      Evaluating reaction mos_342 (342/500)...
        [31m✗ Skipped reaction synthesis (missing molecule synthesis subproblem failed).[0m
      Evaluating reaction mos_343 (343/500)...
[Problem → Reactions] Found 7596 reactions, 250 molecules.
      [32m✓ All goal molecules found.[0m
      [32m✓ All goal reactions found.[0m
        [32m✓ Target reaction successfully synthesized in 11.25s![0m
      Evaluating reaction mos_344 (344/500)...
[Problem → Reactions] Found 101 reactions, 250 molecules.
      [32m✓ All goal molecules found.[0m
      [32m✓ All goal reactions found.[0m
        [32m✓ Target reaction successfully synthesized in 0.84s![0m
      Evaluating reaction mos_345 (345/500)...
        [31m✗ Skipped reaction synthesis (missing molecule synthesis subproblem failed).[0m
      Evaluating reaction mos_346 (346/500)...
[Problem → Reactions] Found 3048 reactions, 250 molecules.
      [32m✓ All goal molecules found.[0m
      [32m✓ All goal reactions found.[0m
        [32m✓ Target reaction successfully synthesized in 7.45s![0m
      Evaluating reaction mos_347 (347/500)...
        [31m✗ Skipped reaction synthesis (missing molecule synthesis subproblem failed).[0m
      Evaluating reaction mos_348 (348/500)...
        [31m✗ Skipped reaction synthesis (missing molecule synthesis subproblem failed).[0m
      Evaluating reaction mos_349 (349/500)...
        [31m✗ Skipped reaction synthesis (missing molecule synthesis subproblem failed).[0m
      Evaluating reaction mos_350 (350/500)...
        [31m✗ Skipped reaction synthesis (missing molecule synthesis subproblem failed).[0m
      Evaluating reaction mos_351 (351/500)...
[Problem → Reactions] Found 5183 reactions, 250 molecules.
      [32m✓ All goal molecules found.[0m
      [32m✓ All goal reactions found.[0m
        [32m✓ Target reaction successfully synthesized in 2.69s![0m
      Evaluating reaction mos_352 (352/500)...
[Problem → Reactions] Found 176 reactions, 250 molecules.
      [32m✓ All goal molecules found.[0m
      [32m✓ All goal reactions found.[0m
        [32m✓ Target reaction successfully synthesized in 0.83s![0m
      Evaluating reaction mos_353 (353/500)...
[Problem → Reactions] Found 7796 reactions, 250 molecules.
      [32m✓ All goal molecules found.[0m
      [32m✓ All goal reactions found.[0m
        [32m✓ Target reaction successfully synthesized in 11.26s![0m
      Evaluating reaction mos_354 (354/500)...
[Problem → Reactions] Found 30000 reactions, 250 molecules.
      [32m✓ All goal molecules found.[0m
      [31m✗ Missing goal reactions.[0m
        [31m✗ Synthesis failed or timed out in 53.59s.[0m
      Evaluating reaction mos_355 (355/500)...
[Problem → Reactions] Found 203 reactions, 250 molecules.
      [32m✓ All goal molecules found.[0m
      [32m✓ All goal reactions found.[0m
        [32m✓ Target reaction successfully synthesized in 1.13s![0m
      Evaluating reaction mos_356 (356/500)...
[Problem → Reactions] Found 30000 reactions, 250 molecules.
      [32m✓ All goal molecules found.[0m
      [31m✗ Missing goal reactions.[0m
        [31m✗ Synthesis failed or timed out in 27.1s.[0m
      Evaluating reaction mos_357 (357/500)...
        [31m✗ Skipped reaction synthesis (missing molecule synthesis subproblem failed).[0m
      Evaluating reaction mos_358 (358/500)...
[Problem → Reactions] Found 369 reactions, 250 molecules.
      [32m✓ All goal molecules found.[0m
      [32m✓ All goal reactions found.[0m
        [32m✓ Target reaction successfully synthesized in 1.21s![0m
      Evaluating reaction mos_359 (359/500)...
        [31m✗ Skipped reaction synthesis (missing molecule synthesis subproblem failed).[0m
      Evaluating reaction mos_360 (360/500)...
        [31m✗ Skipped reaction synthesis (missing molecule synthesis subproblem failed).[0m
      Evaluating reaction mos_361 (361/500)...
        [31m✗ Skipped reaction synthesis (missing molecule synthesis subproblem failed).[0m
      Evaluating reaction mos_362 (362/500)...
        [31m✗ Skipped reaction synthesis (missing molecule synthesis subproblem failed).[0m
      Evaluating reaction mos_363 (363/500)...
[Problem → Reactions] Found 5404 reactions, 250 molecules.
      [32m✓ All goal molecules found.[0m
      [32m✓ All goal reactions found.[0m
        [32m✓ Target reaction successfully synthesized in 10.59s![0m
      Evaluating reaction mos_364 (364/500)...
[Problem → Reactions] Found 393 reactions, 250 molecules.
      [32m✓ All goal molecules found.[0m
      [32m✓ All goal reactions found.[0m
        [32m✓ Target reaction successfully synthesized in 0.97s![0m
      Evaluating reaction mos_365 (365/500)...
        [31m✗ Skipped reaction synthesis (missing molecule synthesis subproblem failed).[0m
      Evaluating reaction mos_366 (366/500)...
        [31m✗ Skipped reaction synthesis (missing molecule synthesis subproblem failed).[0m
      Evaluating reaction mos_367 (367/500)...
[Problem → Reactions] Found 236 reactions, 250 molecules.
      [32m✓ All goal molecules found.[0m
      [32m✓ All goal reactions found.[0m
        [32m✓ Target reaction successfully synthesized in 2.01s![0m
      Evaluating reaction mos_368 (368/500)...
        [31m✗ Skipped reaction synthesis (missing molecule synthesis subproblem failed).[0m
      Evaluating reaction mos_369 (369/500)...
        [31m✗ Skipped reaction synthesis (missing molecule synthesis subproblem failed).[0m
      Evaluating reaction mos_370 (370/500)...
        [31m✗ Skipped reaction synthesis (missing molecule synthesis subproblem failed).[0m
      Evaluating reaction mos_371 (371/500)...
        [31m✗ Skipped reaction synthesis (missing molecule synthesis subproblem failed).[0m
      Evaluating reaction mos_372 (372/500)...
        [31m✗ Skipped reaction synthesis (missing molecule synthesis subproblem failed).[0m
      Evaluating reaction mos_373 (373/500)...
[Problem → Reactions] Found 8989 reactions, 250 molecules.
      [32m✓ All goal molecules found.[0m
      [32m✓ All goal reactions found.[0m
        [32m✓ Target reaction successfully synthesized in 4.7s![0m
      Evaluating reaction mos_374 (374/500)...
        [31m✗ Skipped reaction synthesis (missing molecule synthesis subproblem failed).[0m
      Evaluating reaction mos_375 (375/500)...
        [31m✗ Skipped reaction synthesis (missing molecule synthesis subproblem failed).[0m
      Evaluating reaction mos_376 (376/500)...
        [31m✗ Skipped reaction synthesis (missing molecule synthesis subproblem failed).[0m
      Evaluating reaction mos_377 (377/500)...
[Problem → Reactions] Found 311 reactions, 250 molecules.
      [32m✓ All goal molecules found.[0m
      [32m✓ All goal reactions found.[0m
        [32m✓ Target reaction successfully synthesized in 0.92s![0m
      Evaluating reaction mos_378 (378/500)...
        [31m✗ Skipped reaction synthesis (missing molecule synthesis subproblem failed).[0m
      Evaluating reaction mos_379 (379/500)...
[Problem → Reactions] Found 6758 reactions, 250 molecules.
      [32m✓ All goal molecules found.[0m
      [32m✓ All goal reactions found.[0m
        [32m✓ Target reaction successfully synthesized in 16.37s![0m
      Evaluating reaction mos_380 (380/500)...
        [31m✗ Skipped reaction synthesis (missing molecule synthesis subproblem failed).[0m
      Evaluating reaction mos_381 (381/500)...
        [31m✗ Skipped reaction synthesis (missing molecule synthesis subproblem failed).[0m
      Evaluating reaction mos_382 (382/500)...
        [31m✗ Skipped reaction synthesis (missing molecule synthesis subproblem failed).[0m
      Evaluating reaction mos_383 (383/500)...
[Problem → Reactions] Found 30000 reactions, 250 molecules.
      [32m✓ All goal molecules found.[0m
      [31m✗ Missing goal reactions.[0m
        [31m✗ Synthesis failed or timed out in 52.08s.[0m
      Evaluating reaction mos_384 (384/500)...
        [31m✗ Skipped reaction synthesis (missing molecule synthesis subproblem failed).[0m
      Evaluating reaction mos_385 (385/500)...
        [31m✗ Skipped reaction synthesis (missing molecule synthesis subproblem failed).[0m
      Evaluating reaction mos_386 (386/500)...
        [31m✗ Skipped reaction synthesis (missing molecule synthesis subproblem failed).[0m
      Evaluating reaction mos_387 (387/500)...
        [31m✗ Skipped reaction synthesis (missing molecule synthesis subproblem failed).[0m
      Evaluating reaction mos_388 (388/500)...
[Problem → Reactions] Found 30000 reactions, 250 molecules.
      [32m✓ All goal molecules found.[0m
      [31m✗ Missing goal reactions.[0m
        [31m✗ Synthesis failed or timed out in 102.07s.[0m
      Evaluating reaction mos_389 (389/500)...
        [31m✗ Skipped reaction synthesis (missing molecule synthesis subproblem failed).[0m
      Evaluating reaction mos_390 (390/500)...
[Problem → Reactions] Found 93 reactions, 250 molecules.
      [32m✓ All goal molecules found.[0m
      [32m✓ All goal reactions found.[0m
        [32m✓ Target reaction successfully synthesized in 1.16s![0m
      Evaluating reaction mos_391 (391/500)...
[Problem → Reactions] Found 99 reactions, 250 molecules.
      [32m✓ All goal molecules found.[0m
      [32m✓ All goal reactions found.[0m
        [32m✓ Target reaction successfully synthesized in 2.14s![0m
      Evaluating reaction mos_392 (392/500)...
[Problem → Reactions] Found 1358 reactions, 250 molecules.
      [32m✓ All goal molecules found.[0m
      [32m✓ All goal reactions found.[0m
        [32m✓ Target reaction successfully synthesized in 6.73s![0m
      Evaluating reaction mos_393 (393/500)...
[Problem → Reactions] Found 13226 reactions, 250 molecules.
      [32m✓ All goal molecules found.[0m
      [32m✓ All goal reactions found.[0m
        [32m✓ Target reaction successfully synthesized in 24.35s![0m
      Evaluating reaction mos_394 (394/500)...
        [31m✗ Skipped reaction synthesis (missing molecule synthesis subproblem failed).[0m
      Evaluating reaction mos_395 (395/500)...
        [31m✗ Skipped reaction synthesis (missing molecule synthesis subproblem failed).[0m
      Evaluating reaction mos_396 (396/500)...
        [31m✗ Skipped reaction synthesis (missing molecule synthesis subproblem failed).[0m
      Evaluating reaction mos_397 (397/500)...
[Problem → Reactions] Found 344 reactions, 250 molecules.
      [32m✓ All goal molecules found.[0m
      [32m✓ All goal reactions found.[0m
        [32m✓ Target reaction successfully synthesized in 0.79s![0m
      Evaluating reaction mos_398 (398/500)...
        [31m✗ Skipped reaction synthesis (missing molecule synthesis subproblem failed).[0m
      Evaluating reaction mos_399 (399/500)...
        [31m✗ Skipped reaction synthesis (missing molecule synthesis subproblem failed).[0m
      Evaluating reaction mos_400 (400/500)...
        [31m✗ Skipped reaction synthesis (missing molecule synthesis subproblem failed).[0m
      Evaluating reaction mos_401 (401/500)...
[Problem → Reactions] Found 95 reactions, 250 molecules.
      [32m✓ All goal molecules found.[0m
      [32m✓ All goal reactions found.[0m
        [32m✓ Target reaction successfully synthesized in 0.94s![0m
      Evaluating reaction mos_402 (402/500)...
        [31m✗ Skipped reaction synthesis (missing molecule synthesis subproblem failed).[0m
      Evaluating reaction mos_403 (403/500)...
        [31m✗ Skipped reaction synthesis (missing molecule synthesis subproblem failed).[0m
      Evaluating reaction mos_404 (404/500)...
        [31m✗ Skipped reaction synthesis (missing molecule synthesis subproblem failed).[0m
      Evaluating reaction mos_405 (405/500)...
        [31m✗ Skipped reaction synthesis (missing molecule synthesis subproblem failed).[0m
      Evaluating reaction mos_406 (406/500)...
        [31m✗ Skipped reaction synthesis (missing molecule synthesis subproblem failed).[0m
      Evaluating reaction mos_407 (407/500)...
        [31m✗ Skipped reaction synthesis (missing molecule synthesis subproblem failed).[0m
      Evaluating reaction mos_408 (408/500)...
        [31m✗ Skipped reaction synthesis (missing molecule synthesis subproblem failed).[0m
      Evaluating reaction mos_409 (409/500)...
        [31m✗ Skipped reaction synthesis (missing molecule synthesis subproblem failed).[0m
      Evaluating reaction mos_410 (410/500)...
        [31m✗ Skipped reaction synthesis (missing molecule synthesis subproblem failed).[0m
      Evaluating reaction mos_411 (411/500)...
[Problem → Reactions] Found 5077 reactions, 250 molecules.
      [32m✓ All goal molecules found.[0m
      [32m✓ All goal reactions found.[0m
        [32m✓ Target reaction successfully synthesized in 1.93s![0m
      Evaluating reaction mos_412 (412/500)...
        [31m✗ Skipped reaction synthesis (missing molecule synthesis subproblem failed).[0m
      Evaluating reaction mos_413 (413/500)...
        [31m✗ Skipped reaction synthesis (missing molecule synthesis subproblem failed).[0m
      Evaluating reaction mos_414 (414/500)...
[Problem → Reactions] Found 2375 reactions, 250 molecules.
      [32m✓ All goal molecules found.[0m
      [32m✓ All goal reactions found.[0m
        [32m✓ Target reaction successfully synthesized in 3.17s![0m
      Evaluating reaction mos_415 (415/500)...
        [31m✗ Skipped reaction synthesis (missing molecule synthesis subproblem failed).[0m
      Evaluating reaction mos_416 (416/500)...
        [31m✗ Skipped reaction synthesis (missing molecule synthesis subproblem failed).[0m
      Evaluating reaction mos_417 (417/500)...
[Problem → Reactions] Found 62 reactions, 250 molecules.
      [32m✓ All goal molecules found.[0m
      [32m✓ All goal reactions found.[0m
        [32m✓ Target reaction successfully synthesized in 0.97s![0m
      Evaluating reaction mos_418 (418/500)...
        [31m✗ Skipped reaction synthesis (missing molecule synthesis subproblem failed).[0m
      Evaluating reaction mos_419 (419/500)...
        [31m✗ Skipped reaction synthesis (missing molecule synthesis subproblem failed).[0m
      Evaluating reaction mos_420 (420/500)...
[Problem → Reactions] Found 3831 reactions, 250 molecules.
      [32m✓ All goal molecules found.[0m
      [32m✓ All goal reactions found.[0m
        [32m✓ Target reaction successfully synthesized in 1.63s![0m
      Evaluating reaction mos_421 (421/500)...
        [31m✗ Skipped reaction synthesis (missing molecule synthesis subproblem failed).[0m
      Evaluating reaction mos_422 (422/500)...
        [31m✗ Skipped reaction synthesis (missing molecule synthesis subproblem failed).[0m
      Evaluating reaction mos_423 (423/500)...
        [31m✗ Skipped reaction synthesis (missing molecule synthesis subproblem failed).[0m
      Evaluating reaction mos_424 (424/500)...
[Problem → Reactions] Found 152 reactions, 250 molecules.
      [32m✓ All goal molecules found.[0m
      [32m✓ All goal reactions found.[0m
        [32m✓ Target reaction successfully synthesized in 2.86s![0m
      Evaluating reaction mos_425 (425/500)...
[Problem → Reactions] Found 443 reactions, 250 molecules.
      [32m✓ All goal molecules found.[0m
      [32m✓ All goal reactions found.[0m
        [32m✓ Target reaction successfully synthesized in 0.7s![0m
      Evaluating reaction mos_426 (426/500)...
[Problem → Reactions] Found 171 reactions, 250 molecules.
      [32m✓ All goal molecules found.[0m
      [32m✓ All goal reactions found.[0m
        [32m✓ Target reaction successfully synthesized in 2.17s![0m
      Evaluating reaction mos_427 (427/500)...
[Problem → Reactions] Found 218 reactions, 250 molecules.
      [32m✓ All goal molecules found.[0m
      [32m✓ All goal reactions found.[0m
        [32m✓ Target reaction successfully synthesized in 0.88s![0m
      Evaluating reaction mos_428 (428/500)...
        [31m✗ Skipped reaction synthesis (missing molecule synthesis subproblem failed).[0m
      Evaluating reaction mos_429 (429/500)...
        [31m✗ Skipped reaction synthesis (missing molecule synthesis subproblem failed).[0m
      Evaluating reaction mos_430 (430/500)...
[Problem → Reactions] Found 6532 reactions, 250 molecules.
      [32m✓ All goal molecules found.[0m
      [32m✓ All goal reactions found.[0m
        [32m✓ Target reaction successfully synthesized in 14.49s![0m
      Evaluating reaction mos_431 (431/500)...
        [31m✗ Skipped reaction synthesis (missing molecule synthesis subproblem failed).[0m
      Evaluating reaction mos_432 (432/500)...
[Problem → Reactions] Found 5384 reactions, 250 molecules.
      [32m✓ All goal molecules found.[0m
      [32m✓ All goal reactions found.[0m
        [32m✓ Target reaction successfully synthesized in 11.91s![0m
      Evaluating reaction mos_433 (433/500)...
        [31m✗ Skipped reaction synthesis (missing molecule synthesis subproblem failed).[0m
      Evaluating reaction mos_434 (434/500)...
        [31m✗ Skipped reaction synthesis (missing molecule synthesis subproblem failed).[0m
      Evaluating reaction mos_435 (435/500)...
[Problem → Reactions] Found 2413 reactions, 250 molecules.
      [32m✓ All goal molecules found.[0m
      [32m✓ All goal reactions found.[0m
        [32m✓ Target reaction successfully synthesized in 1.6s![0m
      Evaluating reaction mos_436 (436/500)...
        [31m✗ Skipped reaction synthesis (missing molecule synthesis subproblem failed).[0m
      Evaluating reaction mos_437 (437/500)...
        [31m✗ Skipped reaction synthesis (missing molecule synthesis subproblem failed).[0m
      Evaluating reaction mos_438 (438/500)...
        [31m✗ Skipped reaction synthesis (missing molecule synthesis subproblem failed).[0m
      Evaluating reaction mos_439 (439/500)...
[Problem → Reactions] Found 254 reactions, 250 molecules.
      [32m✓ All goal molecules found.[0m
      [32m✓ All goal reactions found.[0m
        [32m✓ Target reaction successfully synthesized in 1.02s![0m
      Evaluating reaction mos_440 (440/500)...
        [31m✗ Skipped reaction synthesis (missing molecule synthesis subproblem failed).[0m
      Evaluating reaction mos_441 (441/500)...
[Problem → Reactions] Found 341 reactions, 250 molecules.
      [32m✓ All goal molecules found.[0m
      [32m✓ All goal reactions found.[0m
        [32m✓ Target reaction successfully synthesized in 1.85s![0m
      Evaluating reaction mos_442 (442/500)...
        [31m✗ Skipped reaction synthesis (missing molecule synthesis subproblem failed).[0m
      Evaluating reaction mos_443 (443/500)...
        [31m✗ Skipped reaction synthesis (missing molecule synthesis subproblem failed).[0m
      Evaluating reaction mos_444 (444/500)...
        [31m✗ Skipped reaction synthesis (missing molecule synthesis subproblem failed).[0m
      Evaluating reaction mos_445 (445/500)...
        [31m✗ Skipped reaction synthesis (missing molecule synthesis subproblem failed).[0m
      Evaluating reaction mos_446 (446/500)...
        [31m✗ Skipped reaction synthesis (missing molecule synthesis subproblem failed).[0m
      Evaluating reaction mos_447 (447/500)...
        [31m✗ Skipped reaction synthesis (missing molecule synthesis subproblem failed).[0m
      Evaluating reaction mos_448 (448/500)...
        [31m✗ Skipped reaction synthesis (missing molecule synthesis subproblem failed).[0m
      Evaluating reaction mos_449 (449/500)...
        [31m✗ Skipped reaction synthesis (missing molecule synthesis subproblem failed).[0m
      Evaluating reaction mos_450 (450/500)...
        [31m✗ Skipped reaction synthesis (missing molecule synthesis subproblem failed).[0m
      Evaluating reaction mos_451 (451/500)...
        [31m✗ Skipped reaction synthesis (missing molecule synthesis subproblem failed).[0m
      Evaluating reaction mos_452 (452/500)...
        [31m✗ Skipped reaction synthesis (missing molecule synthesis subproblem failed).[0m
      Evaluating reaction mos_453 (453/500)...
        [31m✗ Skipped reaction synthesis (missing molecule synthesis subproblem failed).[0m
      Evaluating reaction mos_454 (454/500)...
        [31m✗ Skipped reaction synthesis (missing molecule synthesis subproblem failed).[0m
      Evaluating reaction mos_455 (455/500)...
        [31m✗ Skipped reaction synthesis (missing molecule synthesis subproblem failed).[0m
      Evaluating reaction mos_456 (456/500)...
[Problem → Reactions] Found 3049 reactions, 250 molecules.
      [32m✓ All goal molecules found.[0m
      [32m✓ All goal reactions found.[0m
        [32m✓ Target reaction successfully synthesized in 2.21s![0m
      Evaluating reaction mos_457 (457/500)...
[Problem → Reactions] Found 89 reactions, 250 molecules.
      [32m✓ All goal molecules found.[0m
      [32m✓ All goal reactions found.[0m
        [32m✓ Target reaction successfully synthesized in 0.92s![0m
      Evaluating reaction mos_458 (458/500)...
        [31m✗ Skipped reaction synthesis (missing molecule synthesis subproblem failed).[0m
      Evaluating reaction mos_459 (459/500)...
        [31m✗ Skipped reaction synthesis (missing molecule synthesis subproblem failed).[0m
      Evaluating reaction mos_460 (460/500)...
[Problem → Reactions] Found 12132 reactions, 250 molecules.
      [32m✓ All goal molecules found.[0m
      [32m✓ All goal reactions found.[0m
        [32m✓ Target reaction successfully synthesized in 21.98s![0m
      Evaluating reaction mos_461 (461/500)...
        [31m✗ Skipped reaction synthesis (missing molecule synthesis subproblem failed).[0m
      Evaluating reaction mos_462 (462/500)...
[Problem → Reactions] Found 347 reactions, 250 molecules.
      [32m✓ All goal molecules found.[0m
      [32m✓ All goal reactions found.[0m
        [32m✓ Target reaction successfully synthesized in 1.02s![0m
      Evaluating reaction mos_463 (463/500)...
        [31m✗ Skipped reaction synthesis (missing molecule synthesis subproblem failed).[0m
      Evaluating reaction mos_464 (464/500)...
        [31m✗ Skipped reaction synthesis (missing molecule synthesis subproblem failed).[0m
      Evaluating reaction mos_465 (465/500)...
        [31m✗ Skipped reaction synthesis (missing molecule synthesis subproblem failed).[0m
      Evaluating reaction mos_466 (466/500)...
        [31m✗ Skipped reaction synthesis (missing molecule synthesis subproblem failed).[0m
      Evaluating reaction mos_467 (467/500)...
        [31m✗ Skipped reaction synthesis (missing molecule synthesis subproblem failed).[0m
      Evaluating reaction mos_468 (468/500)...
[Problem → Reactions] Found 24540 reactions, 250 molecules.
      [32m✓ All goal molecules found.[0m
      [32m✓ All goal reactions found.[0m
        [32m✓ Target reaction successfully synthesized in 46.73s![0m
      Evaluating reaction mos_469 (469/500)...
        [31m✗ Skipped reaction synthesis (missing molecule synthesis subproblem failed).[0m
      Evaluating reaction mos_470 (470/500)...
        [31m✗ Skipped reaction synthesis (missing molecule synthesis subproblem failed).[0m
      Evaluating reaction mos_471 (471/500)...
[Problem → Reactions] Found 30000 reactions, 250 molecules.
      [32m✓ All goal molecules found.[0m
      [31m✗ Missing goal reactions.[0m
        [31m✗ Synthesis failed or timed out in 47.13s.[0m
      Evaluating reaction mos_472 (472/500)...
        [31m✗ Skipped reaction synthesis (missing molecule synthesis subproblem failed).[0m
      Evaluating reaction mos_473 (473/500)...
[Problem → Reactions] Found 128 reactions, 250 molecules.
      [32m✓ All goal molecules found.[0m
      [32m✓ All goal reactions found.[0m
        [32m✓ Target reaction successfully synthesized in 0.88s![0m
      Evaluating reaction mos_474 (474/500)...
        [31m✗ Skipped reaction synthesis (missing molecule synthesis subproblem failed).[0m
      Evaluating reaction mos_475 (475/500)...
        [31m✗ Skipped reaction synthesis (missing molecule synthesis subproblem failed).[0m
      Evaluating reaction mos_476 (476/500)...
[Problem → Reactions] Found 2121 reactions, 250 molecules.
      [32m✓ All goal molecules found.[0m
      [32m✓ All goal reactions found.[0m
        [32m✓ Target reaction successfully synthesized in 1.46s![0m
      Evaluating reaction mos_477 (477/500)...
        [31m✗ Skipped reaction synthesis (missing molecule synthesis subproblem failed).[0m
      Evaluating reaction mos_478 (478/500)...
        [31m✗ Skipped reaction synthesis (missing molecule synthesis subproblem failed).[0m
      Evaluating reaction mos_479 (479/500)...
[Problem → Reactions] Found 254 reactions, 250 molecules.
      [32m✓ All goal molecules found.[0m
      [32m✓ All goal reactions found.[0m
        [32m✓ Target reaction successfully synthesized in 1.1s![0m
      Evaluating reaction mos_480 (480/500)...
[Problem → Reactions] Found 1529 reactions, 250 molecules.
      [32m✓ All goal molecules found.[0m
      [32m✓ All goal reactions found.[0m
        [32m✓ Target reaction successfully synthesized in 2.02s![0m
      Evaluating reaction mos_481 (481/500)...
        [31m✗ Skipped reaction synthesis (missing molecule synthesis subproblem failed).[0m
      Evaluating reaction mos_482 (482/500)...
[Problem → Reactions] Found 30000 reactions, 250 molecules.
      [32m✓ All goal molecules found.[0m
      [31m✗ Missing goal reactions.[0m
        [31m✗ Synthesis failed or timed out in 55.09s.[0m
      Evaluating reaction mos_483 (483/500)...
        [31m✗ Skipped reaction synthesis (missing molecule synthesis subproblem failed).[0m
      Evaluating reaction mos_484 (484/500)...
        [31m✗ Skipped reaction synthesis (missing molecule synthesis subproblem failed).[0m
      Evaluating reaction mos_485 (485/500)...
        [31m✗ Skipped reaction synthesis (missing molecule synthesis subproblem failed).[0m
      Evaluating reaction mos_486 (486/500)...
        [31m✗ Skipped reaction synthesis (missing molecule synthesis subproblem failed).[0m
      Evaluating reaction mos_487 (487/500)...
        [31m✗ Skipped reaction synthesis (missing molecule synthesis subproblem failed).[0m
      Evaluating reaction mos_488 (488/500)...
        [31m✗ Skipped reaction synthesis (missing molecule synthesis subproblem failed).[0m
      Evaluating reaction mos_489 (489/500)...
        [31m✗ Skipped reaction synthesis (missing molecule synthesis subproblem failed).[0m
      Evaluating reaction mos_490 (490/500)...
        [31m✗ Skipped reaction synthesis (missing molecule synthesis subproblem failed).[0m
      Evaluating reaction mos_491 (491/500)...
        [31m✗ Skipped reaction synthesis (missing molecule synthesis subproblem failed).[0m
      Evaluating reaction mos_492 (492/500)...
        [31m✗ Skipped reaction synthesis (missing molecule synthesis subproblem failed).[0m
      Evaluating reaction mos_493 (493/500)...
        [31m✗ Skipped reaction synthesis (missing molecule synthesis subproblem failed).[0m
      Evaluating reaction mos_494 (494/500)...
[Problem → Reactions] Found 30000 reactions, 250 molecules.
      [32m✓ All goal molecules found.[0m
      [31m✗ Missing goal reactions.[0m
        [31m✗ Synthesis failed or timed out in 83.41s.[0m
      Evaluating reaction mos_495 (495/500)...
        [31m✗ Skipped reaction synthesis (missing molecule synthesis subproblem failed).[0m
      Evaluating reaction mos_496 (496/500)...
[Problem → Reactions] Found 225 reactions, 250 molecules.
      [32m✓ All goal molecules found.[0m
      [32m✓ All goal reactions found.[0m
        [32m✓ Target reaction successfully synthesized in 0.94s![0m
      Evaluating reaction mos_497 (497/500)...
        [31m✗ Skipped reaction synthesis (missing molecule synthesis subproblem failed).[0m
      Evaluating reaction mos_498 (498/500)...
        [31m✗ Skipped reaction synthesis (missing molecule synthesis subproblem failed).[0m
      Evaluating reaction mos_499 (499/500)...
        [31m✗ Skipped reaction synthesis (missing molecule synthesis subproblem failed).[0m
      Evaluating reaction mos_500 (500/500)...
[Problem → Reactions] Found 125 reactions, 250 molecules.
      [32m✓ All goal molecules found.[0m
      [32m✓ All goal reactions found.[0m
        [32m✓ Target reaction successfully synthesized in 1.27s![0m

      Synthesis Performance (Metric: tanimoto, With fragments) on Tractable Subspace:
        - Evaluated runs: 500
        - Success rate:   29.2%
        - Average time:   6.16s

    [1m[Without fragments][0m
    Running missing molecule synthesis subproblem (Atoms → Molecules)...
      Filtering reaction mos_1 (1/500)...
[Atoms → Molecules] Found 250 molecules.
      [31m✗ Missing goal molecules.[0m
        [31m✗ Missing molecule synthesis subproblem failed in 1.38s[0m
      Filtering reaction mos_2 (2/500)...
[Atoms → Molecules] Found 250 molecules.
      [31m✗ Missing goal molecules.[0m
        [31m✗ Missing molecule synthesis subproblem failed in 0.38s[0m
      Filtering reaction mos_3 (3/500)...
[Atoms → Molecules] Found 250 molecules.
      [31m✗ Missing goal molecules.[0m
        [31m✗ Missing molecule synthesis subproblem failed in 1.52s[0m
      Filtering reaction mos_4 (4/500)...
[Atoms → Molecules] Found 250 molecules.
      [31m✗ Missing goal molecules.[0m
        [31m✗ Missing molecule synthesis subproblem failed in 1.47s[0m
      Filtering reaction mos_5 (5/500)...
[Atoms → Molecules] Found 112 molecules.
      [32m✓ All goal molecules found.[0m
        [32m✓ Missing molecule synthesis subproblem passed in 0.23s[0m
      Filtering reaction mos_6 (6/500)...
[Atoms → Molecules] Found 250 molecules.
      [31m✗ Missing goal molecules.[0m
        [31m✗ Missing molecule synthesis subproblem failed in 0.92s[0m
      Filtering reaction mos_7 (7/500)...
[Atoms → Molecules] Found 250 molecules.
      [31m✗ Missing goal molecules.[0m
        [31m✗ Missing molecule synthesis subproblem failed in 1.01s[0m
      Filtering reaction mos_8 (8/500)...
[Atoms → Molecules] Found 131 molecules.
      [32m✓ All goal molecules found.[0m
        [32m✓ Missing molecule synthesis subproblem passed in 0.68s[0m
      Filtering reaction mos_9 (9/500)...
[Atoms → Molecules] Found 250 molecules.
      [31m✗ Missing goal molecules.[0m
        [31m✗ Missing molecule synthesis subproblem failed in 1.22s[0m
      Filtering reaction mos_10 (10/500)...
[Atoms → Molecules] Found 250 molecules.
      [31m✗ Missing goal molecules.[0m
        [31m✗ Missing molecule synthesis subproblem failed in 0.93s[0m
      Filtering reaction mos_11 (11/500)...
[Atoms → Molecules] Found 250 molecules.
      [31m✗ Missing goal molecules.[0m
        [31m✗ Missing molecule synthesis subproblem failed in 1.28s[0m
      Filtering reaction mos_12 (12/500)...
[Atoms → Molecules] Found 250 molecules.
      [31m✗ Missing goal molecules.[0m
        [31m✗ Missing molecule synthesis subproblem failed in 0.51s[0m
      Filtering reaction mos_13 (13/500)...
[Atoms → Molecules] Found 250 molecules.
      [31m✗ Missing goal molecules.[0m
        [31m✗ Missing molecule synthesis subproblem failed in 1.5s[0m
      Filtering reaction mos_14 (14/500)...
[Atoms → Molecules] Found 250 molecules.
      [31m✗ Missing goal molecules.[0m
        [31m✗ Missing molecule synthesis subproblem failed in 0.95s[0m
      Filtering reaction mos_15 (15/500)...
[Atoms → Molecules] Found 250 molecules.
      [31m✗ Missing goal molecules.[0m
        [31m✗ Missing molecule synthesis subproblem failed in 1.61s[0m
      Filtering reaction mos_16 (16/500)...
[Atoms → Molecules] Found 243 molecules.
      [32m✓ All goal molecules found.[0m
        [32m✓ Missing molecule synthesis subproblem passed in 0.85s[0m
      Filtering reaction mos_17 (17/500)...
[Atoms → Molecules] Found 250 molecules.
      [31m✗ Missing goal molecules.[0m
        [31m✗ Missing molecule synthesis subproblem failed in 1.36s[0m
      Filtering reaction mos_18 (18/500)...
[Atoms → Molecules] Found 131 molecules.
      [32m✓ All goal molecules found.[0m
        [32m✓ Missing molecule synthesis subproblem passed in 0.82s[0m
      Filtering reaction mos_19 (19/500)...
[Atoms → Molecules] Found 250 molecules.
      [31m✗ Missing goal molecules.[0m
        [31m✗ Missing molecule synthesis subproblem failed in 0.32s[0m
      Filtering reaction mos_20 (20/500)...
[Atoms → Molecules] Found 250 molecules.
      [31m✗ Missing goal molecules.[0m
        [31m✗ Missing molecule synthesis subproblem failed in 1.14s[0m
      Filtering reaction mos_21 (21/500)...
[Atoms → Molecules] Found 250 molecules.
      [31m✗ Missing goal molecules.[0m
        [31m✗ Missing molecule synthesis subproblem failed in 1.13s[0m
      Filtering reaction mos_22 (22/500)...
[Atoms → Molecules] Found 250 molecules.
      [31m✗ Missing goal molecules.[0m
        [31m✗ Missing molecule synthesis subproblem failed in 2.4s[0m
      Filtering reaction mos_23 (23/500)...
[Atoms → Molecules] Found 243 molecules.
      [32m✓ All goal molecules found.[0m
        [32m✓ Missing molecule synthesis subproblem passed in 0.88s[0m
      Filtering reaction mos_24 (24/500)...
[Atoms → Molecules] Found 250 molecules.
      [31m✗ Missing goal molecules.[0m
        [31m✗ Missing molecule synthesis subproblem failed in 1.41s[0m
      Filtering reaction mos_25 (25/500)...
[Atoms → Molecules] Found 250 molecules.
      [31m✗ Missing goal molecules.[0m
        [31m✗ Missing molecule synthesis subproblem failed in 0.99s[0m
      Filtering reaction mos_26 (26/500)...
[Atoms → Molecules] Found 250 molecules.
      [31m✗ Missing goal molecules.[0m
        [31m✗ Missing molecule synthesis subproblem failed in 0.54s[0m
      Filtering reaction mos_27 (27/500)...
[Atoms → Molecules] Found 131 molecules.
      [32m✓ All goal molecules found.[0m
        [32m✓ Missing molecule synthesis subproblem passed in 0.72s[0m
      Filtering reaction mos_28 (28/500)...
[Atoms → Molecules] Found 250 molecules.
      [31m✗ Missing goal molecules.[0m
        [31m✗ Missing molecule synthesis subproblem failed in 0.45s[0m
      Filtering reaction mos_29 (29/500)...
[Atoms → Molecules] Found 250 molecules.
      [31m✗ Missing goal molecules.[0m
        [31m✗ Missing molecule synthesis subproblem failed in 0.97s[0m
      Filtering reaction mos_30 (30/500)...
[Atoms → Molecules] Found 5 molecules.
      [32m✓ All goal molecules found.[0m
        [32m✓ Missing molecule synthesis subproblem passed in 0.0s[0m
      Filtering reaction mos_31 (31/500)...
[Atoms → Molecules] Found 250 molecules.
      [31m✗ Missing goal molecules.[0m
        [31m✗ Missing molecule synthesis subproblem failed in 0.84s[0m
      Filtering reaction mos_32 (32/500)...
[Atoms → Molecules] Found 250 molecules.
      [31m✗ Missing goal molecules.[0m
        [31m✗ Missing molecule synthesis subproblem failed in 1.67s[0m
      Filtering reaction mos_33 (33/500)...
[Atoms → Molecules] Found 250 molecules.
      [31m✗ Missing goal molecules.[0m
        [31m✗ Missing molecule synthesis subproblem failed in 0.36s[0m
      Filtering reaction mos_34 (34/500)...
[Atoms → Molecules] Found 29 molecules.
      [32m✓ All goal molecules found.[0m
        [32m✓ Missing molecule synthesis subproblem passed in 0.18s[0m
      Filtering reaction mos_35 (35/500)...
[Atoms → Molecules] Found 250 molecules.
      [31m✗ Missing goal molecules.[0m
        [31m✗ Missing molecule synthesis subproblem failed in 1.49s[0m
      Filtering reaction mos_36 (36/500)...
[Atoms → Molecules] Found 250 molecules.
      [31m✗ Missing goal molecules.[0m
        [31m✗ Missing molecule synthesis subproblem failed in 0.43s[0m
      Filtering reaction mos_37 (37/500)...
[Atoms → Molecules] Found 232 molecules.
      [32m✓ All goal molecules found.[0m
        [32m✓ Missing molecule synthesis subproblem passed in 0.82s[0m
      Filtering reaction mos_38 (38/500)...
[Atoms → Molecules] Found 250 molecules.
      [31m✗ Missing goal molecules.[0m
        [31m✗ Missing molecule synthesis subproblem failed in 1.35s[0m
      Filtering reaction mos_39 (39/500)...
[Atoms → Molecules] Found 250 molecules.
      [31m✗ Missing goal molecules.[0m
        [31m✗ Missing molecule synthesis subproblem failed in 3.63s[0m
      Filtering reaction mos_40 (40/500)...
[Atoms → Molecules] Found 250 molecules.
      [31m✗ Missing goal molecules.[0m
        [31m✗ Missing molecule synthesis subproblem failed in 1.0s[0m
      Filtering reaction mos_41 (41/500)...
[Atoms → Molecules] Found 250 molecules.
      [31m✗ Missing goal molecules.[0m
        [31m✗ Missing molecule synthesis subproblem failed in 0.88s[0m
      Filtering reaction mos_42 (42/500)...
[Atoms → Molecules] Found 250 molecules.
      [31m✗ Missing goal molecules.[0m
        [31m✗ Missing molecule synthesis subproblem failed in 1.49s[0m
      Filtering reaction mos_43 (43/500)...
[Atoms → Molecules] Found 46 molecules.
      [32m✓ All goal molecules found.[0m
        [32m✓ Missing molecule synthesis subproblem passed in 0.16s[0m
      Filtering reaction mos_44 (44/500)...
[Atoms → Molecules] Found 250 molecules.
      [31m✗ Missing goal molecules.[0m
        [31m✗ Missing molecule synthesis subproblem failed in 1.49s[0m
      Filtering reaction mos_45 (45/500)...
[Atoms → Molecules] Found 250 molecules.
      [31m✗ Missing goal molecules.[0m
        [31m✗ Missing molecule synthesis subproblem failed in 1.19s[0m
      Filtering reaction mos_46 (46/500)...
[Atoms → Molecules] Found 250 molecules.
      [31m✗ Missing goal molecules.[0m
        [31m✗ Missing molecule synthesis subproblem failed in 1.87s[0m
      Filtering reaction mos_47 (47/500)...
[Atoms → Molecules] Found 250 molecules.
      [31m✗ Missing goal molecules.[0m
        [31m✗ Missing molecule synthesis subproblem failed in 0.43s[0m
      Filtering reaction mos_48 (48/500)...
[Atoms → Molecules] Found 250 molecules.
      [31m✗ Missing goal molecules.[0m
        [31m✗ Missing molecule synthesis subproblem failed in 1.42s[0m
      Filtering reaction mos_49 (49/500)...
[Atoms → Molecules] Found 250 molecules.
      [31m✗ Missing goal molecules.[0m
        [31m✗ Missing molecule synthesis subproblem failed in 2.91s[0m
      Filtering reaction mos_50 (50/500)...
[Atoms → Molecules] Found 250 molecules.
      [31m✗ Missing goal molecules.[0m
        [31m✗ Missing molecule synthesis subproblem failed in 1.16s[0m
      Filtering reaction mos_51 (51/500)...
[Atoms → Molecules] Found 250 molecules.
      [31m✗ Missing goal molecules.[0m
        [31m✗ Missing molecule synthesis subproblem failed in 1.87s[0m
      Filtering reaction mos_52 (52/500)...
[Atoms → Molecules] Found 250 molecules.
      [31m✗ Missing goal molecules.[0m
        [31m✗ Missing molecule synthesis subproblem failed in 1.24s[0m
      Filtering reaction mos_53 (53/500)...
[Atoms → Molecules] Found 250 molecules.
      [31m✗ Missing goal molecules.[0m
        [31m✗ Missing molecule synthesis subproblem failed in 1.63s[0m
      Filtering reaction mos_54 (54/500)...
[Atoms → Molecules] Found 250 molecules.
      [31m✗ Missing goal molecules.[0m
        [31m✗ Missing molecule synthesis subproblem failed in 1.39s[0m
      Filtering reaction mos_55 (55/500)...
[Atoms → Molecules] Found 250 molecules.
      [31m✗ Missing goal molecules.[0m
        [31m✗ Missing molecule synthesis subproblem failed in 0.34s[0m
      Filtering reaction mos_56 (56/500)...
[Atoms → Molecules] Found 250 molecules.
      [31m✗ Missing goal molecules.[0m
        [31m✗ Missing molecule synthesis subproblem failed in 1.3s[0m
      Filtering reaction mos_57 (57/500)...
[Atoms → Molecules] Found 250 molecules.
      [31m✗ Missing goal molecules.[0m
        [31m✗ Missing molecule synthesis subproblem failed in 1.83s[0m
      Filtering reaction mos_58 (58/500)...
[Atoms → Molecules] Found 250 molecules.
      [31m✗ Missing goal molecules.[0m
        [31m✗ Missing molecule synthesis subproblem failed in 1.54s[0m
      Filtering reaction mos_59 (59/500)...
[Atoms → Molecules] Found 250 molecules.
      [31m✗ Missing goal molecules.[0m
        [31m✗ Missing molecule synthesis subproblem failed in 1.15s[0m
      Filtering reaction mos_60 (60/500)...
[Atoms → Molecules] Found 250 molecules.
      [31m✗ Missing goal molecules.[0m
        [31m✗ Missing molecule synthesis subproblem failed in 1.35s[0m
      Filtering reaction mos_61 (61/500)...
[Atoms → Molecules] Found 250 molecules.
      [31m✗ Missing goal molecules.[0m
        [31m✗ Missing molecule synthesis subproblem failed in 1.57s[0m
      Filtering reaction mos_62 (62/500)...
[Atoms → Molecules] Found 250 molecules.
      [31m✗ Missing goal molecules.[0m
        [31m✗ Missing molecule synthesis subproblem failed in 1.49s[0m
      Filtering reaction mos_63 (63/500)...
[Atoms → Molecules] Found 131 molecules.
      [32m✓ All goal molecules found.[0m
        [32m✓ Missing molecule synthesis subproblem passed in 0.88s[0m
      Filtering reaction mos_64 (64/500)...
[Atoms → Molecules] Found 250 molecules.
      [31m✗ Missing goal molecules.[0m
        [31m✗ Missing molecule synthesis subproblem failed in 0.97s[0m
      Filtering reaction mos_65 (65/500)...
[Atoms → Molecules] Found 250 molecules.
      [31m✗ Missing goal molecules.[0m
        [31m✗ Missing molecule synthesis subproblem failed in 1.8s[0m
      Filtering reaction mos_66 (66/500)...
[Atoms → Molecules] Found 250 molecules.
      [31m✗ Missing goal molecules.[0m
        [31m✗ Missing molecule synthesis subproblem failed in 2.02s[0m
      Filtering reaction mos_67 (67/500)...
[Atoms → Molecules] Found 250 molecules.
      [31m✗ Missing goal molecules.[0m
        [31m✗ Missing molecule synthesis subproblem failed in 2.0s[0m
      Filtering reaction mos_68 (68/500)...
[Atoms → Molecules] Found 250 molecules.
      [31m✗ Missing goal molecules.[0m
        [31m✗ Missing molecule synthesis subproblem failed in 1.18s[0m
      Filtering reaction mos_69 (69/500)...
[Atoms → Molecules] Found 250 molecules.
      [31m✗ Missing goal molecules.[0m
        [31m✗ Missing molecule synthesis subproblem failed in 1.03s[0m
      Filtering reaction mos_70 (70/500)...
[Atoms → Molecules] Found 250 molecules.
      [31m✗ Missing goal molecules.[0m
        [31m✗ Missing molecule synthesis subproblem failed in 1.61s[0m
      Filtering reaction mos_71 (71/500)...
[Atoms → Molecules] Found 131 molecules.
      [32m✓ All goal molecules found.[0m
        [32m✓ Missing molecule synthesis subproblem passed in 1.07s[0m
      Filtering reaction mos_72 (72/500)...
[Atoms → Molecules] Found 250 molecules.
      [31m✗ Missing goal molecules.[0m
        [31m✗ Missing molecule synthesis subproblem failed in 1.43s[0m
      Filtering reaction mos_73 (73/500)...
[Atoms → Molecules] Found 131 molecules.
      [32m✓ All goal molecules found.[0m
        [32m✓ Missing molecule synthesis subproblem passed in 1.68s[0m
      Filtering reaction mos_74 (74/500)...
[Atoms → Molecules] Found 250 molecules.
      [31m✗ Missing goal molecules.[0m
        [31m✗ Missing molecule synthesis subproblem failed in 1.45s[0m
      Filtering reaction mos_75 (75/500)...
[Atoms → Molecules] Found 250 molecules.
      [31m✗ Missing goal molecules.[0m
        [31m✗ Missing molecule synthesis subproblem failed in 1.39s[0m
      Filtering reaction mos_76 (76/500)...
[Atoms → Molecules] Found 250 molecules.
      [31m✗ Missing goal molecules.[0m
        [31m✗ Missing molecule synthesis subproblem failed in 1.48s[0m
      Filtering reaction mos_77 (77/500)...
[Atoms → Molecules] Found 250 molecules.
      [31m✗ Missing goal molecules.[0m
        [31m✗ Missing molecule synthesis subproblem failed in 1.52s[0m
      Filtering reaction mos_78 (78/500)...
[Atoms → Molecules] Found 250 molecules.
      [31m✗ Missing goal molecules.[0m
        [31m✗ Missing molecule synthesis subproblem failed in 0.65s[0m
      Filtering reaction mos_79 (79/500)...
[Atoms → Molecules] Found 250 molecules.
      [31m✗ Missing goal molecules.[0m
        [31m✗ Missing molecule synthesis subproblem failed in 1.62s[0m
      Filtering reaction mos_80 (80/500)...
[Atoms → Molecules] Found 250 molecules.
      [31m✗ Missing goal molecules.[0m
        [31m✗ Missing molecule synthesis subproblem failed in 3.3s[0m
      Filtering reaction mos_81 (81/500)...
[Atoms → Molecules] Found 250 molecules.
      [31m✗ Missing goal molecules.[0m
        [31m✗ Missing molecule synthesis subproblem failed in 1.43s[0m
      Filtering reaction mos_82 (82/500)...
[Atoms → Molecules] Found 229 molecules.
      [32m✓ All goal molecules found.[0m
        [32m✓ Missing molecule synthesis subproblem passed in 1.29s[0m
      Filtering reaction mos_83 (83/500)...
[Atoms → Molecules] Found 250 molecules.
      [31m✗ Missing goal molecules.[0m
        [31m✗ Missing molecule synthesis subproblem failed in 1.46s[0m
      Filtering reaction mos_84 (84/500)...
[Atoms → Molecules] Found 250 molecules.
      [31m✗ Missing goal molecules.[0m
        [31m✗ Missing molecule synthesis subproblem failed in 1.57s[0m
      Filtering reaction mos_85 (85/500)...
[Atoms → Molecules] Found 243 molecules.
      [32m✓ All goal molecules found.[0m
        [32m✓ Missing molecule synthesis subproblem passed in 0.82s[0m
      Filtering reaction mos_86 (86/500)...
[Atoms → Molecules] Found 250 molecules.
      [31m✗ Missing goal molecules.[0m
        [31m✗ Missing molecule synthesis subproblem failed in 0.53s[0m
      Filtering reaction mos_87 (87/500)...
[Atoms → Molecules] Found 250 molecules.
      [31m✗ Missing goal molecules.[0m
        [31m✗ Missing molecule synthesis subproblem failed in 0.47s[0m
      Filtering reaction mos_88 (88/500)...
[Atoms → Molecules] Found 250 molecules.
      [31m✗ Missing goal molecules.[0m
        [31m✗ Missing molecule synthesis subproblem failed in 0.43s[0m
      Filtering reaction mos_89 (89/500)...
[Atoms → Molecules] Found 250 molecules.
      [31m✗ Missing goal molecules.[0m
        [31m✗ Missing molecule synthesis subproblem failed in 1.56s[0m
      Filtering reaction mos_90 (90/500)...
[Atoms → Molecules] Found 250 molecules.
      [31m✗ Missing goal molecules.[0m
        [31m✗ Missing molecule synthesis subproblem failed in 1.65s[0m
      Filtering reaction mos_91 (91/500)...
[Atoms → Molecules] Found 250 molecules.
      [31m✗ Missing goal molecules.[0m
        [31m✗ Missing molecule synthesis subproblem failed in 1.3s[0m
      Filtering reaction mos_92 (92/500)...
[Atoms → Molecules] Found 250 molecules.
      [31m✗ Missing goal molecules.[0m
        [31m✗ Missing molecule synthesis subproblem failed in 1.49s[0m
      Filtering reaction mos_93 (93/500)...
[Atoms → Molecules] Found 250 molecules.
      [31m✗ Missing goal molecules.[0m
        [31m✗ Missing molecule synthesis subproblem failed in 2.85s[0m
      Filtering reaction mos_94 (94/500)...
[Atoms → Molecules] Found 250 molecules.
      [31m✗ Missing goal molecules.[0m
        [31m✗ Missing molecule synthesis subproblem failed in 0.34s[0m
      Filtering reaction mos_95 (95/500)...
[Atoms → Molecules] Found 250 molecules.
      [31m✗ Missing goal molecules.[0m
        [31m✗ Missing molecule synthesis subproblem failed in 1.38s[0m
      Filtering reaction mos_96 (96/500)...
[Atoms → Molecules] Found 250 molecules.
      [31m✗ Missing goal molecules.[0m
        [31m✗ Missing molecule synthesis subproblem failed in 3.07s[0m
      Filtering reaction mos_97 (97/500)...
[Atoms → Molecules] Found 250 molecules.
      [31m✗ Missing goal molecules.[0m
        [31m✗ Missing molecule synthesis subproblem failed in 0.98s[0m
      Filtering reaction mos_98 (98/500)...
[Atoms → Molecules] Found 250 molecules.
      [31m✗ Missing goal molecules.[0m
        [31m✗ Missing molecule synthesis subproblem failed in 0.46s[0m
      Filtering reaction mos_99 (99/500)...
[Atoms → Molecules] Found 250 molecules.
      [31m✗ Missing goal molecules.[0m
        [31m✗ Missing molecule synthesis subproblem failed in 1.48s[0m
      Filtering reaction mos_100 (100/500)...
[Atoms → Molecules] Found 250 molecules.
      [31m✗ Missing goal molecules.[0m
        [31m✗ Missing molecule synthesis subproblem failed in 0.45s[0m
      Filtering reaction mos_101 (101/500)...
[Atoms → Molecules] Found 250 molecules.
      [31m✗ Missing goal molecules.[0m
        [31m✗ Missing molecule synthesis subproblem failed in 0.67s[0m
      Filtering reaction mos_102 (102/500)...
[Atoms → Molecules] Found 250 molecules.
      [31m✗ Missing goal molecules.[0m
        [31m✗ Missing molecule synthesis subproblem failed in 1.03s[0m
      Filtering reaction mos_103 (103/500)...
[Atoms → Molecules] Found 250 molecules.
      [31m✗ Missing goal molecules.[0m
        [31m✗ Missing molecule synthesis subproblem failed in 1.4s[0m
      Filtering reaction mos_104 (104/500)...
[Atoms → Molecules] Found 250 molecules.
      [31m✗ Missing goal molecules.[0m
        [31m✗ Missing molecule synthesis subproblem failed in 0.82s[0m
      Filtering reaction mos_105 (105/500)...
[Atoms → Molecules] Found 250 molecules.
      [31m✗ Missing goal molecules.[0m
        [31m✗ Missing molecule synthesis subproblem failed in 0.36s[0m
      Filtering reaction mos_106 (106/500)...
[Atoms → Molecules] Found 250 molecules.
      [31m✗ Missing goal molecules.[0m
        [31m✗ Missing molecule synthesis subproblem failed in 0.51s[0m
      Filtering reaction mos_107 (107/500)...
[Atoms → Molecules] Found 250 molecules.
      [31m✗ Missing goal molecules.[0m
        [31m✗ Missing molecule synthesis subproblem failed in 1.48s[0m
      Filtering reaction mos_108 (108/500)...
[Atoms → Molecules] Found 132 molecules.
      [32m✓ All goal molecules found.[0m
        [32m✓ Missing molecule synthesis subproblem passed in 0.74s[0m
      Filtering reaction mos_109 (109/500)...
[Atoms → Molecules] Found 250 molecules.
      [31m✗ Missing goal molecules.[0m
        [31m✗ Missing molecule synthesis subproblem failed in 0.41s[0m
      Filtering reaction mos_110 (110/500)...
[Atoms → Molecules] Found 250 molecules.
      [31m✗ Missing goal molecules.[0m
        [31m✗ Missing molecule synthesis subproblem failed in 1.29s[0m
      Filtering reaction mos_111 (111/500)...
[Atoms → Molecules] Found 250 molecules.
      [31m✗ Missing goal molecules.[0m
        [31m✗ Missing molecule synthesis subproblem failed in 1.6s[0m
      Filtering reaction mos_112 (112/500)...
[Atoms → Molecules] Found 46 molecules.
      [32m✓ All goal molecules found.[0m
        [32m✓ Missing molecule synthesis subproblem passed in 0.17s[0m
      Filtering reaction mos_113 (113/500)...
[Atoms → Molecules] Found 250 molecules.
      [31m✗ Missing goal molecules.[0m
        [31m✗ Missing molecule synthesis subproblem failed in 1.42s[0m
      Filtering reaction mos_114 (114/500)...
[Atoms → Molecules] Found 226 molecules.
      [32m✓ All goal molecules found.[0m
        [32m✓ Missing molecule synthesis subproblem passed in 0.83s[0m
      Filtering reaction mos_115 (115/500)...
[Atoms → Molecules] Found 250 molecules.
      [31m✗ Missing goal molecules.[0m
        [31m✗ Missing molecule synthesis subproblem failed in 1.47s[0m
      Filtering reaction mos_116 (116/500)...
[Atoms → Molecules] Found 250 molecules.
      [31m✗ Missing goal molecules.[0m
        [31m✗ Missing molecule synthesis subproblem failed in 1.4s[0m
      Filtering reaction mos_117 (117/500)...
[Atoms → Molecules] Found 250 molecules.
      [31m✗ Missing goal molecules.[0m
        [31m✗ Missing molecule synthesis subproblem failed in 1.31s[0m
      Filtering reaction mos_118 (118/500)...
[Atoms → Molecules] Found 250 molecules.
      [31m✗ Missing goal molecules.[0m
        [31m✗ Missing molecule synthesis subproblem failed in 0.12s[0m
      Filtering reaction mos_119 (119/500)...
[Atoms → Molecules] Found 250 molecules.
      [31m✗ Missing goal molecules.[0m
        [31m✗ Missing molecule synthesis subproblem failed in 0.52s[0m
      Filtering reaction mos_120 (120/500)...
[Atoms → Molecules] Found 250 molecules.
      [31m✗ Missing goal molecules.[0m
        [31m✗ Missing molecule synthesis subproblem failed in 0.99s[0m
      Filtering reaction mos_121 (121/500)...
[Atoms → Molecules] Found 250 molecules.
      [31m✗ Missing goal molecules.[0m
        [31m✗ Missing molecule synthesis subproblem failed in 1.02s[0m
      Filtering reaction mos_122 (122/500)...
[Atoms → Molecules] Found 131 molecules.
      [32m✓ All goal molecules found.[0m
        [32m✓ Missing molecule synthesis subproblem passed in 0.81s[0m
      Filtering reaction mos_123 (123/500)...
[Atoms → Molecules] Found 250 molecules.
      [31m✗ Missing goal molecules.[0m
        [31m✗ Missing molecule synthesis subproblem failed in 0.69s[0m
      Filtering reaction mos_124 (124/500)...
[Atoms → Molecules] Found 131 molecules.
      [32m✓ All goal molecules found.[0m
        [32m✓ Missing molecule synthesis subproblem passed in 0.97s[0m
      Filtering reaction mos_125 (125/500)...
[Atoms → Molecules] Found 250 molecules.
      [31m✗ Missing goal molecules.[0m
        [31m✗ Missing molecule synthesis subproblem failed in 5.61s[0m
      Filtering reaction mos_126 (126/500)...
[Atoms → Molecules] Found 250 molecules.
      [31m✗ Missing goal molecules.[0m
        [31m✗ Missing molecule synthesis subproblem failed in 1.61s[0m
      Filtering reaction mos_127 (127/500)...
[Atoms → Molecules] Found 250 molecules.
      [31m✗ Missing goal molecules.[0m
        [31m✗ Missing molecule synthesis subproblem failed in 1.66s[0m
      Filtering reaction mos_128 (128/500)...
[Atoms → Molecules] Found 250 molecules.
      [31m✗ Missing goal molecules.[0m
        [31m✗ Missing molecule synthesis subproblem failed in 0.75s[0m
      Filtering reaction mos_129 (129/500)...
[Atoms → Molecules] Found 243 molecules.
      [32m✓ All goal molecules found.[0m
        [32m✓ Missing molecule synthesis subproblem passed in 0.77s[0m
      Filtering reaction mos_130 (130/500)...
[Atoms → Molecules] Found 250 molecules.
      [31m✗ Missing goal molecules.[0m
        [31m✗ Missing molecule synthesis subproblem failed in 0.99s[0m
      Filtering reaction mos_131 (131/500)...
[Atoms → Molecules] Found 131 molecules.
      [32m✓ All goal molecules found.[0m
        [32m✓ Missing molecule synthesis subproblem passed in 0.7s[0m
      Filtering reaction mos_132 (132/500)...
[Atoms → Molecules] Found 250 molecules.
      [31m✗ Missing goal molecules.[0m
        [31m✗ Missing molecule synthesis subproblem failed in 1.35s[0m
      Filtering reaction mos_133 (133/500)...
[Atoms → Molecules] Found 250 molecules.
      [31m✗ Missing goal molecules.[0m
        [31m✗ Missing molecule synthesis subproblem failed in 1.6s[0m
      Filtering reaction mos_134 (134/500)...
[Atoms → Molecules] Found 232 molecules.
      [32m✓ All goal molecules found.[0m
        [32m✓ Missing molecule synthesis subproblem passed in 1.07s[0m
      Filtering reaction mos_135 (135/500)...
[Atoms → Molecules] Found 250 molecules.
      [31m✗ Missing goal molecules.[0m
        [31m✗ Missing molecule synthesis subproblem failed in 0.56s[0m
      Filtering reaction mos_136 (136/500)...
[Atoms → Molecules] Found 250 molecules.
      [31m✗ Missing goal molecules.[0m
        [31m✗ Missing molecule synthesis subproblem failed in 1.43s[0m
      Filtering reaction mos_137 (137/500)...
[Atoms → Molecules] Found 250 molecules.
      [31m✗ Missing goal molecules.[0m
        [31m✗ Missing molecule synthesis subproblem failed in 3.81s[0m
      Filtering reaction mos_138 (138/500)...
[Atoms → Molecules] Found 250 molecules.
      [31m✗ Missing goal molecules.[0m
        [31m✗ Missing molecule synthesis subproblem failed in 1.62s[0m
      Filtering reaction mos_139 (139/500)...
[Atoms → Molecules] Found 250 molecules.
      [31m✗ Missing goal molecules.[0m
        [31m✗ Missing molecule synthesis subproblem failed in 1.36s[0m
      Filtering reaction mos_140 (140/500)...
[Atoms → Molecules] Found 250 molecules.
      [31m✗ Missing goal molecules.[0m
        [31m✗ Missing molecule synthesis subproblem failed in 1.81s[0m
      Filtering reaction mos_141 (141/500)...
[Atoms → Molecules] Found 250 molecules.
      [31m✗ Missing goal molecules.[0m
        [31m✗ Missing molecule synthesis subproblem failed in 0.25s[0m
      Filtering reaction mos_142 (142/500)...
[Atoms → Molecules] Found 29 molecules.
      [32m✓ All goal molecules found.[0m
        [32m✓ Missing molecule synthesis subproblem passed in 0.29s[0m
      Filtering reaction mos_143 (143/500)...
[Atoms → Molecules] Found 250 molecules.
      [31m✗ Missing goal molecules.[0m
        [31m✗ Missing molecule synthesis subproblem failed in 0.55s[0m
      Filtering reaction mos_144 (144/500)...
[Atoms → Molecules] Found 250 molecules.
      [31m✗ Missing goal molecules.[0m
        [31m✗ Missing molecule synthesis subproblem failed in 0.26s[0m
      Filtering reaction mos_145 (145/500)...
[Atoms → Molecules] Found 250 molecules.
      [31m✗ Missing goal molecules.[0m
        [31m✗ Missing molecule synthesis subproblem failed in 1.4s[0m
      Filtering reaction mos_146 (146/500)...
[Atoms → Molecules] Found 250 molecules.
      [31m✗ Missing goal molecules.[0m
        [31m✗ Missing molecule synthesis subproblem failed in 0.94s[0m
      Filtering reaction mos_147 (147/500)...
[Atoms → Molecules] Found 250 molecules.
      [31m✗ Missing goal molecules.[0m
        [31m✗ Missing molecule synthesis subproblem failed in 0.49s[0m
      Filtering reaction mos_148 (148/500)...
[Atoms → Molecules] Found 250 molecules.
      [31m✗ Missing goal molecules.[0m
        [31m✗ Missing molecule synthesis subproblem failed in 1.42s[0m
      Filtering reaction mos_149 (149/500)...
[Atoms → Molecules] Found 250 molecules.
      [31m✗ Missing goal molecules.[0m
        [31m✗ Missing molecule synthesis subproblem failed in 2.96s[0m
      Filtering reaction mos_150 (150/500)...
[Atoms → Molecules] Found 250 molecules.
      [31m✗ Missing goal molecules.[0m
        [31m✗ Missing molecule synthesis subproblem failed in 1.0s[0m
      Filtering reaction mos_151 (151/500)...
[Atoms → Molecules] Found 243 molecules.
      [32m✓ All goal molecules found.[0m
        [32m✓ Missing molecule synthesis subproblem passed in 0.86s[0m
      Filtering reaction mos_152 (152/500)...
[Atoms → Molecules] Found 250 molecules.
      [31m✗ Missing goal molecules.[0m
        [31m✗ Missing molecule synthesis subproblem failed in 1.34s[0m
      Filtering reaction mos_153 (153/500)...
[Atoms → Molecules] Found 250 molecules.
      [31m✗ Missing goal molecules.[0m
        [31m✗ Missing molecule synthesis subproblem failed in 2.05s[0m
      Filtering reaction mos_154 (154/500)...
[Atoms → Molecules] Found 250 molecules.
      [31m✗ Missing goal molecules.[0m
        [31m✗ Missing molecule synthesis subproblem failed in 1.48s[0m
      Filtering reaction mos_155 (155/500)...
[Atoms → Molecules] Found 250 molecules.
      [31m✗ Missing goal molecules.[0m
        [31m✗ Missing molecule synthesis subproblem failed in 2.2s[0m
      Filtering reaction mos_156 (156/500)...
[Atoms → Molecules] Found 250 molecules.
      [31m✗ Missing goal molecules.[0m
        [31m✗ Missing molecule synthesis subproblem failed in 1.76s[0m
      Filtering reaction mos_157 (157/500)...
[Atoms → Molecules] Found 250 molecules.
      [31m✗ Missing goal molecules.[0m
        [31m✗ Missing molecule synthesis subproblem failed in 1.38s[0m
      Filtering reaction mos_158 (158/500)...
[Atoms → Molecules] Found 72 molecules.
      [32m✓ All goal molecules found.[0m
        [32m✓ Missing molecule synthesis subproblem passed in 0.59s[0m
      Filtering reaction mos_159 (159/500)...
[Atoms → Molecules] Found 250 molecules.
      [31m✗ Missing goal molecules.[0m
        [31m✗ Missing molecule synthesis subproblem failed in 0.93s[0m
      Filtering reaction mos_160 (160/500)...
[Atoms → Molecules] Found 250 molecules.
      [31m✗ Missing goal molecules.[0m
        [31m✗ Missing molecule synthesis subproblem failed in 1.31s[0m
      Filtering reaction mos_161 (161/500)...
[Atoms → Molecules] Found 250 molecules.
      [31m✗ Missing goal molecules.[0m
        [31m✗ Missing molecule synthesis subproblem failed in 0.45s[0m
      Filtering reaction mos_162 (162/500)...
[Atoms → Molecules] Found 250 molecules.
      [31m✗ Missing goal molecules.[0m
        [31m✗ Missing molecule synthesis subproblem failed in 1.67s[0m
      Filtering reaction mos_163 (163/500)...
[Atoms → Molecules] Found 250 molecules.
      [31m✗ Missing goal molecules.[0m
        [31m✗ Missing molecule synthesis subproblem failed in 0.55s[0m
      Filtering reaction mos_164 (164/500)...
[Atoms → Molecules] Found 250 molecules.
      [31m✗ Missing goal molecules.[0m
        [31m✗ Missing molecule synthesis subproblem failed in 0.43s[0m
      Filtering reaction mos_165 (165/500)...
[Atoms → Molecules] Found 250 molecules.
      [31m✗ Missing goal molecules.[0m
        [31m✗ Missing molecule synthesis subproblem failed in 1.03s[0m
      Filtering reaction mos_166 (166/500)...
[Atoms → Molecules] Found 250 molecules.
      [31m✗ Missing goal molecules.[0m
        [31m✗ Missing molecule synthesis subproblem failed in 0.5s[0m
      Filtering reaction mos_167 (167/500)...
[Atoms → Molecules] Found 46 molecules.
      [32m✓ All goal molecules found.[0m
        [32m✓ Missing molecule synthesis subproblem passed in 0.31s[0m
      Filtering reaction mos_168 (168/500)...
[Atoms → Molecules] Found 243 molecules.
      [32m✓ All goal molecules found.[0m
        [32m✓ Missing molecule synthesis subproblem passed in 0.9s[0m
      Filtering reaction mos_169 (169/500)...
[Atoms → Molecules] Found 250 molecules.
      [31m✗ Missing goal molecules.[0m
        [31m✗ Missing molecule synthesis subproblem failed in 1.25s[0m
      Filtering reaction mos_170 (170/500)...
[Atoms → Molecules] Found 250 molecules.
      [31m✗ Missing goal molecules.[0m
        [31m✗ Missing molecule synthesis subproblem failed in 0.39s[0m
      Filtering reaction mos_171 (171/500)...
[Atoms → Molecules] Found 250 molecules.
      [31m✗ Missing goal molecules.[0m
        [31m✗ Missing molecule synthesis subproblem failed in 1.07s[0m
      Filtering reaction mos_172 (172/500)...
[Atoms → Molecules] Found 250 molecules.
      [31m✗ Missing goal molecules.[0m
        [31m✗ Missing molecule synthesis subproblem failed in 2.84s[0m
      Filtering reaction mos_173 (173/500)...
[Atoms → Molecules] Found 6 molecules.
      [32m✓ All goal molecules found.[0m
        [32m✓ Missing molecule synthesis subproblem passed in 0.01s[0m
      Filtering reaction mos_174 (174/500)...
[Atoms → Molecules] Found 250 molecules.
      [31m✗ Missing goal molecules.[0m
        [31m✗ Missing molecule synthesis subproblem failed in 3.32s[0m
      Filtering reaction mos_175 (175/500)...
[Atoms → Molecules] Found 250 molecules.
      [31m✗ Missing goal molecules.[0m
        [31m✗ Missing molecule synthesis subproblem failed in 0.46s[0m
      Filtering reaction mos_176 (176/500)...
[Atoms → Molecules] Found 250 molecules.
      [31m✗ Missing goal molecules.[0m
        [31m✗ Missing molecule synthesis subproblem failed in 1.7s[0m
      Filtering reaction mos_177 (177/500)...
[Atoms → Molecules] Found 250 molecules.
      [31m✗ Missing goal molecules.[0m
        [31m✗ Missing molecule synthesis subproblem failed in 1.96s[0m
      Filtering reaction mos_178 (178/500)...
[Atoms → Molecules] Found 250 molecules.
      [31m✗ Missing goal molecules.[0m
        [31m✗ Missing molecule synthesis subproblem failed in 1.34s[0m
      Filtering reaction mos_179 (179/500)...
[Atoms → Molecules] Found 250 molecules.
      [31m✗ Missing goal molecules.[0m
        [31m✗ Missing molecule synthesis subproblem failed in 1.78s[0m
      Filtering reaction mos_180 (180/500)...
[Atoms → Molecules] Found 250 molecules.
      [31m✗ Missing goal molecules.[0m
        [31m✗ Missing molecule synthesis subproblem failed in 0.85s[0m
      Filtering reaction mos_181 (181/500)...
[Atoms → Molecules] Found 250 molecules.
      [31m✗ Missing goal molecules.[0m
        [31m✗ Missing molecule synthesis subproblem failed in 1.98s[0m
      Filtering reaction mos_182 (182/500)...
[Atoms → Molecules] Found 250 molecules.
      [31m✗ Missing goal molecules.[0m
        [31m✗ Missing molecule synthesis subproblem failed in 1.24s[0m
      Filtering reaction mos_183 (183/500)...
[Atoms → Molecules] Found 250 molecules.
      [31m✗ Missing goal molecules.[0m
        [31m✗ Missing molecule synthesis subproblem failed in 3.14s[0m
      Filtering reaction mos_184 (184/500)...
[Atoms → Molecules] Found 250 molecules.
      [31m✗ Missing goal molecules.[0m
        [31m✗ Missing molecule synthesis subproblem failed in 0.42s[0m
      Filtering reaction mos_185 (185/500)...
[Atoms → Molecules] Found 250 molecules.
      [31m✗ Missing goal molecules.[0m
        [31m✗ Missing molecule synthesis subproblem failed in 0.78s[0m
      Filtering reaction mos_186 (186/500)...
[Atoms → Molecules] Found 250 molecules.
      [31m✗ Missing goal molecules.[0m
        [31m✗ Missing molecule synthesis subproblem failed in 1.83s[0m
      Filtering reaction mos_187 (187/500)...
[Atoms → Molecules] Found 250 molecules.
      [31m✗ Missing goal molecules.[0m
        [31m✗ Missing molecule synthesis subproblem failed in 1.37s[0m
      Filtering reaction mos_188 (188/500)...
[Atoms → Molecules] Found 250 molecules.
      [31m✗ Missing goal molecules.[0m
        [31m✗ Missing molecule synthesis subproblem failed in 0.96s[0m
      Filtering reaction mos_189 (189/500)...
[Atoms → Molecules] Found 250 molecules.
      [31m✗ Missing goal molecules.[0m
        [31m✗ Missing molecule synthesis subproblem failed in 0.42s[0m
      Filtering reaction mos_190 (190/500)...
[Atoms → Molecules] Found 250 molecules.
      [31m✗ Missing goal molecules.[0m
        [31m✗ Missing molecule synthesis subproblem failed in 0.96s[0m
      Filtering reaction mos_191 (191/500)...
[Atoms → Molecules] Found 250 molecules.
      [31m✗ Missing goal molecules.[0m
        [31m✗ Missing molecule synthesis subproblem failed in 0.52s[0m
      Filtering reaction mos_192 (192/500)...
[Atoms → Molecules] Found 250 molecules.
      [31m✗ Missing goal molecules.[0m
        [31m✗ Missing molecule synthesis subproblem failed in 1.52s[0m
      Filtering reaction mos_193 (193/500)...
[Atoms → Molecules] Found 250 molecules.
      [31m✗ Missing goal molecules.[0m
        [31m✗ Missing molecule synthesis subproblem failed in 0.54s[0m
      Filtering reaction mos_194 (194/500)...
[Atoms → Molecules] Found 250 molecules.
      [31m✗ Missing goal molecules.[0m
        [31m✗ Missing molecule synthesis subproblem failed in 1.25s[0m
      Filtering reaction mos_195 (195/500)...
[Atoms → Molecules] Found 239 molecules.
      [32m✓ All goal molecules found.[0m
        [32m✓ Missing molecule synthesis subproblem passed in 0.83s[0m
      Filtering reaction mos_196 (196/500)...
[Atoms → Molecules] Found 250 molecules.
      [31m✗ Missing goal molecules.[0m
        [31m✗ Missing molecule synthesis subproblem failed in 4.08s[0m
      Filtering reaction mos_197 (197/500)...
[Atoms → Molecules] Found 6 molecules.
      [32m✓ All goal molecules found.[0m
        [32m✓ Missing molecule synthesis subproblem passed in 0.01s[0m
      Filtering reaction mos_198 (198/500)...
[Atoms → Molecules] Found 250 molecules.
      [31m✗ Missing goal molecules.[0m
        [31m✗ Missing molecule synthesis subproblem failed in 1.5s[0m
      Filtering reaction mos_199 (199/500)...
[Atoms → Molecules] Found 250 molecules.
      [31m✗ Missing goal molecules.[0m
        [31m✗ Missing molecule synthesis subproblem failed in 0.37s[0m
      Filtering reaction mos_200 (200/500)...
[Atoms → Molecules] Found 250 molecules.
      [31m✗ Missing goal molecules.[0m
        [31m✗ Missing molecule synthesis subproblem failed in 0.54s[0m
      Filtering reaction mos_201 (201/500)...
[Atoms → Molecules] Found 250 molecules.
      [31m✗ Missing goal molecules.[0m
        [31m✗ Missing molecule synthesis subproblem failed in 0.34s[0m
      Filtering reaction mos_202 (202/500)...
[Atoms → Molecules] Found 250 molecules.
      [31m✗ Missing goal molecules.[0m
        [31m✗ Missing molecule synthesis subproblem failed in 1.04s[0m
      Filtering reaction mos_203 (203/500)...
[Atoms → Molecules] Found 250 molecules.
      [31m✗ Missing goal molecules.[0m
        [31m✗ Missing molecule synthesis subproblem failed in 1.32s[0m
      Filtering reaction mos_204 (204/500)...
[Atoms → Molecules] Found 250 molecules.
      [31m✗ Missing goal molecules.[0m
        [31m✗ Missing molecule synthesis subproblem failed in 0.97s[0m
      Filtering reaction mos_205 (205/500)...
[Atoms → Molecules] Found 250 molecules.
      [31m✗ Missing goal molecules.[0m
        [31m✗ Missing molecule synthesis subproblem failed in 1.3s[0m
      Filtering reaction mos_206 (206/500)...
[Atoms → Molecules] Found 250 molecules.
      [31m✗ Missing goal molecules.[0m
        [31m✗ Missing molecule synthesis subproblem failed in 0.46s[0m
      Filtering reaction mos_207 (207/500)...
[Atoms → Molecules] Found 250 molecules.
      [31m✗ Missing goal molecules.[0m
        [31m✗ Missing molecule synthesis subproblem failed in 1.43s[0m
      Filtering reaction mos_208 (208/500)...
[Atoms → Molecules] Found 250 molecules.
      [31m✗ Missing goal molecules.[0m
        [31m✗ Missing molecule synthesis subproblem failed in 1.36s[0m
      Filtering reaction mos_209 (209/500)...
[Atoms → Molecules] Found 250 molecules.
      [31m✗ Missing goal molecules.[0m
        [31m✗ Missing molecule synthesis subproblem failed in 0.5s[0m
      Filtering reaction mos_210 (210/500)...
[Atoms → Molecules] Found 250 molecules.
      [31m✗ Missing goal molecules.[0m
        [31m✗ Missing molecule synthesis subproblem failed in 0.73s[0m
      Filtering reaction mos_211 (211/500)...
[Atoms → Molecules] Found 243 molecules.
      [32m✓ All goal molecules found.[0m
        [32m✓ Missing molecule synthesis subproblem passed in 0.88s[0m
      Filtering reaction mos_212 (212/500)...
[Atoms → Molecules] Found 131 molecules.
      [32m✓ All goal molecules found.[0m
        [32m✓ Missing molecule synthesis subproblem passed in 0.71s[0m
      Filtering reaction mos_213 (213/500)...
[Atoms → Molecules] Found 250 molecules.
      [31m✗ Missing goal molecules.[0m
        [31m✗ Missing molecule synthesis subproblem failed in 0.41s[0m
      Filtering reaction mos_214 (214/500)...
[Atoms → Molecules] Found 250 molecules.
      [31m✗ Missing goal molecules.[0m
        [31m✗ Missing molecule synthesis subproblem failed in 1.17s[0m
      Filtering reaction mos_215 (215/500)...
[Atoms → Molecules] Found 250 molecules.
      [31m✗ Missing goal molecules.[0m
        [31m✗ Missing molecule synthesis subproblem failed in 0.83s[0m
      Filtering reaction mos_216 (216/500)...
[Atoms → Molecules] Found 250 molecules.
      [31m✗ Missing goal molecules.[0m
        [31m✗ Missing molecule synthesis subproblem failed in 1.55s[0m
      Filtering reaction mos_217 (217/500)...
[Atoms → Molecules] Found 250 molecules.
      [31m✗ Missing goal molecules.[0m
        [31m✗ Missing molecule synthesis subproblem failed in 1.39s[0m
      Filtering reaction mos_218 (218/500)...
[Atoms → Molecules] Found 250 molecules.
      [31m✗ Missing goal molecules.[0m
        [31m✗ Missing molecule synthesis subproblem failed in 0.6s[0m
      Filtering reaction mos_219 (219/500)...
[Atoms → Molecules] Found 250 molecules.
      [31m✗ Missing goal molecules.[0m
        [31m✗ Missing molecule synthesis subproblem failed in 1.01s[0m
      Filtering reaction mos_220 (220/500)...
[Atoms → Molecules] Found 250 molecules.
      [31m✗ Missing goal molecules.[0m
        [31m✗ Missing molecule synthesis subproblem failed in 1.62s[0m
      Filtering reaction mos_221 (221/500)...
[Atoms → Molecules] Found 250 molecules.
      [31m✗ Missing goal molecules.[0m
        [31m✗ Missing molecule synthesis subproblem failed in 1.0s[0m
      Filtering reaction mos_222 (222/500)...
[Atoms → Molecules] Found 250 molecules.
      [31m✗ Missing goal molecules.[0m
        [31m✗ Missing molecule synthesis subproblem failed in 1.6s[0m
      Filtering reaction mos_223 (223/500)...
[Atoms → Molecules] Found 250 molecules.
      [31m✗ Missing goal molecules.[0m
        [31m✗ Missing molecule synthesis subproblem failed in 1.05s[0m
      Filtering reaction mos_224 (224/500)...
[Atoms → Molecules] Found 250 molecules.
      [31m✗ Missing goal molecules.[0m
        [31m✗ Missing molecule synthesis subproblem failed in 1.47s[0m
      Filtering reaction mos_225 (225/500)...
[Atoms → Molecules] Found 250 molecules.
      [31m✗ Missing goal molecules.[0m
        [31m✗ Missing molecule synthesis subproblem failed in 1.29s[0m
      Filtering reaction mos_226 (226/500)...
[Atoms → Molecules] Found 93 molecules.
      [32m✓ All goal molecules found.[0m
        [32m✓ Missing molecule synthesis subproblem passed in 0.32s[0m
      Filtering reaction mos_227 (227/500)...
[Atoms → Molecules] Found 243 molecules.
      [32m✓ All goal molecules found.[0m
        [32m✓ Missing molecule synthesis subproblem passed in 0.95s[0m
      Filtering reaction mos_228 (228/500)...
[Atoms → Molecules] Found 250 molecules.
      [31m✗ Missing goal molecules.[0m
        [31m✗ Missing molecule synthesis subproblem failed in 0.39s[0m
      Filtering reaction mos_229 (229/500)...
[Atoms → Molecules] Found 250 molecules.
      [31m✗ Missing goal molecules.[0m
        [31m✗ Missing molecule synthesis subproblem failed in 2.43s[0m
      Filtering reaction mos_230 (230/500)...
[Atoms → Molecules] Found 250 molecules.
      [31m✗ Missing goal molecules.[0m
        [31m✗ Missing molecule synthesis subproblem failed in 0.63s[0m
      Filtering reaction mos_231 (231/500)...
[Atoms → Molecules] Found 131 molecules.
      [32m✓ All goal molecules found.[0m
        [32m✓ Missing molecule synthesis subproblem passed in 0.63s[0m
      Filtering reaction mos_232 (232/500)...
[Atoms → Molecules] Found 132 molecules.
      [32m✓ All goal molecules found.[0m
        [32m✓ Missing molecule synthesis subproblem passed in 0.69s[0m
      Filtering reaction mos_233 (233/500)...
[Atoms → Molecules] Found 232 molecules.
      [32m✓ All goal molecules found.[0m
        [32m✓ Missing molecule synthesis subproblem passed in 0.8s[0m
      Filtering reaction mos_234 (234/500)...
[Atoms → Molecules] Found 250 molecules.
      [31m✗ Missing goal molecules.[0m
        [31m✗ Missing molecule synthesis subproblem failed in 1.41s[0m
      Filtering reaction mos_235 (235/500)...
[Atoms → Molecules] Found 250 molecules.
      [31m✗ Missing goal molecules.[0m
        [31m✗ Missing molecule synthesis subproblem failed in 0.36s[0m
      Filtering reaction mos_236 (236/500)...
[Atoms → Molecules] Found 250 molecules.
      [31m✗ Missing goal molecules.[0m
        [31m✗ Missing molecule synthesis subproblem failed in 1.0s[0m
      Filtering reaction mos_237 (237/500)...
[Atoms → Molecules] Found 250 molecules.
      [31m✗ Missing goal molecules.[0m
        [31m✗ Missing molecule synthesis subproblem failed in 1.53s[0m
      Filtering reaction mos_238 (238/500)...
[Atoms → Molecules] Found 250 molecules.
      [31m✗ Missing goal molecules.[0m
        [31m✗ Missing molecule synthesis subproblem failed in 1.44s[0m
      Filtering reaction mos_239 (239/500)...
[Atoms → Molecules] Found 250 molecules.
      [31m✗ Missing goal molecules.[0m
        [31m✗ Missing molecule synthesis subproblem failed in 0.66s[0m
      Filtering reaction mos_240 (240/500)...
[Atoms → Molecules] Found 250 molecules.
      [31m✗ Missing goal molecules.[0m
        [31m✗ Missing molecule synthesis subproblem failed in 1.52s[0m
      Filtering reaction mos_241 (241/500)...
[Atoms → Molecules] Found 250 molecules.
      [31m✗ Missing goal molecules.[0m
        [31m✗ Missing molecule synthesis subproblem failed in 1.36s[0m
      Filtering reaction mos_242 (242/500)...
[Atoms → Molecules] Found 250 molecules.
      [31m✗ Missing goal molecules.[0m
        [31m✗ Missing molecule synthesis subproblem failed in 1.29s[0m
      Filtering reaction mos_243 (243/500)...
[Atoms → Molecules] Found 250 molecules.
      [31m✗ Missing goal molecules.[0m
        [31m✗ Missing molecule synthesis subproblem failed in 0.97s[0m
      Filtering reaction mos_244 (244/500)...
[Atoms → Molecules] Found 131 molecules.
      [32m✓ All goal molecules found.[0m
        [32m✓ Missing molecule synthesis subproblem passed in 0.68s[0m
      Filtering reaction mos_245 (245/500)...
[Atoms → Molecules] Found 250 molecules.
      [31m✗ Missing goal molecules.[0m
        [31m✗ Missing molecule synthesis subproblem failed in 0.5s[0m
      Filtering reaction mos_246 (246/500)...
[Atoms → Molecules] Found 250 molecules.
      [31m✗ Missing goal molecules.[0m
        [31m✗ Missing molecule synthesis subproblem failed in 0.97s[0m
      Filtering reaction mos_247 (247/500)...
[Atoms → Molecules] Found 250 molecules.
      [31m✗ Missing goal molecules.[0m
        [31m✗ Missing molecule synthesis subproblem failed in 1.59s[0m
      Filtering reaction mos_248 (248/500)...
[Atoms → Molecules] Found 131 molecules.
      [32m✓ All goal molecules found.[0m
        [32m✓ Missing molecule synthesis subproblem passed in 0.76s[0m
      Filtering reaction mos_249 (249/500)...
[Atoms → Molecules] Found 250 molecules.
      [31m✗ Missing goal molecules.[0m
        [31m✗ Missing molecule synthesis subproblem failed in 0.97s[0m
      Filtering reaction mos_250 (250/500)...
[Atoms → Molecules] Found 250 molecules.
      [31m✗ Missing goal molecules.[0m
        [31m✗ Missing molecule synthesis subproblem failed in 2.24s[0m
      Filtering reaction mos_251 (251/500)...
[Atoms → Molecules] Found 250 molecules.
      [31m✗ Missing goal molecules.[0m
        [31m✗ Missing molecule synthesis subproblem failed in 0.41s[0m
      Filtering reaction mos_252 (252/500)...
[Atoms → Molecules] Found 29 molecules.
      [32m✓ All goal molecules found.[0m
        [32m✓ Missing molecule synthesis subproblem passed in 0.3s[0m
      Filtering reaction mos_253 (253/500)...
[Atoms → Molecules] Found 250 molecules.
      [31m✗ Missing goal molecules.[0m
        [31m✗ Missing molecule synthesis subproblem failed in 1.48s[0m
      Filtering reaction mos_254 (254/500)...
[Atoms → Molecules] Found 250 molecules.
      [31m✗ Missing goal molecules.[0m
        [31m✗ Missing molecule synthesis subproblem failed in 1.34s[0m
      Filtering reaction mos_255 (255/500)...
[Atoms → Molecules] Found 250 molecules.
      [31m✗ Missing goal molecules.[0m
        [31m✗ Missing molecule synthesis subproblem failed in 1.05s[0m
      Filtering reaction mos_256 (256/500)...
[Atoms → Molecules] Found 131 molecules.
      [32m✓ All goal molecules found.[0m
        [32m✓ Missing molecule synthesis subproblem passed in 1.66s[0m
      Filtering reaction mos_257 (257/500)...
[Atoms → Molecules] Found 250 molecules.
      [31m✗ Missing goal molecules.[0m
        [31m✗ Missing molecule synthesis subproblem failed in 1.49s[0m
      Filtering reaction mos_258 (258/500)...
[Atoms → Molecules] Found 250 molecules.
      [31m✗ Missing goal molecules.[0m
        [31m✗ Missing molecule synthesis subproblem failed in 0.88s[0m
      Filtering reaction mos_259 (259/500)...
[Atoms → Molecules] Found 250 molecules.
      [31m✗ Missing goal molecules.[0m
        [31m✗ Missing molecule synthesis subproblem failed in 0.43s[0m
      Filtering reaction mos_260 (260/500)...
[Atoms → Molecules] Found 250 molecules.
      [31m✗ Missing goal molecules.[0m
        [31m✗ Missing molecule synthesis subproblem failed in 1.82s[0m
      Filtering reaction mos_261 (261/500)...
[Atoms → Molecules] Found 250 molecules.
      [31m✗ Missing goal molecules.[0m
        [31m✗ Missing molecule synthesis subproblem failed in 1.3s[0m
      Filtering reaction mos_262 (262/500)...
[Atoms → Molecules] Found 250 molecules.
      [31m✗ Missing goal molecules.[0m
        [31m✗ Missing molecule synthesis subproblem failed in 0.48s[0m
      Filtering reaction mos_263 (263/500)...
[Atoms → Molecules] Found 131 molecules.
      [32m✓ All goal molecules found.[0m
        [32m✓ Missing molecule synthesis subproblem passed in 0.59s[0m
      Filtering reaction mos_264 (264/500)...
[Atoms → Molecules] Found 250 molecules.
      [31m✗ Missing goal molecules.[0m
        [31m✗ Missing molecule synthesis subproblem failed in 0.93s[0m
      Filtering reaction mos_265 (265/500)...
[Atoms → Molecules] Found 250 molecules.
      [31m✗ Missing goal molecules.[0m
        [31m✗ Missing molecule synthesis subproblem failed in 0.42s[0m
      Filtering reaction mos_266 (266/500)...
[Atoms → Molecules] Found 250 molecules.
      [31m✗ Missing goal molecules.[0m
        [31m✗ Missing molecule synthesis subproblem failed in 0.92s[0m
      Filtering reaction mos_267 (267/500)...
[Atoms → Molecules] Found 250 molecules.
      [31m✗ Missing goal molecules.[0m
        [31m✗ Missing molecule synthesis subproblem failed in 0.45s[0m
      Filtering reaction mos_268 (268/500)...
[Atoms → Molecules] Found 250 molecules.
      [31m✗ Missing goal molecules.[0m
        [31m✗ Missing molecule synthesis subproblem failed in 0.33s[0m
      Filtering reaction mos_269 (269/500)...
[Atoms → Molecules] Found 250 molecules.
      [31m✗ Missing goal molecules.[0m
        [31m✗ Missing molecule synthesis subproblem failed in 1.4s[0m
      Filtering reaction mos_270 (270/500)...
[Atoms → Molecules] Found 250 molecules.
      [31m✗ Missing goal molecules.[0m
        [31m✗ Missing molecule synthesis subproblem failed in 0.38s[0m
      Filtering reaction mos_271 (271/500)...
[Atoms → Molecules] Found 250 molecules.
      [31m✗ Missing goal molecules.[0m
        [31m✗ Missing molecule synthesis subproblem failed in 2.14s[0m
      Filtering reaction mos_272 (272/500)...
[Atoms → Molecules] Found 250 molecules.
      [31m✗ Missing goal molecules.[0m
        [31m✗ Missing molecule synthesis subproblem failed in 1.42s[0m
      Filtering reaction mos_273 (273/500)...
[Atoms → Molecules] Found 250 molecules.
      [31m✗ Missing goal molecules.[0m
        [31m✗ Missing molecule synthesis subproblem failed in 0.62s[0m
      Filtering reaction mos_274 (274/500)...
[Atoms → Molecules] Found 250 molecules.
      [31m✗ Missing goal molecules.[0m
        [31m✗ Missing molecule synthesis subproblem failed in 1.46s[0m
      Filtering reaction mos_275 (275/500)...
[Atoms → Molecules] Found 31 molecules.
      [32m✓ All goal molecules found.[0m
        [32m✓ Missing molecule synthesis subproblem passed in 0.42s[0m
      Filtering reaction mos_276 (276/500)...
[Atoms → Molecules] Found 243 molecules.
      [32m✓ All goal molecules found.[0m
        [32m✓ Missing molecule synthesis subproblem passed in 0.91s[0m
      Filtering reaction mos_277 (277/500)...
[Atoms → Molecules] Found 250 molecules.
      [31m✗ Missing goal molecules.[0m
        [31m✗ Missing molecule synthesis subproblem failed in 1.34s[0m
      Filtering reaction mos_278 (278/500)...
[Atoms → Molecules] Found 250 molecules.
      [31m✗ Missing goal molecules.[0m
        [31m✗ Missing molecule synthesis subproblem failed in 1.49s[0m
      Filtering reaction mos_279 (279/500)...
[Atoms → Molecules] Found 250 molecules.
      [31m✗ Missing goal molecules.[0m
        [31m✗ Missing molecule synthesis subproblem failed in 0.4s[0m
      Filtering reaction mos_280 (280/500)...
[Atoms → Molecules] Found 250 molecules.
      [31m✗ Missing goal molecules.[0m
        [31m✗ Missing molecule synthesis subproblem failed in 1.3s[0m
      Filtering reaction mos_281 (281/500)...
[Atoms → Molecules] Found 250 molecules.
      [31m✗ Missing goal molecules.[0m
        [31m✗ Missing molecule synthesis subproblem failed in 1.18s[0m
      Filtering reaction mos_282 (282/500)...
[Atoms → Molecules] Found 250 molecules.
      [31m✗ Missing goal molecules.[0m
        [31m✗ Missing molecule synthesis subproblem failed in 1.97s[0m
      Filtering reaction mos_283 (283/500)...
[Atoms → Molecules] Found 250 molecules.
      [31m✗ Missing goal molecules.[0m
        [31m✗ Missing molecule synthesis subproblem failed in 1.34s[0m
      Filtering reaction mos_284 (284/500)...
[Atoms → Molecules] Found 250 molecules.
      [31m✗ Missing goal molecules.[0m
        [31m✗ Missing molecule synthesis subproblem failed in 0.97s[0m
      Filtering reaction mos_285 (285/500)...
[Atoms → Molecules] Found 250 molecules.
      [31m✗ Missing goal molecules.[0m
        [31m✗ Missing molecule synthesis subproblem failed in 1.6s[0m
      Filtering reaction mos_286 (286/500)...
[Atoms → Molecules] Found 250 molecules.
      [31m✗ Missing goal molecules.[0m
        [31m✗ Missing molecule synthesis subproblem failed in 1.4s[0m
      Filtering reaction mos_287 (287/500)...
[Atoms → Molecules] Found 131 molecules.
      [32m✓ All goal molecules found.[0m
        [32m✓ Missing molecule synthesis subproblem passed in 0.91s[0m
      Filtering reaction mos_288 (288/500)...
[Atoms → Molecules] Found 250 molecules.
      [31m✗ Missing goal molecules.[0m
        [31m✗ Missing molecule synthesis subproblem failed in 0.46s[0m
      Filtering reaction mos_289 (289/500)...
[Atoms → Molecules] Found 250 molecules.
      [31m✗ Missing goal molecules.[0m
        [31m✗ Missing molecule synthesis subproblem failed in 3.99s[0m
      Filtering reaction mos_290 (290/500)...
[Atoms → Molecules] Found 250 molecules.
      [31m✗ Missing goal molecules.[0m
        [31m✗ Missing molecule synthesis subproblem failed in 1.69s[0m
      Filtering reaction mos_291 (291/500)...
[Atoms → Molecules] Found 250 molecules.
      [31m✗ Missing goal molecules.[0m
        [31m✗ Missing molecule synthesis subproblem failed in 0.49s[0m
      Filtering reaction mos_292 (292/500)...
[Atoms → Molecules] Found 46 molecules.
      [32m✓ All goal molecules found.[0m
        [32m✓ Missing molecule synthesis subproblem passed in 0.19s[0m
      Filtering reaction mos_293 (293/500)...
[Atoms → Molecules] Found 250 molecules.
      [31m✗ Missing goal molecules.[0m
        [31m✗ Missing molecule synthesis subproblem failed in 1.2s[0m
      Filtering reaction mos_294 (294/500)...
[Atoms → Molecules] Found 250 molecules.
      [31m✗ Missing goal molecules.[0m
        [31m✗ Missing molecule synthesis subproblem failed in 1.05s[0m
      Filtering reaction mos_295 (295/500)...
[Atoms → Molecules] Found 250 molecules.
      [31m✗ Missing goal molecules.[0m
        [31m✗ Missing molecule synthesis subproblem failed in 0.42s[0m
      Filtering reaction mos_296 (296/500)...
[Atoms → Molecules] Found 250 molecules.
      [31m✗ Missing goal molecules.[0m
        [31m✗ Missing molecule synthesis subproblem failed in 1.04s[0m
      Filtering reaction mos_297 (297/500)...
[Atoms → Molecules] Found 250 molecules.
      [31m✗ Missing goal molecules.[0m
        [31m✗ Missing molecule synthesis subproblem failed in 1.0s[0m
      Filtering reaction mos_298 (298/500)...
[Atoms → Molecules] Found 250 molecules.
      [31m✗ Missing goal molecules.[0m
        [31m✗ Missing molecule synthesis subproblem failed in 0.37s[0m
      Filtering reaction mos_299 (299/500)...
[Atoms → Molecules] Found 250 molecules.
      [31m✗ Missing goal molecules.[0m
        [31m✗ Missing molecule synthesis subproblem failed in 0.29s[0m
      Filtering reaction mos_300 (300/500)...
[Atoms → Molecules] Found 250 molecules.
      [31m✗ Missing goal molecules.[0m
        [31m✗ Missing molecule synthesis subproblem failed in 1.43s[0m
      Filtering reaction mos_301 (301/500)...
[Atoms → Molecules] Found 243 molecules.
      [32m✓ All goal molecules found.[0m
        [32m✓ Missing molecule synthesis subproblem passed in 0.73s[0m
      Filtering reaction mos_302 (302/500)...
[Atoms → Molecules] Found 250 molecules.
      [31m✗ Missing goal molecules.[0m
        [31m✗ Missing molecule synthesis subproblem failed in 1.47s[0m
      Filtering reaction mos_303 (303/500)...
[Atoms → Molecules] Found 250 molecules.
      [31m✗ Missing goal molecules.[0m
        [31m✗ Missing molecule synthesis subproblem failed in 0.33s[0m
      Filtering reaction mos_304 (304/500)...
[Atoms → Molecules] Found 250 molecules.
      [31m✗ Missing goal molecules.[0m
        [31m✗ Missing molecule synthesis subproblem failed in 1.37s[0m
      Filtering reaction mos_305 (305/500)...
[Atoms → Molecules] Found 243 molecules.
      [32m✓ All goal molecules found.[0m
        [32m✓ Missing molecule synthesis subproblem passed in 0.93s[0m
      Filtering reaction mos_306 (306/500)...
[Atoms → Molecules] Found 31 molecules.
      [32m✓ All goal molecules found.[0m
        [32m✓ Missing molecule synthesis subproblem passed in 0.47s[0m
      Filtering reaction mos_307 (307/500)...
[Atoms → Molecules] Found 250 molecules.
      [31m✗ Missing goal molecules.[0m
        [31m✗ Missing molecule synthesis subproblem failed in 1.58s[0m
      Filtering reaction mos_308 (308/500)...
[Atoms → Molecules] Found 250 molecules.
      [31m✗ Missing goal molecules.[0m
        [31m✗ Missing molecule synthesis subproblem failed in 0.44s[0m
      Filtering reaction mos_309 (309/500)...
[Atoms → Molecules] Found 131 molecules.
      [32m✓ All goal molecules found.[0m
        [32m✓ Missing molecule synthesis subproblem passed in 0.84s[0m
      Filtering reaction mos_310 (310/500)...
[Atoms → Molecules] Found 250 molecules.
      [31m✗ Missing goal molecules.[0m
        [31m✗ Missing molecule synthesis subproblem failed in 0.5s[0m
      Filtering reaction mos_311 (311/500)...
[Atoms → Molecules] Found 250 molecules.
      [31m✗ Missing goal molecules.[0m
        [31m✗ Missing molecule synthesis subproblem failed in 1.58s[0m
      Filtering reaction mos_312 (312/500)...
[Atoms → Molecules] Found 250 molecules.
      [31m✗ Missing goal molecules.[0m
        [31m✗ Missing molecule synthesis subproblem failed in 3.73s[0m
      Filtering reaction mos_313 (313/500)...
[Atoms → Molecules] Found 250 molecules.
      [31m✗ Missing goal molecules.[0m
        [31m✗ Missing molecule synthesis subproblem failed in 0.41s[0m
      Filtering reaction mos_314 (314/500)...
[Atoms → Molecules] Found 250 molecules.
      [31m✗ Missing goal molecules.[0m
        [31m✗ Missing molecule synthesis subproblem failed in 1.0s[0m
      Filtering reaction mos_315 (315/500)...
[Atoms → Molecules] Found 131 molecules.
      [32m✓ All goal molecules found.[0m
        [32m✓ Missing molecule synthesis subproblem passed in 0.6s[0m
      Filtering reaction mos_316 (316/500)...
[Atoms → Molecules] Found 250 molecules.
      [31m✗ Missing goal molecules.[0m
        [31m✗ Missing molecule synthesis subproblem failed in 3.01s[0m
      Filtering reaction mos_317 (317/500)...
[Atoms → Molecules] Found 250 molecules.
      [31m✗ Missing goal molecules.[0m
        [31m✗ Missing molecule synthesis subproblem failed in 1.41s[0m
      Filtering reaction mos_318 (318/500)...
[Atoms → Molecules] Found 250 molecules.
      [31m✗ Missing goal molecules.[0m
        [31m✗ Missing molecule synthesis subproblem failed in 1.39s[0m
      Filtering reaction mos_319 (319/500)...
[Atoms → Molecules] Found 250 molecules.
      [31m✗ Missing goal molecules.[0m
        [31m✗ Missing molecule synthesis subproblem failed in 1.38s[0m
      Filtering reaction mos_320 (320/500)...
[Atoms → Molecules] Found 250 molecules.
      [31m✗ Missing goal molecules.[0m
        [31m✗ Missing molecule synthesis subproblem failed in 0.98s[0m
      Filtering reaction mos_321 (321/500)...
[Atoms → Molecules] Found 239 molecules.
      [32m✓ All goal molecules found.[0m
        [32m✓ Missing molecule synthesis subproblem passed in 0.86s[0m
      Filtering reaction mos_322 (322/500)...
[Atoms → Molecules] Found 250 molecules.
      [31m✗ Missing goal molecules.[0m
        [31m✗ Missing molecule synthesis subproblem failed in 0.36s[0m
      Filtering reaction mos_323 (323/500)...
[Atoms → Molecules] Found 250 molecules.
      [31m✗ Missing goal molecules.[0m
        [31m✗ Missing molecule synthesis subproblem failed in 1.38s[0m
      Filtering reaction mos_324 (324/500)...
[Atoms → Molecules] Found 250 molecules.
      [31m✗ Missing goal molecules.[0m
        [31m✗ Missing molecule synthesis subproblem failed in 0.54s[0m
      Filtering reaction mos_325 (325/500)...
[Atoms → Molecules] Found 250 molecules.
      [31m✗ Missing goal molecules.[0m
        [31m✗ Missing molecule synthesis subproblem failed in 1.52s[0m
      Filtering reaction mos_326 (326/500)...
[Atoms → Molecules] Found 250 molecules.
      [31m✗ Missing goal molecules.[0m
        [31m✗ Missing molecule synthesis subproblem failed in 2.66s[0m
      Filtering reaction mos_327 (327/500)...
[Atoms → Molecules] Found 250 molecules.
      [31m✗ Missing goal molecules.[0m
        [31m✗ Missing molecule synthesis subproblem failed in 0.78s[0m
      Filtering reaction mos_328 (328/500)...
[Atoms → Molecules] Found 250 molecules.
      [31m✗ Missing goal molecules.[0m
        [31m✗ Missing molecule synthesis subproblem failed in 1.13s[0m
      Filtering reaction mos_329 (329/500)...
[Atoms → Molecules] Found 250 molecules.
      [31m✗ Missing goal molecules.[0m
        [31m✗ Missing molecule synthesis subproblem failed in 0.54s[0m
      Filtering reaction mos_330 (330/500)...
[Atoms → Molecules] Found 250 molecules.
      [31m✗ Missing goal molecules.[0m
        [31m✗ Missing molecule synthesis subproblem failed in 1.92s[0m
      Filtering reaction mos_331 (331/500)...
[Atoms → Molecules] Found 250 molecules.
      [31m✗ Missing goal molecules.[0m
        [31m✗ Missing molecule synthesis subproblem failed in 1.27s[0m
      Filtering reaction mos_332 (332/500)...
[Atoms → Molecules] Found 250 molecules.
      [31m✗ Missing goal molecules.[0m
        [31m✗ Missing molecule synthesis subproblem failed in 0.54s[0m
      Filtering reaction mos_333 (333/500)...
[Atoms → Molecules] Found 250 molecules.
      [31m✗ Missing goal molecules.[0m
        [31m✗ Missing molecule synthesis subproblem failed in 0.85s[0m
      Filtering reaction mos_334 (334/500)...
[Atoms → Molecules] Found 250 molecules.
      [31m✗ Missing goal molecules.[0m
        [31m✗ Missing molecule synthesis subproblem failed in 1.49s[0m
      Filtering reaction mos_335 (335/500)...
[Atoms → Molecules] Found 250 molecules.
      [31m✗ Missing goal molecules.[0m
        [31m✗ Missing molecule synthesis subproblem failed in 0.4s[0m
      Filtering reaction mos_336 (336/500)...
[Atoms → Molecules] Found 250 molecules.
      [31m✗ Missing goal molecules.[0m
        [31m✗ Missing molecule synthesis subproblem failed in 0.4s[0m
      Filtering reaction mos_337 (337/500)...
[Atoms → Molecules] Found 250 molecules.
      [31m✗ Missing goal molecules.[0m
        [31m✗ Missing molecule synthesis subproblem failed in 3.65s[0m
      Filtering reaction mos_338 (338/500)...
[Atoms → Molecules] Found 250 molecules.
      [31m✗ Missing goal molecules.[0m
        [31m✗ Missing molecule synthesis subproblem failed in 1.42s[0m
      Filtering reaction mos_339 (339/500)...
[Atoms → Molecules] Found 250 molecules.
      [31m✗ Missing goal molecules.[0m
        [31m✗ Missing molecule synthesis subproblem failed in 0.39s[0m
      Filtering reaction mos_340 (340/500)...
[Atoms → Molecules] Found 250 molecules.
      [31m✗ Missing goal molecules.[0m
        [31m✗ Missing molecule synthesis subproblem failed in 2.99s[0m
      Filtering reaction mos_341 (341/500)...
[Atoms → Molecules] Found 131 molecules.
      [32m✓ All goal molecules found.[0m
        [32m✓ Missing molecule synthesis subproblem passed in 0.75s[0m
      Filtering reaction mos_342 (342/500)...
[Atoms → Molecules] Found 250 molecules.
      [31m✗ Missing goal molecules.[0m
        [31m✗ Missing molecule synthesis subproblem failed in 0.48s[0m
      Filtering reaction mos_343 (343/500)...
[Atoms → Molecules] Found 250 molecules.
      [31m✗ Missing goal molecules.[0m
        [31m✗ Missing molecule synthesis subproblem failed in 1.5s[0m
      Filtering reaction mos_344 (344/500)...
[Atoms → Molecules] Found 250 molecules.
      [31m✗ Missing goal molecules.[0m
        [31m✗ Missing molecule synthesis subproblem failed in 0.84s[0m
      Filtering reaction mos_345 (345/500)...
[Atoms → Molecules] Found 250 molecules.
      [31m✗ Missing goal molecules.[0m
        [31m✗ Missing molecule synthesis subproblem failed in 0.3s[0m
      Filtering reaction mos_346 (346/500)...
[Atoms → Molecules] Found 250 molecules.
      [31m✗ Missing goal molecules.[0m
        [31m✗ Missing molecule synthesis subproblem failed in 0.95s[0m
      Filtering reaction mos_347 (347/500)...
[Atoms → Molecules] Found 250 molecules.
      [31m✗ Missing goal molecules.[0m
        [31m✗ Missing molecule synthesis subproblem failed in 0.44s[0m
      Filtering reaction mos_348 (348/500)...
[Atoms → Molecules] Found 250 molecules.
      [31m✗ Missing goal molecules.[0m
        [31m✗ Missing molecule synthesis subproblem failed in 1.44s[0m
      Filtering reaction mos_349 (349/500)...
[Atoms → Molecules] Found 250 molecules.
      [31m✗ Missing goal molecules.[0m
        [31m✗ Missing molecule synthesis subproblem failed in 0.96s[0m
      Filtering reaction mos_350 (350/500)...
[Atoms → Molecules] Found 250 molecules.
      [31m✗ Missing goal molecules.[0m
        [31m✗ Missing molecule synthesis subproblem failed in 0.48s[0m
      Filtering reaction mos_351 (351/500)...
[Atoms → Molecules] Found 31 molecules.
      [32m✓ All goal molecules found.[0m
        [32m✓ Missing molecule synthesis subproblem passed in 0.54s[0m
      Filtering reaction mos_352 (352/500)...
[Atoms → Molecules] Found 250 molecules.
      [31m✗ Missing goal molecules.[0m
        [31m✗ Missing molecule synthesis subproblem failed in 0.97s[0m
      Filtering reaction mos_353 (353/500)...
[Atoms → Molecules] Found 250 molecules.
      [31m✗ Missing goal molecules.[0m
        [31m✗ Missing molecule synthesis subproblem failed in 0.85s[0m
      Filtering reaction mos_354 (354/500)...
[Atoms → Molecules] Found 6 molecules.
      [32m✓ All goal molecules found.[0m
        [32m✓ Missing molecule synthesis subproblem passed in 0.0s[0m
      Filtering reaction mos_355 (355/500)...
[Atoms → Molecules] Found 250 molecules.
      [31m✗ Missing goal molecules.[0m
        [31m✗ Missing molecule synthesis subproblem failed in 1.64s[0m
      Filtering reaction mos_356 (356/500)...
[Atoms → Molecules] Found 250 molecules.
      [31m✗ Missing goal molecules.[0m
        [31m✗ Missing molecule synthesis subproblem failed in 2.38s[0m
      Filtering reaction mos_357 (357/500)...
[Atoms → Molecules] Found 250 molecules.
      [31m✗ Missing goal molecules.[0m
        [31m✗ Missing molecule synthesis subproblem failed in 1.45s[0m
      Filtering reaction mos_358 (358/500)...
[Atoms → Molecules] Found 250 molecules.
      [31m✗ Missing goal molecules.[0m
        [31m✗ Missing molecule synthesis subproblem failed in 1.4s[0m
      Filtering reaction mos_359 (359/500)...
[Atoms → Molecules] Found 131 molecules.
      [32m✓ All goal molecules found.[0m
        [32m✓ Missing molecule synthesis subproblem passed in 0.73s[0m
      Filtering reaction mos_360 (360/500)...
[Atoms → Molecules] Found 250 molecules.
      [31m✗ Missing goal molecules.[0m
        [31m✗ Missing molecule synthesis subproblem failed in 0.85s[0m
      Filtering reaction mos_361 (361/500)...
[Atoms → Molecules] Found 250 molecules.
      [31m✗ Missing goal molecules.[0m
        [31m✗ Missing molecule synthesis subproblem failed in 0.94s[0m
      Filtering reaction mos_362 (362/500)...
[Atoms → Molecules] Found 250 molecules.
      [31m✗ Missing goal molecules.[0m
        [31m✗ Missing molecule synthesis subproblem failed in 0.93s[0m
      Filtering reaction mos_363 (363/500)...
[Atoms → Molecules] Found 250 molecules.
      [31m✗ Missing goal molecules.[0m
        [31m✗ Missing molecule synthesis subproblem failed in 1.48s[0m
      Filtering reaction mos_364 (364/500)...
[Atoms → Molecules] Found 250 molecules.
      [31m✗ Missing goal molecules.[0m
        [31m✗ Missing molecule synthesis subproblem failed in 0.43s[0m
      Filtering reaction mos_365 (365/500)...
[Atoms → Molecules] Found 250 molecules.
      [31m✗ Missing goal molecules.[0m
        [31m✗ Missing molecule synthesis subproblem failed in 0.34s[0m
      Filtering reaction mos_366 (366/500)...
[Atoms → Molecules] Found 250 molecules.
      [31m✗ Missing goal molecules.[0m
        [31m✗ Missing molecule synthesis subproblem failed in 0.53s[0m
      Filtering reaction mos_367 (367/500)...
[Atoms → Molecules] Found 250 molecules.
      [31m✗ Missing goal molecules.[0m
        [31m✗ Missing molecule synthesis subproblem failed in 1.41s[0m
      Filtering reaction mos_368 (368/500)...
[Atoms → Molecules] Found 250 molecules.
      [31m✗ Missing goal molecules.[0m
        [31m✗ Missing molecule synthesis subproblem failed in 0.42s[0m
      Filtering reaction mos_369 (369/500)...
[Atoms → Molecules] Found 243 molecules.
      [32m✓ All goal molecules found.[0m
        [32m✓ Missing molecule synthesis subproblem passed in 0.85s[0m
      Filtering reaction mos_370 (370/500)...
[Atoms → Molecules] Found 250 molecules.
      [31m✗ Missing goal molecules.[0m
        [31m✗ Missing molecule synthesis subproblem failed in 0.96s[0m
      Filtering reaction mos_371 (371/500)...
[Atoms → Molecules] Found 250 molecules.
      [31m✗ Missing goal molecules.[0m
        [31m✗ Missing molecule synthesis subproblem failed in 0.4s[0m
      Filtering reaction mos_372 (372/500)...
[Atoms → Molecules] Found 250 molecules.
      [31m✗ Missing goal molecules.[0m
        [31m✗ Missing molecule synthesis subproblem failed in 0.82s[0m
      Filtering reaction mos_373 (373/500)...
[Atoms → Molecules] Found 31 molecules.
      [32m✓ All goal molecules found.[0m
        [32m✓ Missing molecule synthesis subproblem passed in 0.43s[0m
      Filtering reaction mos_374 (374/500)...
[Atoms → Molecules] Found 250 molecules.
      [31m✗ Missing goal molecules.[0m
        [31m✗ Missing molecule synthesis subproblem failed in 0.48s[0m
      Filtering reaction mos_375 (375/500)...
[Atoms → Molecules] Found 250 molecules.
      [31m✗ Missing goal molecules.[0m
        [31m✗ Missing molecule synthesis subproblem failed in 0.4s[0m
      Filtering reaction mos_376 (376/500)...
[Atoms → Molecules] Found 250 molecules.
      [31m✗ Missing goal molecules.[0m
        [31m✗ Missing molecule synthesis subproblem failed in 1.16s[0m
      Filtering reaction mos_377 (377/500)...
[Atoms → Molecules] Found 250 molecules.
      [31m✗ Missing goal molecules.[0m
        [31m✗ Missing molecule synthesis subproblem failed in 0.37s[0m
      Filtering reaction mos_378 (378/500)...
[Atoms → Molecules] Found 250 molecules.
      [31m✗ Missing goal molecules.[0m
        [31m✗ Missing molecule synthesis subproblem failed in 1.08s[0m
      Filtering reaction mos_379 (379/500)...
[Atoms → Molecules] Found 243 molecules.
      [32m✓ All goal molecules found.[0m
        [32m✓ Missing molecule synthesis subproblem passed in 0.86s[0m
      Filtering reaction mos_380 (380/500)...
[Atoms → Molecules] Found 250 molecules.
      [31m✗ Missing goal molecules.[0m
        [31m✗ Missing molecule synthesis subproblem failed in 1.83s[0m
      Filtering reaction mos_381 (381/500)...
[Atoms → Molecules] Found 131 molecules.
      [32m✓ All goal molecules found.[0m
        [32m✓ Missing molecule synthesis subproblem passed in 0.61s[0m
      Filtering reaction mos_382 (382/500)...
[Atoms → Molecules] Found 131 molecules.
      [32m✓ All goal molecules found.[0m
        [32m✓ Missing molecule synthesis subproblem passed in 0.73s[0m
      Filtering reaction mos_383 (383/500)...
[Atoms → Molecules] Found 31 molecules.
      [32m✓ All goal molecules found.[0m
        [32m✓ Missing molecule synthesis subproblem passed in 0.55s[0m
      Filtering reaction mos_384 (384/500)...
[Atoms → Molecules] Found 250 molecules.
      [31m✗ Missing goal molecules.[0m
        [31m✗ Missing molecule synthesis subproblem failed in 1.39s[0m
      Filtering reaction mos_385 (385/500)...
[Atoms → Molecules] Found 250 molecules.
      [31m✗ Missing goal molecules.[0m
        [31m✗ Missing molecule synthesis subproblem failed in 0.42s[0m
      Filtering reaction mos_386 (386/500)...
[Atoms → Molecules] Found 250 molecules.
      [31m✗ Missing goal molecules.[0m
        [31m✗ Missing molecule synthesis subproblem failed in 2.81s[0m
      Filtering reaction mos_387 (387/500)...
[Atoms → Molecules] Found 250 molecules.
      [31m✗ Missing goal molecules.[0m
        [31m✗ Missing molecule synthesis subproblem failed in 0.38s[0m
      Filtering reaction mos_388 (388/500)...
[Atoms → Molecules] Found 13 molecules.
      [32m✓ All goal molecules found.[0m
        [32m✓ Missing molecule synthesis subproblem passed in 0.01s[0m
      Filtering reaction mos_389 (389/500)...
[Atoms → Molecules] Found 250 molecules.
      [31m✗ Missing goal molecules.[0m
        [31m✗ Missing molecule synthesis subproblem failed in 1.12s[0m
      Filtering reaction mos_390 (390/500)...
[Atoms → Molecules] Found 233 molecules.
      [32m✓ All goal molecules found.[0m
        [32m✓ Missing molecule synthesis subproblem passed in 0.65s[0m
      Filtering reaction mos_391 (391/500)...
[Atoms → Molecules] Found 250 molecules.
      [31m✗ Missing goal molecules.[0m
        [31m✗ Missing molecule synthesis subproblem failed in 1.4s[0m
      Filtering reaction mos_392 (392/500)...
[Atoms → Molecules] Found 250 molecules.
      [31m✗ Missing goal molecules.[0m
        [31m✗ Missing molecule synthesis subproblem failed in 1.01s[0m
      Filtering reaction mos_393 (393/500)...
[Atoms → Molecules] Found 250 molecules.
      [31m✗ Missing goal molecules.[0m
        [31m✗ Missing molecule synthesis subproblem failed in 1.7s[0m
      Filtering reaction mos_394 (394/500)...
[Atoms → Molecules] Found 130 molecules.
      [32m✓ All goal molecules found.[0m
        [32m✓ Missing molecule synthesis subproblem passed in 0.25s[0m
      Filtering reaction mos_395 (395/500)...
[Atoms → Molecules] Found 250 molecules.
      [31m✗ Missing goal molecules.[0m
        [31m✗ Missing molecule synthesis subproblem failed in 1.31s[0m
      Filtering reaction mos_396 (396/500)...
[Atoms → Molecules] Found 250 molecules.
      [31m✗ Missing goal molecules.[0m
        [31m✗ Missing molecule synthesis subproblem failed in 0.72s[0m
      Filtering reaction mos_397 (397/500)...
[Atoms → Molecules] Found 250 molecules.
      [31m✗ Missing goal molecules.[0m
        [31m✗ Missing molecule synthesis subproblem failed in 0.44s[0m
      Filtering reaction mos_398 (398/500)...
[Atoms → Molecules] Found 250 molecules.
      [31m✗ Missing goal molecules.[0m
        [31m✗ Missing molecule synthesis subproblem failed in 1.36s[0m
      Filtering reaction mos_399 (399/500)...
[Atoms → Molecules] Found 250 molecules.
      [31m✗ Missing goal molecules.[0m
        [31m✗ Missing molecule synthesis subproblem failed in 1.36s[0m
      Filtering reaction mos_400 (400/500)...
[Atoms → Molecules] Found 112 molecules.
      [32m✓ All goal molecules found.[0m
        [32m✓ Missing molecule synthesis subproblem passed in 0.23s[0m
      Filtering reaction mos_401 (401/500)...
[Atoms → Molecules] Found 250 molecules.
      [31m✗ Missing goal molecules.[0m
        [31m✗ Missing molecule synthesis subproblem failed in 1.3s[0m
      Filtering reaction mos_402 (402/500)...
[Atoms → Molecules] Found 250 molecules.
      [31m✗ Missing goal molecules.[0m
        [31m✗ Missing molecule synthesis subproblem failed in 1.46s[0m
      Filtering reaction mos_403 (403/500)...
[Atoms → Molecules] Found 250 molecules.
      [31m✗ Missing goal molecules.[0m
        [31m✗ Missing molecule synthesis subproblem failed in 0.96s[0m
      Filtering reaction mos_404 (404/500)...
[Atoms → Molecules] Found 232 molecules.
      [32m✓ All goal molecules found.[0m
        [32m✓ Missing molecule synthesis subproblem passed in 0.81s[0m
      Filtering reaction mos_405 (405/500)...
[Atoms → Molecules] Found 250 molecules.
      [31m✗ Missing goal molecules.[0m
        [31m✗ Missing molecule synthesis subproblem failed in 0.35s[0m
      Filtering reaction mos_406 (406/500)...
[Atoms → Molecules] Found 250 molecules.
      [31m✗ Missing goal molecules.[0m
        [31m✗ Missing molecule synthesis subproblem failed in 0.43s[0m
      Filtering reaction mos_407 (407/500)...
[Atoms → Molecules] Found 250 molecules.
      [31m✗ Missing goal molecules.[0m
        [31m✗ Missing molecule synthesis subproblem failed in 1.22s[0m
      Filtering reaction mos_408 (408/500)...
[Atoms → Molecules] Found 250 molecules.
      [31m✗ Missing goal molecules.[0m
        [31m✗ Missing molecule synthesis subproblem failed in 0.82s[0m
      Filtering reaction mos_409 (409/500)...
[Atoms → Molecules] Found 250 molecules.
      [31m✗ Missing goal molecules.[0m
        [31m✗ Missing molecule synthesis subproblem failed in 1.36s[0m
      Filtering reaction mos_410 (410/500)...
[Atoms → Molecules] Found 250 molecules.
      [31m✗ Missing goal molecules.[0m
        [31m✗ Missing molecule synthesis subproblem failed in 1.46s[0m
      Filtering reaction mos_411 (411/500)...
[Atoms → Molecules] Found 250 molecules.
      [31m✗ Missing goal molecules.[0m
        [31m✗ Missing molecule synthesis subproblem failed in 1.53s[0m
      Filtering reaction mos_412 (412/500)...
[Atoms → Molecules] Found 250 molecules.
      [31m✗ Missing goal molecules.[0m
        [31m✗ Missing molecule synthesis subproblem failed in 0.97s[0m
      Filtering reaction mos_413 (413/500)...
[Atoms → Molecules] Found 250 molecules.
      [31m✗ Missing goal molecules.[0m
        [31m✗ Missing molecule synthesis subproblem failed in 1.35s[0m
      Filtering reaction mos_414 (414/500)...
[Atoms → Molecules] Found 250 molecules.
      [31m✗ Missing goal molecules.[0m
        [31m✗ Missing molecule synthesis subproblem failed in 2.28s[0m
      Filtering reaction mos_415 (415/500)...
[Atoms → Molecules] Found 250 molecules.
      [31m✗ Missing goal molecules.[0m
        [31m✗ Missing molecule synthesis subproblem failed in 1.04s[0m
      Filtering reaction mos_416 (416/500)...
[Atoms → Molecules] Found 250 molecules.
      [31m✗ Missing goal molecules.[0m
        [31m✗ Missing molecule synthesis subproblem failed in 0.53s[0m
      Filtering reaction mos_417 (417/500)...
[Atoms → Molecules] Found 250 molecules.
      [31m✗ Missing goal molecules.[0m
        [31m✗ Missing molecule synthesis subproblem failed in 0.5s[0m
      Filtering reaction mos_418 (418/500)...
[Atoms → Molecules] Found 250 molecules.
      [31m✗ Missing goal molecules.[0m
        [31m✗ Missing molecule synthesis subproblem failed in 0.86s[0m
      Filtering reaction mos_419 (419/500)...
[Atoms → Molecules] Found 250 molecules.
      [31m✗ Missing goal molecules.[0m
        [31m✗ Missing molecule synthesis subproblem failed in 1.73s[0m
      Filtering reaction mos_420 (420/500)...
[Atoms → Molecules] Found 250 molecules.
      [31m✗ Missing goal molecules.[0m
        [31m✗ Missing molecule synthesis subproblem failed in 0.58s[0m
      Filtering reaction mos_421 (421/500)...
[Atoms → Molecules] Found 250 molecules.
      [31m✗ Missing goal molecules.[0m
        [31m✗ Missing molecule synthesis subproblem failed in 1.56s[0m
      Filtering reaction mos_422 (422/500)...
[Atoms → Molecules] Found 250 molecules.
      [31m✗ Missing goal molecules.[0m
        [31m✗ Missing molecule synthesis subproblem failed in 1.87s[0m
      Filtering reaction mos_423 (423/500)...
[Atoms → Molecules] Found 250 molecules.
      [31m✗ Missing goal molecules.[0m
        [31m✗ Missing molecule synthesis subproblem failed in 1.62s[0m
      Filtering reaction mos_424 (424/500)...
[Atoms → Molecules] Found 131 molecules.
      [32m✓ All goal molecules found.[0m
        [32m✓ Missing molecule synthesis subproblem passed in 0.82s[0m
      Filtering reaction mos_425 (425/500)...
[Atoms → Molecules] Found 250 molecules.
      [31m✗ Missing goal molecules.[0m
        [31m✗ Missing molecule synthesis subproblem failed in 0.97s[0m
      Filtering reaction mos_426 (426/500)...
[Atoms → Molecules] Found 250 molecules.
      [31m✗ Missing goal molecules.[0m
        [31m✗ Missing molecule synthesis subproblem failed in 0.63s[0m
      Filtering reaction mos_427 (427/500)...
[Atoms → Molecules] Found 250 molecules.
      [31m✗ Missing goal molecules.[0m
        [31m✗ Missing molecule synthesis subproblem failed in 1.48s[0m
      Filtering reaction mos_428 (428/500)...
[Atoms → Molecules] Found 232 molecules.
      [32m✓ All goal molecules found.[0m
        [32m✓ Missing molecule synthesis subproblem passed in 0.81s[0m
      Filtering reaction mos_429 (429/500)...
[Atoms → Molecules] Found 250 molecules.
      [31m✗ Missing goal molecules.[0m
        [31m✗ Missing molecule synthesis subproblem failed in 1.47s[0m
      Filtering reaction mos_430 (430/500)...
[Atoms → Molecules] Found 243 molecules.
      [32m✓ All goal molecules found.[0m
        [32m✓ Missing molecule synthesis subproblem passed in 0.82s[0m
      Filtering reaction mos_431 (431/500)...
[Atoms → Molecules] Found 250 molecules.
      [31m✗ Missing goal molecules.[0m
        [31m✗ Missing molecule synthesis subproblem failed in 0.61s[0m
      Filtering reaction mos_432 (432/500)...
[Atoms → Molecules] Found 250 molecules.
      [31m✗ Missing goal molecules.[0m
        [31m✗ Missing molecule synthesis subproblem failed in 2.08s[0m
      Filtering reaction mos_433 (433/500)...
[Atoms → Molecules] Found 250 molecules.
      [31m✗ Missing goal molecules.[0m
        [31m✗ Missing molecule synthesis subproblem failed in 0.84s[0m
      Filtering reaction mos_434 (434/500)...
[Atoms → Molecules] Found 250 molecules.
      [31m✗ Missing goal molecules.[0m
        [31m✗ Missing molecule synthesis subproblem failed in 1.38s[0m
      Filtering reaction mos_435 (435/500)...
[Atoms → Molecules] Found 250 molecules.
      [31m✗ Missing goal molecules.[0m
        [31m✗ Missing molecule synthesis subproblem failed in 0.95s[0m
      Filtering reaction mos_436 (436/500)...
[Atoms → Molecules] Found 250 molecules.
      [31m✗ Missing goal molecules.[0m
        [31m✗ Missing molecule synthesis subproblem failed in 1.03s[0m
      Filtering reaction mos_437 (437/500)...
[Atoms → Molecules] Found 250 molecules.
      [31m✗ Missing goal molecules.[0m
        [31m✗ Missing molecule synthesis subproblem failed in 0.47s[0m
      Filtering reaction mos_438 (438/500)...
[Atoms → Molecules] Found 250 molecules.
      [31m✗ Missing goal molecules.[0m
        [31m✗ Missing molecule synthesis subproblem failed in 0.4s[0m
      Filtering reaction mos_439 (439/500)...
[Atoms → Molecules] Found 250 molecules.
      [31m✗ Missing goal molecules.[0m
        [31m✗ Missing molecule synthesis subproblem failed in 1.51s[0m
      Filtering reaction mos_440 (440/500)...
[Atoms → Molecules] Found 131 molecules.
      [32m✓ All goal molecules found.[0m
        [32m✓ Missing molecule synthesis subproblem passed in 0.79s[0m
      Filtering reaction mos_441 (441/500)...
[Atoms → Molecules] Found 131 molecules.
      [32m✓ All goal molecules found.[0m
        [32m✓ Missing molecule synthesis subproblem passed in 0.6s[0m
      Filtering reaction mos_442 (442/500)...
[Atoms → Molecules] Found 250 molecules.
      [31m✗ Missing goal molecules.[0m
        [31m✗ Missing molecule synthesis subproblem failed in 3.17s[0m
      Filtering reaction mos_443 (443/500)...
[Atoms → Molecules] Found 250 molecules.
      [31m✗ Missing goal molecules.[0m
        [31m✗ Missing molecule synthesis subproblem failed in 0.53s[0m
      Filtering reaction mos_444 (444/500)...
[Atoms → Molecules] Found 250 molecules.
      [31m✗ Missing goal molecules.[0m
        [31m✗ Missing molecule synthesis subproblem failed in 1.44s[0m
      Filtering reaction mos_445 (445/500)...
[Atoms → Molecules] Found 250 molecules.
      [31m✗ Missing goal molecules.[0m
        [31m✗ Missing molecule synthesis subproblem failed in 0.41s[0m
      Filtering reaction mos_446 (446/500)...
[Atoms → Molecules] Found 250 molecules.
      [31m✗ Missing goal molecules.[0m
        [31m✗ Missing molecule synthesis subproblem failed in 1.61s[0m
      Filtering reaction mos_447 (447/500)...
[Atoms → Molecules] Found 131 molecules.
      [32m✓ All goal molecules found.[0m
        [32m✓ Missing molecule synthesis subproblem passed in 0.6s[0m
      Filtering reaction mos_448 (448/500)...
[Atoms → Molecules] Found 250 molecules.
      [31m✗ Missing goal molecules.[0m
        [31m✗ Missing molecule synthesis subproblem failed in 0.61s[0m
      Filtering reaction mos_449 (449/500)...
[Atoms → Molecules] Found 250 molecules.
      [31m✗ Missing goal molecules.[0m
        [31m✗ Missing molecule synthesis subproblem failed in 0.84s[0m
      Filtering reaction mos_450 (450/500)...
[Atoms → Molecules] Found 250 molecules.
      [31m✗ Missing goal molecules.[0m
        [31m✗ Missing molecule synthesis subproblem failed in 1.37s[0m
      Filtering reaction mos_451 (451/500)...
[Atoms → Molecules] Found 250 molecules.
      [31m✗ Missing goal molecules.[0m
        [31m✗ Missing molecule synthesis subproblem failed in 0.63s[0m
      Filtering reaction mos_452 (452/500)...
[Atoms → Molecules] Found 250 molecules.
      [31m✗ Missing goal molecules.[0m
        [31m✗ Missing molecule synthesis subproblem failed in 0.95s[0m
      Filtering reaction mos_453 (453/500)...
[Atoms → Molecules] Found 250 molecules.
      [31m✗ Missing goal molecules.[0m
        [31m✗ Missing molecule synthesis subproblem failed in 1.64s[0m
      Filtering reaction mos_454 (454/500)...
[Atoms → Molecules] Found 250 molecules.
      [31m✗ Missing goal molecules.[0m
        [31m✗ Missing molecule synthesis subproblem failed in 3.21s[0m
      Filtering reaction mos_455 (455/500)...
[Atoms → Molecules] Found 243 molecules.
      [32m✓ All goal molecules found.[0m
        [32m✓ Missing molecule synthesis subproblem passed in 0.88s[0m
      Filtering reaction mos_456 (456/500)...
[Atoms → Molecules] Found 250 molecules.
      [31m✗ Missing goal molecules.[0m
        [31m✗ Missing molecule synthesis subproblem failed in 1.44s[0m
      Filtering reaction mos_457 (457/500)...
[Atoms → Molecules] Found 250 molecules.
      [31m✗ Missing goal molecules.[0m
        [31m✗ Missing molecule synthesis subproblem failed in 1.51s[0m
      Filtering reaction mos_458 (458/500)...
[Atoms → Molecules] Found 250 molecules.
      [31m✗ Missing goal molecules.[0m
        [31m✗ Missing molecule synthesis subproblem failed in 0.44s[0m
      Filtering reaction mos_459 (459/500)...
[Atoms → Molecules] Found 250 molecules.
      [31m✗ Missing goal molecules.[0m
        [31m✗ Missing molecule synthesis subproblem failed in 1.59s[0m
      Filtering reaction mos_460 (460/500)...
[Atoms → Molecules] Found 250 molecules.
      [31m✗ Missing goal molecules.[0m
        [31m✗ Missing molecule synthesis subproblem failed in 1.57s[0m
      Filtering reaction mos_461 (461/500)...
[Atoms → Molecules] Found 250 molecules.
      [31m✗ Missing goal molecules.[0m
        [31m✗ Missing molecule synthesis subproblem failed in 0.83s[0m
      Filtering reaction mos_462 (462/500)...
[Atoms → Molecules] Found 250 molecules.
      [31m✗ Missing goal molecules.[0m
        [31m✗ Missing molecule synthesis subproblem failed in 1.09s[0m
      Filtering reaction mos_463 (463/500)...
[Atoms → Molecules] Found 250 molecules.
      [31m✗ Missing goal molecules.[0m
        [31m✗ Missing molecule synthesis subproblem failed in 0.43s[0m
      Filtering reaction mos_464 (464/500)...
[Atoms → Molecules] Found 250 molecules.
      [31m✗ Missing goal molecules.[0m
        [31m✗ Missing molecule synthesis subproblem failed in 1.33s[0m
      Filtering reaction mos_465 (465/500)...
[Atoms → Molecules] Found 250 molecules.
      [31m✗ Missing goal molecules.[0m
        [31m✗ Missing molecule synthesis subproblem failed in 0.62s[0m
      Filtering reaction mos_466 (466/500)...
[Atoms → Molecules] Found 250 molecules.
      [31m✗ Missing goal molecules.[0m
        [31m✗ Missing molecule synthesis subproblem failed in 1.33s[0m
      Filtering reaction mos_467 (467/500)...
[Atoms → Molecules] Found 250 molecules.
      [31m✗ Missing goal molecules.[0m
        [31m✗ Missing molecule synthesis subproblem failed in 0.65s[0m
      Filtering reaction mos_468 (468/500)...
[Atoms → Molecules] Found 250 molecules.
      [31m✗ Missing goal molecules.[0m
        [31m✗ Missing molecule synthesis subproblem failed in 4.39s[0m
      Filtering reaction mos_469 (469/500)...
[Atoms → Molecules] Found 250 molecules.
      [31m✗ Missing goal molecules.[0m
        [31m✗ Missing molecule synthesis subproblem failed in 1.6s[0m
      Filtering reaction mos_470 (470/500)...
[Atoms → Molecules] Found 156 molecules.
      [32m✓ All goal molecules found.[0m
        [32m✓ Missing molecule synthesis subproblem passed in 0.74s[0m
      Filtering reaction mos_471 (471/500)...
[Atoms → Molecules] Found 6 molecules.
      [32m✓ All goal molecules found.[0m
        [32m✓ Missing molecule synthesis subproblem passed in 0.0s[0m
      Filtering reaction mos_472 (472/500)...
[Atoms → Molecules] Found 250 molecules.
      [31m✗ Missing goal molecules.[0m
        [31m✗ Missing molecule synthesis subproblem failed in 0.63s[0m
      Filtering reaction mos_473 (473/500)...
[Atoms → Molecules] Found 250 molecules.
      [31m✗ Missing goal molecules.[0m
        [31m✗ Missing molecule synthesis subproblem failed in 1.05s[0m
      Filtering reaction mos_474 (474/500)...
[Atoms → Molecules] Found 131 molecules.
      [32m✓ All goal molecules found.[0m
        [32m✓ Missing molecule synthesis subproblem passed in 0.8s[0m
      Filtering reaction mos_475 (475/500)...
[Atoms → Molecules] Found 250 molecules.
      [31m✗ Missing goal molecules.[0m
        [31m✗ Missing molecule synthesis subproblem failed in 0.89s[0m
      Filtering reaction mos_476 (476/500)...
[Atoms → Molecules] Found 250 molecules.
      [31m✗ Missing goal molecules.[0m
        [31m✗ Missing molecule synthesis subproblem failed in 1.41s[0m
      Filtering reaction mos_477 (477/500)...
[Atoms → Molecules] Found 250 molecules.
      [31m✗ Missing goal molecules.[0m
        [31m✗ Missing molecule synthesis subproblem failed in 1.5s[0m
      Filtering reaction mos_478 (478/500)...
[Atoms → Molecules] Found 250 molecules.
      [31m✗ Missing goal molecules.[0m
        [31m✗ Missing molecule synthesis subproblem failed in 1.67s[0m
      Filtering reaction mos_479 (479/500)...
[Atoms → Molecules] Found 132 molecules.
      [32m✓ All goal molecules found.[0m
        [32m✓ Missing molecule synthesis subproblem passed in 0.89s[0m
      Filtering reaction mos_480 (480/500)...
[Atoms → Molecules] Found 250 molecules.
      [31m✗ Missing goal molecules.[0m
        [31m✗ Missing molecule synthesis subproblem failed in 1.61s[0m
      Filtering reaction mos_481 (481/500)...
[Atoms → Molecules] Found 250 molecules.
      [31m✗ Missing goal molecules.[0m
        [31m✗ Missing molecule synthesis subproblem failed in 1.01s[0m
      Filtering reaction mos_482 (482/500)...
[Atoms → Molecules] Found 131 molecules.
      [32m✓ All goal molecules found.[0m
        [32m✓ Missing molecule synthesis subproblem passed in 0.85s[0m
      Filtering reaction mos_483 (483/500)...
[Atoms → Molecules] Found 250 molecules.
      [31m✗ Missing goal molecules.[0m
        [31m✗ Missing molecule synthesis subproblem failed in 1.65s[0m
      Filtering reaction mos_484 (484/500)...
[Atoms → Molecules] Found 243 molecules.
      [32m✓ All goal molecules found.[0m
        [32m✓ Missing molecule synthesis subproblem passed in 0.77s[0m
      Filtering reaction mos_485 (485/500)...
[Atoms → Molecules] Found 250 molecules.
      [31m✗ Missing goal molecules.[0m
        [31m✗ Missing molecule synthesis subproblem failed in 1.45s[0m
      Filtering reaction mos_486 (486/500)...
[Atoms → Molecules] Found 250 molecules.
      [31m✗ Missing goal molecules.[0m
        [31m✗ Missing molecule synthesis subproblem failed in 1.19s[0m
      Filtering reaction mos_487 (487/500)...
[Atoms → Molecules] Found 250 molecules.
      [31m✗ Missing goal molecules.[0m
        [31m✗ Missing molecule synthesis subproblem failed in 1.34s[0m
      Filtering reaction mos_488 (488/500)...
[Atoms → Molecules] Found 250 molecules.
      [31m✗ Missing goal molecules.[0m
        [31m✗ Missing molecule synthesis subproblem failed in 1.29s[0m
      Filtering reaction mos_489 (489/500)...
[Atoms → Molecules] Found 250 molecules.
      [31m✗ Missing goal molecules.[0m
        [31m✗ Missing molecule synthesis subproblem failed in 1.2s[0m
      Filtering reaction mos_490 (490/500)...
[Atoms → Molecules] Found 250 molecules.
      [31m✗ Missing goal molecules.[0m
        [31m✗ Missing molecule synthesis subproblem failed in 0.98s[0m
      Filtering reaction mos_491 (491/500)...
[Atoms → Molecules] Found 250 molecules.
      [31m✗ Missing goal molecules.[0m
        [31m✗ Missing molecule synthesis subproblem failed in 0.42s[0m
      Filtering reaction mos_492 (492/500)...
[Atoms → Molecules] Found 239 molecules.
      [32m✓ All goal molecules found.[0m
        [32m✓ Missing molecule synthesis subproblem passed in 0.72s[0m
      Filtering reaction mos_493 (493/500)...
[Atoms → Molecules] Found 250 molecules.
      [31m✗ Missing goal molecules.[0m
        [31m✗ Missing molecule synthesis subproblem failed in 0.48s[0m
      Filtering reaction mos_494 (494/500)...
[Atoms → Molecules] Found 3 molecules.
      [32m✓ All goal molecules found.[0m
        [32m✓ Missing molecule synthesis subproblem passed in 0.0s[0m
      Filtering reaction mos_495 (495/500)...
[Atoms → Molecules] Found 250 molecules.
      [31m✗ Missing goal molecules.[0m
        [31m✗ Missing molecule synthesis subproblem failed in 0.99s[0m
      Filtering reaction mos_496 (496/500)...
[Atoms → Molecules] Found 250 molecules.
      [31m✗ Missing goal molecules.[0m
        [31m✗ Missing molecule synthesis subproblem failed in 1.35s[0m
      Filtering reaction mos_497 (497/500)...
[Atoms → Molecules] Found 250 molecules.
      [31m✗ Missing goal molecules.[0m
        [31m✗ Missing molecule synthesis subproblem failed in 1.81s[0m
      Filtering reaction mos_498 (498/500)...
[Atoms → Molecules] Found 250 molecules.
      [31m✗ Missing goal molecules.[0m
        [31m✗ Missing molecule synthesis subproblem failed in 0.72s[0m
      Filtering reaction mos_499 (499/500)...
[Atoms → Molecules] Found 243 molecules.
      [32m✓ All goal molecules found.[0m
        [32m✓ Missing molecule synthesis subproblem passed in 0.9s[0m
      Filtering reaction mos_500 (500/500)...
[Atoms → Molecules] Found 250 molecules.
      [31m✗ Missing goal molecules.[0m
        [31m✗ Missing molecule synthesis subproblem failed in 0.86s[0m

  [1mSimilarity Metric: none[0m
      Evaluating reaction mos_1 (1/500)...
        [31m✗ Skipped reaction synthesis (missing molecule synthesis subproblem failed).[0m
      Evaluating reaction mos_2 (2/500)...
        [31m✗ Skipped reaction synthesis (missing molecule synthesis subproblem failed).[0m
      Evaluating reaction mos_3 (3/500)...
        [31m✗ Skipped reaction synthesis (missing molecule synthesis subproblem failed).[0m
      Evaluating reaction mos_4 (4/500)...
        [31m✗ Skipped reaction synthesis (missing molecule synthesis subproblem failed).[0m
      Evaluating reaction mos_5 (5/500)...
[Problem → Reactions] Found 608 reactions, 250 molecules.
      [32m✓ All goal molecules found.[0m
      [32m✓ All goal reactions found.[0m
        [32m✓ Target reaction successfully synthesized in 4.92s![0m
      Evaluating reaction mos_6 (6/500)...
        [31m✗ Skipped reaction synthesis (missing molecule synthesis subproblem failed).[0m
      Evaluating reaction mos_7 (7/500)...
        [31m✗ Skipped reaction synthesis (missing molecule synthesis subproblem failed).[0m
      Evaluating reaction mos_8 (8/500)...
[Problem → Reactions] Found 2065 reactions, 250 molecules.
      [32m✓ All goal molecules found.[0m
      [32m✓ All goal reactions found.[0m
        [32m✓ Target reaction successfully synthesized in 2.81s![0m
      Evaluating reaction mos_9 (9/500)...
        [31m✗ Skipped reaction synthesis (missing molecule synthesis subproblem failed).[0m
      Evaluating reaction mos_10 (10/500)...
        [31m✗ Skipped reaction synthesis (missing molecule synthesis subproblem failed).[0m
      Evaluating reaction mos_11 (11/500)...
        [31m✗ Skipped reaction synthesis (missing molecule synthesis subproblem failed).[0m
      Evaluating reaction mos_12 (12/500)...
        [31m✗ Skipped reaction synthesis (missing molecule synthesis subproblem failed).[0m
      Evaluating reaction mos_13 (13/500)...
        [31m✗ Skipped reaction synthesis (missing molecule synthesis subproblem failed).[0m
      Evaluating reaction mos_14 (14/500)...
        [31m✗ Skipped reaction synthesis (missing molecule synthesis subproblem failed).[0m
      Evaluating reaction mos_15 (15/500)...
        [31m✗ Skipped reaction synthesis (missing molecule synthesis subproblem failed).[0m
      Evaluating reaction mos_16 (16/500)...
[Problem → Reactions] Found 623 reactions, 250 molecules.
      [32m✓ All goal molecules found.[0m
      [32m✓ All goal reactions found.[0m
        [32m✓ Target reaction successfully synthesized in 0.97s![0m
      Evaluating reaction mos_17 (17/500)...
        [31m✗ Skipped reaction synthesis (missing molecule synthesis subproblem failed).[0m
      Evaluating reaction mos_18 (18/500)...
[Problem → Reactions] Found 30000 reactions, 250 molecules.
      [32m✓ All goal molecules found.[0m
      [31m✗ Missing goal reactions.[0m
        [31m✗ Synthesis failed or timed out in 57.8s.[0m
      Evaluating reaction mos_19 (19/500)...
        [31m✗ Skipped reaction synthesis (missing molecule synthesis subproblem failed).[0m
      Evaluating reaction mos_20 (20/500)...
        [31m✗ Skipped reaction synthesis (missing molecule synthesis subproblem failed).[0m
      Evaluating reaction mos_21 (21/500)...
        [31m✗ Skipped reaction synthesis (missing molecule synthesis subproblem failed).[0m
      Evaluating reaction mos_22 (22/500)...
        [31m✗ Skipped reaction synthesis (missing molecule synthesis subproblem failed).[0m
      Evaluating reaction mos_23 (23/500)...
[Problem → Reactions] Found 1096 reactions, 250 molecules.
      [32m✓ All goal molecules found.[0m
      [32m✓ All goal reactions found.[0m
        [32m✓ Target reaction successfully synthesized in 5.11s![0m
      Evaluating reaction mos_24 (24/500)...
        [31m✗ Skipped reaction synthesis (missing molecule synthesis subproblem failed).[0m
      Evaluating reaction mos_25 (25/500)...
        [31m✗ Skipped reaction synthesis (missing molecule synthesis subproblem failed).[0m
      Evaluating reaction mos_26 (26/500)...
        [31m✗ Skipped reaction synthesis (missing molecule synthesis subproblem failed).[0m
      Evaluating reaction mos_27 (27/500)...
[Problem → Reactions] Found 2065 reactions, 250 molecules.
      [32m✓ All goal molecules found.[0m
      [32m✓ All goal reactions found.[0m
        [32m✓ Target reaction successfully synthesized in 2.06s![0m
      Evaluating reaction mos_28 (28/500)...
        [31m✗ Skipped reaction synthesis (missing molecule synthesis subproblem failed).[0m
      Evaluating reaction mos_29 (29/500)...
        [31m✗ Skipped reaction synthesis (missing molecule synthesis subproblem failed).[0m
      Evaluating reaction mos_30 (30/500)...
[Problem → Reactions] Found 30000 reactions, 250 molecules.
      [32m✓ All goal molecules found.[0m
      [31m✗ Missing goal reactions.[0m
        [31m✗ Synthesis failed or timed out in 73.65s.[0m
      Evaluating reaction mos_31 (31/500)...
        [31m✗ Skipped reaction synthesis (missing molecule synthesis subproblem failed).[0m
      Evaluating reaction mos_32 (32/500)...
        [31m✗ Skipped reaction synthesis (missing molecule synthesis subproblem failed).[0m
      Evaluating reaction mos_33 (33/500)...
        [31m✗ Skipped reaction synthesis (missing molecule synthesis subproblem failed).[0m
      Evaluating reaction mos_34 (34/500)...
[Problem → Reactions] Found 2542 reactions, 250 molecules.
      [32m✓ All goal molecules found.[0m
      [32m✓ All goal reactions found.[0m
        [32m✓ Target reaction successfully synthesized in 6.64s![0m
      Evaluating reaction mos_35 (35/500)...
        [31m✗ Skipped reaction synthesis (missing molecule synthesis subproblem failed).[0m
      Evaluating reaction mos_36 (36/500)...
        [31m✗ Skipped reaction synthesis (missing molecule synthesis subproblem failed).[0m
      Evaluating reaction mos_37 (37/500)...
[Problem → Reactions] Found 603 reactions, 250 molecules.
      [32m✓ All goal molecules found.[0m
      [32m✓ All goal reactions found.[0m
        [32m✓ Target reaction successfully synthesized in 1.17s![0m
      Evaluating reaction mos_38 (38/500)...
        [31m✗ Skipped reaction synthesis (missing molecule synthesis subproblem failed).[0m
      Evaluating reaction mos_39 (39/500)...
        [31m✗ Skipped reaction synthesis (missing molecule synthesis subproblem failed).[0m
      Evaluating reaction mos_40 (40/500)...
        [31m✗ Skipped reaction synthesis (missing molecule synthesis subproblem failed).[0m
      Evaluating reaction mos_41 (41/500)...
        [31m✗ Skipped reaction synthesis (missing molecule synthesis subproblem failed).[0m
      Evaluating reaction mos_42 (42/500)...
        [31m✗ Skipped reaction synthesis (missing molecule synthesis subproblem failed).[0m
      Evaluating reaction mos_43 (43/500)...
[Problem → Reactions] Found 1064 reactions, 250 molecules.
      [32m✓ All goal molecules found.[0m
      [32m✓ All goal reactions found.[0m
        [32m✓ Target reaction successfully synthesized in 5.84s![0m
      Evaluating reaction mos_44 (44/500)...
        [31m✗ Skipped reaction synthesis (missing molecule synthesis subproblem failed).[0m
      Evaluating reaction mos_45 (45/500)...
        [31m✗ Skipped reaction synthesis (missing molecule synthesis subproblem failed).[0m
      Evaluating reaction mos_46 (46/500)...
        [31m✗ Skipped reaction synthesis (missing molecule synthesis subproblem failed).[0m
      Evaluating reaction mos_47 (47/500)...
        [31m✗ Skipped reaction synthesis (missing molecule synthesis subproblem failed).[0m
      Evaluating reaction mos_48 (48/500)...
        [31m✗ Skipped reaction synthesis (missing molecule synthesis subproblem failed).[0m
      Evaluating reaction mos_49 (49/500)...
        [31m✗ Skipped reaction synthesis (missing molecule synthesis subproblem failed).[0m
      Evaluating reaction mos_50 (50/500)...
        [31m✗ Skipped reaction synthesis (missing molecule synthesis subproblem failed).[0m
      Evaluating reaction mos_51 (51/500)...
        [31m✗ Skipped reaction synthesis (missing molecule synthesis subproblem failed).[0m
      Evaluating reaction mos_52 (52/500)...
        [31m✗ Skipped reaction synthesis (missing molecule synthesis subproblem failed).[0m
      Evaluating reaction mos_53 (53/500)...
        [31m✗ Skipped reaction synthesis (missing molecule synthesis subproblem failed).[0m
      Evaluating reaction mos_54 (54/500)...
        [31m✗ Skipped reaction synthesis (missing molecule synthesis subproblem failed).[0m
      Evaluating reaction mos_55 (55/500)...
        [31m✗ Skipped reaction synthesis (missing molecule synthesis subproblem failed).[0m
      Evaluating reaction mos_56 (56/500)...
        [31m✗ Skipped reaction synthesis (missing molecule synthesis subproblem failed).[0m
      Evaluating reaction mos_57 (57/500)...
        [31m✗ Skipped reaction synthesis (missing molecule synthesis subproblem failed).[0m
      Evaluating reaction mos_58 (58/500)...
        [31m✗ Skipped reaction synthesis (missing molecule synthesis subproblem failed).[0m
      Evaluating reaction mos_59 (59/500)...
        [31m✗ Skipped reaction synthesis (missing molecule synthesis subproblem failed).[0m
      Evaluating reaction mos_60 (60/500)...
        [31m✗ Skipped reaction synthesis (missing molecule synthesis subproblem failed).[0m
      Evaluating reaction mos_61 (61/500)...
        [31m✗ Skipped reaction synthesis (missing molecule synthesis subproblem failed).[0m
      Evaluating reaction mos_62 (62/500)...
        [31m✗ Skipped reaction synthesis (missing molecule synthesis subproblem failed).[0m
      Evaluating reaction mos_63 (63/500)...
[Problem → Reactions] Found 2065 reactions, 250 molecules.
      [32m✓ All goal molecules found.[0m
      [32m✓ All goal reactions found.[0m
        [32m✓ Target reaction successfully synthesized in 2.78s![0m
      Evaluating reaction mos_64 (64/500)...
        [31m✗ Skipped reaction synthesis (missing molecule synthesis subproblem failed).[0m
      Evaluating reaction mos_65 (65/500)...
        [31m✗ Skipped reaction synthesis (missing molecule synthesis subproblem failed).[0m
      Evaluating reaction mos_66 (66/500)...
        [31m✗ Skipped reaction synthesis (missing molecule synthesis subproblem failed).[0m
      Evaluating reaction mos_67 (67/500)...
        [31m✗ Skipped reaction synthesis (missing molecule synthesis subproblem failed).[0m
      Evaluating reaction mos_68 (68/500)...
        [31m✗ Skipped reaction synthesis (missing molecule synthesis subproblem failed).[0m
      Evaluating reaction mos_69 (69/500)...
        [31m✗ Skipped reaction synthesis (missing molecule synthesis subproblem failed).[0m
      Evaluating reaction mos_70 (70/500)...
        [31m✗ Skipped reaction synthesis (missing molecule synthesis subproblem failed).[0m
      Evaluating reaction mos_71 (71/500)...
[Problem → Reactions] Found 2065 reactions, 250 molecules.
      [32m✓ All goal molecules found.[0m
      [32m✓ All goal reactions found.[0m
        [32m✓ Target reaction successfully synthesized in 1.57s![0m
      Evaluating reaction mos_72 (72/500)...
        [31m✗ Skipped reaction synthesis (missing molecule synthesis subproblem failed).[0m
      Evaluating reaction mos_73 (73/500)...
[Problem → Reactions] Found 2065 reactions, 250 molecules.
      [32m✓ All goal molecules found.[0m
      [32m✓ All goal reactions found.[0m
        [32m✓ Target reaction successfully synthesized in 1.94s![0m
      Evaluating reaction mos_74 (74/500)...
        [31m✗ Skipped reaction synthesis (missing molecule synthesis subproblem failed).[0m
      Evaluating reaction mos_75 (75/500)...
        [31m✗ Skipped reaction synthesis (missing molecule synthesis subproblem failed).[0m
      Evaluating reaction mos_76 (76/500)...
        [31m✗ Skipped reaction synthesis (missing molecule synthesis subproblem failed).[0m
      Evaluating reaction mos_77 (77/500)...
        [31m✗ Skipped reaction synthesis (missing molecule synthesis subproblem failed).[0m
      Evaluating reaction mos_78 (78/500)...
        [31m✗ Skipped reaction synthesis (missing molecule synthesis subproblem failed).[0m
      Evaluating reaction mos_79 (79/500)...
        [31m✗ Skipped reaction synthesis (missing molecule synthesis subproblem failed).[0m
      Evaluating reaction mos_80 (80/500)...
        [31m✗ Skipped reaction synthesis (missing molecule synthesis subproblem failed).[0m
      Evaluating reaction mos_81 (81/500)...
        [31m✗ Skipped reaction synthesis (missing molecule synthesis subproblem failed).[0m
      Evaluating reaction mos_82 (82/500)...
[Problem → Reactions] Found 1013 reactions, 250 molecules.
      [32m✓ All goal molecules found.[0m
      [32m✓ All goal reactions found.[0m
        [32m✓ Target reaction successfully synthesized in 2.84s![0m
      Evaluating reaction mos_83 (83/500)...
        [31m✗ Skipped reaction synthesis (missing molecule synthesis subproblem failed).[0m
      Evaluating reaction mos_84 (84/500)...
        [31m✗ Skipped reaction synthesis (missing molecule synthesis subproblem failed).[0m
      Evaluating reaction mos_85 (85/500)...
[Problem → Reactions] Found 30000 reactions, 250 molecules.
      [32m✓ All goal molecules found.[0m
      [31m✗ Missing goal reactions.[0m
        [31m✗ Synthesis failed or timed out in 70.7s.[0m
      Evaluating reaction mos_86 (86/500)...
        [31m✗ Skipped reaction synthesis (missing molecule synthesis subproblem failed).[0m
      Evaluating reaction mos_87 (87/500)...
        [31m✗ Skipped reaction synthesis (missing molecule synthesis subproblem failed).[0m
      Evaluating reaction mos_88 (88/500)...
        [31m✗ Skipped reaction synthesis (missing molecule synthesis subproblem failed).[0m
      Evaluating reaction mos_89 (89/500)...
        [31m✗ Skipped reaction synthesis (missing molecule synthesis subproblem failed).[0m
      Evaluating reaction mos_90 (90/500)...
        [31m✗ Skipped reaction synthesis (missing molecule synthesis subproblem failed).[0m
      Evaluating reaction mos_91 (91/500)...
        [31m✗ Skipped reaction synthesis (missing molecule synthesis subproblem failed).[0m
      Evaluating reaction mos_92 (92/500)...
        [31m✗ Skipped reaction synthesis (missing molecule synthesis subproblem failed).[0m
      Evaluating reaction mos_93 (93/500)...
        [31m✗ Skipped reaction synthesis (missing molecule synthesis subproblem failed).[0m
      Evaluating reaction mos_94 (94/500)...
        [31m✗ Skipped reaction synthesis (missing molecule synthesis subproblem failed).[0m
      Evaluating reaction mos_95 (95/500)...
        [31m✗ Skipped reaction synthesis (missing molecule synthesis subproblem failed).[0m
      Evaluating reaction mos_96 (96/500)...
        [31m✗ Skipped reaction synthesis (missing molecule synthesis subproblem failed).[0m
      Evaluating reaction mos_97 (97/500)...
        [31m✗ Skipped reaction synthesis (missing molecule synthesis subproblem failed).[0m
      Evaluating reaction mos_98 (98/500)...
        [31m✗ Skipped reaction synthesis (missing molecule synthesis subproblem failed).[0m
      Evaluating reaction mos_99 (99/500)...
        [31m✗ Skipped reaction synthesis (missing molecule synthesis subproblem failed).[0m
      Evaluating reaction mos_100 (100/500)...
        [31m✗ Skipped reaction synthesis (missing molecule synthesis subproblem failed).[0m
      Evaluating reaction mos_101 (101/500)...
        [31m✗ Skipped reaction synthesis (missing molecule synthesis subproblem failed).[0m
      Evaluating reaction mos_102 (102/500)...
        [31m✗ Skipped reaction synthesis (missing molecule synthesis subproblem failed).[0m
      Evaluating reaction mos_103 (103/500)...
        [31m✗ Skipped reaction synthesis (missing molecule synthesis subproblem failed).[0m
      Evaluating reaction mos_104 (104/500)...
        [31m✗ Skipped reaction synthesis (missing molecule synthesis subproblem failed).[0m
      Evaluating reaction mos_105 (105/500)...
        [31m✗ Skipped reaction synthesis (missing molecule synthesis subproblem failed).[0m
      Evaluating reaction mos_106 (106/500)...
        [31m✗ Skipped reaction synthesis (missing molecule synthesis subproblem failed).[0m
      Evaluating reaction mos_107 (107/500)...
        [31m✗ Skipped reaction synthesis (missing molecule synthesis subproblem failed).[0m
      Evaluating reaction mos_108 (108/500)...
[Problem → Reactions] Found 2073 reactions, 250 molecules.
      [32m✓ All goal molecules found.[0m
      [32m✓ All goal reactions found.[0m
        [32m✓ Target reaction successfully synthesized in 1.68s![0m
      Evaluating reaction mos_109 (109/500)...
        [31m✗ Skipped reaction synthesis (missing molecule synthesis subproblem failed).[0m
      Evaluating reaction mos_110 (110/500)...
        [31m✗ Skipped reaction synthesis (missing molecule synthesis subproblem failed).[0m
      Evaluating reaction mos_111 (111/500)...
        [31m✗ Skipped reaction synthesis (missing molecule synthesis subproblem failed).[0m
      Evaluating reaction mos_112 (112/500)...
[Problem → Reactions] Found 1064 reactions, 250 molecules.
      [32m✓ All goal molecules found.[0m
      [32m✓ All goal reactions found.[0m
        [32m✓ Target reaction successfully synthesized in 5.47s![0m
      Evaluating reaction mos_113 (113/500)...
        [31m✗ Skipped reaction synthesis (missing molecule synthesis subproblem failed).[0m
      Evaluating reaction mos_114 (114/500)...
[Problem → Reactions] Found 621 reactions, 250 molecules.
      [32m✓ All goal molecules found.[0m
      [32m✓ All goal reactions found.[0m
        [32m✓ Target reaction successfully synthesized in 1.01s![0m
      Evaluating reaction mos_115 (115/500)...
        [31m✗ Skipped reaction synthesis (missing molecule synthesis subproblem failed).[0m
      Evaluating reaction mos_116 (116/500)...
        [31m✗ Skipped reaction synthesis (missing molecule synthesis subproblem failed).[0m
      Evaluating reaction mos_117 (117/500)...
        [31m✗ Skipped reaction synthesis (missing molecule synthesis subproblem failed).[0m
      Evaluating reaction mos_118 (118/500)...
        [31m✗ Skipped reaction synthesis (missing molecule synthesis subproblem failed).[0m
      Evaluating reaction mos_119 (119/500)...
        [31m✗ Skipped reaction synthesis (missing molecule synthesis subproblem failed).[0m
      Evaluating reaction mos_120 (120/500)...
        [31m✗ Skipped reaction synthesis (missing molecule synthesis subproblem failed).[0m
      Evaluating reaction mos_121 (121/500)...
        [31m✗ Skipped reaction synthesis (missing molecule synthesis subproblem failed).[0m
      Evaluating reaction mos_122 (122/500)...
[Problem → Reactions] Found 2065 reactions, 250 molecules.
      [32m✓ All goal molecules found.[0m
      [32m✓ All goal reactions found.[0m
        [32m✓ Target reaction successfully synthesized in 2.13s![0m
      Evaluating reaction mos_123 (123/500)...
        [31m✗ Skipped reaction synthesis (missing molecule synthesis subproblem failed).[0m
      Evaluating reaction mos_124 (124/500)...
[Problem → Reactions] Found 2065 reactions, 250 molecules.
      [32m✓ All goal molecules found.[0m
      [32m✓ All goal reactions found.[0m
        [32m✓ Target reaction successfully synthesized in 2.71s![0m
      Evaluating reaction mos_125 (125/500)...
        [31m✗ Skipped reaction synthesis (missing molecule synthesis subproblem failed).[0m
      Evaluating reaction mos_126 (126/500)...
        [31m✗ Skipped reaction synthesis (missing molecule synthesis subproblem failed).[0m
      Evaluating reaction mos_127 (127/500)...
        [31m✗ Skipped reaction synthesis (missing molecule synthesis subproblem failed).[0m
      Evaluating reaction mos_128 (128/500)...
        [31m✗ Skipped reaction synthesis (missing molecule synthesis subproblem failed).[0m
      Evaluating reaction mos_129 (129/500)...
[Problem → Reactions] Found 1096 reactions, 250 molecules.
      [32m✓ All goal molecules found.[0m
      [32m✓ All goal reactions found.[0m
        [32m✓ Target reaction successfully synthesized in 5.07s![0m
      Evaluating reaction mos_130 (130/500)...
        [31m✗ Skipped reaction synthesis (missing molecule synthesis subproblem failed).[0m
      Evaluating reaction mos_131 (131/500)...
[Problem → Reactions] Found 2065 reactions, 250 molecules.
      [32m✓ All goal molecules found.[0m
      [32m✓ All goal reactions found.[0m
        [32m✓ Target reaction successfully synthesized in 1.97s![0m
      Evaluating reaction mos_132 (132/500)...
        [31m✗ Skipped reaction synthesis (missing molecule synthesis subproblem failed).[0m
      Evaluating reaction mos_133 (133/500)...
        [31m✗ Skipped reaction synthesis (missing molecule synthesis subproblem failed).[0m
      Evaluating reaction mos_134 (134/500)...
[Problem → Reactions] Found 593 reactions, 250 molecules.
      [32m✓ All goal molecules found.[0m
      [32m✓ All goal reactions found.[0m
        [32m✓ Target reaction successfully synthesized in 0.79s![0m
      Evaluating reaction mos_135 (135/500)...
        [31m✗ Skipped reaction synthesis (missing molecule synthesis subproblem failed).[0m
      Evaluating reaction mos_136 (136/500)...
        [31m✗ Skipped reaction synthesis (missing molecule synthesis subproblem failed).[0m
      Evaluating reaction mos_137 (137/500)...
        [31m✗ Skipped reaction synthesis (missing molecule synthesis subproblem failed).[0m
      Evaluating reaction mos_138 (138/500)...
        [31m✗ Skipped reaction synthesis (missing molecule synthesis subproblem failed).[0m
      Evaluating reaction mos_139 (139/500)...
        [31m✗ Skipped reaction synthesis (missing molecule synthesis subproblem failed).[0m
      Evaluating reaction mos_140 (140/500)...
        [31m✗ Skipped reaction synthesis (missing molecule synthesis subproblem failed).[0m
      Evaluating reaction mos_141 (141/500)...
        [31m✗ Skipped reaction synthesis (missing molecule synthesis subproblem failed).[0m
      Evaluating reaction mos_142 (142/500)...
[Problem → Reactions] Found 2542 reactions, 250 molecules.
      [32m✓ All goal molecules found.[0m
      [32m✓ All goal reactions found.[0m
        [32m✓ Target reaction successfully synthesized in 7.49s![0m
      Evaluating reaction mos_143 (143/500)...
        [31m✗ Skipped reaction synthesis (missing molecule synthesis subproblem failed).[0m
      Evaluating reaction mos_144 (144/500)...
        [31m✗ Skipped reaction synthesis (missing molecule synthesis subproblem failed).[0m
      Evaluating reaction mos_145 (145/500)...
        [31m✗ Skipped reaction synthesis (missing molecule synthesis subproblem failed).[0m
      Evaluating reaction mos_146 (146/500)...
        [31m✗ Skipped reaction synthesis (missing molecule synthesis subproblem failed).[0m
      Evaluating reaction mos_147 (147/500)...
        [31m✗ Skipped reaction synthesis (missing molecule synthesis subproblem failed).[0m
      Evaluating reaction mos_148 (148/500)...
        [31m✗ Skipped reaction synthesis (missing molecule synthesis subproblem failed).[0m
      Evaluating reaction mos_149 (149/500)...
        [31m✗ Skipped reaction synthesis (missing molecule synthesis subproblem failed).[0m
      Evaluating reaction mos_150 (150/500)...
        [31m✗ Skipped reaction synthesis (missing molecule synthesis subproblem failed).[0m
      Evaluating reaction mos_151 (151/500)...
[Problem → Reactions] Found 1092 reactions, 250 molecules.
      [32m✓ All goal molecules found.[0m
      [32m✓ All goal reactions found.[0m
        [32m✓ Target reaction successfully synthesized in 5.07s![0m
      Evaluating reaction mos_152 (152/500)...
        [31m✗ Skipped reaction synthesis (missing molecule synthesis subproblem failed).[0m
      Evaluating reaction mos_153 (153/500)...
        [31m✗ Skipped reaction synthesis (missing molecule synthesis subproblem failed).[0m
      Evaluating reaction mos_154 (154/500)...
        [31m✗ Skipped reaction synthesis (missing molecule synthesis subproblem failed).[0m
      Evaluating reaction mos_155 (155/500)...
        [31m✗ Skipped reaction synthesis (missing molecule synthesis subproblem failed).[0m
      Evaluating reaction mos_156 (156/500)...
        [31m✗ Skipped reaction synthesis (missing molecule synthesis subproblem failed).[0m
      Evaluating reaction mos_157 (157/500)...
        [31m✗ Skipped reaction synthesis (missing molecule synthesis subproblem failed).[0m
      Evaluating reaction mos_158 (158/500)...
[Problem → Reactions] Found 30000 reactions, 250 molecules.
      [32m✓ All goal molecules found.[0m
      [31m✗ Missing goal reactions.[0m
        [31m✗ Synthesis failed or timed out in 63.67s.[0m
      Evaluating reaction mos_159 (159/500)...
        [31m✗ Skipped reaction synthesis (missing molecule synthesis subproblem failed).[0m
      Evaluating reaction mos_160 (160/500)...
        [31m✗ Skipped reaction synthesis (missing molecule synthesis subproblem failed).[0m
      Evaluating reaction mos_161 (161/500)...
        [31m✗ Skipped reaction synthesis (missing molecule synthesis subproblem failed).[0m
      Evaluating reaction mos_162 (162/500)...
        [31m✗ Skipped reaction synthesis (missing molecule synthesis subproblem failed).[0m
      Evaluating reaction mos_163 (163/500)...
        [31m✗ Skipped reaction synthesis (missing molecule synthesis subproblem failed).[0m
      Evaluating reaction mos_164 (164/500)...
        [31m✗ Skipped reaction synthesis (missing molecule synthesis subproblem failed).[0m
      Evaluating reaction mos_165 (165/500)...
        [31m✗ Skipped reaction synthesis (missing molecule synthesis subproblem failed).[0m
      Evaluating reaction mos_166 (166/500)...
        [31m✗ Skipped reaction synthesis (missing molecule synthesis subproblem failed).[0m
      Evaluating reaction mos_167 (167/500)...
[Problem → Reactions] Found 1064 reactions, 250 molecules.
      [32m✓ All goal molecules found.[0m
      [32m✓ All goal reactions found.[0m
        [32m✓ Target reaction successfully synthesized in 5.15s![0m
      Evaluating reaction mos_168 (168/500)...
[Problem → Reactions] Found 1092 reactions, 250 molecules.
      [32m✓ All goal molecules found.[0m
      [32m✓ All goal reactions found.[0m
        [32m✓ Target reaction successfully synthesized in 4.96s![0m
      Evaluating reaction mos_169 (169/500)...
        [31m✗ Skipped reaction synthesis (missing molecule synthesis subproblem failed).[0m
      Evaluating reaction mos_170 (170/500)...
        [31m✗ Skipped reaction synthesis (missing molecule synthesis subproblem failed).[0m
      Evaluating reaction mos_171 (171/500)...
        [31m✗ Skipped reaction synthesis (missing molecule synthesis subproblem failed).[0m
      Evaluating reaction mos_172 (172/500)...
        [31m✗ Skipped reaction synthesis (missing molecule synthesis subproblem failed).[0m
      Evaluating reaction mos_173 (173/500)...
[Problem → Reactions] Found 30000 reactions, 250 molecules.
      [32m✓ All goal molecules found.[0m
      [31m✗ Missing goal reactions.[0m
        [31m✗ Synthesis failed or timed out in 93.51s.[0m
      Evaluating reaction mos_174 (174/500)...
        [31m✗ Skipped reaction synthesis (missing molecule synthesis subproblem failed).[0m
      Evaluating reaction mos_175 (175/500)...
        [31m✗ Skipped reaction synthesis (missing molecule synthesis subproblem failed).[0m
      Evaluating reaction mos_176 (176/500)...
        [31m✗ Skipped reaction synthesis (missing molecule synthesis subproblem failed).[0m
      Evaluating reaction mos_177 (177/500)...
        [31m✗ Skipped reaction synthesis (missing molecule synthesis subproblem failed).[0m
      Evaluating reaction mos_178 (178/500)...
        [31m✗ Skipped reaction synthesis (missing molecule synthesis subproblem failed).[0m
      Evaluating reaction mos_179 (179/500)...
        [31m✗ Skipped reaction synthesis (missing molecule synthesis subproblem failed).[0m
      Evaluating reaction mos_180 (180/500)...
        [31m✗ Skipped reaction synthesis (missing molecule synthesis subproblem failed).[0m
      Evaluating reaction mos_181 (181/500)...
        [31m✗ Skipped reaction synthesis (missing molecule synthesis subproblem failed).[0m
      Evaluating reaction mos_182 (182/500)...
        [31m✗ Skipped reaction synthesis (missing molecule synthesis subproblem failed).[0m
      Evaluating reaction mos_183 (183/500)...
        [31m✗ Skipped reaction synthesis (missing molecule synthesis subproblem failed).[0m
      Evaluating reaction mos_184 (184/500)...
        [31m✗ Skipped reaction synthesis (missing molecule synthesis subproblem failed).[0m
      Evaluating reaction mos_185 (185/500)...
        [31m✗ Skipped reaction synthesis (missing molecule synthesis subproblem failed).[0m
      Evaluating reaction mos_186 (186/500)...
        [31m✗ Skipped reaction synthesis (missing molecule synthesis subproblem failed).[0m
      Evaluating reaction mos_187 (187/500)...
        [31m✗ Skipped reaction synthesis (missing molecule synthesis subproblem failed).[0m
      Evaluating reaction mos_188 (188/500)...
        [31m✗ Skipped reaction synthesis (missing molecule synthesis subproblem failed).[0m
      Evaluating reaction mos_189 (189/500)...
        [31m✗ Skipped reaction synthesis (missing molecule synthesis subproblem failed).[0m
      Evaluating reaction mos_190 (190/500)...
        [31m✗ Skipped reaction synthesis (missing molecule synthesis subproblem failed).[0m
      Evaluating reaction mos_191 (191/500)...
        [31m✗ Skipped reaction synthesis (missing molecule synthesis subproblem failed).[0m
      Evaluating reaction mos_192 (192/500)...
        [31m✗ Skipped reaction synthesis (missing molecule synthesis subproblem failed).[0m
      Evaluating reaction mos_193 (193/500)...
        [31m✗ Skipped reaction synthesis (missing molecule synthesis subproblem failed).[0m
      Evaluating reaction mos_194 (194/500)...
        [31m✗ Skipped reaction synthesis (missing molecule synthesis subproblem failed).[0m
      Evaluating reaction mos_195 (195/500)...
[Problem → Reactions] Found 621 reactions, 250 molecules.
      [32m✓ All goal molecules found.[0m
      [32m✓ All goal reactions found.[0m
        [32m✓ Target reaction successfully synthesized in 1.01s![0m
      Evaluating reaction mos_196 (196/500)...
        [31m✗ Skipped reaction synthesis (missing molecule synthesis subproblem failed).[0m
      Evaluating reaction mos_197 (197/500)...
[Problem → Reactions] Found 30000 reactions, 250 molecules.
      [32m✓ All goal molecules found.[0m
      [31m✗ Missing goal reactions.[0m
        [31m✗ Synthesis failed or timed out in 81.83s.[0m
      Evaluating reaction mos_198 (198/500)...
        [31m✗ Skipped reaction synthesis (missing molecule synthesis subproblem failed).[0m
      Evaluating reaction mos_199 (199/500)...
        [31m✗ Skipped reaction synthesis (missing molecule synthesis subproblem failed).[0m
      Evaluating reaction mos_200 (200/500)...
        [31m✗ Skipped reaction synthesis (missing molecule synthesis subproblem failed).[0m
      Evaluating reaction mos_201 (201/500)...
        [31m✗ Skipped reaction synthesis (missing molecule synthesis subproblem failed).[0m
      Evaluating reaction mos_202 (202/500)...
        [31m✗ Skipped reaction synthesis (missing molecule synthesis subproblem failed).[0m
      Evaluating reaction mos_203 (203/500)...
        [31m✗ Skipped reaction synthesis (missing molecule synthesis subproblem failed).[0m
      Evaluating reaction mos_204 (204/500)...
        [31m✗ Skipped reaction synthesis (missing molecule synthesis subproblem failed).[0m
      Evaluating reaction mos_205 (205/500)...
        [31m✗ Skipped reaction synthesis (missing molecule synthesis subproblem failed).[0m
      Evaluating reaction mos_206 (206/500)...
        [31m✗ Skipped reaction synthesis (missing molecule synthesis subproblem failed).[0m
      Evaluating reaction mos_207 (207/500)...
        [31m✗ Skipped reaction synthesis (missing molecule synthesis subproblem failed).[0m
      Evaluating reaction mos_208 (208/500)...
        [31m✗ Skipped reaction synthesis (missing molecule synthesis subproblem failed).[0m
      Evaluating reaction mos_209 (209/500)...
        [31m✗ Skipped reaction synthesis (missing molecule synthesis subproblem failed).[0m
      Evaluating reaction mos_210 (210/500)...
        [31m✗ Skipped reaction synthesis (missing molecule synthesis subproblem failed).[0m
      Evaluating reaction mos_211 (211/500)...
[Problem → Reactions] Found 1092 reactions, 250 molecules.
      [32m✓ All goal molecules found.[0m
      [32m✓ All goal reactions found.[0m
        [32m✓ Target reaction successfully synthesized in 4.85s![0m
      Evaluating reaction mos_212 (212/500)...
[Problem → Reactions] Found 2065 reactions, 250 molecules.
      [32m✓ All goal molecules found.[0m
      [32m✓ All goal reactions found.[0m
        [32m✓ Target reaction successfully synthesized in 1.98s![0m
      Evaluating reaction mos_213 (213/500)...
        [31m✗ Skipped reaction synthesis (missing molecule synthesis subproblem failed).[0m
      Evaluating reaction mos_214 (214/500)...
        [31m✗ Skipped reaction synthesis (missing molecule synthesis subproblem failed).[0m
      Evaluating reaction mos_215 (215/500)...
        [31m✗ Skipped reaction synthesis (missing molecule synthesis subproblem failed).[0m
      Evaluating reaction mos_216 (216/500)...
        [31m✗ Skipped reaction synthesis (missing molecule synthesis subproblem failed).[0m
      Evaluating reaction mos_217 (217/500)...
        [31m✗ Skipped reaction synthesis (missing molecule synthesis subproblem failed).[0m
      Evaluating reaction mos_218 (218/500)...
        [31m✗ Skipped reaction synthesis (missing molecule synthesis subproblem failed).[0m
      Evaluating reaction mos_219 (219/500)...
        [31m✗ Skipped reaction synthesis (missing molecule synthesis subproblem failed).[0m
      Evaluating reaction mos_220 (220/500)...
        [31m✗ Skipped reaction synthesis (missing molecule synthesis subproblem failed).[0m
      Evaluating reaction mos_221 (221/500)...
        [31m✗ Skipped reaction synthesis (missing molecule synthesis subproblem failed).[0m
      Evaluating reaction mos_222 (222/500)...
        [31m✗ Skipped reaction synthesis (missing molecule synthesis subproblem failed).[0m
      Evaluating reaction mos_223 (223/500)...
        [31m✗ Skipped reaction synthesis (missing molecule synthesis subproblem failed).[0m
      Evaluating reaction mos_224 (224/500)...
        [31m✗ Skipped reaction synthesis (missing molecule synthesis subproblem failed).[0m
      Evaluating reaction mos_225 (225/500)...
        [31m✗ Skipped reaction synthesis (missing molecule synthesis subproblem failed).[0m
      Evaluating reaction mos_226 (226/500)...
[Problem → Reactions] Found 465 reactions, 250 molecules.
      [32m✓ All goal molecules found.[0m
      [32m✓ All goal reactions found.[0m
        [32m✓ Target reaction successfully synthesized in 2.14s![0m
      Evaluating reaction mos_227 (227/500)...
[Problem → Reactions] Found 1092 reactions, 250 molecules.
      [32m✓ All goal molecules found.[0m
      [32m✓ All goal reactions found.[0m
        [32m✓ Target reaction successfully synthesized in 4.9s![0m
      Evaluating reaction mos_228 (228/500)...
        [31m✗ Skipped reaction synthesis (missing molecule synthesis subproblem failed).[0m
      Evaluating reaction mos_229 (229/500)...
        [31m✗ Skipped reaction synthesis (missing molecule synthesis subproblem failed).[0m
      Evaluating reaction mos_230 (230/500)...
        [31m✗ Skipped reaction synthesis (missing molecule synthesis subproblem failed).[0m
      Evaluating reaction mos_231 (231/500)...
[Problem → Reactions] Found 2065 reactions, 250 molecules.
      [32m✓ All goal molecules found.[0m
      [32m✓ All goal reactions found.[0m
        [32m✓ Target reaction successfully synthesized in 2.01s![0m
      Evaluating reaction mos_232 (232/500)...
[Problem → Reactions] Found 927 reactions, 250 molecules.
      [32m✓ All goal molecules found.[0m
      [32m✓ All goal reactions found.[0m
        [32m✓ Target reaction successfully synthesized in 2.45s![0m
      Evaluating reaction mos_233 (233/500)...
[Problem → Reactions] Found 1094 reactions, 250 molecules.
      [32m✓ All goal molecules found.[0m
      [32m✓ All goal reactions found.[0m
        [32m✓ Target reaction successfully synthesized in 4.72s![0m
      Evaluating reaction mos_234 (234/500)...
        [31m✗ Skipped reaction synthesis (missing molecule synthesis subproblem failed).[0m
      Evaluating reaction mos_235 (235/500)...
        [31m✗ Skipped reaction synthesis (missing molecule synthesis subproblem failed).[0m
      Evaluating reaction mos_236 (236/500)...
        [31m✗ Skipped reaction synthesis (missing molecule synthesis subproblem failed).[0m
      Evaluating reaction mos_237 (237/500)...
        [31m✗ Skipped reaction synthesis (missing molecule synthesis subproblem failed).[0m
      Evaluating reaction mos_238 (238/500)...
        [31m✗ Skipped reaction synthesis (missing molecule synthesis subproblem failed).[0m
      Evaluating reaction mos_239 (239/500)...
        [31m✗ Skipped reaction synthesis (missing molecule synthesis subproblem failed).[0m
      Evaluating reaction mos_240 (240/500)...
        [31m✗ Skipped reaction synthesis (missing molecule synthesis subproblem failed).[0m
      Evaluating reaction mos_241 (241/500)...
        [31m✗ Skipped reaction synthesis (missing molecule synthesis subproblem failed).[0m
      Evaluating reaction mos_242 (242/500)...
        [31m✗ Skipped reaction synthesis (missing molecule synthesis subproblem failed).[0m
      Evaluating reaction mos_243 (243/500)...
        [31m✗ Skipped reaction synthesis (missing molecule synthesis subproblem failed).[0m
      Evaluating reaction mos_244 (244/500)...
[Problem → Reactions] Found 2065 reactions, 250 molecules.
      [32m✓ All goal molecules found.[0m
      [32m✓ All goal reactions found.[0m
        [32m✓ Target reaction successfully synthesized in 2.03s![0m
      Evaluating reaction mos_245 (245/500)...
        [31m✗ Skipped reaction synthesis (missing molecule synthesis subproblem failed).[0m
      Evaluating reaction mos_246 (246/500)...
        [31m✗ Skipped reaction synthesis (missing molecule synthesis subproblem failed).[0m
      Evaluating reaction mos_247 (247/500)...
        [31m✗ Skipped reaction synthesis (missing molecule synthesis subproblem failed).[0m
      Evaluating reaction mos_248 (248/500)...
[Problem → Reactions] Found 2065 reactions, 250 molecules.
      [32m✓ All goal molecules found.[0m
      [32m✓ All goal reactions found.[0m
        [32m✓ Target reaction successfully synthesized in 2.62s![0m
      Evaluating reaction mos_249 (249/500)...
        [31m✗ Skipped reaction synthesis (missing molecule synthesis subproblem failed).[0m
      Evaluating reaction mos_250 (250/500)...
        [31m✗ Skipped reaction synthesis (missing molecule synthesis subproblem failed).[0m
      Evaluating reaction mos_251 (251/500)...
        [31m✗ Skipped reaction synthesis (missing molecule synthesis subproblem failed).[0m
      Evaluating reaction mos_252 (252/500)...
[Problem → Reactions] Found 2542 reactions, 250 molecules.
      [32m✓ All goal molecules found.[0m
      [32m✓ All goal reactions found.[0m
        [32m✓ Target reaction successfully synthesized in 6.07s![0m
      Evaluating reaction mos_253 (253/500)...
        [31m✗ Skipped reaction synthesis (missing molecule synthesis subproblem failed).[0m
      Evaluating reaction mos_254 (254/500)...
        [31m✗ Skipped reaction synthesis (missing molecule synthesis subproblem failed).[0m
      Evaluating reaction mos_255 (255/500)...
        [31m✗ Skipped reaction synthesis (missing molecule synthesis subproblem failed).[0m
      Evaluating reaction mos_256 (256/500)...
[Problem → Reactions] Found 2065 reactions, 250 molecules.
      [32m✓ All goal molecules found.[0m
      [32m✓ All goal reactions found.[0m
        [32m✓ Target reaction successfully synthesized in 2.49s![0m
      Evaluating reaction mos_257 (257/500)...
        [31m✗ Skipped reaction synthesis (missing molecule synthesis subproblem failed).[0m
      Evaluating reaction mos_258 (258/500)...
        [31m✗ Skipped reaction synthesis (missing molecule synthesis subproblem failed).[0m
      Evaluating reaction mos_259 (259/500)...
        [31m✗ Skipped reaction synthesis (missing molecule synthesis subproblem failed).[0m
      Evaluating reaction mos_260 (260/500)...
        [31m✗ Skipped reaction synthesis (missing molecule synthesis subproblem failed).[0m
      Evaluating reaction mos_261 (261/500)...
        [31m✗ Skipped reaction synthesis (missing molecule synthesis subproblem failed).[0m
      Evaluating reaction mos_262 (262/500)...
        [31m✗ Skipped reaction synthesis (missing molecule synthesis subproblem failed).[0m
      Evaluating reaction mos_263 (263/500)...
[Problem → Reactions] Found 2065 reactions, 250 molecules.
      [32m✓ All goal molecules found.[0m
      [32m✓ All goal reactions found.[0m
        [32m✓ Target reaction successfully synthesized in 1.6s![0m
      Evaluating reaction mos_264 (264/500)...
        [31m✗ Skipped reaction synthesis (missing molecule synthesis subproblem failed).[0m
      Evaluating reaction mos_265 (265/500)...
        [31m✗ Skipped reaction synthesis (missing molecule synthesis subproblem failed).[0m
      Evaluating reaction mos_266 (266/500)...
        [31m✗ Skipped reaction synthesis (missing molecule synthesis subproblem failed).[0m
      Evaluating reaction mos_267 (267/500)...
        [31m✗ Skipped reaction synthesis (missing molecule synthesis subproblem failed).[0m
      Evaluating reaction mos_268 (268/500)...
        [31m✗ Skipped reaction synthesis (missing molecule synthesis subproblem failed).[0m
      Evaluating reaction mos_269 (269/500)...
        [31m✗ Skipped reaction synthesis (missing molecule synthesis subproblem failed).[0m
      Evaluating reaction mos_270 (270/500)...
        [31m✗ Skipped reaction synthesis (missing molecule synthesis subproblem failed).[0m
      Evaluating reaction mos_271 (271/500)...
        [31m✗ Skipped reaction synthesis (missing molecule synthesis subproblem failed).[0m
      Evaluating reaction mos_272 (272/500)...
        [31m✗ Skipped reaction synthesis (missing molecule synthesis subproblem failed).[0m
      Evaluating reaction mos_273 (273/500)...
        [31m✗ Skipped reaction synthesis (missing molecule synthesis subproblem failed).[0m
      Evaluating reaction mos_274 (274/500)...
        [31m✗ Skipped reaction synthesis (missing molecule synthesis subproblem failed).[0m
      Evaluating reaction mos_275 (275/500)...
[Problem → Reactions] Found 5390 reactions, 250 molecules.
      [32m✓ All goal molecules found.[0m
      [32m✓ All goal reactions found.[0m
        [32m✓ Target reaction successfully synthesized in 7.51s![0m
      Evaluating reaction mos_276 (276/500)...
[Problem → Reactions] Found 30000 reactions, 250 molecules.
      [32m✓ All goal molecules found.[0m
      [31m✗ Missing goal reactions.[0m
        [31m✗ Synthesis failed or timed out in 67.27s.[0m
      Evaluating reaction mos_277 (277/500)...
        [31m✗ Skipped reaction synthesis (missing molecule synthesis subproblem failed).[0m
      Evaluating reaction mos_278 (278/500)...
        [31m✗ Skipped reaction synthesis (missing molecule synthesis subproblem failed).[0m
      Evaluating reaction mos_279 (279/500)...
        [31m✗ Skipped reaction synthesis (missing molecule synthesis subproblem failed).[0m
      Evaluating reaction mos_280 (280/500)...
        [31m✗ Skipped reaction synthesis (missing molecule synthesis subproblem failed).[0m
      Evaluating reaction mos_281 (281/500)...
        [31m✗ Skipped reaction synthesis (missing molecule synthesis subproblem failed).[0m
      Evaluating reaction mos_282 (282/500)...
        [31m✗ Skipped reaction synthesis (missing molecule synthesis subproblem failed).[0m
      Evaluating reaction mos_283 (283/500)...
        [31m✗ Skipped reaction synthesis (missing molecule synthesis subproblem failed).[0m
      Evaluating reaction mos_284 (284/500)...
        [31m✗ Skipped reaction synthesis (missing molecule synthesis subproblem failed).[0m
      Evaluating reaction mos_285 (285/500)...
        [31m✗ Skipped reaction synthesis (missing molecule synthesis subproblem failed).[0m
      Evaluating reaction mos_286 (286/500)...
        [31m✗ Skipped reaction synthesis (missing molecule synthesis subproblem failed).[0m
      Evaluating reaction mos_287 (287/500)...
[Problem → Reactions] Found 2065 reactions, 250 molecules.
      [32m✓ All goal molecules found.[0m
      [32m✓ All goal reactions found.[0m
        [32m✓ Target reaction successfully synthesized in 1.67s![0m
      Evaluating reaction mos_288 (288/500)...
        [31m✗ Skipped reaction synthesis (missing molecule synthesis subproblem failed).[0m
      Evaluating reaction mos_289 (289/500)...
        [31m✗ Skipped reaction synthesis (missing molecule synthesis subproblem failed).[0m
      Evaluating reaction mos_290 (290/500)...
        [31m✗ Skipped reaction synthesis (missing molecule synthesis subproblem failed).[0m
      Evaluating reaction mos_291 (291/500)...
        [31m✗ Skipped reaction synthesis (missing molecule synthesis subproblem failed).[0m
      Evaluating reaction mos_292 (292/500)...
[Problem → Reactions] Found 1064 reactions, 250 molecules.
      [32m✓ All goal molecules found.[0m
      [32m✓ All goal reactions found.[0m
        [32m✓ Target reaction successfully synthesized in 5.08s![0m
      Evaluating reaction mos_293 (293/500)...
        [31m✗ Skipped reaction synthesis (missing molecule synthesis subproblem failed).[0m
      Evaluating reaction mos_294 (294/500)...
        [31m✗ Skipped reaction synthesis (missing molecule synthesis subproblem failed).[0m
      Evaluating reaction mos_295 (295/500)...
        [31m✗ Skipped reaction synthesis (missing molecule synthesis subproblem failed).[0m
      Evaluating reaction mos_296 (296/500)...
        [31m✗ Skipped reaction synthesis (missing molecule synthesis subproblem failed).[0m
      Evaluating reaction mos_297 (297/500)...
        [31m✗ Skipped reaction synthesis (missing molecule synthesis subproblem failed).[0m
      Evaluating reaction mos_298 (298/500)...
        [31m✗ Skipped reaction synthesis (missing molecule synthesis subproblem failed).[0m
      Evaluating reaction mos_299 (299/500)...
        [31m✗ Skipped reaction synthesis (missing molecule synthesis subproblem failed).[0m
      Evaluating reaction mos_300 (300/500)...
        [31m✗ Skipped reaction synthesis (missing molecule synthesis subproblem failed).[0m
      Evaluating reaction mos_301 (301/500)...
[Problem → Reactions] Found 1092 reactions, 250 molecules.
      [32m✓ All goal molecules found.[0m
      [32m✓ All goal reactions found.[0m
        [32m✓ Target reaction successfully synthesized in 5.23s![0m
      Evaluating reaction mos_302 (302/500)...
        [31m✗ Skipped reaction synthesis (missing molecule synthesis subproblem failed).[0m
      Evaluating reaction mos_303 (303/500)...
        [31m✗ Skipped reaction synthesis (missing molecule synthesis subproblem failed).[0m
      Evaluating reaction mos_304 (304/500)...
        [31m✗ Skipped reaction synthesis (missing molecule synthesis subproblem failed).[0m
      Evaluating reaction mos_305 (305/500)...
[Problem → Reactions] Found 1092 reactions, 250 molecules.
      [32m✓ All goal molecules found.[0m
      [32m✓ All goal reactions found.[0m
        [32m✓ Target reaction successfully synthesized in 4.4s![0m
      Evaluating reaction mos_306 (306/500)...
[Problem → Reactions] Found 5390 reactions, 250 molecules.
      [32m✓ All goal molecules found.[0m
      [32m✓ All goal reactions found.[0m
        [32m✓ Target reaction successfully synthesized in 8.41s![0m
      Evaluating reaction mos_307 (307/500)...
        [31m✗ Skipped reaction synthesis (missing molecule synthesis subproblem failed).[0m
      Evaluating reaction mos_308 (308/500)...
        [31m✗ Skipped reaction synthesis (missing molecule synthesis subproblem failed).[0m
      Evaluating reaction mos_309 (309/500)...
[Problem → Reactions] Found 2065 reactions, 250 molecules.
      [32m✓ All goal molecules found.[0m
      [32m✓ All goal reactions found.[0m
        [32m✓ Target reaction successfully synthesized in 1.64s![0m
      Evaluating reaction mos_310 (310/500)...
        [31m✗ Skipped reaction synthesis (missing molecule synthesis subproblem failed).[0m
      Evaluating reaction mos_311 (311/500)...
        [31m✗ Skipped reaction synthesis (missing molecule synthesis subproblem failed).[0m
      Evaluating reaction mos_312 (312/500)...
        [31m✗ Skipped reaction synthesis (missing molecule synthesis subproblem failed).[0m
      Evaluating reaction mos_313 (313/500)...
        [31m✗ Skipped reaction synthesis (missing molecule synthesis subproblem failed).[0m
      Evaluating reaction mos_314 (314/500)...
        [31m✗ Skipped reaction synthesis (missing molecule synthesis subproblem failed).[0m
      Evaluating reaction mos_315 (315/500)...
[Problem → Reactions] Found 30000 reactions, 250 molecules.
      [32m✓ All goal molecules found.[0m
      [31m✗ Missing goal reactions.[0m
        [31m✗ Synthesis failed or timed out in 63.67s.[0m
      Evaluating reaction mos_316 (316/500)...
        [31m✗ Skipped reaction synthesis (missing molecule synthesis subproblem failed).[0m
      Evaluating reaction mos_317 (317/500)...
        [31m✗ Skipped reaction synthesis (missing molecule synthesis subproblem failed).[0m
      Evaluating reaction mos_318 (318/500)...
        [31m✗ Skipped reaction synthesis (missing molecule synthesis subproblem failed).[0m
      Evaluating reaction mos_319 (319/500)...
        [31m✗ Skipped reaction synthesis (missing molecule synthesis subproblem failed).[0m
      Evaluating reaction mos_320 (320/500)...
        [31m✗ Skipped reaction synthesis (missing molecule synthesis subproblem failed).[0m
      Evaluating reaction mos_321 (321/500)...
[Problem → Reactions] Found 1092 reactions, 250 molecules.
      [32m✓ All goal molecules found.[0m
      [32m✓ All goal reactions found.[0m
        [32m✓ Target reaction successfully synthesized in 5.33s![0m
      Evaluating reaction mos_322 (322/500)...
        [31m✗ Skipped reaction synthesis (missing molecule synthesis subproblem failed).[0m
      Evaluating reaction mos_323 (323/500)...
        [31m✗ Skipped reaction synthesis (missing molecule synthesis subproblem failed).[0m
      Evaluating reaction mos_324 (324/500)...
        [31m✗ Skipped reaction synthesis (missing molecule synthesis subproblem failed).[0m
      Evaluating reaction mos_325 (325/500)...
        [31m✗ Skipped reaction synthesis (missing molecule synthesis subproblem failed).[0m
      Evaluating reaction mos_326 (326/500)...
        [31m✗ Skipped reaction synthesis (missing molecule synthesis subproblem failed).[0m
      Evaluating reaction mos_327 (327/500)...
        [31m✗ Skipped reaction synthesis (missing molecule synthesis subproblem failed).[0m
      Evaluating reaction mos_328 (328/500)...
        [31m✗ Skipped reaction synthesis (missing molecule synthesis subproblem failed).[0m
      Evaluating reaction mos_329 (329/500)...
        [31m✗ Skipped reaction synthesis (missing molecule synthesis subproblem failed).[0m
      Evaluating reaction mos_330 (330/500)...
        [31m✗ Skipped reaction synthesis (missing molecule synthesis subproblem failed).[0m
      Evaluating reaction mos_331 (331/500)...
        [31m✗ Skipped reaction synthesis (missing molecule synthesis subproblem failed).[0m
      Evaluating reaction mos_332 (332/500)...
        [31m✗ Skipped reaction synthesis (missing molecule synthesis subproblem failed).[0m
      Evaluating reaction mos_333 (333/500)...
        [31m✗ Skipped reaction synthesis (missing molecule synthesis subproblem failed).[0m
      Evaluating reaction mos_334 (334/500)...
        [31m✗ Skipped reaction synthesis (missing molecule synthesis subproblem failed).[0m
      Evaluating reaction mos_335 (335/500)...
        [31m✗ Skipped reaction synthesis (missing molecule synthesis subproblem failed).[0m
      Evaluating reaction mos_336 (336/500)...
        [31m✗ Skipped reaction synthesis (missing molecule synthesis subproblem failed).[0m
      Evaluating reaction mos_337 (337/500)...
        [31m✗ Skipped reaction synthesis (missing molecule synthesis subproblem failed).[0m
      Evaluating reaction mos_338 (338/500)...
        [31m✗ Skipped reaction synthesis (missing molecule synthesis subproblem failed).[0m
      Evaluating reaction mos_339 (339/500)...
        [31m✗ Skipped reaction synthesis (missing molecule synthesis subproblem failed).[0m
      Evaluating reaction mos_340 (340/500)...
        [31m✗ Skipped reaction synthesis (missing molecule synthesis subproblem failed).[0m
      Evaluating reaction mos_341 (341/500)...
[Problem → Reactions] Found 2065 reactions, 250 molecules.
      [32m✓ All goal molecules found.[0m
      [32m✓ All goal reactions found.[0m
        [32m✓ Target reaction successfully synthesized in 1.74s![0m
      Evaluating reaction mos_342 (342/500)...
        [31m✗ Skipped reaction synthesis (missing molecule synthesis subproblem failed).[0m
      Evaluating reaction mos_343 (343/500)...
        [31m✗ Skipped reaction synthesis (missing molecule synthesis subproblem failed).[0m
      Evaluating reaction mos_344 (344/500)...
        [31m✗ Skipped reaction synthesis (missing molecule synthesis subproblem failed).[0m
      Evaluating reaction mos_345 (345/500)...
        [31m✗ Skipped reaction synthesis (missing molecule synthesis subproblem failed).[0m
      Evaluating reaction mos_346 (346/500)...
        [31m✗ Skipped reaction synthesis (missing molecule synthesis subproblem failed).[0m
      Evaluating reaction mos_347 (347/500)...
        [31m✗ Skipped reaction synthesis (missing molecule synthesis subproblem failed).[0m
      Evaluating reaction mos_348 (348/500)...
        [31m✗ Skipped reaction synthesis (missing molecule synthesis subproblem failed).[0m
      Evaluating reaction mos_349 (349/500)...
        [31m✗ Skipped reaction synthesis (missing molecule synthesis subproblem failed).[0m
      Evaluating reaction mos_350 (350/500)...
        [31m✗ Skipped reaction synthesis (missing molecule synthesis subproblem failed).[0m
      Evaluating reaction mos_351 (351/500)...
[Problem → Reactions] Found 5390 reactions, 250 molecules.
      [32m✓ All goal molecules found.[0m
      [32m✓ All goal reactions found.[0m
        [32m✓ Target reaction successfully synthesized in 9.29s![0m
      Evaluating reaction mos_352 (352/500)...
        [31m✗ Skipped reaction synthesis (missing molecule synthesis subproblem failed).[0m
      Evaluating reaction mos_353 (353/500)...
        [31m✗ Skipped reaction synthesis (missing molecule synthesis subproblem failed).[0m
      Evaluating reaction mos_354 (354/500)...
[Problem → Reactions] Found 30000 reactions, 250 molecules.
      [32m✓ All goal molecules found.[0m
      [31m✗ Missing goal reactions.[0m
        [31m✗ Synthesis failed or timed out in 70.18s.[0m
      Evaluating reaction mos_355 (355/500)...
        [31m✗ Skipped reaction synthesis (missing molecule synthesis subproblem failed).[0m
      Evaluating reaction mos_356 (356/500)...
        [31m✗ Skipped reaction synthesis (missing molecule synthesis subproblem failed).[0m
      Evaluating reaction mos_357 (357/500)...
        [31m✗ Skipped reaction synthesis (missing molecule synthesis subproblem failed).[0m
      Evaluating reaction mos_358 (358/500)...
        [31m✗ Skipped reaction synthesis (missing molecule synthesis subproblem failed).[0m
      Evaluating reaction mos_359 (359/500)...
[Problem → Reactions] Found 2065 reactions, 250 molecules.
      [32m✓ All goal molecules found.[0m
      [32m✓ All goal reactions found.[0m
        [32m✓ Target reaction successfully synthesized in 2.25s![0m
      Evaluating reaction mos_360 (360/500)...
        [31m✗ Skipped reaction synthesis (missing molecule synthesis subproblem failed).[0m
      Evaluating reaction mos_361 (361/500)...
        [31m✗ Skipped reaction synthesis (missing molecule synthesis subproblem failed).[0m
      Evaluating reaction mos_362 (362/500)...
        [31m✗ Skipped reaction synthesis (missing molecule synthesis subproblem failed).[0m
      Evaluating reaction mos_363 (363/500)...
        [31m✗ Skipped reaction synthesis (missing molecule synthesis subproblem failed).[0m
      Evaluating reaction mos_364 (364/500)...
        [31m✗ Skipped reaction synthesis (missing molecule synthesis subproblem failed).[0m
      Evaluating reaction mos_365 (365/500)...
        [31m✗ Skipped reaction synthesis (missing molecule synthesis subproblem failed).[0m
      Evaluating reaction mos_366 (366/500)...
        [31m✗ Skipped reaction synthesis (missing molecule synthesis subproblem failed).[0m
      Evaluating reaction mos_367 (367/500)...
        [31m✗ Skipped reaction synthesis (missing molecule synthesis subproblem failed).[0m
      Evaluating reaction mos_368 (368/500)...
        [31m✗ Skipped reaction synthesis (missing molecule synthesis subproblem failed).[0m
      Evaluating reaction mos_369 (369/500)...
[Problem → Reactions] Found 1092 reactions, 250 molecules.
      [32m✓ All goal molecules found.[0m
      [32m✓ All goal reactions found.[0m
        [32m✓ Target reaction successfully synthesized in 6.36s![0m
      Evaluating reaction mos_370 (370/500)...
        [31m✗ Skipped reaction synthesis (missing molecule synthesis subproblem failed).[0m
      Evaluating reaction mos_371 (371/500)...
        [31m✗ Skipped reaction synthesis (missing molecule synthesis subproblem failed).[0m
      Evaluating reaction mos_372 (372/500)...
        [31m✗ Skipped reaction synthesis (missing molecule synthesis subproblem failed).[0m
      Evaluating reaction mos_373 (373/500)...
[Problem → Reactions] Found 5390 reactions, 250 molecules.
      [32m✓ All goal molecules found.[0m
      [32m✓ All goal reactions found.[0m
        [32m✓ Target reaction successfully synthesized in 11.72s![0m
      Evaluating reaction mos_374 (374/500)...
        [31m✗ Skipped reaction synthesis (missing molecule synthesis subproblem failed).[0m
      Evaluating reaction mos_375 (375/500)...
        [31m✗ Skipped reaction synthesis (missing molecule synthesis subproblem failed).[0m
      Evaluating reaction mos_376 (376/500)...
        [31m✗ Skipped reaction synthesis (missing molecule synthesis subproblem failed).[0m
      Evaluating reaction mos_377 (377/500)...
        [31m✗ Skipped reaction synthesis (missing molecule synthesis subproblem failed).[0m
      Evaluating reaction mos_378 (378/500)...
        [31m✗ Skipped reaction synthesis (missing molecule synthesis subproblem failed).[0m
      Evaluating reaction mos_379 (379/500)...
[Problem → Reactions] Found 1092 reactions, 250 molecules.
      [32m✓ All goal molecules found.[0m
      [32m✓ All goal reactions found.[0m
        [32m✓ Target reaction successfully synthesized in 6.9s![0m
      Evaluating reaction mos_380 (380/500)...
        [31m✗ Skipped reaction synthesis (missing molecule synthesis subproblem failed).[0m
      Evaluating reaction mos_381 (381/500)...
[Problem → Reactions] Found 2065 reactions, 250 molecules.
      [32m✓ All goal molecules found.[0m
      [32m✓ All goal reactions found.[0m
        [32m✓ Target reaction successfully synthesized in 2.16s![0m
      Evaluating reaction mos_382 (382/500)...
[Problem → Reactions] Found 2065 reactions, 250 molecules.
      [32m✓ All goal molecules found.[0m
      [32m✓ All goal reactions found.[0m
        [32m✓ Target reaction successfully synthesized in 4.27s![0m
      Evaluating reaction mos_383 (383/500)...
[Problem → Reactions] Found 5390 reactions, 250 molecules.
      [32m✓ All goal molecules found.[0m
      [32m✓ All goal reactions found.[0m
        [32m✓ Target reaction successfully synthesized in 9.63s![0m
      Evaluating reaction mos_384 (384/500)...
        [31m✗ Skipped reaction synthesis (missing molecule synthesis subproblem failed).[0m
      Evaluating reaction mos_385 (385/500)...
        [31m✗ Skipped reaction synthesis (missing molecule synthesis subproblem failed).[0m
      Evaluating reaction mos_386 (386/500)...
        [31m✗ Skipped reaction synthesis (missing molecule synthesis subproblem failed).[0m
      Evaluating reaction mos_387 (387/500)...
        [31m✗ Skipped reaction synthesis (missing molecule synthesis subproblem failed).[0m
      Evaluating reaction mos_388 (388/500)...
[Problem → Reactions] Found 30000 reactions, 250 molecules.
      [32m✓ All goal molecules found.[0m
      [31m✗ Missing goal reactions.[0m
        [31m✗ Synthesis failed or timed out in 108.77s.[0m
      Evaluating reaction mos_389 (389/500)...
        [31m✗ Skipped reaction synthesis (missing molecule synthesis subproblem failed).[0m
      Evaluating reaction mos_390 (390/500)...
[Problem → Reactions] Found 585 reactions, 250 molecules.
      [32m✓ All goal molecules found.[0m
      [32m✓ All goal reactions found.[0m
        [32m✓ Target reaction successfully synthesized in 2.43s![0m
      Evaluating reaction mos_391 (391/500)...
        [31m✗ Skipped reaction synthesis (missing molecule synthesis subproblem failed).[0m
      Evaluating reaction mos_392 (392/500)...
        [31m✗ Skipped reaction synthesis (missing molecule synthesis subproblem failed).[0m
      Evaluating reaction mos_393 (393/500)...
        [31m✗ Skipped reaction synthesis (missing molecule synthesis subproblem failed).[0m
      Evaluating reaction mos_394 (394/500)...
[Problem → Reactions] Found 604 reactions, 250 molecules.
      [32m✓ All goal molecules found.[0m
      [32m✓ All goal reactions found.[0m
        [32m✓ Target reaction successfully synthesized in 7.73s![0m
      Evaluating reaction mos_395 (395/500)...
        [31m✗ Skipped reaction synthesis (missing molecule synthesis subproblem failed).[0m
      Evaluating reaction mos_396 (396/500)...
        [31m✗ Skipped reaction synthesis (missing molecule synthesis subproblem failed).[0m
      Evaluating reaction mos_397 (397/500)...
        [31m✗ Skipped reaction synthesis (missing molecule synthesis subproblem failed).[0m
      Evaluating reaction mos_398 (398/500)...
        [31m✗ Skipped reaction synthesis (missing molecule synthesis subproblem failed).[0m
      Evaluating reaction mos_399 (399/500)...
        [31m✗ Skipped reaction synthesis (missing molecule synthesis subproblem failed).[0m
      Evaluating reaction mos_400 (400/500)...
[Problem → Reactions] Found 608 reactions, 250 molecules.
      [32m✓ All goal molecules found.[0m
      [32m✓ All goal reactions found.[0m
        [32m✓ Target reaction successfully synthesized in 6.13s![0m
      Evaluating reaction mos_401 (401/500)...
        [31m✗ Skipped reaction synthesis (missing molecule synthesis subproblem failed).[0m
      Evaluating reaction mos_402 (402/500)...
        [31m✗ Skipped reaction synthesis (missing molecule synthesis subproblem failed).[0m
      Evaluating reaction mos_403 (403/500)...
        [31m✗ Skipped reaction synthesis (missing molecule synthesis subproblem failed).[0m
      Evaluating reaction mos_404 (404/500)...
[Problem → Reactions] Found 1094 reactions, 250 molecules.
      [32m✓ All goal molecules found.[0m
      [32m✓ All goal reactions found.[0m
        [32m✓ Target reaction successfully synthesized in 6.9s![0m
      Evaluating reaction mos_405 (405/500)...
        [31m✗ Skipped reaction synthesis (missing molecule synthesis subproblem failed).[0m
      Evaluating reaction mos_406 (406/500)...
        [31m✗ Skipped reaction synthesis (missing molecule synthesis subproblem failed).[0m
      Evaluating reaction mos_407 (407/500)...
        [31m✗ Skipped reaction synthesis (missing molecule synthesis subproblem failed).[0m
      Evaluating reaction mos_408 (408/500)...
        [31m✗ Skipped reaction synthesis (missing molecule synthesis subproblem failed).[0m
      Evaluating reaction mos_409 (409/500)...
        [31m✗ Skipped reaction synthesis (missing molecule synthesis subproblem failed).[0m
      Evaluating reaction mos_410 (410/500)...
        [31m✗ Skipped reaction synthesis (missing molecule synthesis subproblem failed).[0m
      Evaluating reaction mos_411 (411/500)...
        [31m✗ Skipped reaction synthesis (missing molecule synthesis subproblem failed).[0m
      Evaluating reaction mos_412 (412/500)...
        [31m✗ Skipped reaction synthesis (missing molecule synthesis subproblem failed).[0m
      Evaluating reaction mos_413 (413/500)...
        [31m✗ Skipped reaction synthesis (missing molecule synthesis subproblem failed).[0m
      Evaluating reaction mos_414 (414/500)...
        [31m✗ Skipped reaction synthesis (missing molecule synthesis subproblem failed).[0m
      Evaluating reaction mos_415 (415/500)...
        [31m✗ Skipped reaction synthesis (missing molecule synthesis subproblem failed).[0m
      Evaluating reaction mos_416 (416/500)...
        [31m✗ Skipped reaction synthesis (missing molecule synthesis subproblem failed).[0m
      Evaluating reaction mos_417 (417/500)...
        [31m✗ Skipped reaction synthesis (missing molecule synthesis subproblem failed).[0m
      Evaluating reaction mos_418 (418/500)...
        [31m✗ Skipped reaction synthesis (missing molecule synthesis subproblem failed).[0m
      Evaluating reaction mos_419 (419/500)...
        [31m✗ Skipped reaction synthesis (missing molecule synthesis subproblem failed).[0m
      Evaluating reaction mos_420 (420/500)...
        [31m✗ Skipped reaction synthesis (missing molecule synthesis subproblem failed).[0m
      Evaluating reaction mos_421 (421/500)...
        [31m✗ Skipped reaction synthesis (missing molecule synthesis subproblem failed).[0m
      Evaluating reaction mos_422 (422/500)...
        [31m✗ Skipped reaction synthesis (missing molecule synthesis subproblem failed).[0m
      Evaluating reaction mos_423 (423/500)...
        [31m✗ Skipped reaction synthesis (missing molecule synthesis subproblem failed).[0m
      Evaluating reaction mos_424 (424/500)...
[Problem → Reactions] Found 950 reactions, 250 molecules.
      [32m✓ All goal molecules found.[0m
      [32m✓ All goal reactions found.[0m
        [32m✓ Target reaction successfully synthesized in 1.62s![0m
      Evaluating reaction mos_425 (425/500)...
        [31m✗ Skipped reaction synthesis (missing molecule synthesis subproblem failed).[0m
      Evaluating reaction mos_426 (426/500)...
        [31m✗ Skipped reaction synthesis (missing molecule synthesis subproblem failed).[0m
      Evaluating reaction mos_427 (427/500)...
        [31m✗ Skipped reaction synthesis (missing molecule synthesis subproblem failed).[0m
      Evaluating reaction mos_428 (428/500)...
[Problem → Reactions] Found 1094 reactions, 250 molecules.
      [32m✓ All goal molecules found.[0m
      [32m✓ All goal reactions found.[0m
        [32m✓ Target reaction successfully synthesized in 6.16s![0m
      Evaluating reaction mos_429 (429/500)...
        [31m✗ Skipped reaction synthesis (missing molecule synthesis subproblem failed).[0m
      Evaluating reaction mos_430 (430/500)...
[Problem → Reactions] Found 1092 reactions, 250 molecules.
      [32m✓ All goal molecules found.[0m
      [32m✓ All goal reactions found.[0m
        [32m✓ Target reaction successfully synthesized in 5.67s![0m
      Evaluating reaction mos_431 (431/500)...
        [31m✗ Skipped reaction synthesis (missing molecule synthesis subproblem failed).[0m
      Evaluating reaction mos_432 (432/500)...
        [31m✗ Skipped reaction synthesis (missing molecule synthesis subproblem failed).[0m
      Evaluating reaction mos_433 (433/500)...
        [31m✗ Skipped reaction synthesis (missing molecule synthesis subproblem failed).[0m
      Evaluating reaction mos_434 (434/500)...
        [31m✗ Skipped reaction synthesis (missing molecule synthesis subproblem failed).[0m
      Evaluating reaction mos_435 (435/500)...
        [31m✗ Skipped reaction synthesis (missing molecule synthesis subproblem failed).[0m
      Evaluating reaction mos_436 (436/500)...
        [31m✗ Skipped reaction synthesis (missing molecule synthesis subproblem failed).[0m
      Evaluating reaction mos_437 (437/500)...
        [31m✗ Skipped reaction synthesis (missing molecule synthesis subproblem failed).[0m
      Evaluating reaction mos_438 (438/500)...
        [31m✗ Skipped reaction synthesis (missing molecule synthesis subproblem failed).[0m
      Evaluating reaction mos_439 (439/500)...
        [31m✗ Skipped reaction synthesis (missing molecule synthesis subproblem failed).[0m
      Evaluating reaction mos_440 (440/500)...
[Problem → Reactions] Found 2065 reactions, 250 molecules.
      [32m✓ All goal molecules found.[0m
      [32m✓ All goal reactions found.[0m
        [32m✓ Target reaction successfully synthesized in 2.36s![0m
      Evaluating reaction mos_441 (441/500)...
[Problem → Reactions] Found 950 reactions, 250 molecules.
      [32m✓ All goal molecules found.[0m
      [32m✓ All goal reactions found.[0m
        [32m✓ Target reaction successfully synthesized in 2.98s![0m
      Evaluating reaction mos_442 (442/500)...
        [31m✗ Skipped reaction synthesis (missing molecule synthesis subproblem failed).[0m
      Evaluating reaction mos_443 (443/500)...
        [31m✗ Skipped reaction synthesis (missing molecule synthesis subproblem failed).[0m
      Evaluating reaction mos_444 (444/500)...
        [31m✗ Skipped reaction synthesis (missing molecule synthesis subproblem failed).[0m
      Evaluating reaction mos_445 (445/500)...
        [31m✗ Skipped reaction synthesis (missing molecule synthesis subproblem failed).[0m
      Evaluating reaction mos_446 (446/500)...
        [31m✗ Skipped reaction synthesis (missing molecule synthesis subproblem failed).[0m
      Evaluating reaction mos_447 (447/500)...
[Problem → Reactions] Found 2065 reactions, 250 molecules.
      [32m✓ All goal molecules found.[0m
      [32m✓ All goal reactions found.[0m
        [32m✓ Target reaction successfully synthesized in 2.0s![0m
      Evaluating reaction mos_448 (448/500)...
        [31m✗ Skipped reaction synthesis (missing molecule synthesis subproblem failed).[0m
      Evaluating reaction mos_449 (449/500)...
        [31m✗ Skipped reaction synthesis (missing molecule synthesis subproblem failed).[0m
      Evaluating reaction mos_450 (450/500)...
        [31m✗ Skipped reaction synthesis (missing molecule synthesis subproblem failed).[0m
      Evaluating reaction mos_451 (451/500)...
        [31m✗ Skipped reaction synthesis (missing molecule synthesis subproblem failed).[0m
      Evaluating reaction mos_452 (452/500)...
        [31m✗ Skipped reaction synthesis (missing molecule synthesis subproblem failed).[0m
      Evaluating reaction mos_453 (453/500)...
        [31m✗ Skipped reaction synthesis (missing molecule synthesis subproblem failed).[0m
      Evaluating reaction mos_454 (454/500)...
        [31m✗ Skipped reaction synthesis (missing molecule synthesis subproblem failed).[0m
      Evaluating reaction mos_455 (455/500)...
[Problem → Reactions] Found 1092 reactions, 250 molecules.
      [32m✓ All goal molecules found.[0m
      [32m✓ All goal reactions found.[0m
        [32m✓ Target reaction successfully synthesized in 5.92s![0m
      Evaluating reaction mos_456 (456/500)...
        [31m✗ Skipped reaction synthesis (missing molecule synthesis subproblem failed).[0m
      Evaluating reaction mos_457 (457/500)...
        [31m✗ Skipped reaction synthesis (missing molecule synthesis subproblem failed).[0m
      Evaluating reaction mos_458 (458/500)...
        [31m✗ Skipped reaction synthesis (missing molecule synthesis subproblem failed).[0m
      Evaluating reaction mos_459 (459/500)...
        [31m✗ Skipped reaction synthesis (missing molecule synthesis subproblem failed).[0m
      Evaluating reaction mos_460 (460/500)...
        [31m✗ Skipped reaction synthesis (missing molecule synthesis subproblem failed).[0m
      Evaluating reaction mos_461 (461/500)...
        [31m✗ Skipped reaction synthesis (missing molecule synthesis subproblem failed).[0m
      Evaluating reaction mos_462 (462/500)...
        [31m✗ Skipped reaction synthesis (missing molecule synthesis subproblem failed).[0m
      Evaluating reaction mos_463 (463/500)...
        [31m✗ Skipped reaction synthesis (missing molecule synthesis subproblem failed).[0m
      Evaluating reaction mos_464 (464/500)...
        [31m✗ Skipped reaction synthesis (missing molecule synthesis subproblem failed).[0m
      Evaluating reaction mos_465 (465/500)...
        [31m✗ Skipped reaction synthesis (missing molecule synthesis subproblem failed).[0m
      Evaluating reaction mos_466 (466/500)...
        [31m✗ Skipped reaction synthesis (missing molecule synthesis subproblem failed).[0m
      Evaluating reaction mos_467 (467/500)...
        [31m✗ Skipped reaction synthesis (missing molecule synthesis subproblem failed).[0m
      Evaluating reaction mos_468 (468/500)...
        [31m✗ Skipped reaction synthesis (missing molecule synthesis subproblem failed).[0m
      Evaluating reaction mos_469 (469/500)...
        [31m✗ Skipped reaction synthesis (missing molecule synthesis subproblem failed).[0m
      Evaluating reaction mos_470 (470/500)...
[Problem → Reactions] Found 1362 reactions, 250 molecules.
      [32m✓ All goal molecules found.[0m
      [32m✓ All goal reactions found.[0m
        [32m✓ Target reaction successfully synthesized in 6.47s![0m
      Evaluating reaction mos_471 (471/500)...
[Problem → Reactions] Found 30000 reactions, 250 molecules.
      [32m✓ All goal molecules found.[0m
      [31m✗ Missing goal reactions.[0m
        [31m✗ Synthesis failed or timed out in 84.27s.[0m
      Evaluating reaction mos_472 (472/500)...
        [31m✗ Skipped reaction synthesis (missing molecule synthesis subproblem failed).[0m
      Evaluating reaction mos_473 (473/500)...
        [31m✗ Skipped reaction synthesis (missing molecule synthesis subproblem failed).[0m
      Evaluating reaction mos_474 (474/500)...
[Problem → Reactions] Found 2065 reactions, 250 molecules.
      [32m✓ All goal molecules found.[0m
      [32m✓ All goal reactions found.[0m
        [32m✓ Target reaction successfully synthesized in 1.54s![0m
      Evaluating reaction mos_475 (475/500)...
        [31m✗ Skipped reaction synthesis (missing molecule synthesis subproblem failed).[0m
      Evaluating reaction mos_476 (476/500)...
        [31m✗ Skipped reaction synthesis (missing molecule synthesis subproblem failed).[0m
      Evaluating reaction mos_477 (477/500)...
        [31m✗ Skipped reaction synthesis (missing molecule synthesis subproblem failed).[0m
      Evaluating reaction mos_478 (478/500)...
        [31m✗ Skipped reaction synthesis (missing molecule synthesis subproblem failed).[0m
      Evaluating reaction mos_479 (479/500)...
[Problem → Reactions] Found 927 reactions, 250 molecules.
      [32m✓ All goal molecules found.[0m
      [32m✓ All goal reactions found.[0m
        [32m✓ Target reaction successfully synthesized in 1.31s![0m
      Evaluating reaction mos_480 (480/500)...
        [31m✗ Skipped reaction synthesis (missing molecule synthesis subproblem failed).[0m
      Evaluating reaction mos_481 (481/500)...
        [31m✗ Skipped reaction synthesis (missing molecule synthesis subproblem failed).[0m
      Evaluating reaction mos_482 (482/500)...
[Problem → Reactions] Found 30000 reactions, 250 molecules.
      [32m✓ All goal molecules found.[0m
      [31m✗ Missing goal reactions.[0m
        [31m✗ Synthesis failed or timed out in 55.49s.[0m
      Evaluating reaction mos_483 (483/500)...
        [31m✗ Skipped reaction synthesis (missing molecule synthesis subproblem failed).[0m
      Evaluating reaction mos_484 (484/500)...
[Problem → Reactions] Found 1092 reactions, 250 molecules.
      [32m✓ All goal molecules found.[0m
      [32m✓ All goal reactions found.[0m
        [32m✓ Target reaction successfully synthesized in 4.7s![0m
      Evaluating reaction mos_485 (485/500)...
        [31m✗ Skipped reaction synthesis (missing molecule synthesis subproblem failed).[0m
      Evaluating reaction mos_486 (486/500)...
        [31m✗ Skipped reaction synthesis (missing molecule synthesis subproblem failed).[0m
      Evaluating reaction mos_487 (487/500)...
        [31m✗ Skipped reaction synthesis (missing molecule synthesis subproblem failed).[0m
      Evaluating reaction mos_488 (488/500)...
        [31m✗ Skipped reaction synthesis (missing molecule synthesis subproblem failed).[0m
      Evaluating reaction mos_489 (489/500)...
        [31m✗ Skipped reaction synthesis (missing molecule synthesis subproblem failed).[0m
      Evaluating reaction mos_490 (490/500)...
        [31m✗ Skipped reaction synthesis (missing molecule synthesis subproblem failed).[0m
      Evaluating reaction mos_491 (491/500)...
        [31m✗ Skipped reaction synthesis (missing molecule synthesis subproblem failed).[0m
      Evaluating reaction mos_492 (492/500)...
[Problem → Reactions] Found 1096 reactions, 250 molecules.
      [32m✓ All goal molecules found.[0m
      [32m✓ All goal reactions found.[0m
        [32m✓ Target reaction successfully synthesized in 5.08s![0m
      Evaluating reaction mos_493 (493/500)...
        [31m✗ Skipped reaction synthesis (missing molecule synthesis subproblem failed).[0m
      Evaluating reaction mos_494 (494/500)...
[Problem → Reactions] Found 30000 reactions, 250 molecules.
      [32m✓ All goal molecules found.[0m
      [31m✗ Missing goal reactions.[0m
        [31m✗ Synthesis failed or timed out in 59.44s.[0m
      Evaluating reaction mos_495 (495/500)...
        [31m✗ Skipped reaction synthesis (missing molecule synthesis subproblem failed).[0m
      Evaluating reaction mos_496 (496/500)...
        [31m✗ Skipped reaction synthesis (missing molecule synthesis subproblem failed).[0m
      Evaluating reaction mos_497 (497/500)...
        [31m✗ Skipped reaction synthesis (missing molecule synthesis subproblem failed).[0m
      Evaluating reaction mos_498 (498/500)...
        [31m✗ Skipped reaction synthesis (missing molecule synthesis subproblem failed).[0m
      Evaluating reaction mos_499 (499/500)...
[Problem → Reactions] Found 1092 reactions, 250 molecules.
      [32m✓ All goal molecules found.[0m
      [32m✓ All goal reactions found.[0m
        [32m✓ Target reaction successfully synthesized in 3.64s![0m
      Evaluating reaction mos_500 (500/500)...
        [31m✗ Skipped reaction synthesis (missing molecule synthesis subproblem failed).[0m

      Synthesis Performance (Metric: none, Without fragments) on Tractable Subspace:
        - Evaluated runs: 500
        - Success rate:   14.2%
        - Average time:   4.05s

  [1mSimilarity Metric: tanimoto[0m
      Evaluating reaction mos_1 (1/500)...
        [31m✗ Skipped reaction synthesis (missing molecule synthesis subproblem failed).[0m
      Evaluating reaction mos_2 (2/500)...
        [31m✗ Skipped reaction synthesis (missing molecule synthesis subproblem failed).[0m
      Evaluating reaction mos_3 (3/500)...
        [31m✗ Skipped reaction synthesis (missing molecule synthesis subproblem failed).[0m
      Evaluating reaction mos_4 (4/500)...
        [31m✗ Skipped reaction synthesis (missing molecule synthesis subproblem failed).[0m
      Evaluating reaction mos_5 (5/500)...
[Problem → Reactions] Found 608 reactions, 250 molecules.
      [32m✓ All goal molecules found.[0m
      [32m✓ All goal reactions found.[0m
        [32m✓ Target reaction successfully synthesized in 5.62s![0m
      Evaluating reaction mos_6 (6/500)...
        [31m✗ Skipped reaction synthesis (missing molecule synthesis subproblem failed).[0m
      Evaluating reaction mos_7 (7/500)...
        [31m✗ Skipped reaction synthesis (missing molecule synthesis subproblem failed).[0m
      Evaluating reaction mos_8 (8/500)...
[Problem → Reactions] Found 2109 reactions, 250 molecules.
      [32m✓ All goal molecules found.[0m
      [32m✓ All goal reactions found.[0m
        [32m✓ Target reaction successfully synthesized in 1.58s![0m
      Evaluating reaction mos_9 (9/500)...
        [31m✗ Skipped reaction synthesis (missing molecule synthesis subproblem failed).[0m
      Evaluating reaction mos_10 (10/500)...
        [31m✗ Skipped reaction synthesis (missing molecule synthesis subproblem failed).[0m
      Evaluating reaction mos_11 (11/500)...
        [31m✗ Skipped reaction synthesis (missing molecule synthesis subproblem failed).[0m
      Evaluating reaction mos_12 (12/500)...
        [31m✗ Skipped reaction synthesis (missing molecule synthesis subproblem failed).[0m
      Evaluating reaction mos_13 (13/500)...
        [31m✗ Skipped reaction synthesis (missing molecule synthesis subproblem failed).[0m
      Evaluating reaction mos_14 (14/500)...
        [31m✗ Skipped reaction synthesis (missing molecule synthesis subproblem failed).[0m
      Evaluating reaction mos_15 (15/500)...
        [31m✗ Skipped reaction synthesis (missing molecule synthesis subproblem failed).[0m
      Evaluating reaction mos_16 (16/500)...
[Problem → Reactions] Found 623 reactions, 250 molecules.
      [32m✓ All goal molecules found.[0m
      [32m✓ All goal reactions found.[0m
        [32m✓ Target reaction successfully synthesized in 1.3s![0m
      Evaluating reaction mos_17 (17/500)...
        [31m✗ Skipped reaction synthesis (missing molecule synthesis subproblem failed).[0m
      Evaluating reaction mos_18 (18/500)...
[Problem → Reactions] Found 30000 reactions, 250 molecules.
      [32m✓ All goal molecules found.[0m
      [31m✗ Missing goal reactions.[0m
        [31m✗ Synthesis failed or timed out in 54.99s.[0m
      Evaluating reaction mos_19 (19/500)...
        [31m✗ Skipped reaction synthesis (missing molecule synthesis subproblem failed).[0m
      Evaluating reaction mos_20 (20/500)...
        [31m✗ Skipped reaction synthesis (missing molecule synthesis subproblem failed).[0m
      Evaluating reaction mos_21 (21/500)...
        [31m✗ Skipped reaction synthesis (missing molecule synthesis subproblem failed).[0m
      Evaluating reaction mos_22 (22/500)...
        [31m✗ Skipped reaction synthesis (missing molecule synthesis subproblem failed).[0m
      Evaluating reaction mos_23 (23/500)...
[Problem → Reactions] Found 1096 reactions, 250 molecules.
      [32m✓ All goal molecules found.[0m
      [32m✓ All goal reactions found.[0m
        [32m✓ Target reaction successfully synthesized in 6.92s![0m
      Evaluating reaction mos_24 (24/500)...
        [31m✗ Skipped reaction synthesis (missing molecule synthesis subproblem failed).[0m
      Evaluating reaction mos_25 (25/500)...
        [31m✗ Skipped reaction synthesis (missing molecule synthesis subproblem failed).[0m
      Evaluating reaction mos_26 (26/500)...
        [31m✗ Skipped reaction synthesis (missing molecule synthesis subproblem failed).[0m
      Evaluating reaction mos_27 (27/500)...
[Problem → Reactions] Found 2109 reactions, 250 molecules.
      [32m✓ All goal molecules found.[0m
      [32m✓ All goal reactions found.[0m
        [32m✓ Target reaction successfully synthesized in 2.92s![0m
      Evaluating reaction mos_28 (28/500)...
        [31m✗ Skipped reaction synthesis (missing molecule synthesis subproblem failed).[0m
      Evaluating reaction mos_29 (29/500)...
        [31m✗ Skipped reaction synthesis (missing molecule synthesis subproblem failed).[0m
      Evaluating reaction mos_30 (30/500)...
[Problem → Reactions] Found 30000 reactions, 250 molecules.
      [32m✓ All goal molecules found.[0m
      [31m✗ Missing goal reactions.[0m
        [31m✗ Synthesis failed or timed out in 79.32s.[0m
      Evaluating reaction mos_31 (31/500)...
        [31m✗ Skipped reaction synthesis (missing molecule synthesis subproblem failed).[0m
      Evaluating reaction mos_32 (32/500)...
        [31m✗ Skipped reaction synthesis (missing molecule synthesis subproblem failed).[0m
      Evaluating reaction mos_33 (33/500)...
        [31m✗ Skipped reaction synthesis (missing molecule synthesis subproblem failed).[0m
      Evaluating reaction mos_34 (34/500)...
[Problem → Reactions] Found 2632 reactions, 250 molecules.
      [32m✓ All goal molecules found.[0m
      [32m✓ All goal reactions found.[0m
        [32m✓ Target reaction successfully synthesized in 5.87s![0m
      Evaluating reaction mos_35 (35/500)...
        [31m✗ Skipped reaction synthesis (missing molecule synthesis subproblem failed).[0m
      Evaluating reaction mos_36 (36/500)...
        [31m✗ Skipped reaction synthesis (missing molecule synthesis subproblem failed).[0m
      Evaluating reaction mos_37 (37/500)...
[Problem → Reactions] Found 603 reactions, 250 molecules.
      [32m✓ All goal molecules found.[0m
      [32m✓ All goal reactions found.[0m
        [32m✓ Target reaction successfully synthesized in 1.2s![0m
      Evaluating reaction mos_38 (38/500)...
        [31m✗ Skipped reaction synthesis (missing molecule synthesis subproblem failed).[0m
      Evaluating reaction mos_39 (39/500)...
        [31m✗ Skipped reaction synthesis (missing molecule synthesis subproblem failed).[0m
      Evaluating reaction mos_40 (40/500)...
        [31m✗ Skipped reaction synthesis (missing molecule synthesis subproblem failed).[0m
      Evaluating reaction mos_41 (41/500)...
        [31m✗ Skipped reaction synthesis (missing molecule synthesis subproblem failed).[0m
      Evaluating reaction mos_42 (42/500)...
        [31m✗ Skipped reaction synthesis (missing molecule synthesis subproblem failed).[0m
      Evaluating reaction mos_43 (43/500)...
[Problem → Reactions] Found 1072 reactions, 250 molecules.
      [32m✓ All goal molecules found.[0m
      [32m✓ All goal reactions found.[0m
        [32m✓ Target reaction successfully synthesized in 4.71s![0m
      Evaluating reaction mos_44 (44/500)...
        [31m✗ Skipped reaction synthesis (missing molecule synthesis subproblem failed).[0m
      Evaluating reaction mos_45 (45/500)...
        [31m✗ Skipped reaction synthesis (missing molecule synthesis subproblem failed).[0m
      Evaluating reaction mos_46 (46/500)...
        [31m✗ Skipped reaction synthesis (missing molecule synthesis subproblem failed).[0m
      Evaluating reaction mos_47 (47/500)...
        [31m✗ Skipped reaction synthesis (missing molecule synthesis subproblem failed).[0m
      Evaluating reaction mos_48 (48/500)...
        [31m✗ Skipped reaction synthesis (missing molecule synthesis subproblem failed).[0m
      Evaluating reaction mos_49 (49/500)...
        [31m✗ Skipped reaction synthesis (missing molecule synthesis subproblem failed).[0m
      Evaluating reaction mos_50 (50/500)...
        [31m✗ Skipped reaction synthesis (missing molecule synthesis subproblem failed).[0m
      Evaluating reaction mos_51 (51/500)...
        [31m✗ Skipped reaction synthesis (missing molecule synthesis subproblem failed).[0m
      Evaluating reaction mos_52 (52/500)...
        [31m✗ Skipped reaction synthesis (missing molecule synthesis subproblem failed).[0m
      Evaluating reaction mos_53 (53/500)...
        [31m✗ Skipped reaction synthesis (missing molecule synthesis subproblem failed).[0m
      Evaluating reaction mos_54 (54/500)...
        [31m✗ Skipped reaction synthesis (missing molecule synthesis subproblem failed).[0m
      Evaluating reaction mos_55 (55/500)...
        [31m✗ Skipped reaction synthesis (missing molecule synthesis subproblem failed).[0m
      Evaluating reaction mos_56 (56/500)...
        [31m✗ Skipped reaction synthesis (missing molecule synthesis subproblem failed).[0m
      Evaluating reaction mos_57 (57/500)...
        [31m✗ Skipped reaction synthesis (missing molecule synthesis subproblem failed).[0m
      Evaluating reaction mos_58 (58/500)...
        [31m✗ Skipped reaction synthesis (missing molecule synthesis subproblem failed).[0m
      Evaluating reaction mos_59 (59/500)...
        [31m✗ Skipped reaction synthesis (missing molecule synthesis subproblem failed).[0m
      Evaluating reaction mos_60 (60/500)...
        [31m✗ Skipped reaction synthesis (missing molecule synthesis subproblem failed).[0m
      Evaluating reaction mos_61 (61/500)...
        [31m✗ Skipped reaction synthesis (missing molecule synthesis subproblem failed).[0m
      Evaluating reaction mos_62 (62/500)...
        [31m✗ Skipped reaction synthesis (missing molecule synthesis subproblem failed).[0m
      Evaluating reaction mos_63 (63/500)...
[Problem → Reactions] Found 2081 reactions, 250 molecules.
      [32m✓ All goal molecules found.[0m
      [32m✓ All goal reactions found.[0m
        [32m✓ Target reaction successfully synthesized in 2.77s![0m
      Evaluating reaction mos_64 (64/500)...
        [31m✗ Skipped reaction synthesis (missing molecule synthesis subproblem failed).[0m
      Evaluating reaction mos_65 (65/500)...
        [31m✗ Skipped reaction synthesis (missing molecule synthesis subproblem failed).[0m
      Evaluating reaction mos_66 (66/500)...
        [31m✗ Skipped reaction synthesis (missing molecule synthesis subproblem failed).[0m
      Evaluating reaction mos_67 (67/500)...
        [31m✗ Skipped reaction synthesis (missing molecule synthesis subproblem failed).[0m
      Evaluating reaction mos_68 (68/500)...
        [31m✗ Skipped reaction synthesis (missing molecule synthesis subproblem failed).[0m
      Evaluating reaction mos_69 (69/500)...
        [31m✗ Skipped reaction synthesis (missing molecule synthesis subproblem failed).[0m
      Evaluating reaction mos_70 (70/500)...
        [31m✗ Skipped reaction synthesis (missing molecule synthesis subproblem failed).[0m
      Evaluating reaction mos_71 (71/500)...
[Problem → Reactions] Found 2111 reactions, 250 molecules.
      [32m✓ All goal molecules found.[0m
      [32m✓ All goal reactions found.[0m
        [32m✓ Target reaction successfully synthesized in 1.62s![0m
      Evaluating reaction mos_72 (72/500)...
        [31m✗ Skipped reaction synthesis (missing molecule synthesis subproblem failed).[0m
      Evaluating reaction mos_73 (73/500)...
[Problem → Reactions] Found 2081 reactions, 250 molecules.
      [32m✓ All goal molecules found.[0m
      [32m✓ All goal reactions found.[0m
        [32m✓ Target reaction successfully synthesized in 1.54s![0m
      Evaluating reaction mos_74 (74/500)...
        [31m✗ Skipped reaction synthesis (missing molecule synthesis subproblem failed).[0m
      Evaluating reaction mos_75 (75/500)...
        [31m✗ Skipped reaction synthesis (missing molecule synthesis subproblem failed).[0m
      Evaluating reaction mos_76 (76/500)...
        [31m✗ Skipped reaction synthesis (missing molecule synthesis subproblem failed).[0m
      Evaluating reaction mos_77 (77/500)...
        [31m✗ Skipped reaction synthesis (missing molecule synthesis subproblem failed).[0m
      Evaluating reaction mos_78 (78/500)...
        [31m✗ Skipped reaction synthesis (missing molecule synthesis subproblem failed).[0m
      Evaluating reaction mos_79 (79/500)...
        [31m✗ Skipped reaction synthesis (missing molecule synthesis subproblem failed).[0m
      Evaluating reaction mos_80 (80/500)...
        [31m✗ Skipped reaction synthesis (missing molecule synthesis subproblem failed).[0m
      Evaluating reaction mos_81 (81/500)...
        [31m✗ Skipped reaction synthesis (missing molecule synthesis subproblem failed).[0m
      Evaluating reaction mos_82 (82/500)...
[Problem → Reactions] Found 1021 reactions, 250 molecules.
      [32m✓ All goal molecules found.[0m
      [32m✓ All goal reactions found.[0m
        [32m✓ Target reaction successfully synthesized in 1.98s![0m
      Evaluating reaction mos_83 (83/500)...
        [31m✗ Skipped reaction synthesis (missing molecule synthesis subproblem failed).[0m
      Evaluating reaction mos_84 (84/500)...
        [31m✗ Skipped reaction synthesis (missing molecule synthesis subproblem failed).[0m
      Evaluating reaction mos_85 (85/500)...
[Problem → Reactions] Found 30000 reactions, 250 molecules.
      [32m✓ All goal molecules found.[0m
      [31m✗ Missing goal reactions.[0m
        [31m✗ Synthesis failed or timed out in 66.82s.[0m
      Evaluating reaction mos_86 (86/500)...
        [31m✗ Skipped reaction synthesis (missing molecule synthesis subproblem failed).[0m
      Evaluating reaction mos_87 (87/500)...
        [31m✗ Skipped reaction synthesis (missing molecule synthesis subproblem failed).[0m
      Evaluating reaction mos_88 (88/500)...
        [31m✗ Skipped reaction synthesis (missing molecule synthesis subproblem failed).[0m
      Evaluating reaction mos_89 (89/500)...
        [31m✗ Skipped reaction synthesis (missing molecule synthesis subproblem failed).[0m
      Evaluating reaction mos_90 (90/500)...
        [31m✗ Skipped reaction synthesis (missing molecule synthesis subproblem failed).[0m
      Evaluating reaction mos_91 (91/500)...
        [31m✗ Skipped reaction synthesis (missing molecule synthesis subproblem failed).[0m
      Evaluating reaction mos_92 (92/500)...
        [31m✗ Skipped reaction synthesis (missing molecule synthesis subproblem failed).[0m
      Evaluating reaction mos_93 (93/500)...
        [31m✗ Skipped reaction synthesis (missing molecule synthesis subproblem failed).[0m
      Evaluating reaction mos_94 (94/500)...
        [31m✗ Skipped reaction synthesis (missing molecule synthesis subproblem failed).[0m
      Evaluating reaction mos_95 (95/500)...
        [31m✗ Skipped reaction synthesis (missing molecule synthesis subproblem failed).[0m
      Evaluating reaction mos_96 (96/500)...
        [31m✗ Skipped reaction synthesis (missing molecule synthesis subproblem failed).[0m
      Evaluating reaction mos_97 (97/500)...
        [31m✗ Skipped reaction synthesis (missing molecule synthesis subproblem failed).[0m
      Evaluating reaction mos_98 (98/500)...
        [31m✗ Skipped reaction synthesis (missing molecule synthesis subproblem failed).[0m
      Evaluating reaction mos_99 (99/500)...
        [31m✗ Skipped reaction synthesis (missing molecule synthesis subproblem failed).[0m
      Evaluating reaction mos_100 (100/500)...
        [31m✗ Skipped reaction synthesis (missing molecule synthesis subproblem failed).[0m
      Evaluating reaction mos_101 (101/500)...
        [31m✗ Skipped reaction synthesis (missing molecule synthesis subproblem failed).[0m
      Evaluating reaction mos_102 (102/500)...
        [31m✗ Skipped reaction synthesis (missing molecule synthesis subproblem failed).[0m
      Evaluating reaction mos_103 (103/500)...
        [31m✗ Skipped reaction synthesis (missing molecule synthesis subproblem failed).[0m
      Evaluating reaction mos_104 (104/500)...
        [31m✗ Skipped reaction synthesis (missing molecule synthesis subproblem failed).[0m
      Evaluating reaction mos_105 (105/500)...
        [31m✗ Skipped reaction synthesis (missing molecule synthesis subproblem failed).[0m
      Evaluating reaction mos_106 (106/500)...
        [31m✗ Skipped reaction synthesis (missing molecule synthesis subproblem failed).[0m
      Evaluating reaction mos_107 (107/500)...
        [31m✗ Skipped reaction synthesis (missing molecule synthesis subproblem failed).[0m
      Evaluating reaction mos_108 (108/500)...
[Problem → Reactions] Found 2083 reactions, 250 molecules.
      [32m✓ All goal molecules found.[0m
      [32m✓ All goal reactions found.[0m
        [32m✓ Target reaction successfully synthesized in 1.59s![0m
      Evaluating reaction mos_109 (109/500)...
        [31m✗ Skipped reaction synthesis (missing molecule synthesis subproblem failed).[0m
      Evaluating reaction mos_110 (110/500)...
        [31m✗ Skipped reaction synthesis (missing molecule synthesis subproblem failed).[0m
      Evaluating reaction mos_111 (111/500)...
        [31m✗ Skipped reaction synthesis (missing molecule synthesis subproblem failed).[0m
      Evaluating reaction mos_112 (112/500)...
[Problem → Reactions] Found 1072 reactions, 250 molecules.
      [32m✓ All goal molecules found.[0m
      [32m✓ All goal reactions found.[0m
        [32m✓ Target reaction successfully synthesized in 4.8s![0m
      Evaluating reaction mos_113 (113/500)...
        [31m✗ Skipped reaction synthesis (missing molecule synthesis subproblem failed).[0m
      Evaluating reaction mos_114 (114/500)...
[Problem → Reactions] Found 621 reactions, 250 molecules.
      [32m✓ All goal molecules found.[0m
      [32m✓ All goal reactions found.[0m
        [32m✓ Target reaction successfully synthesized in 0.99s![0m
      Evaluating reaction mos_115 (115/500)...
        [31m✗ Skipped reaction synthesis (missing molecule synthesis subproblem failed).[0m
      Evaluating reaction mos_116 (116/500)...
        [31m✗ Skipped reaction synthesis (missing molecule synthesis subproblem failed).[0m
      Evaluating reaction mos_117 (117/500)...
        [31m✗ Skipped reaction synthesis (missing molecule synthesis subproblem failed).[0m
      Evaluating reaction mos_118 (118/500)...
        [31m✗ Skipped reaction synthesis (missing molecule synthesis subproblem failed).[0m
      Evaluating reaction mos_119 (119/500)...
        [31m✗ Skipped reaction synthesis (missing molecule synthesis subproblem failed).[0m
      Evaluating reaction mos_120 (120/500)...
        [31m✗ Skipped reaction synthesis (missing molecule synthesis subproblem failed).[0m
      Evaluating reaction mos_121 (121/500)...
        [31m✗ Skipped reaction synthesis (missing molecule synthesis subproblem failed).[0m
      Evaluating reaction mos_122 (122/500)...
[Problem → Reactions] Found 2109 reactions, 250 molecules.
      [32m✓ All goal molecules found.[0m
      [32m✓ All goal reactions found.[0m
        [32m✓ Target reaction successfully synthesized in 3.02s![0m
      Evaluating reaction mos_123 (123/500)...
        [31m✗ Skipped reaction synthesis (missing molecule synthesis subproblem failed).[0m
      Evaluating reaction mos_124 (124/500)...
[Problem → Reactions] Found 2081 reactions, 250 molecules.
      [32m✓ All goal molecules found.[0m
      [32m✓ All goal reactions found.[0m
        [32m✓ Target reaction successfully synthesized in 1.63s![0m
      Evaluating reaction mos_125 (125/500)...
        [31m✗ Skipped reaction synthesis (missing molecule synthesis subproblem failed).[0m
      Evaluating reaction mos_126 (126/500)...
        [31m✗ Skipped reaction synthesis (missing molecule synthesis subproblem failed).[0m
      Evaluating reaction mos_127 (127/500)...
        [31m✗ Skipped reaction synthesis (missing molecule synthesis subproblem failed).[0m
      Evaluating reaction mos_128 (128/500)...
        [31m✗ Skipped reaction synthesis (missing molecule synthesis subproblem failed).[0m
      Evaluating reaction mos_129 (129/500)...
[Problem → Reactions] Found 1096 reactions, 250 molecules.
      [32m✓ All goal molecules found.[0m
      [32m✓ All goal reactions found.[0m
        [32m✓ Target reaction successfully synthesized in 4.57s![0m
      Evaluating reaction mos_130 (130/500)...
        [31m✗ Skipped reaction synthesis (missing molecule synthesis subproblem failed).[0m
      Evaluating reaction mos_131 (131/500)...
[Problem → Reactions] Found 2117 reactions, 250 molecules.
      [32m✓ All goal molecules found.[0m
      [32m✓ All goal reactions found.[0m
        [32m✓ Target reaction successfully synthesized in 1.95s![0m
      Evaluating reaction mos_132 (132/500)...
        [31m✗ Skipped reaction synthesis (missing molecule synthesis subproblem failed).[0m
      Evaluating reaction mos_133 (133/500)...
        [31m✗ Skipped reaction synthesis (missing molecule synthesis subproblem failed).[0m
      Evaluating reaction mos_134 (134/500)...
[Problem → Reactions] Found 593 reactions, 250 molecules.
      [32m✓ All goal molecules found.[0m
      [32m✓ All goal reactions found.[0m
        [32m✓ Target reaction successfully synthesized in 1.84s![0m
      Evaluating reaction mos_135 (135/500)...
        [31m✗ Skipped reaction synthesis (missing molecule synthesis subproblem failed).[0m
      Evaluating reaction mos_136 (136/500)...
        [31m✗ Skipped reaction synthesis (missing molecule synthesis subproblem failed).[0m
      Evaluating reaction mos_137 (137/500)...
        [31m✗ Skipped reaction synthesis (missing molecule synthesis subproblem failed).[0m
      Evaluating reaction mos_138 (138/500)...
        [31m✗ Skipped reaction synthesis (missing molecule synthesis subproblem failed).[0m
      Evaluating reaction mos_139 (139/500)...
        [31m✗ Skipped reaction synthesis (missing molecule synthesis subproblem failed).[0m
      Evaluating reaction mos_140 (140/500)...
        [31m✗ Skipped reaction synthesis (missing molecule synthesis subproblem failed).[0m
      Evaluating reaction mos_141 (141/500)...
        [31m✗ Skipped reaction synthesis (missing molecule synthesis subproblem failed).[0m
      Evaluating reaction mos_142 (142/500)...
[Problem → Reactions] Found 2604 reactions, 250 molecules.
      [32m✓ All goal molecules found.[0m
      [32m✓ All goal reactions found.[0m
        [32m✓ Target reaction successfully synthesized in 6.1s![0m
      Evaluating reaction mos_143 (143/500)...
        [31m✗ Skipped reaction synthesis (missing molecule synthesis subproblem failed).[0m
      Evaluating reaction mos_144 (144/500)...
        [31m✗ Skipped reaction synthesis (missing molecule synthesis subproblem failed).[0m
      Evaluating reaction mos_145 (145/500)...
        [31m✗ Skipped reaction synthesis (missing molecule synthesis subproblem failed).[0m
      Evaluating reaction mos_146 (146/500)...
        [31m✗ Skipped reaction synthesis (missing molecule synthesis subproblem failed).[0m
      Evaluating reaction mos_147 (147/500)...
        [31m✗ Skipped reaction synthesis (missing molecule synthesis subproblem failed).[0m
      Evaluating reaction mos_148 (148/500)...
        [31m✗ Skipped reaction synthesis (missing molecule synthesis subproblem failed).[0m
      Evaluating reaction mos_149 (149/500)...
        [31m✗ Skipped reaction synthesis (missing molecule synthesis subproblem failed).[0m
      Evaluating reaction mos_150 (150/500)...
        [31m✗ Skipped reaction synthesis (missing molecule synthesis subproblem failed).[0m
      Evaluating reaction mos_151 (151/500)...
[Problem → Reactions] Found 1096 reactions, 250 molecules.
      [32m✓ All goal molecules found.[0m
      [32m✓ All goal reactions found.[0m
        [32m✓ Target reaction successfully synthesized in 6.13s![0m
      Evaluating reaction mos_152 (152/500)...
        [31m✗ Skipped reaction synthesis (missing molecule synthesis subproblem failed).[0m
      Evaluating reaction mos_153 (153/500)...
        [31m✗ Skipped reaction synthesis (missing molecule synthesis subproblem failed).[0m
      Evaluating reaction mos_154 (154/500)...
        [31m✗ Skipped reaction synthesis (missing molecule synthesis subproblem failed).[0m
      Evaluating reaction mos_155 (155/500)...
        [31m✗ Skipped reaction synthesis (missing molecule synthesis subproblem failed).[0m
      Evaluating reaction mos_156 (156/500)...
        [31m✗ Skipped reaction synthesis (missing molecule synthesis subproblem failed).[0m
      Evaluating reaction mos_157 (157/500)...
        [31m✗ Skipped reaction synthesis (missing molecule synthesis subproblem failed).[0m
      Evaluating reaction mos_158 (158/500)...
[Problem → Reactions] Found 30000 reactions, 250 molecules.
      [32m✓ All goal molecules found.[0m
      [31m✗ Missing goal reactions.[0m
        [31m✗ Synthesis failed or timed out in 56.03s.[0m
      Evaluating reaction mos_159 (159/500)...
        [31m✗ Skipped reaction synthesis (missing molecule synthesis subproblem failed).[0m
      Evaluating reaction mos_160 (160/500)...
        [31m✗ Skipped reaction synthesis (missing molecule synthesis subproblem failed).[0m
      Evaluating reaction mos_161 (161/500)...
        [31m✗ Skipped reaction synthesis (missing molecule synthesis subproblem failed).[0m
      Evaluating reaction mos_162 (162/500)...
        [31m✗ Skipped reaction synthesis (missing molecule synthesis subproblem failed).[0m
      Evaluating reaction mos_163 (163/500)...
        [31m✗ Skipped reaction synthesis (missing molecule synthesis subproblem failed).[0m
      Evaluating reaction mos_164 (164/500)...
        [31m✗ Skipped reaction synthesis (missing molecule synthesis subproblem failed).[0m
      Evaluating reaction mos_165 (165/500)...
        [31m✗ Skipped reaction synthesis (missing molecule synthesis subproblem failed).[0m
      Evaluating reaction mos_166 (166/500)...
        [31m✗ Skipped reaction synthesis (missing molecule synthesis subproblem failed).[0m
      Evaluating reaction mos_167 (167/500)...
[Problem → Reactions] Found 1080 reactions, 250 molecules.
      [32m✓ All goal molecules found.[0m
      [32m✓ All goal reactions found.[0m
        [32m✓ Target reaction successfully synthesized in 3.23s![0m
      Evaluating reaction mos_168 (168/500)...
[Problem → Reactions] Found 1096 reactions, 250 molecules.
      [32m✓ All goal molecules found.[0m
      [32m✓ All goal reactions found.[0m
        [32m✓ Target reaction successfully synthesized in 6.23s![0m
      Evaluating reaction mos_169 (169/500)...
        [31m✗ Skipped reaction synthesis (missing molecule synthesis subproblem failed).[0m
      Evaluating reaction mos_170 (170/500)...
        [31m✗ Skipped reaction synthesis (missing molecule synthesis subproblem failed).[0m
      Evaluating reaction mos_171 (171/500)...
        [31m✗ Skipped reaction synthesis (missing molecule synthesis subproblem failed).[0m
      Evaluating reaction mos_172 (172/500)...
        [31m✗ Skipped reaction synthesis (missing molecule synthesis subproblem failed).[0m
      Evaluating reaction mos_173 (173/500)...
[Problem → Reactions] Found 30000 reactions, 250 molecules.
      [32m✓ All goal molecules found.[0m
      [31m✗ Missing goal reactions.[0m
        [31m✗ Synthesis failed or timed out in 81.35s.[0m
      Evaluating reaction mos_174 (174/500)...
        [31m✗ Skipped reaction synthesis (missing molecule synthesis subproblem failed).[0m
      Evaluating reaction mos_175 (175/500)...
        [31m✗ Skipped reaction synthesis (missing molecule synthesis subproblem failed).[0m
      Evaluating reaction mos_176 (176/500)...
        [31m✗ Skipped reaction synthesis (missing molecule synthesis subproblem failed).[0m
      Evaluating reaction mos_177 (177/500)...
        [31m✗ Skipped reaction synthesis (missing molecule synthesis subproblem failed).[0m
      Evaluating reaction mos_178 (178/500)...
        [31m✗ Skipped reaction synthesis (missing molecule synthesis subproblem failed).[0m
      Evaluating reaction mos_179 (179/500)...
        [31m✗ Skipped reaction synthesis (missing molecule synthesis subproblem failed).[0m
      Evaluating reaction mos_180 (180/500)...
        [31m✗ Skipped reaction synthesis (missing molecule synthesis subproblem failed).[0m
      Evaluating reaction mos_181 (181/500)...
        [31m✗ Skipped reaction synthesis (missing molecule synthesis subproblem failed).[0m
      Evaluating reaction mos_182 (182/500)...
        [31m✗ Skipped reaction synthesis (missing molecule synthesis subproblem failed).[0m
      Evaluating reaction mos_183 (183/500)...
        [31m✗ Skipped reaction synthesis (missing molecule synthesis subproblem failed).[0m
      Evaluating reaction mos_184 (184/500)...
        [31m✗ Skipped reaction synthesis (missing molecule synthesis subproblem failed).[0m
      Evaluating reaction mos_185 (185/500)...
        [31m✗ Skipped reaction synthesis (missing molecule synthesis subproblem failed).[0m
      Evaluating reaction mos_186 (186/500)...
        [31m✗ Skipped reaction synthesis (missing molecule synthesis subproblem failed).[0m
      Evaluating reaction mos_187 (187/500)...
        [31m✗ Skipped reaction synthesis (missing molecule synthesis subproblem failed).[0m
      Evaluating reaction mos_188 (188/500)...
        [31m✗ Skipped reaction synthesis (missing molecule synthesis subproblem failed).[0m
      Evaluating reaction mos_189 (189/500)...
        [31m✗ Skipped reaction synthesis (missing molecule synthesis subproblem failed).[0m
      Evaluating reaction mos_190 (190/500)...
        [31m✗ Skipped reaction synthesis (missing molecule synthesis subproblem failed).[0m
      Evaluating reaction mos_191 (191/500)...
        [31m✗ Skipped reaction synthesis (missing molecule synthesis subproblem failed).[0m
      Evaluating reaction mos_192 (192/500)...
        [31m✗ Skipped reaction synthesis (missing molecule synthesis subproblem failed).[0m
      Evaluating reaction mos_193 (193/500)...
        [31m✗ Skipped reaction synthesis (missing molecule synthesis subproblem failed).[0m
      Evaluating reaction mos_194 (194/500)...
        [31m✗ Skipped reaction synthesis (missing molecule synthesis subproblem failed).[0m
      Evaluating reaction mos_195 (195/500)...
[Problem → Reactions] Found 621 reactions, 250 molecules.
      [32m✓ All goal molecules found.[0m
      [32m✓ All goal reactions found.[0m
        [32m✓ Target reaction successfully synthesized in 0.97s![0m
      Evaluating reaction mos_196 (196/500)...
        [31m✗ Skipped reaction synthesis (missing molecule synthesis subproblem failed).[0m
      Evaluating reaction mos_197 (197/500)...
[Problem → Reactions] Found 30000 reactions, 250 molecules.
      [32m✓ All goal molecules found.[0m
      [31m✗ Missing goal reactions.[0m
        [31m✗ Synthesis failed or timed out in 84.24s.[0m
      Evaluating reaction mos_198 (198/500)...
        [31m✗ Skipped reaction synthesis (missing molecule synthesis subproblem failed).[0m
      Evaluating reaction mos_199 (199/500)...
        [31m✗ Skipped reaction synthesis (missing molecule synthesis subproblem failed).[0m
      Evaluating reaction mos_200 (200/500)...
        [31m✗ Skipped reaction synthesis (missing molecule synthesis subproblem failed).[0m
      Evaluating reaction mos_201 (201/500)...
        [31m✗ Skipped reaction synthesis (missing molecule synthesis subproblem failed).[0m
      Evaluating reaction mos_202 (202/500)...
        [31m✗ Skipped reaction synthesis (missing molecule synthesis subproblem failed).[0m
      Evaluating reaction mos_203 (203/500)...
        [31m✗ Skipped reaction synthesis (missing molecule synthesis subproblem failed).[0m
      Evaluating reaction mos_204 (204/500)...
        [31m✗ Skipped reaction synthesis (missing molecule synthesis subproblem failed).[0m
      Evaluating reaction mos_205 (205/500)...
        [31m✗ Skipped reaction synthesis (missing molecule synthesis subproblem failed).[0m
      Evaluating reaction mos_206 (206/500)...
        [31m✗ Skipped reaction synthesis (missing molecule synthesis subproblem failed).[0m
      Evaluating reaction mos_207 (207/500)...
        [31m✗ Skipped reaction synthesis (missing molecule synthesis subproblem failed).[0m
      Evaluating reaction mos_208 (208/500)...
        [31m✗ Skipped reaction synthesis (missing molecule synthesis subproblem failed).[0m
      Evaluating reaction mos_209 (209/500)...
        [31m✗ Skipped reaction synthesis (missing molecule synthesis subproblem failed).[0m
      Evaluating reaction mos_210 (210/500)...
        [31m✗ Skipped reaction synthesis (missing molecule synthesis subproblem failed).[0m
      Evaluating reaction mos_211 (211/500)...
[Problem → Reactions] Found 1096 reactions, 250 molecules.
      [32m✓ All goal molecules found.[0m
      [32m✓ All goal reactions found.[0m
        [32m✓ Target reaction successfully synthesized in 5.0s![0m
      Evaluating reaction mos_212 (212/500)...
[Problem → Reactions] Found 2081 reactions, 250 molecules.
      [32m✓ All goal molecules found.[0m
      [32m✓ All goal reactions found.[0m
        [32m✓ Target reaction successfully synthesized in 2.06s![0m
      Evaluating reaction mos_213 (213/500)...
        [31m✗ Skipped reaction synthesis (missing molecule synthesis subproblem failed).[0m
      Evaluating reaction mos_214 (214/500)...
        [31m✗ Skipped reaction synthesis (missing molecule synthesis subproblem failed).[0m
      Evaluating reaction mos_215 (215/500)...
        [31m✗ Skipped reaction synthesis (missing molecule synthesis subproblem failed).[0m
      Evaluating reaction mos_216 (216/500)...
        [31m✗ Skipped reaction synthesis (missing molecule synthesis subproblem failed).[0m
      Evaluating reaction mos_217 (217/500)...
        [31m✗ Skipped reaction synthesis (missing molecule synthesis subproblem failed).[0m
      Evaluating reaction mos_218 (218/500)...
        [31m✗ Skipped reaction synthesis (missing molecule synthesis subproblem failed).[0m
      Evaluating reaction mos_219 (219/500)...
        [31m✗ Skipped reaction synthesis (missing molecule synthesis subproblem failed).[0m
      Evaluating reaction mos_220 (220/500)...
        [31m✗ Skipped reaction synthesis (missing molecule synthesis subproblem failed).[0m
      Evaluating reaction mos_221 (221/500)...
        [31m✗ Skipped reaction synthesis (missing molecule synthesis subproblem failed).[0m
      Evaluating reaction mos_222 (222/500)...
        [31m✗ Skipped reaction synthesis (missing molecule synthesis subproblem failed).[0m
      Evaluating reaction mos_223 (223/500)...
        [31m✗ Skipped reaction synthesis (missing molecule synthesis subproblem failed).[0m
      Evaluating reaction mos_224 (224/500)...
        [31m✗ Skipped reaction synthesis (missing molecule synthesis subproblem failed).[0m
      Evaluating reaction mos_225 (225/500)...
        [31m✗ Skipped reaction synthesis (missing molecule synthesis subproblem failed).[0m
      Evaluating reaction mos_226 (226/500)...
[Problem → Reactions] Found 465 reactions, 250 molecules.
      [32m✓ All goal molecules found.[0m
      [32m✓ All goal reactions found.[0m
        [32m✓ Target reaction successfully synthesized in 2.21s![0m
      Evaluating reaction mos_227 (227/500)...
[Problem → Reactions] Found 1096 reactions, 250 molecules.
      [32m✓ All goal molecules found.[0m
      [32m✓ All goal reactions found.[0m
        [32m✓ Target reaction successfully synthesized in 6.41s![0m
      Evaluating reaction mos_228 (228/500)...
        [31m✗ Skipped reaction synthesis (missing molecule synthesis subproblem failed).[0m
      Evaluating reaction mos_229 (229/500)...
        [31m✗ Skipped reaction synthesis (missing molecule synthesis subproblem failed).[0m
      Evaluating reaction mos_230 (230/500)...
        [31m✗ Skipped reaction synthesis (missing molecule synthesis subproblem failed).[0m
      Evaluating reaction mos_231 (231/500)...
[Problem → Reactions] Found 2115 reactions, 250 molecules.
      [32m✓ All goal molecules found.[0m
      [32m✓ All goal reactions found.[0m
        [32m✓ Target reaction successfully synthesized in 1.69s![0m
      Evaluating reaction mos_232 (232/500)...
[Problem → Reactions] Found 927 reactions, 250 molecules.
      [32m✓ All goal molecules found.[0m
      [32m✓ All goal reactions found.[0m
        [32m✓ Target reaction successfully synthesized in 2.84s![0m
      Evaluating reaction mos_233 (233/500)...
[Problem → Reactions] Found 1096 reactions, 250 molecules.
      [32m✓ All goal molecules found.[0m
      [32m✓ All goal reactions found.[0m
        [32m✓ Target reaction successfully synthesized in 4.74s![0m
      Evaluating reaction mos_234 (234/500)...
        [31m✗ Skipped reaction synthesis (missing molecule synthesis subproblem failed).[0m
      Evaluating reaction mos_235 (235/500)...
        [31m✗ Skipped reaction synthesis (missing molecule synthesis subproblem failed).[0m
      Evaluating reaction mos_236 (236/500)...
        [31m✗ Skipped reaction synthesis (missing molecule synthesis subproblem failed).[0m
      Evaluating reaction mos_237 (237/500)...
        [31m✗ Skipped reaction synthesis (missing molecule synthesis subproblem failed).[0m
      Evaluating reaction mos_238 (238/500)...
        [31m✗ Skipped reaction synthesis (missing molecule synthesis subproblem failed).[0m
      Evaluating reaction mos_239 (239/500)...
        [31m✗ Skipped reaction synthesis (missing molecule synthesis subproblem failed).[0m
      Evaluating reaction mos_240 (240/500)...
        [31m✗ Skipped reaction synthesis (missing molecule synthesis subproblem failed).[0m
      Evaluating reaction mos_241 (241/500)...
        [31m✗ Skipped reaction synthesis (missing molecule synthesis subproblem failed).[0m
      Evaluating reaction mos_242 (242/500)...
        [31m✗ Skipped reaction synthesis (missing molecule synthesis subproblem failed).[0m
      Evaluating reaction mos_243 (243/500)...
        [31m✗ Skipped reaction synthesis (missing molecule synthesis subproblem failed).[0m
      Evaluating reaction mos_244 (244/500)...
[Problem → Reactions] Found 2125 reactions, 250 molecules.
      [32m✓ All goal molecules found.[0m
      [32m✓ All goal reactions found.[0m
        [32m✓ Target reaction successfully synthesized in 2.07s![0m
      Evaluating reaction mos_245 (245/500)...
        [31m✗ Skipped reaction synthesis (missing molecule synthesis subproblem failed).[0m
      Evaluating reaction mos_246 (246/500)...
        [31m✗ Skipped reaction synthesis (missing molecule synthesis subproblem failed).[0m
      Evaluating reaction mos_247 (247/500)...
        [31m✗ Skipped reaction synthesis (missing molecule synthesis subproblem failed).[0m
      Evaluating reaction mos_248 (248/500)...
[Problem → Reactions] Found 2117 reactions, 250 molecules.
      [32m✓ All goal molecules found.[0m
      [32m✓ All goal reactions found.[0m
        [32m✓ Target reaction successfully synthesized in 2.65s![0m
      Evaluating reaction mos_249 (249/500)...
        [31m✗ Skipped reaction synthesis (missing molecule synthesis subproblem failed).[0m
      Evaluating reaction mos_250 (250/500)...
        [31m✗ Skipped reaction synthesis (missing molecule synthesis subproblem failed).[0m
      Evaluating reaction mos_251 (251/500)...
        [31m✗ Skipped reaction synthesis (missing molecule synthesis subproblem failed).[0m
      Evaluating reaction mos_252 (252/500)...
[Problem → Reactions] Found 2612 reactions, 250 molecules.
      [32m✓ All goal molecules found.[0m
      [32m✓ All goal reactions found.[0m
        [32m✓ Target reaction successfully synthesized in 7.09s![0m
      Evaluating reaction mos_253 (253/500)...
        [31m✗ Skipped reaction synthesis (missing molecule synthesis subproblem failed).[0m
      Evaluating reaction mos_254 (254/500)...
        [31m✗ Skipped reaction synthesis (missing molecule synthesis subproblem failed).[0m
      Evaluating reaction mos_255 (255/500)...
        [31m✗ Skipped reaction synthesis (missing molecule synthesis subproblem failed).[0m
      Evaluating reaction mos_256 (256/500)...
[Problem → Reactions] Found 2109 reactions, 250 molecules.
      [32m✓ All goal molecules found.[0m
      [32m✓ All goal reactions found.[0m
        [32m✓ Target reaction successfully synthesized in 3.26s![0m
      Evaluating reaction mos_257 (257/500)...
        [31m✗ Skipped reaction synthesis (missing molecule synthesis subproblem failed).[0m
      Evaluating reaction mos_258 (258/500)...
        [31m✗ Skipped reaction synthesis (missing molecule synthesis subproblem failed).[0m
      Evaluating reaction mos_259 (259/500)...
        [31m✗ Skipped reaction synthesis (missing molecule synthesis subproblem failed).[0m
      Evaluating reaction mos_260 (260/500)...
        [31m✗ Skipped reaction synthesis (missing molecule synthesis subproblem failed).[0m
      Evaluating reaction mos_261 (261/500)...
        [31m✗ Skipped reaction synthesis (missing molecule synthesis subproblem failed).[0m
      Evaluating reaction mos_262 (262/500)...
        [31m✗ Skipped reaction synthesis (missing molecule synthesis subproblem failed).[0m
      Evaluating reaction mos_263 (263/500)...
[Problem → Reactions] Found 2083 reactions, 250 molecules.
      [32m✓ All goal molecules found.[0m
      [32m✓ All goal reactions found.[0m
        [32m✓ Target reaction successfully synthesized in 2.02s![0m
      Evaluating reaction mos_264 (264/500)...
        [31m✗ Skipped reaction synthesis (missing molecule synthesis subproblem failed).[0m
      Evaluating reaction mos_265 (265/500)...
        [31m✗ Skipped reaction synthesis (missing molecule synthesis subproblem failed).[0m
      Evaluating reaction mos_266 (266/500)...
        [31m✗ Skipped reaction synthesis (missing molecule synthesis subproblem failed).[0m
      Evaluating reaction mos_267 (267/500)...
        [31m✗ Skipped reaction synthesis (missing molecule synthesis subproblem failed).[0m
      Evaluating reaction mos_268 (268/500)...
        [31m✗ Skipped reaction synthesis (missing molecule synthesis subproblem failed).[0m
      Evaluating reaction mos_269 (269/500)...
        [31m✗ Skipped reaction synthesis (missing molecule synthesis subproblem failed).[0m
      Evaluating reaction mos_270 (270/500)...
        [31m✗ Skipped reaction synthesis (missing molecule synthesis subproblem failed).[0m
      Evaluating reaction mos_271 (271/500)...
        [31m✗ Skipped reaction synthesis (missing molecule synthesis subproblem failed).[0m
      Evaluating reaction mos_272 (272/500)...
        [31m✗ Skipped reaction synthesis (missing molecule synthesis subproblem failed).[0m
      Evaluating reaction mos_273 (273/500)...
        [31m✗ Skipped reaction synthesis (missing molecule synthesis subproblem failed).[0m
      Evaluating reaction mos_274 (274/500)...
        [31m✗ Skipped reaction synthesis (missing molecule synthesis subproblem failed).[0m
      Evaluating reaction mos_275 (275/500)...
[Problem → Reactions] Found 5670 reactions, 250 molecules.
      [32m✓ All goal molecules found.[0m
      [32m✓ All goal reactions found.[0m
        [32m✓ Target reaction successfully synthesized in 11.39s![0m
      Evaluating reaction mos_276 (276/500)...
[Problem → Reactions] Found 30000 reactions, 250 molecules.
      [32m✓ All goal molecules found.[0m
      [31m✗ Missing goal reactions.[0m
        [31m✗ Synthesis failed or timed out in 83.76s.[0m
      Evaluating reaction mos_277 (277/500)...
        [31m✗ Skipped reaction synthesis (missing molecule synthesis subproblem failed).[0m
      Evaluating reaction mos_278 (278/500)...
        [31m✗ Skipped reaction synthesis (missing molecule synthesis subproblem failed).[0m
      Evaluating reaction mos_279 (279/500)...
        [31m✗ Skipped reaction synthesis (missing molecule synthesis subproblem failed).[0m
      Evaluating reaction mos_280 (280/500)...
        [31m✗ Skipped reaction synthesis (missing molecule synthesis subproblem failed).[0m
      Evaluating reaction mos_281 (281/500)...
        [31m✗ Skipped reaction synthesis (missing molecule synthesis subproblem failed).[0m
      Evaluating reaction mos_282 (282/500)...
        [31m✗ Skipped reaction synthesis (missing molecule synthesis subproblem failed).[0m
      Evaluating reaction mos_283 (283/500)...
        [31m✗ Skipped reaction synthesis (missing molecule synthesis subproblem failed).[0m
      Evaluating reaction mos_284 (284/500)...
        [31m✗ Skipped reaction synthesis (missing molecule synthesis subproblem failed).[0m
      Evaluating reaction mos_285 (285/500)...
        [31m✗ Skipped reaction synthesis (missing molecule synthesis subproblem failed).[0m
      Evaluating reaction mos_286 (286/500)...
        [31m✗ Skipped reaction synthesis (missing molecule synthesis subproblem failed).[0m
      Evaluating reaction mos_287 (287/500)...
[Problem → Reactions] Found 2081 reactions, 250 molecules.
      [32m✓ All goal molecules found.[0m
      [32m✓ All goal reactions found.[0m
        [32m✓ Target reaction successfully synthesized in 1.68s![0m
      Evaluating reaction mos_288 (288/500)...
        [31m✗ Skipped reaction synthesis (missing molecule synthesis subproblem failed).[0m
      Evaluating reaction mos_289 (289/500)...
        [31m✗ Skipped reaction synthesis (missing molecule synthesis subproblem failed).[0m
      Evaluating reaction mos_290 (290/500)...
        [31m✗ Skipped reaction synthesis (missing molecule synthesis subproblem failed).[0m
      Evaluating reaction mos_291 (291/500)...
        [31m✗ Skipped reaction synthesis (missing molecule synthesis subproblem failed).[0m
      Evaluating reaction mos_292 (292/500)...
[Problem → Reactions] Found 1082 reactions, 250 molecules.
      [32m✓ All goal molecules found.[0m
      [32m✓ All goal reactions found.[0m
        [32m✓ Target reaction successfully synthesized in 5.29s![0m
      Evaluating reaction mos_293 (293/500)...
        [31m✗ Skipped reaction synthesis (missing molecule synthesis subproblem failed).[0m
      Evaluating reaction mos_294 (294/500)...
        [31m✗ Skipped reaction synthesis (missing molecule synthesis subproblem failed).[0m
      Evaluating reaction mos_295 (295/500)...
        [31m✗ Skipped reaction synthesis (missing molecule synthesis subproblem failed).[0m
      Evaluating reaction mos_296 (296/500)...
        [31m✗ Skipped reaction synthesis (missing molecule synthesis subproblem failed).[0m
      Evaluating reaction mos_297 (297/500)...
        [31m✗ Skipped reaction synthesis (missing molecule synthesis subproblem failed).[0m
      Evaluating reaction mos_298 (298/500)...
        [31m✗ Skipped reaction synthesis (missing molecule synthesis subproblem failed).[0m
      Evaluating reaction mos_299 (299/500)...
        [31m✗ Skipped reaction synthesis (missing molecule synthesis subproblem failed).[0m
      Evaluating reaction mos_300 (300/500)...
        [31m✗ Skipped reaction synthesis (missing molecule synthesis subproblem failed).[0m
      Evaluating reaction mos_301 (301/500)...
[Problem → Reactions] Found 1096 reactions, 250 molecules.
      [32m✓ All goal molecules found.[0m
      [32m✓ All goal reactions found.[0m
        [32m✓ Target reaction successfully synthesized in 5.38s![0m
      Evaluating reaction mos_302 (302/500)...
        [31m✗ Skipped reaction synthesis (missing molecule synthesis subproblem failed).[0m
      Evaluating reaction mos_303 (303/500)...
        [31m✗ Skipped reaction synthesis (missing molecule synthesis subproblem failed).[0m
      Evaluating reaction mos_304 (304/500)...
        [31m✗ Skipped reaction synthesis (missing molecule synthesis subproblem failed).[0m
      Evaluating reaction mos_305 (305/500)...
[Problem → Reactions] Found 1096 reactions, 250 molecules.
      [32m✓ All goal molecules found.[0m
      [32m✓ All goal reactions found.[0m
        [32m✓ Target reaction successfully synthesized in 5.16s![0m
      Evaluating reaction mos_306 (306/500)...
[Problem → Reactions] Found 5744 reactions, 250 molecules.
      [32m✓ All goal molecules found.[0m
      [32m✓ All goal reactions found.[0m
        [32m✓ Target reaction successfully synthesized in 9.75s![0m
      Evaluating reaction mos_307 (307/500)...
        [31m✗ Skipped reaction synthesis (missing molecule synthesis subproblem failed).[0m
      Evaluating reaction mos_308 (308/500)...
        [31m✗ Skipped reaction synthesis (missing molecule synthesis subproblem failed).[0m
      Evaluating reaction mos_309 (309/500)...
[Problem → Reactions] Found 2115 reactions, 250 molecules.
      [32m✓ All goal molecules found.[0m
      [32m✓ All goal reactions found.[0m
        [32m✓ Target reaction successfully synthesized in 3.59s![0m
      Evaluating reaction mos_310 (310/500)...
        [31m✗ Skipped reaction synthesis (missing molecule synthesis subproblem failed).[0m
      Evaluating reaction mos_311 (311/500)...
        [31m✗ Skipped reaction synthesis (missing molecule synthesis subproblem failed).[0m
      Evaluating reaction mos_312 (312/500)...
        [31m✗ Skipped reaction synthesis (missing molecule synthesis subproblem failed).[0m
      Evaluating reaction mos_313 (313/500)...
        [31m✗ Skipped reaction synthesis (missing molecule synthesis subproblem failed).[0m
      Evaluating reaction mos_314 (314/500)...
        [31m✗ Skipped reaction synthesis (missing molecule synthesis subproblem failed).[0m
      Evaluating reaction mos_315 (315/500)...
[Problem → Reactions] Found 30000 reactions, 250 molecules.
      [32m✓ All goal molecules found.[0m
      [31m✗ Missing goal reactions.[0m
        [31m✗ Synthesis failed or timed out in 72.49s.[0m
      Evaluating reaction mos_316 (316/500)...
        [31m✗ Skipped reaction synthesis (missing molecule synthesis subproblem failed).[0m
      Evaluating reaction mos_317 (317/500)...
        [31m✗ Skipped reaction synthesis (missing molecule synthesis subproblem failed).[0m
      Evaluating reaction mos_318 (318/500)...
        [31m✗ Skipped reaction synthesis (missing molecule synthesis subproblem failed).[0m
      Evaluating reaction mos_319 (319/500)...
        [31m✗ Skipped reaction synthesis (missing molecule synthesis subproblem failed).[0m
      Evaluating reaction mos_320 (320/500)...
        [31m✗ Skipped reaction synthesis (missing molecule synthesis subproblem failed).[0m
      Evaluating reaction mos_321 (321/500)...
[Problem → Reactions] Found 1096 reactions, 250 molecules.
      [32m✓ All goal molecules found.[0m
      [32m✓ All goal reactions found.[0m
        [32m✓ Target reaction successfully synthesized in 7.32s![0m
      Evaluating reaction mos_322 (322/500)...
        [31m✗ Skipped reaction synthesis (missing molecule synthesis subproblem failed).[0m
      Evaluating reaction mos_323 (323/500)...
        [31m✗ Skipped reaction synthesis (missing molecule synthesis subproblem failed).[0m
      Evaluating reaction mos_324 (324/500)...
        [31m✗ Skipped reaction synthesis (missing molecule synthesis subproblem failed).[0m
      Evaluating reaction mos_325 (325/500)...
        [31m✗ Skipped reaction synthesis (missing molecule synthesis subproblem failed).[0m
      Evaluating reaction mos_326 (326/500)...
        [31m✗ Skipped reaction synthesis (missing molecule synthesis subproblem failed).[0m
      Evaluating reaction mos_327 (327/500)...
        [31m✗ Skipped reaction synthesis (missing molecule synthesis subproblem failed).[0m
      Evaluating reaction mos_328 (328/500)...
        [31m✗ Skipped reaction synthesis (missing molecule synthesis subproblem failed).[0m
      Evaluating reaction mos_329 (329/500)...
        [31m✗ Skipped reaction synthesis (missing molecule synthesis subproblem failed).[0m
      Evaluating reaction mos_330 (330/500)...
        [31m✗ Skipped reaction synthesis (missing molecule synthesis subproblem failed).[0m
      Evaluating reaction mos_331 (331/500)...
        [31m✗ Skipped reaction synthesis (missing molecule synthesis subproblem failed).[0m
      Evaluating reaction mos_332 (332/500)...
        [31m✗ Skipped reaction synthesis (missing molecule synthesis subproblem failed).[0m
      Evaluating reaction mos_333 (333/500)...
        [31m✗ Skipped reaction synthesis (missing molecule synthesis subproblem failed).[0m
      Evaluating reaction mos_334 (334/500)...
        [31m✗ Skipped reaction synthesis (missing molecule synthesis subproblem failed).[0m
      Evaluating reaction mos_335 (335/500)...
        [31m✗ Skipped reaction synthesis (missing molecule synthesis subproblem failed).[0m
      Evaluating reaction mos_336 (336/500)...
        [31m✗ Skipped reaction synthesis (missing molecule synthesis subproblem failed).[0m
      Evaluating reaction mos_337 (337/500)...
        [31m✗ Skipped reaction synthesis (missing molecule synthesis subproblem failed).[0m
      Evaluating reaction mos_338 (338/500)...
        [31m✗ Skipped reaction synthesis (missing molecule synthesis subproblem failed).[0m
      Evaluating reaction mos_339 (339/500)...
        [31m✗ Skipped reaction synthesis (missing molecule synthesis subproblem failed).[0m
      Evaluating reaction mos_340 (340/500)...
        [31m✗ Skipped reaction synthesis (missing molecule synthesis subproblem failed).[0m
      Evaluating reaction mos_341 (341/500)...
[Problem → Reactions] Found 2081 reactions, 250 molecules.
      [32m✓ All goal molecules found.[0m
      [32m✓ All goal reactions found.[0m
        [32m✓ Target reaction successfully synthesized in 2.57s![0m
      Evaluating reaction mos_342 (342/500)...
        [31m✗ Skipped reaction synthesis (missing molecule synthesis subproblem failed).[0m
      Evaluating reaction mos_343 (343/500)...
        [31m✗ Skipped reaction synthesis (missing molecule synthesis subproblem failed).[0m
      Evaluating reaction mos_344 (344/500)...
        [31m✗ Skipped reaction synthesis (missing molecule synthesis subproblem failed).[0m
      Evaluating reaction mos_345 (345/500)...
        [31m✗ Skipped reaction synthesis (missing molecule synthesis subproblem failed).[0m
      Evaluating reaction mos_346 (346/500)...
        [31m✗ Skipped reaction synthesis (missing molecule synthesis subproblem failed).[0m
      Evaluating reaction mos_347 (347/500)...
        [31m✗ Skipped reaction synthesis (missing molecule synthesis subproblem failed).[0m
      Evaluating reaction mos_348 (348/500)...
        [31m✗ Skipped reaction synthesis (missing molecule synthesis subproblem failed).[0m
      Evaluating reaction mos_349 (349/500)...
        [31m✗ Skipped reaction synthesis (missing molecule synthesis subproblem failed).[0m
      Evaluating reaction mos_350 (350/500)...
        [31m✗ Skipped reaction synthesis (missing molecule synthesis subproblem failed).[0m
      Evaluating reaction mos_351 (351/500)...
[Problem → Reactions] Found 5670 reactions, 250 molecules.
      [32m✓ All goal molecules found.[0m
      [32m✓ All goal reactions found.[0m
        [32m✓ Target reaction successfully synthesized in 8.75s![0m
      Evaluating reaction mos_352 (352/500)...
        [31m✗ Skipped reaction synthesis (missing molecule synthesis subproblem failed).[0m
      Evaluating reaction mos_353 (353/500)...
        [31m✗ Skipped reaction synthesis (missing molecule synthesis subproblem failed).[0m
      Evaluating reaction mos_354 (354/500)...
[Problem → Reactions] Found 30000 reactions, 250 molecules.
      [32m✓ All goal molecules found.[0m
      [31m✗ Missing goal reactions.[0m
        [31m✗ Synthesis failed or timed out in 69.11s.[0m
      Evaluating reaction mos_355 (355/500)...
        [31m✗ Skipped reaction synthesis (missing molecule synthesis subproblem failed).[0m
      Evaluating reaction mos_356 (356/500)...
        [31m✗ Skipped reaction synthesis (missing molecule synthesis subproblem failed).[0m
      Evaluating reaction mos_357 (357/500)...
        [31m✗ Skipped reaction synthesis (missing molecule synthesis subproblem failed).[0m
      Evaluating reaction mos_358 (358/500)...
        [31m✗ Skipped reaction synthesis (missing molecule synthesis subproblem failed).[0m
      Evaluating reaction mos_359 (359/500)...
[Problem → Reactions] Found 2109 reactions, 250 molecules.
      [32m✓ All goal molecules found.[0m
      [32m✓ All goal reactions found.[0m
        [32m✓ Target reaction successfully synthesized in 1.87s![0m
      Evaluating reaction mos_360 (360/500)...
        [31m✗ Skipped reaction synthesis (missing molecule synthesis subproblem failed).[0m
      Evaluating reaction mos_361 (361/500)...
        [31m✗ Skipped reaction synthesis (missing molecule synthesis subproblem failed).[0m
      Evaluating reaction mos_362 (362/500)...
        [31m✗ Skipped reaction synthesis (missing molecule synthesis subproblem failed).[0m
      Evaluating reaction mos_363 (363/500)...
        [31m✗ Skipped reaction synthesis (missing molecule synthesis subproblem failed).[0m
      Evaluating reaction mos_364 (364/500)...
        [31m✗ Skipped reaction synthesis (missing molecule synthesis subproblem failed).[0m
      Evaluating reaction mos_365 (365/500)...
        [31m✗ Skipped reaction synthesis (missing molecule synthesis subproblem failed).[0m
      Evaluating reaction mos_366 (366/500)...
        [31m✗ Skipped reaction synthesis (missing molecule synthesis subproblem failed).[0m
      Evaluating reaction mos_367 (367/500)...
        [31m✗ Skipped reaction synthesis (missing molecule synthesis subproblem failed).[0m
      Evaluating reaction mos_368 (368/500)...
        [31m✗ Skipped reaction synthesis (missing molecule synthesis subproblem failed).[0m
      Evaluating reaction mos_369 (369/500)...
[Problem → Reactions] Found 1096 reactions, 250 molecules.
      [32m✓ All goal molecules found.[0m
      [32m✓ All goal reactions found.[0m
        [32m✓ Target reaction successfully synthesized in 4.77s![0m
      Evaluating reaction mos_370 (370/500)...
        [31m✗ Skipped reaction synthesis (missing molecule synthesis subproblem failed).[0m
      Evaluating reaction mos_371 (371/500)...
        [31m✗ Skipped reaction synthesis (missing molecule synthesis subproblem failed).[0m
      Evaluating reaction mos_372 (372/500)...
        [31m✗ Skipped reaction synthesis (missing molecule synthesis subproblem failed).[0m
      Evaluating reaction mos_373 (373/500)...
[Problem → Reactions] Found 5666 reactions, 250 molecules.
      [32m✓ All goal molecules found.[0m
      [32m✓ All goal reactions found.[0m
        [32m✓ Target reaction successfully synthesized in 8.84s![0m
      Evaluating reaction mos_374 (374/500)...
        [31m✗ Skipped reaction synthesis (missing molecule synthesis subproblem failed).[0m
      Evaluating reaction mos_375 (375/500)...
        [31m✗ Skipped reaction synthesis (missing molecule synthesis subproblem failed).[0m
      Evaluating reaction mos_376 (376/500)...
        [31m✗ Skipped reaction synthesis (missing molecule synthesis subproblem failed).[0m
      Evaluating reaction mos_377 (377/500)...
        [31m✗ Skipped reaction synthesis (missing molecule synthesis subproblem failed).[0m
      Evaluating reaction mos_378 (378/500)...
        [31m✗ Skipped reaction synthesis (missing molecule synthesis subproblem failed).[0m
      Evaluating reaction mos_379 (379/500)...
[Problem → Reactions] Found 1096 reactions, 250 molecules.
      [32m✓ All goal molecules found.[0m
      [32m✓ All goal reactions found.[0m
        [32m✓ Target reaction successfully synthesized in 4.73s![0m
      Evaluating reaction mos_380 (380/500)...
        [31m✗ Skipped reaction synthesis (missing molecule synthesis subproblem failed).[0m
      Evaluating reaction mos_381 (381/500)...
[Problem → Reactions] Found 2115 reactions, 250 molecules.
      [32m✓ All goal molecules found.[0m
      [32m✓ All goal reactions found.[0m
        [32m✓ Target reaction successfully synthesized in 2.01s![0m
      Evaluating reaction mos_382 (382/500)...
[Problem → Reactions] Found 2125 reactions, 250 molecules.
      [32m✓ All goal molecules found.[0m
      [32m✓ All goal reactions found.[0m
        [32m✓ Target reaction successfully synthesized in 2.55s![0m
      Evaluating reaction mos_383 (383/500)...
[Problem → Reactions] Found 5658 reactions, 250 molecules.
      [32m✓ All goal molecules found.[0m
      [32m✓ All goal reactions found.[0m
        [32m✓ Target reaction successfully synthesized in 7.75s![0m
      Evaluating reaction mos_384 (384/500)...
        [31m✗ Skipped reaction synthesis (missing molecule synthesis subproblem failed).[0m
      Evaluating reaction mos_385 (385/500)...
        [31m✗ Skipped reaction synthesis (missing molecule synthesis subproblem failed).[0m
      Evaluating reaction mos_386 (386/500)...
        [31m✗ Skipped reaction synthesis (missing molecule synthesis subproblem failed).[0m
      Evaluating reaction mos_387 (387/500)...
        [31m✗ Skipped reaction synthesis (missing molecule synthesis subproblem failed).[0m
      Evaluating reaction mos_388 (388/500)...
[Problem → Reactions] Found 30000 reactions, 250 molecules.
      [32m✓ All goal molecules found.[0m
      [31m✗ Missing goal reactions.[0m
        [31m✗ Synthesis failed or timed out in 64.84s.[0m
      Evaluating reaction mos_389 (389/500)...
        [31m✗ Skipped reaction synthesis (missing molecule synthesis subproblem failed).[0m
      Evaluating reaction mos_390 (390/500)...
[Problem → Reactions] Found 585 reactions, 250 molecules.
      [32m✓ All goal molecules found.[0m
      [32m✓ All goal reactions found.[0m
        [32m✓ Target reaction successfully synthesized in 0.85s![0m
      Evaluating reaction mos_391 (391/500)...
        [31m✗ Skipped reaction synthesis (missing molecule synthesis subproblem failed).[0m
      Evaluating reaction mos_392 (392/500)...
        [31m✗ Skipped reaction synthesis (missing molecule synthesis subproblem failed).[0m
      Evaluating reaction mos_393 (393/500)...
        [31m✗ Skipped reaction synthesis (missing molecule synthesis subproblem failed).[0m
      Evaluating reaction mos_394 (394/500)...
[Problem → Reactions] Found 604 reactions, 250 molecules.
      [32m✓ All goal molecules found.[0m
      [32m✓ All goal reactions found.[0m
        [32m✓ Target reaction successfully synthesized in 4.39s![0m
      Evaluating reaction mos_395 (395/500)...
        [31m✗ Skipped reaction synthesis (missing molecule synthesis subproblem failed).[0m
      Evaluating reaction mos_396 (396/500)...
        [31m✗ Skipped reaction synthesis (missing molecule synthesis subproblem failed).[0m
      Evaluating reaction mos_397 (397/500)...
        [31m✗ Skipped reaction synthesis (missing molecule synthesis subproblem failed).[0m
      Evaluating reaction mos_398 (398/500)...
        [31m✗ Skipped reaction synthesis (missing molecule synthesis subproblem failed).[0m
      Evaluating reaction mos_399 (399/500)...
        [31m✗ Skipped reaction synthesis (missing molecule synthesis subproblem failed).[0m
      Evaluating reaction mos_400 (400/500)...
[Problem → Reactions] Found 610 reactions, 250 molecules.
      [32m✓ All goal molecules found.[0m
      [32m✓ All goal reactions found.[0m
        [32m✓ Target reaction successfully synthesized in 4.49s![0m
      Evaluating reaction mos_401 (401/500)...
        [31m✗ Skipped reaction synthesis (missing molecule synthesis subproblem failed).[0m
      Evaluating reaction mos_402 (402/500)...
        [31m✗ Skipped reaction synthesis (missing molecule synthesis subproblem failed).[0m
      Evaluating reaction mos_403 (403/500)...
        [31m✗ Skipped reaction synthesis (missing molecule synthesis subproblem failed).[0m
      Evaluating reaction mos_404 (404/500)...
[Problem → Reactions] Found 1096 reactions, 250 molecules.
      [32m✓ All goal molecules found.[0m
      [32m✓ All goal reactions found.[0m
        [32m✓ Target reaction successfully synthesized in 4.29s![0m
      Evaluating reaction mos_405 (405/500)...
        [31m✗ Skipped reaction synthesis (missing molecule synthesis subproblem failed).[0m
      Evaluating reaction mos_406 (406/500)...
        [31m✗ Skipped reaction synthesis (missing molecule synthesis subproblem failed).[0m
      Evaluating reaction mos_407 (407/500)...
        [31m✗ Skipped reaction synthesis (missing molecule synthesis subproblem failed).[0m
      Evaluating reaction mos_408 (408/500)...
        [31m✗ Skipped reaction synthesis (missing molecule synthesis subproblem failed).[0m
      Evaluating reaction mos_409 (409/500)...
        [31m✗ Skipped reaction synthesis (missing molecule synthesis subproblem failed).[0m
      Evaluating reaction mos_410 (410/500)...
        [31m✗ Skipped reaction synthesis (missing molecule synthesis subproblem failed).[0m
      Evaluating reaction mos_411 (411/500)...
        [31m✗ Skipped reaction synthesis (missing molecule synthesis subproblem failed).[0m
      Evaluating reaction mos_412 (412/500)...
        [31m✗ Skipped reaction synthesis (missing molecule synthesis subproblem failed).[0m
      Evaluating reaction mos_413 (413/500)...
        [31m✗ Skipped reaction synthesis (missing molecule synthesis subproblem failed).[0m
      Evaluating reaction mos_414 (414/500)...
        [31m✗ Skipped reaction synthesis (missing molecule synthesis subproblem failed).[0m
      Evaluating reaction mos_415 (415/500)...
        [31m✗ Skipped reaction synthesis (missing molecule synthesis subproblem failed).[0m
      Evaluating reaction mos_416 (416/500)...
        [31m✗ Skipped reaction synthesis (missing molecule synthesis subproblem failed).[0m
      Evaluating reaction mos_417 (417/500)...
        [31m✗ Skipped reaction synthesis (missing molecule synthesis subproblem failed).[0m
      Evaluating reaction mos_418 (418/500)...
        [31m✗ Skipped reaction synthesis (missing molecule synthesis subproblem failed).[0m
      Evaluating reaction mos_419 (419/500)...
        [31m✗ Skipped reaction synthesis (missing molecule synthesis subproblem failed).[0m
      Evaluating reaction mos_420 (420/500)...
        [31m✗ Skipped reaction synthesis (missing molecule synthesis subproblem failed).[0m
      Evaluating reaction mos_421 (421/500)...
        [31m✗ Skipped reaction synthesis (missing molecule synthesis subproblem failed).[0m
      Evaluating reaction mos_422 (422/500)...
        [31m✗ Skipped reaction synthesis (missing molecule synthesis subproblem failed).[0m
      Evaluating reaction mos_423 (423/500)...
        [31m✗ Skipped reaction synthesis (missing molecule synthesis subproblem failed).[0m
      Evaluating reaction mos_424 (424/500)...
[Problem → Reactions] Found 950 reactions, 250 molecules.
      [32m✓ All goal molecules found.[0m
      [32m✓ All goal reactions found.[0m
        [32m✓ Target reaction successfully synthesized in 1.72s![0m
      Evaluating reaction mos_425 (425/500)...
        [31m✗ Skipped reaction synthesis (missing molecule synthesis subproblem failed).[0m
      Evaluating reaction mos_426 (426/500)...
        [31m✗ Skipped reaction synthesis (missing molecule synthesis subproblem failed).[0m
      Evaluating reaction mos_427 (427/500)...
        [31m✗ Skipped reaction synthesis (missing molecule synthesis subproblem failed).[0m
      Evaluating reaction mos_428 (428/500)...
[Problem → Reactions] Found 1096 reactions, 250 molecules.
      [32m✓ All goal molecules found.[0m
      [32m✓ All goal reactions found.[0m
        [32m✓ Target reaction successfully synthesized in 5.84s![0m
      Evaluating reaction mos_429 (429/500)...
        [31m✗ Skipped reaction synthesis (missing molecule synthesis subproblem failed).[0m
      Evaluating reaction mos_430 (430/500)...
[Problem → Reactions] Found 1096 reactions, 250 molecules.
      [32m✓ All goal molecules found.[0m
      [32m✓ All goal reactions found.[0m
        [32m✓ Target reaction successfully synthesized in 4.83s![0m
      Evaluating reaction mos_431 (431/500)...
        [31m✗ Skipped reaction synthesis (missing molecule synthesis subproblem failed).[0m
      Evaluating reaction mos_432 (432/500)...
        [31m✗ Skipped reaction synthesis (missing molecule synthesis subproblem failed).[0m
      Evaluating reaction mos_433 (433/500)...
        [31m✗ Skipped reaction synthesis (missing molecule synthesis subproblem failed).[0m
      Evaluating reaction mos_434 (434/500)...
        [31m✗ Skipped reaction synthesis (missing molecule synthesis subproblem failed).[0m
      Evaluating reaction mos_435 (435/500)...
        [31m✗ Skipped reaction synthesis (missing molecule synthesis subproblem failed).[0m
      Evaluating reaction mos_436 (436/500)...
        [31m✗ Skipped reaction synthesis (missing molecule synthesis subproblem failed).[0m
      Evaluating reaction mos_437 (437/500)...
        [31m✗ Skipped reaction synthesis (missing molecule synthesis subproblem failed).[0m
      Evaluating reaction mos_438 (438/500)...
        [31m✗ Skipped reaction synthesis (missing molecule synthesis subproblem failed).[0m
      Evaluating reaction mos_439 (439/500)...
        [31m✗ Skipped reaction synthesis (missing molecule synthesis subproblem failed).[0m
      Evaluating reaction mos_440 (440/500)...
[Problem → Reactions] Found 2109 reactions, 250 molecules.
      [32m✓ All goal molecules found.[0m
      [32m✓ All goal reactions found.[0m
        [32m✓ Target reaction successfully synthesized in 1.59s![0m
      Evaluating reaction mos_441 (441/500)...
[Problem → Reactions] Found 950 reactions, 250 molecules.
      [32m✓ All goal molecules found.[0m
      [32m✓ All goal reactions found.[0m
        [32m✓ Target reaction successfully synthesized in 1.66s![0m
      Evaluating reaction mos_442 (442/500)...
        [31m✗ Skipped reaction synthesis (missing molecule synthesis subproblem failed).[0m
      Evaluating reaction mos_443 (443/500)...
        [31m✗ Skipped reaction synthesis (missing molecule synthesis subproblem failed).[0m
      Evaluating reaction mos_444 (444/500)...
        [31m✗ Skipped reaction synthesis (missing molecule synthesis subproblem failed).[0m
      Evaluating reaction mos_445 (445/500)...
        [31m✗ Skipped reaction synthesis (missing molecule synthesis subproblem failed).[0m
      Evaluating reaction mos_446 (446/500)...
        [31m✗ Skipped reaction synthesis (missing molecule synthesis subproblem failed).[0m
      Evaluating reaction mos_447 (447/500)...
[Problem → Reactions] Found 2081 reactions, 250 molecules.
      [32m✓ All goal molecules found.[0m
      [32m✓ All goal reactions found.[0m
        [32m✓ Target reaction successfully synthesized in 2.53s![0m
      Evaluating reaction mos_448 (448/500)...
        [31m✗ Skipped reaction synthesis (missing molecule synthesis subproblem failed).[0m
      Evaluating reaction mos_449 (449/500)...
        [31m✗ Skipped reaction synthesis (missing molecule synthesis subproblem failed).[0m
      Evaluating reaction mos_450 (450/500)...
        [31m✗ Skipped reaction synthesis (missing molecule synthesis subproblem failed).[0m
      Evaluating reaction mos_451 (451/500)...
        [31m✗ Skipped reaction synthesis (missing molecule synthesis subproblem failed).[0m
      Evaluating reaction mos_452 (452/500)...
        [31m✗ Skipped reaction synthesis (missing molecule synthesis subproblem failed).[0m
      Evaluating reaction mos_453 (453/500)...
        [31m✗ Skipped reaction synthesis (missing molecule synthesis subproblem failed).[0m
      Evaluating reaction mos_454 (454/500)...
        [31m✗ Skipped reaction synthesis (missing molecule synthesis subproblem failed).[0m
      Evaluating reaction mos_455 (455/500)...
[Problem → Reactions] Found 1096 reactions, 250 molecules.
      [32m✓ All goal molecules found.[0m
      [32m✓ All goal reactions found.[0m
        [32m✓ Target reaction successfully synthesized in 4.65s![0m
      Evaluating reaction mos_456 (456/500)...
        [31m✗ Skipped reaction synthesis (missing molecule synthesis subproblem failed).[0m
      Evaluating reaction mos_457 (457/500)...
        [31m✗ Skipped reaction synthesis (missing molecule synthesis subproblem failed).[0m
      Evaluating reaction mos_458 (458/500)...
        [31m✗ Skipped reaction synthesis (missing molecule synthesis subproblem failed).[0m
      Evaluating reaction mos_459 (459/500)...
        [31m✗ Skipped reaction synthesis (missing molecule synthesis subproblem failed).[0m
      Evaluating reaction mos_460 (460/500)...
        [31m✗ Skipped reaction synthesis (missing molecule synthesis subproblem failed).[0m
      Evaluating reaction mos_461 (461/500)...
        [31m✗ Skipped reaction synthesis (missing molecule synthesis subproblem failed).[0m
      Evaluating reaction mos_462 (462/500)...
        [31m✗ Skipped reaction synthesis (missing molecule synthesis subproblem failed).[0m
      Evaluating reaction mos_463 (463/500)...
        [31m✗ Skipped reaction synthesis (missing molecule synthesis subproblem failed).[0m
      Evaluating reaction mos_464 (464/500)...
        [31m✗ Skipped reaction synthesis (missing molecule synthesis subproblem failed).[0m
      Evaluating reaction mos_465 (465/500)...
        [31m✗ Skipped reaction synthesis (missing molecule synthesis subproblem failed).[0m
      Evaluating reaction mos_466 (466/500)...
        [31m✗ Skipped reaction synthesis (missing molecule synthesis subproblem failed).[0m
      Evaluating reaction mos_467 (467/500)...
        [31m✗ Skipped reaction synthesis (missing molecule synthesis subproblem failed).[0m
      Evaluating reaction mos_468 (468/500)...
        [31m✗ Skipped reaction synthesis (missing molecule synthesis subproblem failed).[0m
      Evaluating reaction mos_469 (469/500)...
        [31m✗ Skipped reaction synthesis (missing molecule synthesis subproblem failed).[0m
      Evaluating reaction mos_470 (470/500)...
[Problem → Reactions] Found 1376 reactions, 250 molecules.
      [32m✓ All goal molecules found.[0m
      [32m✓ All goal reactions found.[0m
        [32m✓ Target reaction successfully synthesized in 4.92s![0m
      Evaluating reaction mos_471 (471/500)...
[Problem → Reactions] Found 30000 reactions, 250 molecules.
      [32m✓ All goal molecules found.[0m
      [31m✗ Missing goal reactions.[0m
        [31m✗ Synthesis failed or timed out in 66.44s.[0m
      Evaluating reaction mos_472 (472/500)...
        [31m✗ Skipped reaction synthesis (missing molecule synthesis subproblem failed).[0m
      Evaluating reaction mos_473 (473/500)...
        [31m✗ Skipped reaction synthesis (missing molecule synthesis subproblem failed).[0m
      Evaluating reaction mos_474 (474/500)...
[Problem → Reactions] Found 2089 reactions, 250 molecules.
      [32m✓ All goal molecules found.[0m
      [32m✓ All goal reactions found.[0m
        [32m✓ Target reaction successfully synthesized in 1.78s![0m
      Evaluating reaction mos_475 (475/500)...
        [31m✗ Skipped reaction synthesis (missing molecule synthesis subproblem failed).[0m
      Evaluating reaction mos_476 (476/500)...
        [31m✗ Skipped reaction synthesis (missing molecule synthesis subproblem failed).[0m
      Evaluating reaction mos_477 (477/500)...
        [31m✗ Skipped reaction synthesis (missing molecule synthesis subproblem failed).[0m
      Evaluating reaction mos_478 (478/500)...
        [31m✗ Skipped reaction synthesis (missing molecule synthesis subproblem failed).[0m
      Evaluating reaction mos_479 (479/500)...
[Problem → Reactions] Found 927 reactions, 250 molecules.
      [32m✓ All goal molecules found.[0m
      [32m✓ All goal reactions found.[0m
        [32m✓ Target reaction successfully synthesized in 1.36s![0m
      Evaluating reaction mos_480 (480/500)...
        [31m✗ Skipped reaction synthesis (missing molecule synthesis subproblem failed).[0m
      Evaluating reaction mos_481 (481/500)...
        [31m✗ Skipped reaction synthesis (missing molecule synthesis subproblem failed).[0m
      Evaluating reaction mos_482 (482/500)...
[Problem → Reactions] Found 30000 reactions, 250 molecules.
      [32m✓ All goal molecules found.[0m
      [31m✗ Missing goal reactions.[0m
        [31m✗ Synthesis failed or timed out in 59.94s.[0m
      Evaluating reaction mos_483 (483/500)...
        [31m✗ Skipped reaction synthesis (missing molecule synthesis subproblem failed).[0m
      Evaluating reaction mos_484 (484/500)...
[Problem → Reactions] Found 1096 reactions, 250 molecules.
      [32m✓ All goal molecules found.[0m
      [32m✓ All goal reactions found.[0m
        [32m✓ Target reaction successfully synthesized in 5.4s![0m
      Evaluating reaction mos_485 (485/500)...
        [31m✗ Skipped reaction synthesis (missing molecule synthesis subproblem failed).[0m
      Evaluating reaction mos_486 (486/500)...
        [31m✗ Skipped reaction synthesis (missing molecule synthesis subproblem failed).[0m
      Evaluating reaction mos_487 (487/500)...
        [31m✗ Skipped reaction synthesis (missing molecule synthesis subproblem failed).[0m
      Evaluating reaction mos_488 (488/500)...
        [31m✗ Skipped reaction synthesis (missing molecule synthesis subproblem failed).[0m
      Evaluating reaction mos_489 (489/500)...
        [31m✗ Skipped reaction synthesis (missing molecule synthesis subproblem failed).[0m
      Evaluating reaction mos_490 (490/500)...
        [31m✗ Skipped reaction synthesis (missing molecule synthesis subproblem failed).[0m
      Evaluating reaction mos_491 (491/500)...
        [31m✗ Skipped reaction synthesis (missing molecule synthesis subproblem failed).[0m
      Evaluating reaction mos_492 (492/500)...
[Problem → Reactions] Found 1074 reactions, 250 molecules.
      [32m✓ All goal molecules found.[0m
      [32m✓ All goal reactions found.[0m
        [32m✓ Target reaction successfully synthesized in 5.41s![0m
      Evaluating reaction mos_493 (493/500)...
        [31m✗ Skipped reaction synthesis (missing molecule synthesis subproblem failed).[0m
      Evaluating reaction mos_494 (494/500)...
[Problem → Reactions] Found 30000 reactions, 250 molecules.
      [32m✓ All goal molecules found.[0m
      [31m✗ Missing goal reactions.[0m
        [31m✗ Synthesis failed or timed out in 87.97s.[0m
      Evaluating reaction mos_495 (495/500)...
        [31m✗ Skipped reaction synthesis (missing molecule synthesis subproblem failed).[0m
      Evaluating reaction mos_496 (496/500)...
        [31m✗ Skipped reaction synthesis (missing molecule synthesis subproblem failed).[0m
      Evaluating reaction mos_497 (497/500)...
        [31m✗ Skipped reaction synthesis (missing molecule synthesis subproblem failed).[0m
      Evaluating reaction mos_498 (498/500)...
        [31m✗ Skipped reaction synthesis (missing molecule synthesis subproblem failed).[0m
      Evaluating reaction mos_499 (499/500)...
[Problem → Reactions] Found 1096 reactions, 250 molecules.
      [32m✓ All goal molecules found.[0m
      [32m✓ All goal reactions found.[0m
        [32m✓ Target reaction successfully synthesized in 7.62s![0m
      Evaluating reaction mos_500 (500/500)...
        [31m✗ Skipped reaction synthesis (missing molecule synthesis subproblem failed).[0m

      Synthesis Performance (Metric: tanimoto, Without fragments) on Tractable Subspace:
        - Evaluated runs: 500
        - Success rate:   14.2%
        - Average time:   3.94s

=======================================================
✓ Benchmark results successfully recorded!
  - Run Folder:  /home/puzzl3dtur7le/Workspace/CRNSynthesizer/benchmark/results/2026-06-08_13-16-33
=======================================================
=======================================================
