
=======================================================
Running Automated SynRXN rbl/mnc Tractability Benchmark
=======================================================
Successfully loaded SynRXN rbl/mnc dataset with 33147 records.
Scanning the first 512 records for parsability...

Classification Summary (first 512 records):
  ✓ Parsed:   512
  ✗ Failed parsing: 0

Performing JIT warm-up on the first parsed problem...
[Atoms → Molecules] Found 250 molecules.
      [31m✗ Missing goal molecules.[0m
[Problem → Reactions] Found 30000 reactions, 250 molecules.
      [31m✗ Missing goal molecules.[0m
Warm-up complete.


Evaluating synthesis (stages molecules -> reactions only) on the first 500 parsed problems...

    [1m[With fragments][0m
    Running missing molecule synthesis subproblem (Atoms → Molecules)...
      Filtering reaction mnc_1 (1/500)...
[Atoms → Molecules] Found 250 molecules.
      [31m✗ Missing goal molecules.[0m
        [31m✗ Missing molecule synthesis subproblem failed in 0.67s[0m
      Filtering reaction mnc_2 (2/500)...
[Atoms → Molecules] Found 250 molecules.
      [31m✗ Missing goal molecules.[0m
        [31m✗ Missing molecule synthesis subproblem failed in 1.58s[0m
      Filtering reaction mnc_3 (3/500)...
[Atoms → Molecules] Found 250 molecules.
      [31m✗ Missing goal molecules.[0m
        [31m✗ Missing molecule synthesis subproblem failed in 0.78s[0m
      Filtering reaction mnc_4 (4/500)...
[Atoms → Molecules] Found 183 molecules.
      [32m✓ All goal molecules found.[0m
        [32m✓ Missing molecule synthesis subproblem passed in 0.96s[0m
      Filtering reaction mnc_5 (5/500)...
[Atoms → Molecules] Found 250 molecules.
      [31m✗ Missing goal molecules.[0m
        [31m✗ Missing molecule synthesis subproblem failed in 0.87s[0m
      Filtering reaction mnc_6 (6/500)...
[Atoms → Molecules] Found 43 molecules.
      [32m✓ All goal molecules found.[0m
        [32m✓ Missing molecule synthesis subproblem passed in 0.16s[0m
      Filtering reaction mnc_7 (7/500)...
[Atoms → Molecules] Found 104 molecules.
      [32m✓ All goal molecules found.[0m
        [32m✓ Missing molecule synthesis subproblem passed in 0.28s[0m
      Filtering reaction mnc_8 (8/500)...
[Atoms → Molecules] Found 55 molecules.
      [32m✓ All goal molecules found.[0m
        [32m✓ Missing molecule synthesis subproblem passed in 0.26s[0m
      Filtering reaction mnc_9 (9/500)...
[Atoms → Molecules] Found 250 molecules.
      [31m✗ Missing goal molecules.[0m
        [31m✗ Missing molecule synthesis subproblem failed in 0.96s[0m
      Filtering reaction mnc_10 (10/500)...
[Atoms → Molecules] Found 57 molecules.
      [32m✓ All goal molecules found.[0m
        [32m✓ Missing molecule synthesis subproblem passed in 0.15s[0m
      Filtering reaction mnc_11 (11/500)...
[Atoms → Molecules] Found 24 molecules.
      [32m✓ All goal molecules found.[0m
        [32m✓ Missing molecule synthesis subproblem passed in 0.14s[0m
      Filtering reaction mnc_12 (12/500)...
[Atoms → Molecules] Found 43 molecules.
      [32m✓ All goal molecules found.[0m
        [32m✓ Missing molecule synthesis subproblem passed in 0.1s[0m
      Filtering reaction mnc_13 (13/500)...
[Atoms → Molecules] Found 26 molecules.
      [32m✓ All goal molecules found.[0m
        [32m✓ Missing molecule synthesis subproblem passed in 0.08s[0m
      Filtering reaction mnc_14 (14/500)...
[Atoms → Molecules] Found 10 molecules.
      [32m✓ All goal molecules found.[0m
        [32m✓ Missing molecule synthesis subproblem passed in 0.05s[0m
      Filtering reaction mnc_15 (15/500)...
[Atoms → Molecules] Found 37 molecules.
      [32m✓ All goal molecules found.[0m
        [32m✓ Missing molecule synthesis subproblem passed in 0.11s[0m
      Filtering reaction mnc_16 (16/500)...
[Atoms → Molecules] Found 250 molecules.
      [31m✗ Missing goal molecules.[0m
        [31m✗ Missing molecule synthesis subproblem failed in 1.15s[0m
      Filtering reaction mnc_17 (17/500)...
[Atoms → Molecules] Found 17 molecules.
      [32m✓ All goal molecules found.[0m
        [32m✓ Missing molecule synthesis subproblem passed in 0.03s[0m
      Filtering reaction mnc_18 (18/500)...
[Atoms → Molecules] Found 55 molecules.
      [32m✓ All goal molecules found.[0m
        [32m✓ Missing molecule synthesis subproblem passed in 0.23s[0m
      Filtering reaction mnc_19 (19/500)...
[Atoms → Molecules] Found 92 molecules.
      [32m✓ All goal molecules found.[0m
        [32m✓ Missing molecule synthesis subproblem passed in 0.23s[0m
      Filtering reaction mnc_20 (20/500)...
[Atoms → Molecules] Found 250 molecules.
      [31m✗ Missing goal molecules.[0m
        [31m✗ Missing molecule synthesis subproblem failed in 1.31s[0m
      Filtering reaction mnc_21 (21/500)...
[Atoms → Molecules] Found 250 molecules.
      [31m✗ Missing goal molecules.[0m
        [31m✗ Missing molecule synthesis subproblem failed in 0.72s[0m
      Filtering reaction mnc_22 (22/500)...
[Atoms → Molecules] Found 183 molecules.
      [32m✓ All goal molecules found.[0m
        [32m✓ Missing molecule synthesis subproblem passed in 0.57s[0m
      Filtering reaction mnc_23 (23/500)...
[Atoms → Molecules] Found 12 molecules.
      [32m✓ All goal molecules found.[0m
        [32m✓ Missing molecule synthesis subproblem passed in 0.02s[0m
      Filtering reaction mnc_24 (24/500)...
[Atoms → Molecules] Found 203 molecules.
      [32m✓ All goal molecules found.[0m
        [32m✓ Missing molecule synthesis subproblem passed in 1.08s[0m
      Filtering reaction mnc_25 (25/500)...
[Atoms → Molecules] Found 66 molecules.
      [32m✓ All goal molecules found.[0m
        [32m✓ Missing molecule synthesis subproblem passed in 0.32s[0m
      Filtering reaction mnc_26 (26/500)...
[Atoms → Molecules] Found 44 molecules.
      [32m✓ All goal molecules found.[0m
        [32m✓ Missing molecule synthesis subproblem passed in 0.17s[0m
      Filtering reaction mnc_27 (27/500)...
[Atoms → Molecules] Found 100 molecules.
      [32m✓ All goal molecules found.[0m
        [32m✓ Missing molecule synthesis subproblem passed in 0.31s[0m
      Filtering reaction mnc_28 (28/500)...
[Atoms → Molecules] Found 250 molecules.
      [31m✗ Missing goal molecules.[0m
        [31m✗ Missing molecule synthesis subproblem failed in 1.28s[0m
      Filtering reaction mnc_29 (29/500)...
[Atoms → Molecules] Found 53 molecules.
      [32m✓ All goal molecules found.[0m
        [32m✓ Missing molecule synthesis subproblem passed in 0.18s[0m
      Filtering reaction mnc_30 (30/500)...
[Atoms → Molecules] Found 250 molecules.
      [31m✗ Missing goal molecules.[0m
        [31m✗ Missing molecule synthesis subproblem failed in 1.16s[0m
      Filtering reaction mnc_31 (31/500)...
[Atoms → Molecules] Found 52 molecules.
      [32m✓ All goal molecules found.[0m
        [32m✓ Missing molecule synthesis subproblem passed in 0.34s[0m
      Filtering reaction mnc_32 (32/500)...
[Atoms → Molecules] Found 10 molecules.
      [32m✓ All goal molecules found.[0m
        [32m✓ Missing molecule synthesis subproblem passed in 0.02s[0m
      Filtering reaction mnc_33 (33/500)...
[Atoms → Molecules] Found 155 molecules.
      [32m✓ All goal molecules found.[0m
        [32m✓ Missing molecule synthesis subproblem passed in 1.03s[0m
      Filtering reaction mnc_34 (34/500)...
[Atoms → Molecules] Found 250 molecules.
      [31m✗ Missing goal molecules.[0m
        [31m✗ Missing molecule synthesis subproblem failed in 0.7s[0m
      Filtering reaction mnc_35 (35/500)...
[Atoms → Molecules] Found 250 molecules.
      [31m✗ Missing goal molecules.[0m
        [31m✗ Missing molecule synthesis subproblem failed in 2.02s[0m
      Filtering reaction mnc_36 (36/500)...
[Atoms → Molecules] Found 28 molecules.
      [32m✓ All goal molecules found.[0m
        [32m✓ Missing molecule synthesis subproblem passed in 0.09s[0m
      Filtering reaction mnc_37 (37/500)...
[Atoms → Molecules] Found 157 molecules.
      [32m✓ All goal molecules found.[0m
        [32m✓ Missing molecule synthesis subproblem passed in 0.4s[0m
      Filtering reaction mnc_38 (38/500)...
[Atoms → Molecules] Found 81 molecules.
      [32m✓ All goal molecules found.[0m
        [32m✓ Missing molecule synthesis subproblem passed in 0.22s[0m
      Filtering reaction mnc_39 (39/500)...
[Atoms → Molecules] Found 154 molecules.
      [32m✓ All goal molecules found.[0m
        [32m✓ Missing molecule synthesis subproblem passed in 0.68s[0m
      Filtering reaction mnc_40 (40/500)...
[Atoms → Molecules] Found 250 molecules.
      [31m✗ Missing goal molecules.[0m
        [31m✗ Missing molecule synthesis subproblem failed in 0.69s[0m
      Filtering reaction mnc_41 (41/500)...
[Atoms → Molecules] Found 23 molecules.
      [32m✓ All goal molecules found.[0m
        [32m✓ Missing molecule synthesis subproblem passed in 0.14s[0m
      Filtering reaction mnc_42 (42/500)...
[Atoms → Molecules] Found 250 molecules.
      [31m✗ Missing goal molecules.[0m
        [31m✗ Missing molecule synthesis subproblem failed in 1.75s[0m
      Filtering reaction mnc_43 (43/500)...
[Atoms → Molecules] Found 225 molecules.
      [32m✓ All goal molecules found.[0m
        [32m✓ Missing molecule synthesis subproblem passed in 0.73s[0m
      Filtering reaction mnc_44 (44/500)...
[Atoms → Molecules] Found 250 molecules.
      [31m✗ Missing goal molecules.[0m
        [31m✗ Missing molecule synthesis subproblem failed in 0.94s[0m
      Filtering reaction mnc_45 (45/500)...
[Atoms → Molecules] Found 250 molecules.
      [31m✗ Missing goal molecules.[0m
        [31m✗ Missing molecule synthesis subproblem failed in 0.43s[0m
      Filtering reaction mnc_46 (46/500)...
[Atoms → Molecules] Found 23 molecules.
      [32m✓ All goal molecules found.[0m
        [32m✓ Missing molecule synthesis subproblem passed in 0.06s[0m
      Filtering reaction mnc_47 (47/500)...
[Atoms → Molecules] Found 10 molecules.
      [32m✓ All goal molecules found.[0m
        [32m✓ Missing molecule synthesis subproblem passed in 0.02s[0m
      Filtering reaction mnc_48 (48/500)...
[Atoms → Molecules] Found 68 molecules.
      [32m✓ All goal molecules found.[0m
        [32m✓ Missing molecule synthesis subproblem passed in 0.3s[0m
      Filtering reaction mnc_49 (49/500)...
[Atoms → Molecules] Found 250 molecules.
      [31m✗ Missing goal molecules.[0m
        [31m✗ Missing molecule synthesis subproblem failed in 1.64s[0m
      Filtering reaction mnc_50 (50/500)...
[Atoms → Molecules] Found 7 molecules.
      [32m✓ All goal molecules found.[0m
        [32m✓ Missing molecule synthesis subproblem passed in 0.03s[0m
      Filtering reaction mnc_51 (51/500)...
[Atoms → Molecules] Found 168 molecules.
      [32m✓ All goal molecules found.[0m
        [32m✓ Missing molecule synthesis subproblem passed in 0.34s[0m
      Filtering reaction mnc_52 (52/500)...
[Atoms → Molecules] Found 250 molecules.
      [31m✗ Missing goal molecules.[0m
        [31m✗ Missing molecule synthesis subproblem failed in 0.64s[0m
      Filtering reaction mnc_53 (53/500)...
[Atoms → Molecules] Found 62 molecules.
      [32m✓ All goal molecules found.[0m
        [32m✓ Missing molecule synthesis subproblem passed in 0.18s[0m
      Filtering reaction mnc_54 (54/500)...
[Atoms → Molecules] Found 57 molecules.
      [32m✓ All goal molecules found.[0m
        [32m✓ Missing molecule synthesis subproblem passed in 0.3s[0m
      Filtering reaction mnc_55 (55/500)...
[Atoms → Molecules] Found 250 molecules.
      [31m✗ Missing goal molecules.[0m
        [31m✗ Missing molecule synthesis subproblem failed in 0.59s[0m
      Filtering reaction mnc_56 (56/500)...
[Atoms → Molecules] Found 155 molecules.
      [32m✓ All goal molecules found.[0m
        [32m✓ Missing molecule synthesis subproblem passed in 0.52s[0m
      Filtering reaction mnc_57 (57/500)...
[Atoms → Molecules] Found 130 molecules.
      [32m✓ All goal molecules found.[0m
        [32m✓ Missing molecule synthesis subproblem passed in 0.34s[0m
      Filtering reaction mnc_58 (58/500)...
[Atoms → Molecules] Found 128 molecules.
      [32m✓ All goal molecules found.[0m
        [32m✓ Missing molecule synthesis subproblem passed in 0.37s[0m
      Filtering reaction mnc_59 (59/500)...
[Atoms → Molecules] Found 250 molecules.
      [31m✗ Missing goal molecules.[0m
        [31m✗ Missing molecule synthesis subproblem failed in 1.01s[0m
      Filtering reaction mnc_60 (60/500)...
[Atoms → Molecules] Found 250 molecules.
      [31m✗ Missing goal molecules.[0m
        [31m✗ Missing molecule synthesis subproblem failed in 0.93s[0m
      Filtering reaction mnc_61 (61/500)...
[Atoms → Molecules] Found 51 molecules.
      [32m✓ All goal molecules found.[0m
        [32m✓ Missing molecule synthesis subproblem passed in 0.21s[0m
      Filtering reaction mnc_62 (62/500)...
[Atoms → Molecules] Found 250 molecules.
      [31m✗ Missing goal molecules.[0m
        [31m✗ Missing molecule synthesis subproblem failed in 0.97s[0m
      Filtering reaction mnc_63 (63/500)...
[Atoms → Molecules] Found 64 molecules.
      [32m✓ All goal molecules found.[0m
        [32m✓ Missing molecule synthesis subproblem passed in 0.28s[0m
      Filtering reaction mnc_64 (64/500)...
[Atoms → Molecules] Found 250 molecules.
      [31m✗ Missing goal molecules.[0m
        [31m✗ Missing molecule synthesis subproblem failed in 0.85s[0m
      Filtering reaction mnc_65 (65/500)...
[Atoms → Molecules] Found 128 molecules.
      [32m✓ All goal molecules found.[0m
        [32m✓ Missing molecule synthesis subproblem passed in 0.35s[0m
      Filtering reaction mnc_66 (66/500)...
[Atoms → Molecules] Found 250 molecules.
      [31m✗ Missing goal molecules.[0m
        [31m✗ Missing molecule synthesis subproblem failed in 1.23s[0m
      Filtering reaction mnc_67 (67/500)...
[Atoms → Molecules] Found 40 molecules.
      [32m✓ All goal molecules found.[0m
        [32m✓ Missing molecule synthesis subproblem passed in 0.29s[0m
      Filtering reaction mnc_68 (68/500)...
[Atoms → Molecules] Found 50 molecules.
      [32m✓ All goal molecules found.[0m
        [32m✓ Missing molecule synthesis subproblem passed in 0.21s[0m
      Filtering reaction mnc_69 (69/500)...
[Atoms → Molecules] Found 36 molecules.
      [32m✓ All goal molecules found.[0m
        [32m✓ Missing molecule synthesis subproblem passed in 0.09s[0m
      Filtering reaction mnc_70 (70/500)...
[Atoms → Molecules] Found 106 molecules.
      [32m✓ All goal molecules found.[0m
        [32m✓ Missing molecule synthesis subproblem passed in 0.57s[0m
      Filtering reaction mnc_71 (71/500)...
[Atoms → Molecules] Found 250 molecules.
      [31m✗ Missing goal molecules.[0m
        [31m✗ Missing molecule synthesis subproblem failed in 0.53s[0m
      Filtering reaction mnc_72 (72/500)...
[Atoms → Molecules] Found 40 molecules.
      [32m✓ All goal molecules found.[0m
        [32m✓ Missing molecule synthesis subproblem passed in 0.13s[0m
      Filtering reaction mnc_73 (73/500)...
[Atoms → Molecules] Found 22 molecules.
      [32m✓ All goal molecules found.[0m
        [32m✓ Missing molecule synthesis subproblem passed in 0.13s[0m
      Filtering reaction mnc_74 (74/500)...
[Atoms → Molecules] Found 14 molecules.
      [32m✓ All goal molecules found.[0m
        [32m✓ Missing molecule synthesis subproblem passed in 0.04s[0m
      Filtering reaction mnc_75 (75/500)...
[Atoms → Molecules] Found 68 molecules.
      [32m✓ All goal molecules found.[0m
        [32m✓ Missing molecule synthesis subproblem passed in 0.29s[0m
      Filtering reaction mnc_76 (76/500)...
[Atoms → Molecules] Found 197 molecules.
      [32m✓ All goal molecules found.[0m
        [32m✓ Missing molecule synthesis subproblem passed in 0.63s[0m
      Filtering reaction mnc_77 (77/500)...
[Atoms → Molecules] Found 250 molecules.
      [31m✗ Missing goal molecules.[0m
        [31m✗ Missing molecule synthesis subproblem failed in 1.1s[0m
      Filtering reaction mnc_78 (78/500)...
[Atoms → Molecules] Found 44 molecules.
      [32m✓ All goal molecules found.[0m
        [32m✓ Missing molecule synthesis subproblem passed in 0.12s[0m
      Filtering reaction mnc_79 (79/500)...
[Atoms → Molecules] Found 107 molecules.
      [32m✓ All goal molecules found.[0m
        [32m✓ Missing molecule synthesis subproblem passed in 0.23s[0m
      Filtering reaction mnc_80 (80/500)...
[Atoms → Molecules] Found 250 molecules.
      [31m✗ Missing goal molecules.[0m
        [31m✗ Missing molecule synthesis subproblem failed in 0.85s[0m
      Filtering reaction mnc_81 (81/500)...
[Atoms → Molecules] Found 250 molecules.
      [31m✗ Missing goal molecules.[0m
        [31m✗ Missing molecule synthesis subproblem failed in 0.98s[0m
      Filtering reaction mnc_82 (82/500)...
[Atoms → Molecules] Found 250 molecules.
      [31m✗ Missing goal molecules.[0m
        [31m✗ Missing molecule synthesis subproblem failed in 0.85s[0m
      Filtering reaction mnc_83 (83/500)...
[Atoms → Molecules] Found 17 molecules.
      [32m✓ All goal molecules found.[0m
        [32m✓ Missing molecule synthesis subproblem passed in 0.13s[0m
      Filtering reaction mnc_84 (84/500)...
[Atoms → Molecules] Found 101 molecules.
      [32m✓ All goal molecules found.[0m
        [32m✓ Missing molecule synthesis subproblem passed in 0.34s[0m
      Filtering reaction mnc_85 (85/500)...
[Atoms → Molecules] Found 250 molecules.
      [31m✗ Missing goal molecules.[0m
        [31m✗ Missing molecule synthesis subproblem failed in 2.25s[0m
      Filtering reaction mnc_86 (86/500)...
[Atoms → Molecules] Found 87 molecules.
      [32m✓ All goal molecules found.[0m
        [32m✓ Missing molecule synthesis subproblem passed in 0.36s[0m
      Filtering reaction mnc_87 (87/500)...
[Atoms → Molecules] Found 250 molecules.
      [31m✗ Missing goal molecules.[0m
        [31m✗ Missing molecule synthesis subproblem failed in 0.92s[0m
      Filtering reaction mnc_88 (88/500)...
[Atoms → Molecules] Found 118 molecules.
      [32m✓ All goal molecules found.[0m
        [32m✓ Missing molecule synthesis subproblem passed in 0.51s[0m
      Filtering reaction mnc_89 (89/500)...
[Atoms → Molecules] Found 61 molecules.
      [32m✓ All goal molecules found.[0m
        [32m✓ Missing molecule synthesis subproblem passed in 0.22s[0m
      Filtering reaction mnc_90 (90/500)...
[Atoms → Molecules] Found 250 molecules.
      [31m✗ Missing goal molecules.[0m
        [31m✗ Missing molecule synthesis subproblem failed in 0.61s[0m
      Filtering reaction mnc_91 (91/500)...
[Atoms → Molecules] Found 250 molecules.
      [31m✗ Missing goal molecules.[0m
        [31m✗ Missing molecule synthesis subproblem failed in 1.21s[0m
      Filtering reaction mnc_92 (92/500)...
[Atoms → Molecules] Found 35 molecules.
      [32m✓ All goal molecules found.[0m
        [32m✓ Missing molecule synthesis subproblem passed in 0.11s[0m
      Filtering reaction mnc_93 (93/500)...
[Atoms → Molecules] Found 118 molecules.
      [32m✓ All goal molecules found.[0m
        [32m✓ Missing molecule synthesis subproblem passed in 0.25s[0m
      Filtering reaction mnc_94 (94/500)...
[Atoms → Molecules] Found 56 molecules.
      [32m✓ All goal molecules found.[0m
        [32m✓ Missing molecule synthesis subproblem passed in 0.12s[0m
      Filtering reaction mnc_95 (95/500)...
[Atoms → Molecules] Found 250 molecules.
      [31m✗ Missing goal molecules.[0m
        [31m✗ Missing molecule synthesis subproblem failed in 1.08s[0m
      Filtering reaction mnc_96 (96/500)...
[Atoms → Molecules] Found 250 molecules.
      [31m✗ Missing goal molecules.[0m
        [31m✗ Missing molecule synthesis subproblem failed in 0.9s[0m
      Filtering reaction mnc_97 (97/500)...
[Atoms → Molecules] Found 250 molecules.
      [31m✗ Missing goal molecules.[0m
        [31m✗ Missing molecule synthesis subproblem failed in 1.04s[0m
      Filtering reaction mnc_98 (98/500)...
[Atoms → Molecules] Found 250 molecules.
      [31m✗ Missing goal molecules.[0m
        [31m✗ Missing molecule synthesis subproblem failed in 0.52s[0m
      Filtering reaction mnc_99 (99/500)...
[Atoms → Molecules] Found 14 molecules.
      [32m✓ All goal molecules found.[0m
        [32m✓ Missing molecule synthesis subproblem passed in 0.07s[0m
      Filtering reaction mnc_100 (100/500)...
[Atoms → Molecules] Found 250 molecules.
      [31m✗ Missing goal molecules.[0m
        [31m✗ Missing molecule synthesis subproblem failed in 0.86s[0m
      Filtering reaction mnc_101 (101/500)...
[Atoms → Molecules] Found 250 molecules.
      [31m✗ Missing goal molecules.[0m
        [31m✗ Missing molecule synthesis subproblem failed in 1.06s[0m
      Filtering reaction mnc_102 (102/500)...
[Atoms → Molecules] Found 250 molecules.
      [31m✗ Missing goal molecules.[0m
        [31m✗ Missing molecule synthesis subproblem failed in 1.2s[0m
      Filtering reaction mnc_103 (103/500)...
[Atoms → Molecules] Found 186 molecules.
      [32m✓ All goal molecules found.[0m
        [32m✓ Missing molecule synthesis subproblem passed in 0.57s[0m
      Filtering reaction mnc_104 (104/500)...
[Atoms → Molecules] Found 108 molecules.
      [32m✓ All goal molecules found.[0m
        [32m✓ Missing molecule synthesis subproblem passed in 0.36s[0m
      Filtering reaction mnc_105 (105/500)...
[Atoms → Molecules] Found 169 molecules.
      [32m✓ All goal molecules found.[0m
        [32m✓ Missing molecule synthesis subproblem passed in 1.84s[0m
      Filtering reaction mnc_106 (106/500)...
[Atoms → Molecules] Found 178 molecules.
      [32m✓ All goal molecules found.[0m
        [32m✓ Missing molecule synthesis subproblem passed in 1.08s[0m
      Filtering reaction mnc_107 (107/500)...
[Atoms → Molecules] Found 250 molecules.
      [31m✗ Missing goal molecules.[0m
        [31m✗ Missing molecule synthesis subproblem failed in 1.06s[0m
      Filtering reaction mnc_108 (108/500)...
[Atoms → Molecules] Found 29 molecules.
      [32m✓ All goal molecules found.[0m
        [32m✓ Missing molecule synthesis subproblem passed in 0.1s[0m
      Filtering reaction mnc_109 (109/500)...
[Atoms → Molecules] Found 19 molecules.
      [32m✓ All goal molecules found.[0m
        [32m✓ Missing molecule synthesis subproblem passed in 0.06s[0m
      Filtering reaction mnc_110 (110/500)...
[Atoms → Molecules] Found 15 molecules.
      [32m✓ All goal molecules found.[0m
        [32m✓ Missing molecule synthesis subproblem passed in 0.06s[0m
      Filtering reaction mnc_111 (111/500)...
[Atoms → Molecules] Found 141 molecules.
      [32m✓ All goal molecules found.[0m
        [32m✓ Missing molecule synthesis subproblem passed in 0.45s[0m
      Filtering reaction mnc_112 (112/500)...
[Atoms → Molecules] Found 123 molecules.
      [32m✓ All goal molecules found.[0m
        [32m✓ Missing molecule synthesis subproblem passed in 0.47s[0m
      Filtering reaction mnc_113 (113/500)...
[Atoms → Molecules] Found 1 molecules.
      [32m✓ All goal molecules found.[0m
        [32m✓ Missing molecule synthesis subproblem passed in 0.01s[0m
      Filtering reaction mnc_114 (114/500)...
[Atoms → Molecules] Found 250 molecules.
      [31m✗ Missing goal molecules.[0m
        [31m✗ Missing molecule synthesis subproblem failed in 1.29s[0m
      Filtering reaction mnc_115 (115/500)...
[Atoms → Molecules] Found 26 molecules.
      [32m✓ All goal molecules found.[0m
        [32m✓ Missing molecule synthesis subproblem passed in 0.16s[0m
      Filtering reaction mnc_116 (116/500)...
[Atoms → Molecules] Found 250 molecules.
      [31m✗ Missing goal molecules.[0m
        [31m✗ Missing molecule synthesis subproblem failed in 0.65s[0m
      Filtering reaction mnc_117 (117/500)...
[Atoms → Molecules] Found 165 molecules.
      [32m✓ All goal molecules found.[0m
        [32m✓ Missing molecule synthesis subproblem passed in 0.42s[0m
      Filtering reaction mnc_118 (118/500)...
[Atoms → Molecules] Found 79 molecules.
      [32m✓ All goal molecules found.[0m
        [32m✓ Missing molecule synthesis subproblem passed in 0.34s[0m
      Filtering reaction mnc_119 (119/500)...
[Atoms → Molecules] Found 34 molecules.
      [32m✓ All goal molecules found.[0m
        [32m✓ Missing molecule synthesis subproblem passed in 0.15s[0m
      Filtering reaction mnc_120 (120/500)...
[Atoms → Molecules] Found 39 molecules.
      [32m✓ All goal molecules found.[0m
        [32m✓ Missing molecule synthesis subproblem passed in 0.12s[0m
      Filtering reaction mnc_121 (121/500)...
[Atoms → Molecules] Found 212 molecules.
      [32m✓ All goal molecules found.[0m
        [32m✓ Missing molecule synthesis subproblem passed in 1.58s[0m
      Filtering reaction mnc_122 (122/500)...
[Atoms → Molecules] Found 250 molecules.
      [31m✗ Missing goal molecules.[0m
        [31m✗ Missing molecule synthesis subproblem failed in 1.0s[0m
      Filtering reaction mnc_123 (123/500)...
[Atoms → Molecules] Found 250 molecules.
      [31m✗ Missing goal molecules.[0m
        [31m✗ Missing molecule synthesis subproblem failed in 0.89s[0m
      Filtering reaction mnc_124 (124/500)...
[Atoms → Molecules] Found 48 molecules.
      [32m✓ All goal molecules found.[0m
        [32m✓ Missing molecule synthesis subproblem passed in 0.1s[0m
      Filtering reaction mnc_125 (125/500)...
[Atoms → Molecules] Found 61 molecules.
      [32m✓ All goal molecules found.[0m
        [32m✓ Missing molecule synthesis subproblem passed in 0.22s[0m
      Filtering reaction mnc_126 (126/500)...
[Atoms → Molecules] Found 250 molecules.
      [31m✗ Missing goal molecules.[0m
        [31m✗ Missing molecule synthesis subproblem failed in 0.61s[0m
      Filtering reaction mnc_127 (127/500)...
[Atoms → Molecules] Found 68 molecules.
      [32m✓ All goal molecules found.[0m
        [32m✓ Missing molecule synthesis subproblem passed in 0.24s[0m
      Filtering reaction mnc_128 (128/500)...
[Atoms → Molecules] Found 64 molecules.
      [32m✓ All goal molecules found.[0m
        [32m✓ Missing molecule synthesis subproblem passed in 0.26s[0m
      Filtering reaction mnc_129 (129/500)...
[Atoms → Molecules] Found 250 molecules.
      [31m✗ Missing goal molecules.[0m
        [31m✗ Missing molecule synthesis subproblem failed in 0.69s[0m
      Filtering reaction mnc_130 (130/500)...
[Atoms → Molecules] Found 250 molecules.
      [31m✗ Missing goal molecules.[0m
        [31m✗ Missing molecule synthesis subproblem failed in 0.88s[0m
      Filtering reaction mnc_131 (131/500)...
[Atoms → Molecules] Found 148 molecules.
      [32m✓ All goal molecules found.[0m
        [32m✓ Missing molecule synthesis subproblem passed in 0.67s[0m
      Filtering reaction mnc_132 (132/500)...
[Atoms → Molecules] Found 250 molecules.
      [31m✗ Missing goal molecules.[0m
        [31m✗ Missing molecule synthesis subproblem failed in 0.78s[0m
      Filtering reaction mnc_133 (133/500)...
[Atoms → Molecules] Found 20 molecules.
      [32m✓ All goal molecules found.[0m
        [32m✓ Missing molecule synthesis subproblem passed in 0.07s[0m
      Filtering reaction mnc_134 (134/500)...
[Atoms → Molecules] Found 43 molecules.
      [32m✓ All goal molecules found.[0m
        [32m✓ Missing molecule synthesis subproblem passed in 0.11s[0m
      Filtering reaction mnc_135 (135/500)...
[Atoms → Molecules] Found 48 molecules.
      [32m✓ All goal molecules found.[0m
        [32m✓ Missing molecule synthesis subproblem passed in 0.21s[0m
      Filtering reaction mnc_136 (136/500)...
[Atoms → Molecules] Found 32 molecules.
      [32m✓ All goal molecules found.[0m
        [32m✓ Missing molecule synthesis subproblem passed in 0.15s[0m
      Filtering reaction mnc_137 (137/500)...
[Atoms → Molecules] Found 213 molecules.
      [32m✓ All goal molecules found.[0m
        [32m✓ Missing molecule synthesis subproblem passed in 0.63s[0m
      Filtering reaction mnc_138 (138/500)...
[Atoms → Molecules] Found 28 molecules.
      [32m✓ All goal molecules found.[0m
        [32m✓ Missing molecule synthesis subproblem passed in 0.15s[0m
      Filtering reaction mnc_139 (139/500)...
[Atoms → Molecules] Found 250 molecules.
      [31m✗ Missing goal molecules.[0m
        [31m✗ Missing molecule synthesis subproblem failed in 1.68s[0m
      Filtering reaction mnc_140 (140/500)...
[Atoms → Molecules] Found 43 molecules.
      [32m✓ All goal molecules found.[0m
        [32m✓ Missing molecule synthesis subproblem passed in 0.15s[0m
      Filtering reaction mnc_141 (141/500)...
[Atoms → Molecules] Found 16 molecules.
      [32m✓ All goal molecules found.[0m
        [32m✓ Missing molecule synthesis subproblem passed in 0.04s[0m
      Filtering reaction mnc_142 (142/500)...
[Atoms → Molecules] Found 170 molecules.
      [32m✓ All goal molecules found.[0m
        [32m✓ Missing molecule synthesis subproblem passed in 1.66s[0m
      Filtering reaction mnc_143 (143/500)...
[Atoms → Molecules] Found 250 molecules.
      [31m✗ Missing goal molecules.[0m
        [31m✗ Missing molecule synthesis subproblem failed in 1.39s[0m
      Filtering reaction mnc_144 (144/500)...
[Atoms → Molecules] Found 89 molecules.
      [32m✓ All goal molecules found.[0m
        [32m✓ Missing molecule synthesis subproblem passed in 0.77s[0m
      Filtering reaction mnc_145 (145/500)...
[Atoms → Molecules] Found 20 molecules.
      [32m✓ All goal molecules found.[0m
        [32m✓ Missing molecule synthesis subproblem passed in 0.08s[0m
      Filtering reaction mnc_146 (146/500)...
[Atoms → Molecules] Found 121 molecules.
      [32m✓ All goal molecules found.[0m
        [32m✓ Missing molecule synthesis subproblem passed in 0.45s[0m
      Filtering reaction mnc_147 (147/500)...
[Atoms → Molecules] Found 28 molecules.
      [32m✓ All goal molecules found.[0m
        [32m✓ Missing molecule synthesis subproblem passed in 0.07s[0m
      Filtering reaction mnc_148 (148/500)...
[Atoms → Molecules] Found 250 molecules.
      [31m✗ Missing goal molecules.[0m
        [31m✗ Missing molecule synthesis subproblem failed in 1.34s[0m
      Filtering reaction mnc_149 (149/500)...
[Atoms → Molecules] Found 250 molecules.
      [31m✗ Missing goal molecules.[0m
        [31m✗ Missing molecule synthesis subproblem failed in 0.81s[0m
      Filtering reaction mnc_150 (150/500)...
[Atoms → Molecules] Found 34 molecules.
      [32m✓ All goal molecules found.[0m
        [32m✓ Missing molecule synthesis subproblem passed in 0.09s[0m
      Filtering reaction mnc_151 (151/500)...
[Atoms → Molecules] Found 179 molecules.
      [32m✓ All goal molecules found.[0m
        [32m✓ Missing molecule synthesis subproblem passed in 0.5s[0m
      Filtering reaction mnc_152 (152/500)...
[Atoms → Molecules] Found 250 molecules.
      [31m✗ Missing goal molecules.[0m
        [31m✗ Missing molecule synthesis subproblem failed in 2.41s[0m
      Filtering reaction mnc_153 (153/500)...
[Atoms → Molecules] Found 1 molecules.
      [32m✓ All goal molecules found.[0m
        [32m✓ Missing molecule synthesis subproblem passed in 0.01s[0m
      Filtering reaction mnc_154 (154/500)...
[Atoms → Molecules] Found 145 molecules.
      [32m✓ All goal molecules found.[0m
        [32m✓ Missing molecule synthesis subproblem passed in 0.73s[0m
      Filtering reaction mnc_155 (155/500)...
[Atoms → Molecules] Found 2 molecules.
      [32m✓ All goal molecules found.[0m
        [32m✓ Missing molecule synthesis subproblem passed in 0.01s[0m
      Filtering reaction mnc_156 (156/500)...
[Atoms → Molecules] Found 125 molecules.
      [32m✓ All goal molecules found.[0m
        [32m✓ Missing molecule synthesis subproblem passed in 1.04s[0m
      Filtering reaction mnc_157 (157/500)...
[Atoms → Molecules] Found 156 molecules.
      [32m✓ All goal molecules found.[0m
        [32m✓ Missing molecule synthesis subproblem passed in 0.78s[0m
      Filtering reaction mnc_158 (158/500)...
[Atoms → Molecules] Found 250 molecules.
      [31m✗ Missing goal molecules.[0m
        [31m✗ Missing molecule synthesis subproblem failed in 0.85s[0m
      Filtering reaction mnc_159 (159/500)...
[Atoms → Molecules] Found 250 molecules.
      [31m✗ Missing goal molecules.[0m
        [31m✗ Missing molecule synthesis subproblem failed in 1.17s[0m
      Filtering reaction mnc_160 (160/500)...
[Atoms → Molecules] Found 26 molecules.
      [32m✓ All goal molecules found.[0m
        [32m✓ Missing molecule synthesis subproblem passed in 0.1s[0m
      Filtering reaction mnc_161 (161/500)...
[Atoms → Molecules] Found 250 molecules.
      [31m✗ Missing goal molecules.[0m
        [31m✗ Missing molecule synthesis subproblem failed in 1.51s[0m
      Filtering reaction mnc_162 (162/500)...
[Atoms → Molecules] Found 116 molecules.
      [32m✓ All goal molecules found.[0m
        [32m✓ Missing molecule synthesis subproblem passed in 0.55s[0m
      Filtering reaction mnc_163 (163/500)...
[Atoms → Molecules] Found 250 molecules.
      [31m✗ Missing goal molecules.[0m
        [31m✗ Missing molecule synthesis subproblem failed in 0.77s[0m
      Filtering reaction mnc_164 (164/500)...
[Atoms → Molecules] Found 250 molecules.
      [31m✗ Missing goal molecules.[0m
        [31m✗ Missing molecule synthesis subproblem failed in 1.32s[0m
      Filtering reaction mnc_165 (165/500)...
[Atoms → Molecules] Found 26 molecules.
      [32m✓ All goal molecules found.[0m
        [32m✓ Missing molecule synthesis subproblem passed in 0.06s[0m
      Filtering reaction mnc_166 (166/500)...
[Atoms → Molecules] Found 250 molecules.
      [31m✗ Missing goal molecules.[0m
        [31m✗ Missing molecule synthesis subproblem failed in 1.38s[0m
      Filtering reaction mnc_167 (167/500)...
[Atoms → Molecules] Found 250 molecules.
      [31m✗ Missing goal molecules.[0m
        [31m✗ Missing molecule synthesis subproblem failed in 1.18s[0m
      Filtering reaction mnc_168 (168/500)...
[Atoms → Molecules] Found 186 molecules.
      [32m✓ All goal molecules found.[0m
        [32m✓ Missing molecule synthesis subproblem passed in 0.82s[0m
      Filtering reaction mnc_169 (169/500)...
[Atoms → Molecules] Found 77 molecules.
      [32m✓ All goal molecules found.[0m
        [32m✓ Missing molecule synthesis subproblem passed in 0.36s[0m
      Filtering reaction mnc_170 (170/500)...
[Atoms → Molecules] Found 13 molecules.
      [32m✓ All goal molecules found.[0m
        [32m✓ Missing molecule synthesis subproblem passed in 0.03s[0m
      Filtering reaction mnc_171 (171/500)...
[Atoms → Molecules] Found 250 molecules.
      [31m✗ Missing goal molecules.[0m
        [31m✗ Missing molecule synthesis subproblem failed in 0.92s[0m
      Filtering reaction mnc_172 (172/500)...
[Atoms → Molecules] Found 250 molecules.
      [31m✗ Missing goal molecules.[0m
        [31m✗ Missing molecule synthesis subproblem failed in 0.88s[0m
      Filtering reaction mnc_173 (173/500)...
[Atoms → Molecules] Found 56 molecules.
      [32m✓ All goal molecules found.[0m
        [32m✓ Missing molecule synthesis subproblem passed in 0.23s[0m
      Filtering reaction mnc_174 (174/500)...
[Atoms → Molecules] Found 49 molecules.
      [32m✓ All goal molecules found.[0m
        [32m✓ Missing molecule synthesis subproblem passed in 0.16s[0m
      Filtering reaction mnc_175 (175/500)...
[Atoms → Molecules] Found 73 molecules.
      [32m✓ All goal molecules found.[0m
        [32m✓ Missing molecule synthesis subproblem passed in 0.21s[0m
      Filtering reaction mnc_176 (176/500)...
[Atoms → Molecules] Found 250 molecules.
      [31m✗ Missing goal molecules.[0m
        [31m✗ Missing molecule synthesis subproblem failed in 0.8s[0m
      Filtering reaction mnc_177 (177/500)...
[Atoms → Molecules] Found 188 molecules.
      [32m✓ All goal molecules found.[0m
        [32m✓ Missing molecule synthesis subproblem passed in 0.63s[0m
      Filtering reaction mnc_178 (178/500)...
[Atoms → Molecules] Found 40 molecules.
      [32m✓ All goal molecules found.[0m
        [32m✓ Missing molecule synthesis subproblem passed in 0.2s[0m
      Filtering reaction mnc_179 (179/500)...
[Atoms → Molecules] Found 250 molecules.
      [31m✗ Missing goal molecules.[0m
        [31m✗ Missing molecule synthesis subproblem failed in 1.06s[0m
      Filtering reaction mnc_180 (180/500)...
[Atoms → Molecules] Found 250 molecules.
      [31m✗ Missing goal molecules.[0m
        [31m✗ Missing molecule synthesis subproblem failed in 1.05s[0m
      Filtering reaction mnc_181 (181/500)...
[Atoms → Molecules] Found 39 molecules.
      [32m✓ All goal molecules found.[0m
        [32m✓ Missing molecule synthesis subproblem passed in 0.14s[0m
      Filtering reaction mnc_182 (182/500)...
[Atoms → Molecules] Found 250 molecules.
      [31m✗ Missing goal molecules.[0m
        [31m✗ Missing molecule synthesis subproblem failed in 1.06s[0m
      Filtering reaction mnc_183 (183/500)...
[Atoms → Molecules] Found 250 molecules.
      [31m✗ Missing goal molecules.[0m
        [31m✗ Missing molecule synthesis subproblem failed in 0.64s[0m
      Filtering reaction mnc_184 (184/500)...
[Atoms → Molecules] Found 250 molecules.
      [31m✗ Missing goal molecules.[0m
        [31m✗ Missing molecule synthesis subproblem failed in 0.76s[0m
      Filtering reaction mnc_185 (185/500)...
[Atoms → Molecules] Found 51 molecules.
      [32m✓ All goal molecules found.[0m
        [32m✓ Missing molecule synthesis subproblem passed in 0.35s[0m
      Filtering reaction mnc_186 (186/500)...
[Atoms → Molecules] Found 10 molecules.
      [32m✓ All goal molecules found.[0m
        [32m✓ Missing molecule synthesis subproblem passed in 0.04s[0m
      Filtering reaction mnc_187 (187/500)...
[Atoms → Molecules] Found 250 molecules.
      [31m✗ Missing goal molecules.[0m
        [31m✗ Missing molecule synthesis subproblem failed in 1.64s[0m
      Filtering reaction mnc_188 (188/500)...
[Atoms → Molecules] Found 250 molecules.
      [31m✗ Missing goal molecules.[0m
        [31m✗ Missing molecule synthesis subproblem failed in 0.75s[0m
      Filtering reaction mnc_189 (189/500)...
[Atoms → Molecules] Found 54 molecules.
      [32m✓ All goal molecules found.[0m
        [32m✓ Missing molecule synthesis subproblem passed in 0.15s[0m
      Filtering reaction mnc_190 (190/500)...
[Atoms → Molecules] Found 49 molecules.
      [32m✓ All goal molecules found.[0m
        [32m✓ Missing molecule synthesis subproblem passed in 0.33s[0m
      Filtering reaction mnc_191 (191/500)...
[Atoms → Molecules] Found 163 molecules.
      [32m✓ All goal molecules found.[0m
        [32m✓ Missing molecule synthesis subproblem passed in 0.7s[0m
      Filtering reaction mnc_192 (192/500)...
[Atoms → Molecules] Found 132 molecules.
      [32m✓ All goal molecules found.[0m
        [32m✓ Missing molecule synthesis subproblem passed in 0.8s[0m
      Filtering reaction mnc_193 (193/500)...
[Atoms → Molecules] Found 28 molecules.
      [32m✓ All goal molecules found.[0m
        [32m✓ Missing molecule synthesis subproblem passed in 0.13s[0m
      Filtering reaction mnc_194 (194/500)...
[Atoms → Molecules] Found 250 molecules.
      [31m✗ Missing goal molecules.[0m
        [31m✗ Missing molecule synthesis subproblem failed in 0.87s[0m
      Filtering reaction mnc_195 (195/500)...
[Atoms → Molecules] Found 90 molecules.
      [32m✓ All goal molecules found.[0m
        [32m✓ Missing molecule synthesis subproblem passed in 0.44s[0m
      Filtering reaction mnc_196 (196/500)...
[Atoms → Molecules] Found 250 molecules.
      [31m✗ Missing goal molecules.[0m
        [31m✗ Missing molecule synthesis subproblem failed in 1.21s[0m
      Filtering reaction mnc_197 (197/500)...
[Atoms → Molecules] Found 33 molecules.
      [32m✓ All goal molecules found.[0m
        [32m✓ Missing molecule synthesis subproblem passed in 0.08s[0m
      Filtering reaction mnc_198 (198/500)...
[Atoms → Molecules] Found 226 molecules.
      [32m✓ All goal molecules found.[0m
        [32m✓ Missing molecule synthesis subproblem passed in 0.83s[0m
      Filtering reaction mnc_199 (199/500)...
[Atoms → Molecules] Found 249 molecules.
      [32m✓ All goal molecules found.[0m
        [32m✓ Missing molecule synthesis subproblem passed in 0.79s[0m
      Filtering reaction mnc_200 (200/500)...
[Atoms → Molecules] Found 250 molecules.
      [31m✗ Missing goal molecules.[0m
        [31m✗ Missing molecule synthesis subproblem failed in 0.56s[0m
      Filtering reaction mnc_201 (201/500)...
[Atoms → Molecules] Found 172 molecules.
      [32m✓ All goal molecules found.[0m
        [32m✓ Missing molecule synthesis subproblem passed in 0.98s[0m
      Filtering reaction mnc_202 (202/500)...
[Atoms → Molecules] Found 38 molecules.
      [32m✓ All goal molecules found.[0m
        [32m✓ Missing molecule synthesis subproblem passed in 0.24s[0m
      Filtering reaction mnc_203 (203/500)...
[Atoms → Molecules] Found 19 molecules.
      [32m✓ All goal molecules found.[0m
        [32m✓ Missing molecule synthesis subproblem passed in 0.11s[0m
      Filtering reaction mnc_204 (204/500)...
[Atoms → Molecules] Found 92 molecules.
      [32m✓ All goal molecules found.[0m
        [32m✓ Missing molecule synthesis subproblem passed in 0.42s[0m
      Filtering reaction mnc_205 (205/500)...
[Atoms → Molecules] Found 250 molecules.
      [31m✗ Missing goal molecules.[0m
        [31m✗ Missing molecule synthesis subproblem failed in 1.0s[0m
      Filtering reaction mnc_206 (206/500)...
[Atoms → Molecules] Found 29 molecules.
      [32m✓ All goal molecules found.[0m
        [32m✓ Missing molecule synthesis subproblem passed in 0.15s[0m
      Filtering reaction mnc_207 (207/500)...
[Atoms → Molecules] Found 13 molecules.
      [32m✓ All goal molecules found.[0m
        [32m✓ Missing molecule synthesis subproblem passed in 0.03s[0m
      Filtering reaction mnc_208 (208/500)...
[Atoms → Molecules] Found 111 molecules.
      [32m✓ All goal molecules found.[0m
        [32m✓ Missing molecule synthesis subproblem passed in 0.5s[0m
      Filtering reaction mnc_209 (209/500)...
[Atoms → Molecules] Found 60 molecules.
      [32m✓ All goal molecules found.[0m
        [32m✓ Missing molecule synthesis subproblem passed in 0.2s[0m
      Filtering reaction mnc_210 (210/500)...
[Atoms → Molecules] Found 67 molecules.
      [32m✓ All goal molecules found.[0m
        [32m✓ Missing molecule synthesis subproblem passed in 0.21s[0m
      Filtering reaction mnc_211 (211/500)...
[Atoms → Molecules] Found 5 molecules.
      [32m✓ All goal molecules found.[0m
        [32m✓ Missing molecule synthesis subproblem passed in 0.02s[0m
      Filtering reaction mnc_212 (212/500)...
[Atoms → Molecules] Found 59 molecules.
      [32m✓ All goal molecules found.[0m
        [32m✓ Missing molecule synthesis subproblem passed in 0.33s[0m
      Filtering reaction mnc_213 (213/500)...
[Atoms → Molecules] Found 250 molecules.
      [31m✗ Missing goal molecules.[0m
        [31m✗ Missing molecule synthesis subproblem failed in 1.48s[0m
      Filtering reaction mnc_214 (214/500)...
[Atoms → Molecules] Found 250 molecules.
      [31m✗ Missing goal molecules.[0m
        [31m✗ Missing molecule synthesis subproblem failed in 0.68s[0m
      Filtering reaction mnc_215 (215/500)...
[Atoms → Molecules] Found 12 molecules.
      [32m✓ All goal molecules found.[0m
        [32m✓ Missing molecule synthesis subproblem passed in 0.03s[0m
      Filtering reaction mnc_216 (216/500)...
[Atoms → Molecules] Found 54 molecules.
      [32m✓ All goal molecules found.[0m
        [32m✓ Missing molecule synthesis subproblem passed in 0.21s[0m
      Filtering reaction mnc_217 (217/500)...
[Atoms → Molecules] Found 47 molecules.
      [32m✓ All goal molecules found.[0m
        [32m✓ Missing molecule synthesis subproblem passed in 0.15s[0m
      Filtering reaction mnc_218 (218/500)...
[Atoms → Molecules] Found 194 molecules.
      [32m✓ All goal molecules found.[0m
        [32m✓ Missing molecule synthesis subproblem passed in 1.0s[0m
      Filtering reaction mnc_219 (219/500)...
[Atoms → Molecules] Found 27 molecules.
      [32m✓ All goal molecules found.[0m
        [32m✓ Missing molecule synthesis subproblem passed in 0.13s[0m
      Filtering reaction mnc_220 (220/500)...
[Atoms → Molecules] Found 32 molecules.
      [32m✓ All goal molecules found.[0m
        [32m✓ Missing molecule synthesis subproblem passed in 0.19s[0m
      Filtering reaction mnc_221 (221/500)...
[Atoms → Molecules] Found 250 molecules.
      [31m✗ Missing goal molecules.[0m
        [31m✗ Missing molecule synthesis subproblem failed in 2.17s[0m
      Filtering reaction mnc_222 (222/500)...
[Atoms → Molecules] Found 10 molecules.
      [32m✓ All goal molecules found.[0m
        [32m✓ Missing molecule synthesis subproblem passed in 0.02s[0m
      Filtering reaction mnc_223 (223/500)...
[Atoms → Molecules] Found 250 molecules.
      [31m✗ Missing goal molecules.[0m
        [31m✗ Missing molecule synthesis subproblem failed in 0.88s[0m
      Filtering reaction mnc_224 (224/500)...
[Atoms → Molecules] Found 171 molecules.
      [32m✓ All goal molecules found.[0m
        [32m✓ Missing molecule synthesis subproblem passed in 2.1s[0m
      Filtering reaction mnc_225 (225/500)...
[Atoms → Molecules] Found 250 molecules.
      [31m✗ Missing goal molecules.[0m
        [31m✗ Missing molecule synthesis subproblem failed in 0.75s[0m
      Filtering reaction mnc_226 (226/500)...
[Atoms → Molecules] Found 56 molecules.
      [32m✓ All goal molecules found.[0m
        [32m✓ Missing molecule synthesis subproblem passed in 0.28s[0m
      Filtering reaction mnc_227 (227/500)...
[Atoms → Molecules] Found 80 molecules.
      [32m✓ All goal molecules found.[0m
        [32m✓ Missing molecule synthesis subproblem passed in 0.99s[0m
      Filtering reaction mnc_228 (228/500)...
[Atoms → Molecules] Found 81 molecules.
      [32m✓ All goal molecules found.[0m
        [32m✓ Missing molecule synthesis subproblem passed in 0.41s[0m
      Filtering reaction mnc_229 (229/500)...
[Atoms → Molecules] Found 250 molecules.
      [31m✗ Missing goal molecules.[0m
        [31m✗ Missing molecule synthesis subproblem failed in 1.02s[0m
      Filtering reaction mnc_230 (230/500)...
[Atoms → Molecules] Found 97 molecules.
      [32m✓ All goal molecules found.[0m
        [32m✓ Missing molecule synthesis subproblem passed in 0.38s[0m
      Filtering reaction mnc_231 (231/500)...
[Atoms → Molecules] Found 250 molecules.
      [31m✗ Missing goal molecules.[0m
        [31m✗ Missing molecule synthesis subproblem failed in 0.95s[0m
      Filtering reaction mnc_232 (232/500)...
[Atoms → Molecules] Found 250 molecules.
      [31m✗ Missing goal molecules.[0m
        [31m✗ Missing molecule synthesis subproblem failed in 0.75s[0m
      Filtering reaction mnc_233 (233/500)...
[Atoms → Molecules] Found 168 molecules.
      [32m✓ All goal molecules found.[0m
        [32m✓ Missing molecule synthesis subproblem passed in 0.66s[0m
      Filtering reaction mnc_234 (234/500)...
[Atoms → Molecules] Found 80 molecules.
      [32m✓ All goal molecules found.[0m
        [32m✓ Missing molecule synthesis subproblem passed in 0.34s[0m
      Filtering reaction mnc_235 (235/500)...
[Atoms → Molecules] Found 250 molecules.
      [31m✗ Missing goal molecules.[0m
        [31m✗ Missing molecule synthesis subproblem failed in 0.75s[0m
      Filtering reaction mnc_236 (236/500)...
[Atoms → Molecules] Found 167 molecules.
      [32m✓ All goal molecules found.[0m
        [32m✓ Missing molecule synthesis subproblem passed in 0.85s[0m
      Filtering reaction mnc_237 (237/500)...
[Atoms → Molecules] Found 170 molecules.
      [32m✓ All goal molecules found.[0m
        [32m✓ Missing molecule synthesis subproblem passed in 0.46s[0m
      Filtering reaction mnc_238 (238/500)...
[Atoms → Molecules] Found 250 molecules.
      [31m✗ Missing goal molecules.[0m
        [31m✗ Missing molecule synthesis subproblem failed in 1.97s[0m
      Filtering reaction mnc_239 (239/500)...
[Atoms → Molecules] Found 64 molecules.
      [32m✓ All goal molecules found.[0m
        [32m✓ Missing molecule synthesis subproblem passed in 0.35s[0m
      Filtering reaction mnc_240 (240/500)...
[Atoms → Molecules] Found 162 molecules.
      [32m✓ All goal molecules found.[0m
        [32m✓ Missing molecule synthesis subproblem passed in 0.66s[0m
      Filtering reaction mnc_241 (241/500)...
[Atoms → Molecules] Found 203 molecules.
      [32m✓ All goal molecules found.[0m
        [32m✓ Missing molecule synthesis subproblem passed in 0.71s[0m
      Filtering reaction mnc_242 (242/500)...
[Atoms → Molecules] Found 131 molecules.
      [32m✓ All goal molecules found.[0m
        [32m✓ Missing molecule synthesis subproblem passed in 0.42s[0m
      Filtering reaction mnc_243 (243/500)...
[Atoms → Molecules] Found 131 molecules.
      [32m✓ All goal molecules found.[0m
        [32m✓ Missing molecule synthesis subproblem passed in 0.44s[0m
      Filtering reaction mnc_244 (244/500)...
[Atoms → Molecules] Found 23 molecules.
      [32m✓ All goal molecules found.[0m
        [32m✓ Missing molecule synthesis subproblem passed in 0.1s[0m
      Filtering reaction mnc_245 (245/500)...
[Atoms → Molecules] Found 70 molecules.
      [32m✓ All goal molecules found.[0m
        [32m✓ Missing molecule synthesis subproblem passed in 0.26s[0m
      Filtering reaction mnc_246 (246/500)...
[Atoms → Molecules] Found 93 molecules.
      [32m✓ All goal molecules found.[0m
        [32m✓ Missing molecule synthesis subproblem passed in 0.57s[0m
      Filtering reaction mnc_247 (247/500)...
[Atoms → Molecules] Found 69 molecules.
      [32m✓ All goal molecules found.[0m
        [32m✓ Missing molecule synthesis subproblem passed in 0.39s[0m
      Filtering reaction mnc_248 (248/500)...
[Atoms → Molecules] Found 250 molecules.
      [31m✗ Missing goal molecules.[0m
        [31m✗ Missing molecule synthesis subproblem failed in 0.84s[0m
      Filtering reaction mnc_249 (249/500)...
[Atoms → Molecules] Found 250 molecules.
      [31m✗ Missing goal molecules.[0m
        [31m✗ Missing molecule synthesis subproblem failed in 0.8s[0m
      Filtering reaction mnc_250 (250/500)...
[Atoms → Molecules] Found 102 molecules.
      [32m✓ All goal molecules found.[0m
        [32m✓ Missing molecule synthesis subproblem passed in 0.21s[0m
      Filtering reaction mnc_251 (251/500)...
[Atoms → Molecules] Found 250 molecules.
      [31m✗ Missing goal molecules.[0m
        [31m✗ Missing molecule synthesis subproblem failed in 0.58s[0m
      Filtering reaction mnc_252 (252/500)...
[Atoms → Molecules] Found 228 molecules.
      [32m✓ All goal molecules found.[0m
        [32m✓ Missing molecule synthesis subproblem passed in 0.75s[0m
      Filtering reaction mnc_253 (253/500)...
[Atoms → Molecules] Found 61 molecules.
      [32m✓ All goal molecules found.[0m
        [32m✓ Missing molecule synthesis subproblem passed in 0.34s[0m
      Filtering reaction mnc_254 (254/500)...
[Atoms → Molecules] Found 57 molecules.
      [32m✓ All goal molecules found.[0m
        [32m✓ Missing molecule synthesis subproblem passed in 0.2s[0m
      Filtering reaction mnc_255 (255/500)...
[Atoms → Molecules] Found 15 molecules.
      [32m✓ All goal molecules found.[0m
        [32m✓ Missing molecule synthesis subproblem passed in 0.08s[0m
      Filtering reaction mnc_256 (256/500)...
[Atoms → Molecules] Found 66 molecules.
      [32m✓ All goal molecules found.[0m
        [32m✓ Missing molecule synthesis subproblem passed in 0.24s[0m
      Filtering reaction mnc_257 (257/500)...
[Atoms → Molecules] Found 28 molecules.
      [32m✓ All goal molecules found.[0m
        [32m✓ Missing molecule synthesis subproblem passed in 0.13s[0m
      Filtering reaction mnc_258 (258/500)...
[Atoms → Molecules] Found 250 molecules.
      [31m✗ Missing goal molecules.[0m
        [31m✗ Missing molecule synthesis subproblem failed in 0.59s[0m
      Filtering reaction mnc_259 (259/500)...
[Atoms → Molecules] Found 239 molecules.
      [32m✓ All goal molecules found.[0m
        [32m✓ Missing molecule synthesis subproblem passed in 1.53s[0m
      Filtering reaction mnc_260 (260/500)...
[Atoms → Molecules] Found 250 molecules.
      [31m✗ Missing goal molecules.[0m
        [31m✗ Missing molecule synthesis subproblem failed in 1.93s[0m
      Filtering reaction mnc_261 (261/500)...
[Atoms → Molecules] Found 67 molecules.
      [32m✓ All goal molecules found.[0m
        [32m✓ Missing molecule synthesis subproblem passed in 0.16s[0m
      Filtering reaction mnc_262 (262/500)...
[Atoms → Molecules] Found 13 molecules.
      [32m✓ All goal molecules found.[0m
        [32m✓ Missing molecule synthesis subproblem passed in 0.03s[0m
      Filtering reaction mnc_263 (263/500)...
[Atoms → Molecules] Found 34 molecules.
      [32m✓ All goal molecules found.[0m
        [32m✓ Missing molecule synthesis subproblem passed in 0.1s[0m
      Filtering reaction mnc_264 (264/500)...
[Atoms → Molecules] Found 43 molecules.
      [32m✓ All goal molecules found.[0m
        [32m✓ Missing molecule synthesis subproblem passed in 0.15s[0m
      Filtering reaction mnc_265 (265/500)...
[Atoms → Molecules] Found 15 molecules.
      [32m✓ All goal molecules found.[0m
        [32m✓ Missing molecule synthesis subproblem passed in 0.03s[0m
      Filtering reaction mnc_266 (266/500)...
[Atoms → Molecules] Found 13 molecules.
      [32m✓ All goal molecules found.[0m
        [32m✓ Missing molecule synthesis subproblem passed in 0.08s[0m
      Filtering reaction mnc_267 (267/500)...
[Atoms → Molecules] Found 192 molecules.
      [32m✓ All goal molecules found.[0m
        [32m✓ Missing molecule synthesis subproblem passed in 1.19s[0m
      Filtering reaction mnc_268 (268/500)...
[Atoms → Molecules] Found 81 molecules.
      [32m✓ All goal molecules found.[0m
        [32m✓ Missing molecule synthesis subproblem passed in 0.41s[0m
      Filtering reaction mnc_269 (269/500)...
[Atoms → Molecules] Found 160 molecules.
      [32m✓ All goal molecules found.[0m
        [32m✓ Missing molecule synthesis subproblem passed in 0.36s[0m
      Filtering reaction mnc_270 (270/500)...
[Atoms → Molecules] Found 91 molecules.
      [32m✓ All goal molecules found.[0m
        [32m✓ Missing molecule synthesis subproblem passed in 0.32s[0m
      Filtering reaction mnc_271 (271/500)...
[Atoms → Molecules] Found 179 molecules.
      [32m✓ All goal molecules found.[0m
        [32m✓ Missing molecule synthesis subproblem passed in 1.6s[0m
      Filtering reaction mnc_272 (272/500)...
[Atoms → Molecules] Found 158 molecules.
      [32m✓ All goal molecules found.[0m
        [32m✓ Missing molecule synthesis subproblem passed in 1.35s[0m
      Filtering reaction mnc_273 (273/500)...
[Atoms → Molecules] Found 250 molecules.
      [31m✗ Missing goal molecules.[0m
        [31m✗ Missing molecule synthesis subproblem failed in 0.51s[0m
      Filtering reaction mnc_274 (274/500)...
[Atoms → Molecules] Found 45 molecules.
      [32m✓ All goal molecules found.[0m
        [32m✓ Missing molecule synthesis subproblem passed in 0.16s[0m
      Filtering reaction mnc_275 (275/500)...
[Atoms → Molecules] Found 162 molecules.
      [32m✓ All goal molecules found.[0m
        [32m✓ Missing molecule synthesis subproblem passed in 0.65s[0m
      Filtering reaction mnc_276 (276/500)...
[Atoms → Molecules] Found 243 molecules.
      [32m✓ All goal molecules found.[0m
        [32m✓ Missing molecule synthesis subproblem passed in 1.01s[0m
      Filtering reaction mnc_277 (277/500)...
[Atoms → Molecules] Found 83 molecules.
      [32m✓ All goal molecules found.[0m
        [32m✓ Missing molecule synthesis subproblem passed in 0.3s[0m
      Filtering reaction mnc_278 (278/500)...
[Atoms → Molecules] Found 20 molecules.
      [32m✓ All goal molecules found.[0m
        [32m✓ Missing molecule synthesis subproblem passed in 0.06s[0m
      Filtering reaction mnc_279 (279/500)...
[Atoms → Molecules] Found 12 molecules.
      [32m✓ All goal molecules found.[0m
        [32m✓ Missing molecule synthesis subproblem passed in 0.03s[0m
      Filtering reaction mnc_280 (280/500)...
[Atoms → Molecules] Found 250 molecules.
      [31m✗ Missing goal molecules.[0m
        [31m✗ Missing molecule synthesis subproblem failed in 1.29s[0m
      Filtering reaction mnc_281 (281/500)...
[Atoms → Molecules] Found 3 molecules.
      [32m✓ All goal molecules found.[0m
        [32m✓ Missing molecule synthesis subproblem passed in 0.01s[0m
      Filtering reaction mnc_282 (282/500)...
[Atoms → Molecules] Found 95 molecules.
      [32m✓ All goal molecules found.[0m
        [32m✓ Missing molecule synthesis subproblem passed in 0.29s[0m
      Filtering reaction mnc_283 (283/500)...
[Atoms → Molecules] Found 250 molecules.
      [31m✗ Missing goal molecules.[0m
        [31m✗ Missing molecule synthesis subproblem failed in 1.83s[0m
      Filtering reaction mnc_284 (284/500)...
[Atoms → Molecules] Found 39 molecules.
      [32m✓ All goal molecules found.[0m
        [32m✓ Missing molecule synthesis subproblem passed in 0.15s[0m
      Filtering reaction mnc_285 (285/500)...
[Atoms → Molecules] Found 6 molecules.
      [32m✓ All goal molecules found.[0m
        [32m✓ Missing molecule synthesis subproblem passed in 0.02s[0m
      Filtering reaction mnc_286 (286/500)...
[Atoms → Molecules] Found 250 molecules.
      [31m✗ Missing goal molecules.[0m
        [31m✗ Missing molecule synthesis subproblem failed in 0.66s[0m
      Filtering reaction mnc_287 (287/500)...
[Atoms → Molecules] Found 250 molecules.
      [31m✗ Missing goal molecules.[0m
        [31m✗ Missing molecule synthesis subproblem failed in 0.64s[0m
      Filtering reaction mnc_288 (288/500)...
[Atoms → Molecules] Found 250 molecules.
      [31m✗ Missing goal molecules.[0m
        [31m✗ Missing molecule synthesis subproblem failed in 1.03s[0m
      Filtering reaction mnc_289 (289/500)...
[Atoms → Molecules] Found 250 molecules.
      [31m✗ Missing goal molecules.[0m
        [31m✗ Missing molecule synthesis subproblem failed in 0.54s[0m
      Filtering reaction mnc_290 (290/500)...
[Atoms → Molecules] Found 250 molecules.
      [31m✗ Missing goal molecules.[0m
        [31m✗ Missing molecule synthesis subproblem failed in 0.59s[0m
      Filtering reaction mnc_291 (291/500)...
[Atoms → Molecules] Found 86 molecules.
      [32m✓ All goal molecules found.[0m
        [32m✓ Missing molecule synthesis subproblem passed in 0.26s[0m
      Filtering reaction mnc_292 (292/500)...
[Atoms → Molecules] Found 250 molecules.
      [31m✗ Missing goal molecules.[0m
        [31m✗ Missing molecule synthesis subproblem failed in 0.67s[0m
      Filtering reaction mnc_293 (293/500)...
[Atoms → Molecules] Found 65 molecules.
      [32m✓ All goal molecules found.[0m
        [32m✓ Missing molecule synthesis subproblem passed in 0.19s[0m
      Filtering reaction mnc_294 (294/500)...
[Atoms → Molecules] Found 250 molecules.
      [31m✗ Missing goal molecules.[0m
        [31m✗ Missing molecule synthesis subproblem failed in 0.8s[0m
      Filtering reaction mnc_295 (295/500)...
[Atoms → Molecules] Found 29 molecules.
      [32m✓ All goal molecules found.[0m
        [32m✓ Missing molecule synthesis subproblem passed in 0.11s[0m
      Filtering reaction mnc_296 (296/500)...
[Atoms → Molecules] Found 45 molecules.
      [32m✓ All goal molecules found.[0m
        [32m✓ Missing molecule synthesis subproblem passed in 0.13s[0m
      Filtering reaction mnc_297 (297/500)...
[Atoms → Molecules] Found 250 molecules.
      [31m✗ Missing goal molecules.[0m
        [31m✗ Missing molecule synthesis subproblem failed in 0.73s[0m
      Filtering reaction mnc_298 (298/500)...
[Atoms → Molecules] Found 61 molecules.
      [32m✓ All goal molecules found.[0m
        [32m✓ Missing molecule synthesis subproblem passed in 0.23s[0m
      Filtering reaction mnc_299 (299/500)...
[Atoms → Molecules] Found 153 molecules.
      [32m✓ All goal molecules found.[0m
        [32m✓ Missing molecule synthesis subproblem passed in 0.55s[0m
      Filtering reaction mnc_300 (300/500)...
[Atoms → Molecules] Found 65 molecules.
      [32m✓ All goal molecules found.[0m
        [32m✓ Missing molecule synthesis subproblem passed in 0.26s[0m
      Filtering reaction mnc_301 (301/500)...
[Atoms → Molecules] Found 20 molecules.
      [32m✓ All goal molecules found.[0m
        [32m✓ Missing molecule synthesis subproblem passed in 0.12s[0m
      Filtering reaction mnc_302 (302/500)...
[Atoms → Molecules] Found 181 molecules.
      [32m✓ All goal molecules found.[0m
        [32m✓ Missing molecule synthesis subproblem passed in 0.7s[0m
      Filtering reaction mnc_303 (303/500)...
[Atoms → Molecules] Found 250 molecules.
      [31m✗ Missing goal molecules.[0m
        [31m✗ Missing molecule synthesis subproblem failed in 0.56s[0m
      Filtering reaction mnc_304 (304/500)...
[Atoms → Molecules] Found 98 molecules.
      [32m✓ All goal molecules found.[0m
        [32m✓ Missing molecule synthesis subproblem passed in 0.22s[0m
      Filtering reaction mnc_305 (305/500)...
[Atoms → Molecules] Found 174 molecules.
      [32m✓ All goal molecules found.[0m
        [32m✓ Missing molecule synthesis subproblem passed in 0.53s[0m
      Filtering reaction mnc_306 (306/500)...
[Atoms → Molecules] Found 192 molecules.
      [32m✓ All goal molecules found.[0m
        [32m✓ Missing molecule synthesis subproblem passed in 0.46s[0m
      Filtering reaction mnc_307 (307/500)...
[Atoms → Molecules] Found 250 molecules.
      [31m✗ Missing goal molecules.[0m
        [31m✗ Missing molecule synthesis subproblem failed in 1.12s[0m
      Filtering reaction mnc_308 (308/500)...
[Atoms → Molecules] Found 98 molecules.
      [32m✓ All goal molecules found.[0m
        [32m✓ Missing molecule synthesis subproblem passed in 0.47s[0m
      Filtering reaction mnc_309 (309/500)...
[Atoms → Molecules] Found 112 molecules.
      [32m✓ All goal molecules found.[0m
        [32m✓ Missing molecule synthesis subproblem passed in 0.32s[0m
      Filtering reaction mnc_310 (310/500)...
[Atoms → Molecules] Found 57 molecules.
      [32m✓ All goal molecules found.[0m
        [32m✓ Missing molecule synthesis subproblem passed in 0.19s[0m
      Filtering reaction mnc_311 (311/500)...
[Atoms → Molecules] Found 250 molecules.
      [31m✗ Missing goal molecules.[0m
        [31m✗ Missing molecule synthesis subproblem failed in 0.4s[0m
      Filtering reaction mnc_312 (312/500)...
[Atoms → Molecules] Found 203 molecules.
      [32m✓ All goal molecules found.[0m
        [32m✓ Missing molecule synthesis subproblem passed in 2.26s[0m
      Filtering reaction mnc_313 (313/500)...
[Atoms → Molecules] Found 48 molecules.
      [32m✓ All goal molecules found.[0m
        [32m✓ Missing molecule synthesis subproblem passed in 0.21s[0m
      Filtering reaction mnc_314 (314/500)...
[Atoms → Molecules] Found 54 molecules.
      [32m✓ All goal molecules found.[0m
        [32m✓ Missing molecule synthesis subproblem passed in 0.22s[0m
      Filtering reaction mnc_315 (315/500)...
[Atoms → Molecules] Found 250 molecules.
      [31m✗ Missing goal molecules.[0m
        [31m✗ Missing molecule synthesis subproblem failed in 0.99s[0m
      Filtering reaction mnc_316 (316/500)...
[Atoms → Molecules] Found 26 molecules.
      [32m✓ All goal molecules found.[0m
        [32m✓ Missing molecule synthesis subproblem passed in 0.1s[0m
      Filtering reaction mnc_317 (317/500)...
[Atoms → Molecules] Found 40 molecules.
      [32m✓ All goal molecules found.[0m
        [32m✓ Missing molecule synthesis subproblem passed in 0.25s[0m
      Filtering reaction mnc_318 (318/500)...
[Atoms → Molecules] Found 250 molecules.
      [31m✗ Missing goal molecules.[0m
        [31m✗ Missing molecule synthesis subproblem failed in 0.77s[0m
      Filtering reaction mnc_319 (319/500)...
[Atoms → Molecules] Found 250 molecules.
      [31m✗ Missing goal molecules.[0m
        [31m✗ Missing molecule synthesis subproblem failed in 1.31s[0m
      Filtering reaction mnc_320 (320/500)...
[Atoms → Molecules] Found 19 molecules.
      [32m✓ All goal molecules found.[0m
        [32m✓ Missing molecule synthesis subproblem passed in 0.05s[0m
      Filtering reaction mnc_321 (321/500)...
[Atoms → Molecules] Found 250 molecules.
      [31m✗ Missing goal molecules.[0m
        [31m✗ Missing molecule synthesis subproblem failed in 1.35s[0m
      Filtering reaction mnc_322 (322/500)...
[Atoms → Molecules] Found 250 molecules.
      [31m✗ Missing goal molecules.[0m
        [31m✗ Missing molecule synthesis subproblem failed in 0.74s[0m
      Filtering reaction mnc_323 (323/500)...
[Atoms → Molecules] Found 1 molecules.
      [32m✓ All goal molecules found.[0m
        [32m✓ Missing molecule synthesis subproblem passed in 0.04s[0m
      Filtering reaction mnc_324 (324/500)...
[Atoms → Molecules] Found 250 molecules.
      [31m✗ Missing goal molecules.[0m
        [31m✗ Missing molecule synthesis subproblem failed in 0.96s[0m
      Filtering reaction mnc_325 (325/500)...
[Atoms → Molecules] Found 250 molecules.
      [31m✗ Missing goal molecules.[0m
        [31m✗ Missing molecule synthesis subproblem failed in 0.74s[0m
      Filtering reaction mnc_326 (326/500)...
[Atoms → Molecules] Found 110 molecules.
      [32m✓ All goal molecules found.[0m
        [32m✓ Missing molecule synthesis subproblem passed in 0.45s[0m
      Filtering reaction mnc_327 (327/500)...
[Atoms → Molecules] Found 27 molecules.
      [32m✓ All goal molecules found.[0m
        [32m✓ Missing molecule synthesis subproblem passed in 0.07s[0m
      Filtering reaction mnc_328 (328/500)...
[Atoms → Molecules] Found 82 molecules.
      [32m✓ All goal molecules found.[0m
        [32m✓ Missing molecule synthesis subproblem passed in 0.32s[0m
      Filtering reaction mnc_329 (329/500)...
[Atoms → Molecules] Found 250 molecules.
      [31m✗ Missing goal molecules.[0m
        [31m✗ Missing molecule synthesis subproblem failed in 0.69s[0m
      Filtering reaction mnc_330 (330/500)...
[Atoms → Molecules] Found 8 molecules.
      [32m✓ All goal molecules found.[0m
        [32m✓ Missing molecule synthesis subproblem passed in 0.1s[0m
      Filtering reaction mnc_331 (331/500)...
[Atoms → Molecules] Found 42 molecules.
      [32m✓ All goal molecules found.[0m
        [32m✓ Missing molecule synthesis subproblem passed in 0.16s[0m
      Filtering reaction mnc_332 (332/500)...
[Atoms → Molecules] Found 83 molecules.
      [32m✓ All goal molecules found.[0m
        [32m✓ Missing molecule synthesis subproblem passed in 0.28s[0m
      Filtering reaction mnc_333 (333/500)...
[Atoms → Molecules] Found 250 molecules.
      [31m✗ Missing goal molecules.[0m
        [31m✗ Missing molecule synthesis subproblem failed in 0.98s[0m
      Filtering reaction mnc_334 (334/500)...
[Atoms → Molecules] Found 183 molecules.
      [32m✓ All goal molecules found.[0m
        [32m✓ Missing molecule synthesis subproblem passed in 0.51s[0m
      Filtering reaction mnc_335 (335/500)...
[Atoms → Molecules] Found 250 molecules.
      [31m✗ Missing goal molecules.[0m
        [31m✗ Missing molecule synthesis subproblem failed in 0.96s[0m
      Filtering reaction mnc_336 (336/500)...
[Atoms → Molecules] Found 16 molecules.
      [32m✓ All goal molecules found.[0m
        [32m✓ Missing molecule synthesis subproblem passed in 0.04s[0m
      Filtering reaction mnc_337 (337/500)...
[Atoms → Molecules] Found 183 molecules.
      [32m✓ All goal molecules found.[0m
        [32m✓ Missing molecule synthesis subproblem passed in 1.76s[0m
      Filtering reaction mnc_338 (338/500)...
[Atoms → Molecules] Found 152 molecules.
      [32m✓ All goal molecules found.[0m
        [32m✓ Missing molecule synthesis subproblem passed in 0.69s[0m
      Filtering reaction mnc_339 (339/500)...
[Atoms → Molecules] Found 250 molecules.
      [31m✗ Missing goal molecules.[0m
        [31m✗ Missing molecule synthesis subproblem failed in 0.81s[0m
      Filtering reaction mnc_340 (340/500)...
[Atoms → Molecules] Found 9 molecules.
      [32m✓ All goal molecules found.[0m
        [32m✓ Missing molecule synthesis subproblem passed in 0.03s[0m
      Filtering reaction mnc_341 (341/500)...
[Atoms → Molecules] Found 250 molecules.
      [31m✗ Missing goal molecules.[0m
        [31m✗ Missing molecule synthesis subproblem failed in 1.11s[0m
      Filtering reaction mnc_342 (342/500)...
[Atoms → Molecules] Found 250 molecules.
      [31m✗ Missing goal molecules.[0m
        [31m✗ Missing molecule synthesis subproblem failed in 0.9s[0m
      Filtering reaction mnc_343 (343/500)...
[Atoms → Molecules] Found 250 molecules.
      [31m✗ Missing goal molecules.[0m
        [31m✗ Missing molecule synthesis subproblem failed in 0.57s[0m
      Filtering reaction mnc_344 (344/500)...
[Atoms → Molecules] Found 248 molecules.
      [32m✓ All goal molecules found.[0m
        [32m✓ Missing molecule synthesis subproblem passed in 0.56s[0m
      Filtering reaction mnc_345 (345/500)...
[Atoms → Molecules] Found 250 molecules.
      [31m✗ Missing goal molecules.[0m
        [31m✗ Missing molecule synthesis subproblem failed in 2.49s[0m
      Filtering reaction mnc_346 (346/500)...
[Atoms → Molecules] Found 90 molecules.
      [32m✓ All goal molecules found.[0m
        [32m✓ Missing molecule synthesis subproblem passed in 0.37s[0m
      Filtering reaction mnc_347 (347/500)...
[Atoms → Molecules] Found 149 molecules.
      [32m✓ All goal molecules found.[0m
        [32m✓ Missing molecule synthesis subproblem passed in 0.41s[0m
      Filtering reaction mnc_348 (348/500)...
[Atoms → Molecules] Found 250 molecules.
      [31m✗ Missing goal molecules.[0m
        [31m✗ Missing molecule synthesis subproblem failed in 1.01s[0m
      Filtering reaction mnc_349 (349/500)...
[Atoms → Molecules] Found 60 molecules.
      [32m✓ All goal molecules found.[0m
        [32m✓ Missing molecule synthesis subproblem passed in 0.21s[0m
      Filtering reaction mnc_350 (350/500)...
[Atoms → Molecules] Found 87 molecules.
      [32m✓ All goal molecules found.[0m
        [32m✓ Missing molecule synthesis subproblem passed in 0.41s[0m
      Filtering reaction mnc_351 (351/500)...
[Atoms → Molecules] Found 7 molecules.
      [32m✓ All goal molecules found.[0m
        [32m✓ Missing molecule synthesis subproblem passed in 0.01s[0m
      Filtering reaction mnc_352 (352/500)...
[Atoms → Molecules] Found 250 molecules.
      [31m✗ Missing goal molecules.[0m
        [31m✗ Missing molecule synthesis subproblem failed in 1.29s[0m
      Filtering reaction mnc_353 (353/500)...
[Atoms → Molecules] Found 250 molecules.
      [31m✗ Missing goal molecules.[0m
        [31m✗ Missing molecule synthesis subproblem failed in 0.61s[0m
      Filtering reaction mnc_354 (354/500)...
[Atoms → Molecules] Found 156 molecules.
      [32m✓ All goal molecules found.[0m
        [32m✓ Missing molecule synthesis subproblem passed in 0.45s[0m
      Filtering reaction mnc_355 (355/500)...
[Atoms → Molecules] Found 128 molecules.
      [32m✓ All goal molecules found.[0m
        [32m✓ Missing molecule synthesis subproblem passed in 0.3s[0m
      Filtering reaction mnc_356 (356/500)...
[Atoms → Molecules] Found 11 molecules.
      [32m✓ All goal molecules found.[0m
        [32m✓ Missing molecule synthesis subproblem passed in 0.02s[0m
      Filtering reaction mnc_357 (357/500)...
[Atoms → Molecules] Found 250 molecules.
      [31m✗ Missing goal molecules.[0m
        [31m✗ Missing molecule synthesis subproblem failed in 1.38s[0m
      Filtering reaction mnc_358 (358/500)...
[Atoms → Molecules] Found 35 molecules.
      [32m✓ All goal molecules found.[0m
        [32m✓ Missing molecule synthesis subproblem passed in 0.17s[0m
      Filtering reaction mnc_359 (359/500)...
[Atoms → Molecules] Found 79 molecules.
      [32m✓ All goal molecules found.[0m
        [32m✓ Missing molecule synthesis subproblem passed in 0.32s[0m
      Filtering reaction mnc_360 (360/500)...
[Atoms → Molecules] Found 79 molecules.
      [32m✓ All goal molecules found.[0m
        [32m✓ Missing molecule synthesis subproblem passed in 0.29s[0m
      Filtering reaction mnc_361 (361/500)...
[Atoms → Molecules] Found 250 molecules.
      [31m✗ Missing goal molecules.[0m
        [31m✗ Missing molecule synthesis subproblem failed in 1.23s[0m
      Filtering reaction mnc_362 (362/500)...
[Atoms → Molecules] Found 10 molecules.
      [32m✓ All goal molecules found.[0m
        [32m✓ Missing molecule synthesis subproblem passed in 0.02s[0m
      Filtering reaction mnc_363 (363/500)...
[Atoms → Molecules] Found 38 molecules.
      [32m✓ All goal molecules found.[0m
        [32m✓ Missing molecule synthesis subproblem passed in 0.09s[0m
      Filtering reaction mnc_364 (364/500)...
[Atoms → Molecules] Found 250 molecules.
      [31m✗ Missing goal molecules.[0m
        [31m✗ Missing molecule synthesis subproblem failed in 1.02s[0m
      Filtering reaction mnc_365 (365/500)...
[Atoms → Molecules] Found 41 molecules.
      [32m✓ All goal molecules found.[0m
        [32m✓ Missing molecule synthesis subproblem passed in 0.26s[0m
      Filtering reaction mnc_366 (366/500)...
[Atoms → Molecules] Found 87 molecules.
      [32m✓ All goal molecules found.[0m
        [32m✓ Missing molecule synthesis subproblem passed in 0.48s[0m
      Filtering reaction mnc_367 (367/500)...
[Atoms → Molecules] Found 149 molecules.
      [32m✓ All goal molecules found.[0m
        [32m✓ Missing molecule synthesis subproblem passed in 0.48s[0m
      Filtering reaction mnc_368 (368/500)...
[Atoms → Molecules] Found 21 molecules.
      [32m✓ All goal molecules found.[0m
        [32m✓ Missing molecule synthesis subproblem passed in 0.07s[0m
      Filtering reaction mnc_369 (369/500)...
[Atoms → Molecules] Found 250 molecules.
      [31m✗ Missing goal molecules.[0m
        [31m✗ Missing molecule synthesis subproblem failed in 0.53s[0m
      Filtering reaction mnc_370 (370/500)...
[Atoms → Molecules] Found 132 molecules.
      [32m✓ All goal molecules found.[0m
        [32m✓ Missing molecule synthesis subproblem passed in 0.27s[0m
      Filtering reaction mnc_371 (371/500)...
[Atoms → Molecules] Found 52 molecules.
      [32m✓ All goal molecules found.[0m
        [32m✓ Missing molecule synthesis subproblem passed in 0.16s[0m
      Filtering reaction mnc_372 (372/500)...
[Atoms → Molecules] Found 250 molecules.
      [31m✗ Missing goal molecules.[0m
        [31m✗ Missing molecule synthesis subproblem failed in 0.7s[0m
      Filtering reaction mnc_373 (373/500)...
[Atoms → Molecules] Found 53 molecules.
      [32m✓ All goal molecules found.[0m
        [32m✓ Missing molecule synthesis subproblem passed in 0.12s[0m
      Filtering reaction mnc_374 (374/500)...
[Atoms → Molecules] Found 250 molecules.
      [31m✗ Missing goal molecules.[0m
        [31m✗ Missing molecule synthesis subproblem failed in 0.94s[0m
      Filtering reaction mnc_375 (375/500)...
[Atoms → Molecules] Found 106 molecules.
      [32m✓ All goal molecules found.[0m
        [32m✓ Missing molecule synthesis subproblem passed in 0.31s[0m
      Filtering reaction mnc_376 (376/500)...
[Atoms → Molecules] Found 131 molecules.
      [32m✓ All goal molecules found.[0m
        [32m✓ Missing molecule synthesis subproblem passed in 0.28s[0m
      Filtering reaction mnc_377 (377/500)...
[Atoms → Molecules] Found 250 molecules.
      [31m✗ Missing goal molecules.[0m
        [31m✗ Missing molecule synthesis subproblem failed in 1.04s[0m
      Filtering reaction mnc_378 (378/500)...
[Atoms → Molecules] Found 24 molecules.
      [32m✓ All goal molecules found.[0m
        [32m✓ Missing molecule synthesis subproblem passed in 0.15s[0m
      Filtering reaction mnc_379 (379/500)...
[Atoms → Molecules] Found 161 molecules.
      [32m✓ All goal molecules found.[0m
        [32m✓ Missing molecule synthesis subproblem passed in 0.69s[0m
      Filtering reaction mnc_380 (380/500)...
[Atoms → Molecules] Found 39 molecules.
      [32m✓ All goal molecules found.[0m
        [32m✓ Missing molecule synthesis subproblem passed in 0.14s[0m
      Filtering reaction mnc_381 (381/500)...
[Atoms → Molecules] Found 250 molecules.
      [31m✗ Missing goal molecules.[0m
        [31m✗ Missing molecule synthesis subproblem failed in 0.53s[0m
      Filtering reaction mnc_382 (382/500)...
[Atoms → Molecules] Found 250 molecules.
      [31m✗ Missing goal molecules.[0m
        [31m✗ Missing molecule synthesis subproblem failed in 0.66s[0m
      Filtering reaction mnc_383 (383/500)...
[Atoms → Molecules] Found 89 molecules.
      [32m✓ All goal molecules found.[0m
        [32m✓ Missing molecule synthesis subproblem passed in 0.54s[0m
      Filtering reaction mnc_384 (384/500)...
[Atoms → Molecules] Found 215 molecules.
      [32m✓ All goal molecules found.[0m
        [32m✓ Missing molecule synthesis subproblem passed in 0.51s[0m
      Filtering reaction mnc_385 (385/500)...
[Atoms → Molecules] Found 250 molecules.
      [31m✗ Missing goal molecules.[0m
        [31m✗ Missing molecule synthesis subproblem failed in 1.81s[0m
      Filtering reaction mnc_386 (386/500)...
[Atoms → Molecules] Found 235 molecules.
      [32m✓ All goal molecules found.[0m
        [32m✓ Missing molecule synthesis subproblem passed in 1.23s[0m
      Filtering reaction mnc_387 (387/500)...
[Atoms → Molecules] Found 250 molecules.
      [31m✗ Missing goal molecules.[0m
        [31m✗ Missing molecule synthesis subproblem failed in 0.65s[0m
      Filtering reaction mnc_388 (388/500)...
[Atoms → Molecules] Found 250 molecules.
      [31m✗ Missing goal molecules.[0m
        [31m✗ Missing molecule synthesis subproblem failed in 1.02s[0m
      Filtering reaction mnc_389 (389/500)...
[Atoms → Molecules] Found 64 molecules.
      [32m✓ All goal molecules found.[0m
        [32m✓ Missing molecule synthesis subproblem passed in 0.21s[0m
      Filtering reaction mnc_390 (390/500)...
[Atoms → Molecules] Found 80 molecules.
      [32m✓ All goal molecules found.[0m
        [32m✓ Missing molecule synthesis subproblem passed in 0.41s[0m
      Filtering reaction mnc_391 (391/500)...
[Atoms → Molecules] Found 83 molecules.
      [32m✓ All goal molecules found.[0m
        [32m✓ Missing molecule synthesis subproblem passed in 0.4s[0m
      Filtering reaction mnc_392 (392/500)...
[Atoms → Molecules] Found 10 molecules.
      [32m✓ All goal molecules found.[0m
        [32m✓ Missing molecule synthesis subproblem passed in 0.04s[0m
      Filtering reaction mnc_393 (393/500)...
[Atoms → Molecules] Found 250 molecules.
      [31m✗ Missing goal molecules.[0m
        [31m✗ Missing molecule synthesis subproblem failed in 1.16s[0m
      Filtering reaction mnc_394 (394/500)...
[Atoms → Molecules] Found 51 molecules.
      [32m✓ All goal molecules found.[0m
        [32m✓ Missing molecule synthesis subproblem passed in 0.22s[0m
      Filtering reaction mnc_395 (395/500)...
[Atoms → Molecules] Found 250 molecules.
      [31m✗ Missing goal molecules.[0m
        [31m✗ Missing molecule synthesis subproblem failed in 1.02s[0m
      Filtering reaction mnc_396 (396/500)...
[Atoms → Molecules] Found 70 molecules.
      [32m✓ All goal molecules found.[0m
        [32m✓ Missing molecule synthesis subproblem passed in 0.21s[0m
      Filtering reaction mnc_397 (397/500)...
[Atoms → Molecules] Found 46 molecules.
      [32m✓ All goal molecules found.[0m
        [32m✓ Missing molecule synthesis subproblem passed in 0.45s[0m
      Filtering reaction mnc_398 (398/500)...
[Atoms → Molecules] Found 88 molecules.
      [32m✓ All goal molecules found.[0m
        [32m✓ Missing molecule synthesis subproblem passed in 0.28s[0m
      Filtering reaction mnc_399 (399/500)...
[Atoms → Molecules] Found 37 molecules.
      [32m✓ All goal molecules found.[0m
        [32m✓ Missing molecule synthesis subproblem passed in 1.32s[0m
      Filtering reaction mnc_400 (400/500)...
[Atoms → Molecules] Found 42 molecules.
      [32m✓ All goal molecules found.[0m
        [32m✓ Missing molecule synthesis subproblem passed in 0.14s[0m
      Filtering reaction mnc_401 (401/500)...
[Atoms → Molecules] Found 29 molecules.
      [32m✓ All goal molecules found.[0m
        [32m✓ Missing molecule synthesis subproblem passed in 0.14s[0m
      Filtering reaction mnc_402 (402/500)...
[Atoms → Molecules] Found 22 molecules.
      [32m✓ All goal molecules found.[0m
        [32m✓ Missing molecule synthesis subproblem passed in 0.04s[0m
      Filtering reaction mnc_403 (403/500)...
[Atoms → Molecules] Found 250 molecules.
      [31m✗ Missing goal molecules.[0m
        [31m✗ Missing molecule synthesis subproblem failed in 0.7s[0m
      Filtering reaction mnc_404 (404/500)...
[Atoms → Molecules] Found 123 molecules.
      [32m✓ All goal molecules found.[0m
        [32m✓ Missing molecule synthesis subproblem passed in 0.39s[0m
      Filtering reaction mnc_405 (405/500)...
[Atoms → Molecules] Found 250 molecules.
      [31m✗ Missing goal molecules.[0m
        [31m✗ Missing molecule synthesis subproblem failed in 0.92s[0m
      Filtering reaction mnc_406 (406/500)...
[Atoms → Molecules] Found 250 molecules.
      [31m✗ Missing goal molecules.[0m
        [31m✗ Missing molecule synthesis subproblem failed in 0.75s[0m
      Filtering reaction mnc_407 (407/500)...
[Atoms → Molecules] Found 158 molecules.
      [32m✓ All goal molecules found.[0m
        [32m✓ Missing molecule synthesis subproblem passed in 0.81s[0m
      Filtering reaction mnc_408 (408/500)...
[Atoms → Molecules] Found 23 molecules.
      [32m✓ All goal molecules found.[0m
        [32m✓ Missing molecule synthesis subproblem passed in 0.07s[0m
      Filtering reaction mnc_409 (409/500)...
[Atoms → Molecules] Found 75 molecules.
      [32m✓ All goal molecules found.[0m
        [32m✓ Missing molecule synthesis subproblem passed in 0.23s[0m
      Filtering reaction mnc_410 (410/500)...
[Atoms → Molecules] Found 49 molecules.
      [32m✓ All goal molecules found.[0m
        [32m✓ Missing molecule synthesis subproblem passed in 0.38s[0m
      Filtering reaction mnc_411 (411/500)...
[Atoms → Molecules] Found 250 molecules.
      [31m✗ Missing goal molecules.[0m
        [31m✗ Missing molecule synthesis subproblem failed in 0.76s[0m
      Filtering reaction mnc_412 (412/500)...
[Atoms → Molecules] Found 31 molecules.
      [32m✓ All goal molecules found.[0m
        [32m✓ Missing molecule synthesis subproblem passed in 0.11s[0m
      Filtering reaction mnc_413 (413/500)...
[Atoms → Molecules] Found 20 molecules.
      [32m✓ All goal molecules found.[0m
        [32m✓ Missing molecule synthesis subproblem passed in 0.05s[0m
      Filtering reaction mnc_414 (414/500)...
[Atoms → Molecules] Found 53 molecules.
      [32m✓ All goal molecules found.[0m
        [32m✓ Missing molecule synthesis subproblem passed in 0.12s[0m
      Filtering reaction mnc_415 (415/500)...
[Atoms → Molecules] Found 13 molecules.
      [32m✓ All goal molecules found.[0m
        [32m✓ Missing molecule synthesis subproblem passed in 0.04s[0m
      Filtering reaction mnc_416 (416/500)...
[Atoms → Molecules] Found 205 molecules.
      [32m✓ All goal molecules found.[0m
        [32m✓ Missing molecule synthesis subproblem passed in 1.12s[0m
      Filtering reaction mnc_417 (417/500)...
[Atoms → Molecules] Found 250 molecules.
      [31m✗ Missing goal molecules.[0m
        [31m✗ Missing molecule synthesis subproblem failed in 1.23s[0m
      Filtering reaction mnc_418 (418/500)...
[Atoms → Molecules] Found 250 molecules.
      [31m✗ Missing goal molecules.[0m
        [31m✗ Missing molecule synthesis subproblem failed in 1.16s[0m
      Filtering reaction mnc_419 (419/500)...
[Atoms → Molecules] Found 28 molecules.
      [32m✓ All goal molecules found.[0m
        [32m✓ Missing molecule synthesis subproblem passed in 0.17s[0m
      Filtering reaction mnc_420 (420/500)...
[Atoms → Molecules] Found 250 molecules.
      [31m✗ Missing goal molecules.[0m
        [31m✗ Missing molecule synthesis subproblem failed in 0.53s[0m
      Filtering reaction mnc_421 (421/500)...
[Atoms → Molecules] Found 250 molecules.
      [31m✗ Missing goal molecules.[0m
        [31m✗ Missing molecule synthesis subproblem failed in 0.76s[0m
      Filtering reaction mnc_422 (422/500)...
[Atoms → Molecules] Found 236 molecules.
      [32m✓ All goal molecules found.[0m
        [32m✓ Missing molecule synthesis subproblem passed in 0.72s[0m
      Filtering reaction mnc_423 (423/500)...
[Atoms → Molecules] Found 250 molecules.
      [31m✗ Missing goal molecules.[0m
        [31m✗ Missing molecule synthesis subproblem failed in 1.03s[0m
      Filtering reaction mnc_424 (424/500)...
[Atoms → Molecules] Found 250 molecules.
      [31m✗ Missing goal molecules.[0m
        [31m✗ Missing molecule synthesis subproblem failed in 0.6s[0m
      Filtering reaction mnc_425 (425/500)...
[Atoms → Molecules] Found 140 molecules.
      [32m✓ All goal molecules found.[0m
        [32m✓ Missing molecule synthesis subproblem passed in 0.45s[0m
      Filtering reaction mnc_426 (426/500)...
[Atoms → Molecules] Found 204 molecules.
      [32m✓ All goal molecules found.[0m
        [32m✓ Missing molecule synthesis subproblem passed in 1.12s[0m
      Filtering reaction mnc_427 (427/500)...
[Atoms → Molecules] Found 250 molecules.
      [31m✗ Missing goal molecules.[0m
        [31m✗ Missing molecule synthesis subproblem failed in 0.46s[0m
      Filtering reaction mnc_428 (428/500)...
[Atoms → Molecules] Found 132 molecules.
      [32m✓ All goal molecules found.[0m
        [32m✓ Missing molecule synthesis subproblem passed in 0.69s[0m
      Filtering reaction mnc_429 (429/500)...
[Atoms → Molecules] Found 47 molecules.
      [32m✓ All goal molecules found.[0m
        [32m✓ Missing molecule synthesis subproblem passed in 0.27s[0m
      Filtering reaction mnc_430 (430/500)...
[Atoms → Molecules] Found 250 molecules.
      [31m✗ Missing goal molecules.[0m
        [31m✗ Missing molecule synthesis subproblem failed in 0.56s[0m
      Filtering reaction mnc_431 (431/500)...
[Atoms → Molecules] Found 75 molecules.
      [32m✓ All goal molecules found.[0m
        [32m✓ Missing molecule synthesis subproblem passed in 0.33s[0m
      Filtering reaction mnc_432 (432/500)...
[Atoms → Molecules] Found 87 molecules.
      [32m✓ All goal molecules found.[0m
        [32m✓ Missing molecule synthesis subproblem passed in 0.26s[0m
      Filtering reaction mnc_433 (433/500)...
[Atoms → Molecules] Found 250 molecules.
      [31m✗ Missing goal molecules.[0m
        [31m✗ Missing molecule synthesis subproblem failed in 0.78s[0m
      Filtering reaction mnc_434 (434/500)...
[Atoms → Molecules] Found 158 molecules.
      [32m✓ All goal molecules found.[0m
        [32m✓ Missing molecule synthesis subproblem passed in 0.59s[0m
      Filtering reaction mnc_435 (435/500)...
[Atoms → Molecules] Found 25 molecules.
      [32m✓ All goal molecules found.[0m
        [32m✓ Missing molecule synthesis subproblem passed in 0.14s[0m
      Filtering reaction mnc_436 (436/500)...
[Atoms → Molecules] Found 250 molecules.
      [31m✗ Missing goal molecules.[0m
        [31m✗ Missing molecule synthesis subproblem failed in 0.64s[0m
      Filtering reaction mnc_437 (437/500)...
[Atoms → Molecules] Found 67 molecules.
      [32m✓ All goal molecules found.[0m
        [32m✓ Missing molecule synthesis subproblem passed in 0.39s[0m
      Filtering reaction mnc_438 (438/500)...
[Atoms → Molecules] Found 60 molecules.
      [32m✓ All goal molecules found.[0m
        [32m✓ Missing molecule synthesis subproblem passed in 0.14s[0m
      Filtering reaction mnc_439 (439/500)...
[Atoms → Molecules] Found 75 molecules.
      [32m✓ All goal molecules found.[0m
        [32m✓ Missing molecule synthesis subproblem passed in 0.25s[0m
      Filtering reaction mnc_440 (440/500)...
[Atoms → Molecules] Found 11 molecules.
      [32m✓ All goal molecules found.[0m
        [32m✓ Missing molecule synthesis subproblem passed in 0.04s[0m
      Filtering reaction mnc_441 (441/500)...
[Atoms → Molecules] Found 250 molecules.
      [31m✗ Missing goal molecules.[0m
        [31m✗ Missing molecule synthesis subproblem failed in 1.57s[0m
      Filtering reaction mnc_442 (442/500)...
[Atoms → Molecules] Found 250 molecules.
      [31m✗ Missing goal molecules.[0m
        [31m✗ Missing molecule synthesis subproblem failed in 0.48s[0m
      Filtering reaction mnc_443 (443/500)...
[Atoms → Molecules] Found 34 molecules.
      [32m✓ All goal molecules found.[0m
        [32m✓ Missing molecule synthesis subproblem passed in 0.09s[0m
      Filtering reaction mnc_444 (444/500)...
[Atoms → Molecules] Found 28 molecules.
      [32m✓ All goal molecules found.[0m
        [32m✓ Missing molecule synthesis subproblem passed in 0.11s[0m
      Filtering reaction mnc_445 (445/500)...
[Atoms → Molecules] Found 93 molecules.
      [32m✓ All goal molecules found.[0m
        [32m✓ Missing molecule synthesis subproblem passed in 0.39s[0m
      Filtering reaction mnc_446 (446/500)...
[Atoms → Molecules] Found 25 molecules.
      [32m✓ All goal molecules found.[0m
        [32m✓ Missing molecule synthesis subproblem passed in 0.07s[0m
      Filtering reaction mnc_447 (447/500)...
[Atoms → Molecules] Found 250 molecules.
      [31m✗ Missing goal molecules.[0m
        [31m✗ Missing molecule synthesis subproblem failed in 0.82s[0m
      Filtering reaction mnc_448 (448/500)...
[Atoms → Molecules] Found 250 molecules.
      [31m✗ Missing goal molecules.[0m
        [31m✗ Missing molecule synthesis subproblem failed in 0.75s[0m
      Filtering reaction mnc_449 (449/500)...
[Atoms → Molecules] Found 250 molecules.
      [31m✗ Missing goal molecules.[0m
        [31m✗ Missing molecule synthesis subproblem failed in 1.39s[0m
      Filtering reaction mnc_450 (450/500)...
[Atoms → Molecules] Found 152 molecules.
      [32m✓ All goal molecules found.[0m
        [32m✓ Missing molecule synthesis subproblem passed in 0.47s[0m
      Filtering reaction mnc_451 (451/500)...
[Atoms → Molecules] Found 250 molecules.
      [31m✗ Missing goal molecules.[0m
        [31m✗ Missing molecule synthesis subproblem failed in 0.91s[0m
      Filtering reaction mnc_452 (452/500)...
[Atoms → Molecules] Found 33 molecules.
      [32m✓ All goal molecules found.[0m
        [32m✓ Missing molecule synthesis subproblem passed in 0.1s[0m
      Filtering reaction mnc_453 (453/500)...
[Atoms → Molecules] Found 234 molecules.
      [32m✓ All goal molecules found.[0m
        [32m✓ Missing molecule synthesis subproblem passed in 0.89s[0m
      Filtering reaction mnc_454 (454/500)...
[Atoms → Molecules] Found 18 molecules.
      [32m✓ All goal molecules found.[0m
        [32m✓ Missing molecule synthesis subproblem passed in 0.16s[0m
      Filtering reaction mnc_455 (455/500)...
[Atoms → Molecules] Found 250 molecules.
      [31m✗ Missing goal molecules.[0m
        [31m✗ Missing molecule synthesis subproblem failed in 1.23s[0m
      Filtering reaction mnc_456 (456/500)...
[Atoms → Molecules] Found 250 molecules.
      [31m✗ Missing goal molecules.[0m
        [31m✗ Missing molecule synthesis subproblem failed in 0.72s[0m
      Filtering reaction mnc_457 (457/500)...
[Atoms → Molecules] Found 103 molecules.
      [32m✓ All goal molecules found.[0m
        [32m✓ Missing molecule synthesis subproblem passed in 0.44s[0m
      Filtering reaction mnc_458 (458/500)...
[Atoms → Molecules] Found 250 molecules.
      [31m✗ Missing goal molecules.[0m
        [31m✗ Missing molecule synthesis subproblem failed in 2.09s[0m
      Filtering reaction mnc_459 (459/500)...
[Atoms → Molecules] Found 250 molecules.
      [31m✗ Missing goal molecules.[0m
        [31m✗ Missing molecule synthesis subproblem failed in 1.25s[0m
      Filtering reaction mnc_460 (460/500)...
[Atoms → Molecules] Found 52 molecules.
      [32m✓ All goal molecules found.[0m
        [32m✓ Missing molecule synthesis subproblem passed in 0.28s[0m
      Filtering reaction mnc_461 (461/500)...
[Atoms → Molecules] Found 44 molecules.
      [32m✓ All goal molecules found.[0m
        [32m✓ Missing molecule synthesis subproblem passed in 0.18s[0m
      Filtering reaction mnc_462 (462/500)...
[Atoms → Molecules] Found 250 molecules.
      [31m✗ Missing goal molecules.[0m
        [31m✗ Missing molecule synthesis subproblem failed in 0.81s[0m
      Filtering reaction mnc_463 (463/500)...
[Atoms → Molecules] Found 32 molecules.
      [32m✓ All goal molecules found.[0m
        [32m✓ Missing molecule synthesis subproblem passed in 0.12s[0m
      Filtering reaction mnc_464 (464/500)...
[Atoms → Molecules] Found 23 molecules.
      [32m✓ All goal molecules found.[0m
        [32m✓ Missing molecule synthesis subproblem passed in 0.09s[0m
      Filtering reaction mnc_465 (465/500)...
[Atoms → Molecules] Found 250 molecules.
      [31m✗ Missing goal molecules.[0m
        [31m✗ Missing molecule synthesis subproblem failed in 1.11s[0m
      Filtering reaction mnc_466 (466/500)...
[Atoms → Molecules] Found 29 molecules.
      [32m✓ All goal molecules found.[0m
        [32m✓ Missing molecule synthesis subproblem passed in 0.06s[0m
      Filtering reaction mnc_467 (467/500)...
[Atoms → Molecules] Found 250 molecules.
      [31m✗ Missing goal molecules.[0m
        [31m✗ Missing molecule synthesis subproblem failed in 0.87s[0m
      Filtering reaction mnc_468 (468/500)...
[Atoms → Molecules] Found 135 molecules.
      [32m✓ All goal molecules found.[0m
        [32m✓ Missing molecule synthesis subproblem passed in 0.44s[0m
      Filtering reaction mnc_469 (469/500)...
[Atoms → Molecules] Found 14 molecules.
      [32m✓ All goal molecules found.[0m
        [32m✓ Missing molecule synthesis subproblem passed in 0.02s[0m
      Filtering reaction mnc_470 (470/500)...
[Atoms → Molecules] Found 250 molecules.
      [31m✗ Missing goal molecules.[0m
        [31m✗ Missing molecule synthesis subproblem failed in 1.62s[0m
      Filtering reaction mnc_471 (471/500)...
[Atoms → Molecules] Found 250 molecules.
      [31m✗ Missing goal molecules.[0m
        [31m✗ Missing molecule synthesis subproblem failed in 0.93s[0m
      Filtering reaction mnc_472 (472/500)...
[Atoms → Molecules] Found 21 molecules.
      [32m✓ All goal molecules found.[0m
        [32m✓ Missing molecule synthesis subproblem passed in 0.13s[0m
      Filtering reaction mnc_473 (473/500)...
[Atoms → Molecules] Found 204 molecules.
      [32m✓ All goal molecules found.[0m
        [32m✓ Missing molecule synthesis subproblem passed in 0.88s[0m
      Filtering reaction mnc_474 (474/500)...
[Atoms → Molecules] Found 170 molecules.
      [32m✓ All goal molecules found.[0m
        [32m✓ Missing molecule synthesis subproblem passed in 0.71s[0m
      Filtering reaction mnc_475 (475/500)...
[Atoms → Molecules] Found 71 molecules.
      [32m✓ All goal molecules found.[0m
        [32m✓ Missing molecule synthesis subproblem passed in 0.16s[0m
      Filtering reaction mnc_476 (476/500)...
[Atoms → Molecules] Found 250 molecules.
      [31m✗ Missing goal molecules.[0m
        [31m✗ Missing molecule synthesis subproblem failed in 1.05s[0m
      Filtering reaction mnc_477 (477/500)...
[Atoms → Molecules] Found 34 molecules.
      [32m✓ All goal molecules found.[0m
        [32m✓ Missing molecule synthesis subproblem passed in 0.15s[0m
      Filtering reaction mnc_478 (478/500)...
[Atoms → Molecules] Found 70 molecules.
      [32m✓ All goal molecules found.[0m
        [32m✓ Missing molecule synthesis subproblem passed in 0.25s[0m
      Filtering reaction mnc_479 (479/500)...
[Atoms → Molecules] Found 76 molecules.
      [32m✓ All goal molecules found.[0m
        [32m✓ Missing molecule synthesis subproblem passed in 0.41s[0m
      Filtering reaction mnc_480 (480/500)...
[Atoms → Molecules] Found 69 molecules.
      [32m✓ All goal molecules found.[0m
        [32m✓ Missing molecule synthesis subproblem passed in 0.28s[0m
      Filtering reaction mnc_481 (481/500)...
[Atoms → Molecules] Found 16 molecules.
      [32m✓ All goal molecules found.[0m
        [32m✓ Missing molecule synthesis subproblem passed in 0.11s[0m
      Filtering reaction mnc_482 (482/500)...
[Atoms → Molecules] Found 138 molecules.
      [32m✓ All goal molecules found.[0m
        [32m✓ Missing molecule synthesis subproblem passed in 0.45s[0m
      Filtering reaction mnc_483 (483/500)...
[Atoms → Molecules] Found 250 molecules.
      [31m✗ Missing goal molecules.[0m
        [31m✗ Missing molecule synthesis subproblem failed in 1.23s[0m
      Filtering reaction mnc_484 (484/500)...
[Atoms → Molecules] Found 250 molecules.
      [31m✗ Missing goal molecules.[0m
        [31m✗ Missing molecule synthesis subproblem failed in 1.15s[0m
      Filtering reaction mnc_485 (485/500)...
[Atoms → Molecules] Found 250 molecules.
      [31m✗ Missing goal molecules.[0m
        [31m✗ Missing molecule synthesis subproblem failed in 0.69s[0m
      Filtering reaction mnc_486 (486/500)...
[Atoms → Molecules] Found 23 molecules.
      [32m✓ All goal molecules found.[0m
        [32m✓ Missing molecule synthesis subproblem passed in 0.04s[0m
      Filtering reaction mnc_487 (487/500)...
[Atoms → Molecules] Found 39 molecules.
      [32m✓ All goal molecules found.[0m
        [32m✓ Missing molecule synthesis subproblem passed in 0.21s[0m
      Filtering reaction mnc_488 (488/500)...
[Atoms → Molecules] Found 1 molecules.
      [32m✓ All goal molecules found.[0m
        [32m✓ Missing molecule synthesis subproblem passed in 0.01s[0m
      Filtering reaction mnc_489 (489/500)...
[Atoms → Molecules] Found 26 molecules.
      [32m✓ All goal molecules found.[0m
        [32m✓ Missing molecule synthesis subproblem passed in 0.05s[0m
      Filtering reaction mnc_490 (490/500)...
[Atoms → Molecules] Found 28 molecules.
      [32m✓ All goal molecules found.[0m
        [32m✓ Missing molecule synthesis subproblem passed in 0.09s[0m
      Filtering reaction mnc_491 (491/500)...
[Atoms → Molecules] Found 208 molecules.
      [32m✓ All goal molecules found.[0m
        [32m✓ Missing molecule synthesis subproblem passed in 0.87s[0m
      Filtering reaction mnc_492 (492/500)...
[Atoms → Molecules] Found 201 molecules.
      [32m✓ All goal molecules found.[0m
        [32m✓ Missing molecule synthesis subproblem passed in 1.23s[0m
      Filtering reaction mnc_493 (493/500)...
[Atoms → Molecules] Found 34 molecules.
      [32m✓ All goal molecules found.[0m
        [32m✓ Missing molecule synthesis subproblem passed in 0.08s[0m
      Filtering reaction mnc_494 (494/500)...
[Atoms → Molecules] Found 27 molecules.
      [32m✓ All goal molecules found.[0m
        [32m✓ Missing molecule synthesis subproblem passed in 0.07s[0m
      Filtering reaction mnc_495 (495/500)...
[Atoms → Molecules] Found 250 molecules.
      [31m✗ Missing goal molecules.[0m
        [31m✗ Missing molecule synthesis subproblem failed in 0.77s[0m
      Filtering reaction mnc_496 (496/500)...
[Atoms → Molecules] Found 141 molecules.
      [32m✓ All goal molecules found.[0m
        [32m✓ Missing molecule synthesis subproblem passed in 0.38s[0m
      Filtering reaction mnc_497 (497/500)...
[Atoms → Molecules] Found 250 molecules.
      [31m✗ Missing goal molecules.[0m
        [31m✗ Missing molecule synthesis subproblem failed in 1.02s[0m
      Filtering reaction mnc_498 (498/500)...
[Atoms → Molecules] Found 15 molecules.
      [32m✓ All goal molecules found.[0m
        [32m✓ Missing molecule synthesis subproblem passed in 0.09s[0m
      Filtering reaction mnc_499 (499/500)...
[Atoms → Molecules] Found 243 molecules.
      [32m✓ All goal molecules found.[0m
        [32m✓ Missing molecule synthesis subproblem passed in 0.77s[0m
      Filtering reaction mnc_500 (500/500)...
[Atoms → Molecules] Found 10 molecules.
      [32m✓ All goal molecules found.[0m
        [32m✓ Missing molecule synthesis subproblem passed in 0.03s[0m

  [1mSimilarity Metric: none[0m
      Evaluating reaction mnc_1 (1/500)...
        [31m✗ Skipped reaction synthesis (missing molecule synthesis subproblem failed).[0m
      Evaluating reaction mnc_2 (2/500)...
        [31m✗ Skipped reaction synthesis (missing molecule synthesis subproblem failed).[0m
      Evaluating reaction mnc_3 (3/500)...
        [31m✗ Skipped reaction synthesis (missing molecule synthesis subproblem failed).[0m
      Evaluating reaction mnc_4 (4/500)...
[Problem → Reactions] Found 230 reactions, 250 molecules.
      [32m✓ All goal molecules found.[0m
      [32m✓ All goal reactions found.[0m
        [32m✓ Target reaction successfully synthesized in 0.88s![0m
      Evaluating reaction mnc_5 (5/500)...
        [31m✗ Skipped reaction synthesis (missing molecule synthesis subproblem failed).[0m
      Evaluating reaction mnc_6 (6/500)...
[Problem → Reactions] Found 207 reactions, 250 molecules.
      [32m✓ All goal molecules found.[0m
      [32m✓ All goal reactions found.[0m
        [32m✓ Target reaction successfully synthesized in 1.42s![0m
      Evaluating reaction mnc_7 (7/500)...
[Problem → Reactions] Found 27 reactions, 250 molecules.
      [32m✓ All goal molecules found.[0m
      [32m✓ All goal reactions found.[0m
        [32m✓ Target reaction successfully synthesized in 0.59s![0m
      Evaluating reaction mnc_8 (8/500)...
[Problem → Reactions] Found 194 reactions, 250 molecules.
      [32m✓ All goal molecules found.[0m
      [32m✓ All goal reactions found.[0m
        [32m✓ Target reaction successfully synthesized in 1.3s![0m
      Evaluating reaction mnc_9 (9/500)...
        [31m✗ Skipped reaction synthesis (missing molecule synthesis subproblem failed).[0m
      Evaluating reaction mnc_10 (10/500)...
[Problem → Reactions] Found 3202 reactions, 250 molecules.
      [32m✓ All goal molecules found.[0m
      [32m✓ All goal reactions found.[0m
        [32m✓ Target reaction successfully synthesized in 10.72s![0m
      Evaluating reaction mnc_11 (11/500)...
[Problem → Reactions] Found 251 reactions, 250 molecules.
      [32m✓ All goal molecules found.[0m
      [32m✓ All goal reactions found.[0m
        [32m✓ Target reaction successfully synthesized in 1.76s![0m
      Evaluating reaction mnc_12 (12/500)...
[Problem → Reactions] Found 155 reactions, 250 molecules.
      [32m✓ All goal molecules found.[0m
      [32m✓ All goal reactions found.[0m
        [32m✓ Target reaction successfully synthesized in 0.62s![0m
      Evaluating reaction mnc_13 (13/500)...
[Problem → Reactions] Found 381 reactions, 250 molecules.
      [32m✓ All goal molecules found.[0m
      [32m✓ All goal reactions found.[0m
        [32m✓ Target reaction successfully synthesized in 1.01s![0m
      Evaluating reaction mnc_14 (14/500)...
[Problem → Reactions] Found 131 reactions, 250 molecules.
      [32m✓ All goal molecules found.[0m
      [32m✓ All goal reactions found.[0m
        [32m✓ Target reaction successfully synthesized in 0.69s![0m
      Evaluating reaction mnc_15 (15/500)...
[Problem → Reactions] Found 281 reactions, 250 molecules.
      [32m✓ All goal molecules found.[0m
      [32m✓ All goal reactions found.[0m
        [32m✓ Target reaction successfully synthesized in 1.02s![0m
      Evaluating reaction mnc_16 (16/500)...
        [31m✗ Skipped reaction synthesis (missing molecule synthesis subproblem failed).[0m
      Evaluating reaction mnc_17 (17/500)...
[Problem → Reactions] Found 105 reactions, 250 molecules.
      [32m✓ All goal molecules found.[0m
      [32m✓ All goal reactions found.[0m
        [32m✓ Target reaction successfully synthesized in 0.35s![0m
      Evaluating reaction mnc_18 (18/500)...
[Problem → Reactions] Found 375 reactions, 250 molecules.
      [32m✓ All goal molecules found.[0m
      [32m✓ All goal reactions found.[0m
        [32m✓ Target reaction successfully synthesized in 1.18s![0m
      Evaluating reaction mnc_19 (19/500)...
[Problem → Reactions] Found 153 reactions, 250 molecules.
      [32m✓ All goal molecules found.[0m
      [32m✓ All goal reactions found.[0m
        [32m✓ Target reaction successfully synthesized in 0.8s![0m
      Evaluating reaction mnc_20 (20/500)...
        [31m✗ Skipped reaction synthesis (missing molecule synthesis subproblem failed).[0m
      Evaluating reaction mnc_21 (21/500)...
        [31m✗ Skipped reaction synthesis (missing molecule synthesis subproblem failed).[0m
      Evaluating reaction mnc_22 (22/500)...
[Problem → Reactions] Found 272 reactions, 250 molecules.
      [32m✓ All goal molecules found.[0m
      [32m✓ All goal reactions found.[0m
        [32m✓ Target reaction successfully synthesized in 0.77s![0m
      Evaluating reaction mnc_23 (23/500)...
[Problem → Reactions] Found 600 reactions, 250 molecules.
      [32m✓ All goal molecules found.[0m
      [32m✓ All goal reactions found.[0m
        [32m✓ Target reaction successfully synthesized in 5.47s![0m
      Evaluating reaction mnc_24 (24/500)...
[Problem → Reactions] Found 200 reactions, 250 molecules.
      [32m✓ All goal molecules found.[0m
      [32m✓ All goal reactions found.[0m
        [32m✓ Target reaction successfully synthesized in 1.36s![0m
      Evaluating reaction mnc_25 (25/500)...
[Problem → Reactions] Found 182 reactions, 250 molecules.
      [32m✓ All goal molecules found.[0m
      [32m✓ All goal reactions found.[0m
        [32m✓ Target reaction successfully synthesized in 2.12s![0m
      Evaluating reaction mnc_26 (26/500)...
[Problem → Reactions] Found 131 reactions, 250 molecules.
      [32m✓ All goal molecules found.[0m
      [32m✓ All goal reactions found.[0m
        [32m✓ Target reaction successfully synthesized in 0.92s![0m
      Evaluating reaction mnc_27 (27/500)...
[Problem → Reactions] Found 251 reactions, 250 molecules.
      [32m✓ All goal molecules found.[0m
      [32m✓ All goal reactions found.[0m
        [32m✓ Target reaction successfully synthesized in 0.98s![0m
      Evaluating reaction mnc_28 (28/500)...
        [31m✗ Skipped reaction synthesis (missing molecule synthesis subproblem failed).[0m
      Evaluating reaction mnc_29 (29/500)...
[Problem → Reactions] Found 227 reactions, 250 molecules.
      [32m✓ All goal molecules found.[0m
      [32m✓ All goal reactions found.[0m
        [32m✓ Target reaction successfully synthesized in 0.93s![0m
      Evaluating reaction mnc_30 (30/500)...
        [31m✗ Skipped reaction synthesis (missing molecule synthesis subproblem failed).[0m
      Evaluating reaction mnc_31 (31/500)...
[Problem → Reactions] Found 248 reactions, 250 molecules.
      [32m✓ All goal molecules found.[0m
      [32m✓ All goal reactions found.[0m
        [32m✓ Target reaction successfully synthesized in 2.52s![0m
      Evaluating reaction mnc_32 (32/500)...
[Problem → Reactions] Found 254 reactions, 250 molecules.
      [32m✓ All goal molecules found.[0m
      [32m✓ All goal reactions found.[0m
        [32m✓ Target reaction successfully synthesized in 1.95s![0m
      Evaluating reaction mnc_33 (33/500)...
[Problem → Reactions] Found 465 reactions, 250 molecules.
      [32m✓ All goal molecules found.[0m
      [32m✓ All goal reactions found.[0m
        [32m✓ Target reaction successfully synthesized in 1.16s![0m
      Evaluating reaction mnc_34 (34/500)...
        [31m✗ Skipped reaction synthesis (missing molecule synthesis subproblem failed).[0m
      Evaluating reaction mnc_35 (35/500)...
        [31m✗ Skipped reaction synthesis (missing molecule synthesis subproblem failed).[0m
      Evaluating reaction mnc_36 (36/500)...
[Problem → Reactions] Found 95 reactions, 250 molecules.
      [32m✓ All goal molecules found.[0m
      [32m✓ All goal reactions found.[0m
        [32m✓ Target reaction successfully synthesized in 1.05s![0m
      Evaluating reaction mnc_37 (37/500)...
[Problem → Reactions] Found 119 reactions, 250 molecules.
      [32m✓ All goal molecules found.[0m
      [32m✓ All goal reactions found.[0m
        [32m✓ Target reaction successfully synthesized in 0.76s![0m
      Evaluating reaction mnc_38 (38/500)...
[Problem → Reactions] Found 30000 reactions, 250 molecules.
      [32m✓ All goal molecules found.[0m
      [31m✗ Missing goal reactions.[0m
        [31m✗ Synthesis failed or timed out in 106.4s.[0m
      Evaluating reaction mnc_39 (39/500)...
[Problem → Reactions] Found 356 reactions, 250 molecules.
      [32m✓ All goal molecules found.[0m
      [32m✓ All goal reactions found.[0m
        [32m✓ Target reaction successfully synthesized in 1.06s![0m
      Evaluating reaction mnc_40 (40/500)...
        [31m✗ Skipped reaction synthesis (missing molecule synthesis subproblem failed).[0m
      Evaluating reaction mnc_41 (41/500)...
[Problem → Reactions] Found 71 reactions, 250 molecules.
      [32m✓ All goal molecules found.[0m
      [32m✓ All goal reactions found.[0m
        [32m✓ Target reaction successfully synthesized in 1.51s![0m
      Evaluating reaction mnc_42 (42/500)...
        [31m✗ Skipped reaction synthesis (missing molecule synthesis subproblem failed).[0m
      Evaluating reaction mnc_43 (43/500)...
[Problem → Reactions] Found 173 reactions, 250 molecules.
      [32m✓ All goal molecules found.[0m
      [32m✓ All goal reactions found.[0m
        [32m✓ Target reaction successfully synthesized in 0.97s![0m
      Evaluating reaction mnc_44 (44/500)...
        [31m✗ Skipped reaction synthesis (missing molecule synthesis subproblem failed).[0m
      Evaluating reaction mnc_45 (45/500)...
        [31m✗ Skipped reaction synthesis (missing molecule synthesis subproblem failed).[0m
      Evaluating reaction mnc_46 (46/500)...
[Problem → Reactions] Found 68 reactions, 250 molecules.
      [32m✓ All goal molecules found.[0m
      [32m✓ All goal reactions found.[0m
        [32m✓ Target reaction successfully synthesized in 0.64s![0m
      Evaluating reaction mnc_47 (47/500)...
[Problem → Reactions] Found 272 reactions, 250 molecules.
      [32m✓ All goal molecules found.[0m
      [32m✓ All goal reactions found.[0m
        [32m✓ Target reaction successfully synthesized in 2.21s![0m
      Evaluating reaction mnc_48 (48/500)...
[Problem → Reactions] Found 284 reactions, 250 molecules.
      [32m✓ All goal molecules found.[0m
      [32m✓ All goal reactions found.[0m
        [32m✓ Target reaction successfully synthesized in 1.33s![0m
      Evaluating reaction mnc_49 (49/500)...
        [31m✗ Skipped reaction synthesis (missing molecule synthesis subproblem failed).[0m
      Evaluating reaction mnc_50 (50/500)...
[Problem → Reactions] Found 223 reactions, 250 molecules.
      [32m✓ All goal molecules found.[0m
      [32m✓ All goal reactions found.[0m
        [32m✓ Target reaction successfully synthesized in 1.34s![0m
      Evaluating reaction mnc_51 (51/500)...
[Problem → Reactions] Found 1263 reactions, 250 molecules.
      [32m✓ All goal molecules found.[0m
      [32m✓ All goal reactions found.[0m
        [32m✓ Target reaction successfully synthesized in 0.71s![0m
      Evaluating reaction mnc_52 (52/500)...
        [31m✗ Skipped reaction synthesis (missing molecule synthesis subproblem failed).[0m
      Evaluating reaction mnc_53 (53/500)...
[Problem → Reactions] Found 191 reactions, 250 molecules.
      [32m✓ All goal molecules found.[0m
      [32m✓ All goal reactions found.[0m
        [32m✓ Target reaction successfully synthesized in 0.9s![0m
      Evaluating reaction mnc_54 (54/500)...
[Problem → Reactions] Found 149 reactions, 250 molecules.
      [32m✓ All goal molecules found.[0m
      [32m✓ All goal reactions found.[0m
        [32m✓ Target reaction successfully synthesized in 1.13s![0m
      Evaluating reaction mnc_55 (55/500)...
        [31m✗ Skipped reaction synthesis (missing molecule synthesis subproblem failed).[0m
      Evaluating reaction mnc_56 (56/500)...
[Problem → Reactions] Found 3881 reactions, 250 molecules.
      [32m✓ All goal molecules found.[0m
      [32m✓ All goal reactions found.[0m
        [32m✓ Target reaction successfully synthesized in 2.43s![0m
      Evaluating reaction mnc_57 (57/500)...
[Problem → Reactions] Found 188 reactions, 250 molecules.
      [32m✓ All goal molecules found.[0m
      [32m✓ All goal reactions found.[0m
        [32m✓ Target reaction successfully synthesized in 0.77s![0m
      Evaluating reaction mnc_58 (58/500)...
[Problem → Reactions] Found 266 reactions, 250 molecules.
      [32m✓ All goal molecules found.[0m
      [32m✓ All goal reactions found.[0m
        [32m✓ Target reaction successfully synthesized in 0.76s![0m
      Evaluating reaction mnc_59 (59/500)...
        [31m✗ Skipped reaction synthesis (missing molecule synthesis subproblem failed).[0m
      Evaluating reaction mnc_60 (60/500)...
        [31m✗ Skipped reaction synthesis (missing molecule synthesis subproblem failed).[0m
      Evaluating reaction mnc_61 (61/500)...
[Problem → Reactions] Found 179 reactions, 250 molecules.
      [32m✓ All goal molecules found.[0m
      [32m✓ All goal reactions found.[0m
        [32m✓ Target reaction successfully synthesized in 0.71s![0m
      Evaluating reaction mnc_62 (62/500)...
        [31m✗ Skipped reaction synthesis (missing molecule synthesis subproblem failed).[0m
      Evaluating reaction mnc_63 (63/500)...
[Problem → Reactions] Found 176 reactions, 250 molecules.
      [32m✓ All goal molecules found.[0m
      [32m✓ All goal reactions found.[0m
        [32m✓ Target reaction successfully synthesized in 1.72s![0m
      Evaluating reaction mnc_64 (64/500)...
        [31m✗ Skipped reaction synthesis (missing molecule synthesis subproblem failed).[0m
      Evaluating reaction mnc_65 (65/500)...
[Problem → Reactions] Found 87 reactions, 250 molecules.
      [32m✓ All goal molecules found.[0m
      [32m✓ All goal reactions found.[0m
        [32m✓ Target reaction successfully synthesized in 0.79s![0m
      Evaluating reaction mnc_66 (66/500)...
        [31m✗ Skipped reaction synthesis (missing molecule synthesis subproblem failed).[0m
      Evaluating reaction mnc_67 (67/500)...
[Problem → Reactions] Found 705 reactions, 250 molecules.
      [32m✓ All goal molecules found.[0m
      [32m✓ All goal reactions found.[0m
        [32m✓ Target reaction successfully synthesized in 2.18s![0m
      Evaluating reaction mnc_68 (68/500)...
[Problem → Reactions] Found 171 reactions, 250 molecules.
      [32m✓ All goal molecules found.[0m
      [32m✓ All goal reactions found.[0m
        [32m✓ Target reaction successfully synthesized in 0.8s![0m
      Evaluating reaction mnc_69 (69/500)...
[Problem → Reactions] Found 554 reactions, 250 molecules.
      [32m✓ All goal molecules found.[0m
      [32m✓ All goal reactions found.[0m
        [32m✓ Target reaction successfully synthesized in 1.11s![0m
      Evaluating reaction mnc_70 (70/500)...
[Problem → Reactions] Found 209 reactions, 250 molecules.
      [32m✓ All goal molecules found.[0m
      [32m✓ All goal reactions found.[0m
        [32m✓ Target reaction successfully synthesized in 2.47s![0m
      Evaluating reaction mnc_71 (71/500)...
        [31m✗ Skipped reaction synthesis (missing molecule synthesis subproblem failed).[0m
      Evaluating reaction mnc_72 (72/500)...
[Problem → Reactions] Found 260 reactions, 250 molecules.
      [32m✓ All goal molecules found.[0m
      [32m✓ All goal reactions found.[0m
        [32m✓ Target reaction successfully synthesized in 1.16s![0m
      Evaluating reaction mnc_73 (73/500)...
[Problem → Reactions] Found 57 reactions, 250 molecules.
      [32m✓ All goal molecules found.[0m
      [32m✓ All goal reactions found.[0m
        [32m✓ Target reaction successfully synthesized in 1.15s![0m
      Evaluating reaction mnc_74 (74/500)...
[Problem → Reactions] Found 95 reactions, 250 molecules.
      [32m✓ All goal molecules found.[0m
      [32m✓ All goal reactions found.[0m
        [32m✓ Target reaction successfully synthesized in 0.68s![0m
      Evaluating reaction mnc_75 (75/500)...
[Problem → Reactions] Found 581 reactions, 250 molecules.
      [32m✓ All goal molecules found.[0m
      [32m✓ All goal reactions found.[0m
        [32m✓ Target reaction successfully synthesized in 1.23s![0m
      Evaluating reaction mnc_76 (76/500)...
[Problem → Reactions] Found 353 reactions, 250 molecules.
      [32m✓ All goal molecules found.[0m
      [32m✓ All goal reactions found.[0m
        [32m✓ Target reaction successfully synthesized in 0.87s![0m
      Evaluating reaction mnc_77 (77/500)...
        [31m✗ Skipped reaction synthesis (missing molecule synthesis subproblem failed).[0m
      Evaluating reaction mnc_78 (78/500)...
[Problem → Reactions] Found 155 reactions, 250 molecules.
      [32m✓ All goal molecules found.[0m
      [32m✓ All goal reactions found.[0m
        [32m✓ Target reaction successfully synthesized in 0.91s![0m
      Evaluating reaction mnc_79 (79/500)...
[Problem → Reactions] Found 242 reactions, 250 molecules.
      [32m✓ All goal molecules found.[0m
      [32m✓ All goal reactions found.[0m
        [32m✓ Target reaction successfully synthesized in 0.57s![0m
      Evaluating reaction mnc_80 (80/500)...
        [31m✗ Skipped reaction synthesis (missing molecule synthesis subproblem failed).[0m
      Evaluating reaction mnc_81 (81/500)...
        [31m✗ Skipped reaction synthesis (missing molecule synthesis subproblem failed).[0m
      Evaluating reaction mnc_82 (82/500)...
        [31m✗ Skipped reaction synthesis (missing molecule synthesis subproblem failed).[0m
      Evaluating reaction mnc_83 (83/500)...
[Problem → Reactions] Found 101 reactions, 250 molecules.
      [32m✓ All goal molecules found.[0m
      [32m✓ All goal reactions found.[0m
        [32m✓ Target reaction successfully synthesized in 1.59s![0m
      Evaluating reaction mnc_84 (84/500)...
[Problem → Reactions] Found 152 reactions, 250 molecules.
      [32m✓ All goal molecules found.[0m
      [32m✓ All goal reactions found.[0m
        [32m✓ Target reaction successfully synthesized in 0.98s![0m
      Evaluating reaction mnc_85 (85/500)...
        [31m✗ Skipped reaction synthesis (missing molecule synthesis subproblem failed).[0m
      Evaluating reaction mnc_86 (86/500)...
[Problem → Reactions] Found 152 reactions, 250 molecules.
      [32m✓ All goal molecules found.[0m
      [32m✓ All goal reactions found.[0m
        [32m✓ Target reaction successfully synthesized in 1.29s![0m
      Evaluating reaction mnc_87 (87/500)...
        [31m✗ Skipped reaction synthesis (missing molecule synthesis subproblem failed).[0m
      Evaluating reaction mnc_88 (88/500)...
[Problem → Reactions] Found 261 reactions, 250 molecules.
      [32m✓ All goal molecules found.[0m
      [32m✓ All goal reactions found.[0m
        [32m✓ Target reaction successfully synthesized in 1.15s![0m
      Evaluating reaction mnc_89 (89/500)...
[Problem → Reactions] Found 321 reactions, 250 molecules.
      [32m✓ All goal molecules found.[0m
      [32m✓ All goal reactions found.[0m
        [32m✓ Target reaction successfully synthesized in 2.42s![0m
      Evaluating reaction mnc_90 (90/500)...
        [31m✗ Skipped reaction synthesis (missing molecule synthesis subproblem failed).[0m
      Evaluating reaction mnc_91 (91/500)...
        [31m✗ Skipped reaction synthesis (missing molecule synthesis subproblem failed).[0m
      Evaluating reaction mnc_92 (92/500)...
[Problem → Reactions] Found 129 reactions, 250 molecules.
      [32m✓ All goal molecules found.[0m
      [32m✓ All goal reactions found.[0m
        [32m✓ Target reaction successfully synthesized in 0.84s![0m
      Evaluating reaction mnc_93 (93/500)...
[Problem → Reactions] Found 434 reactions, 250 molecules.
      [32m✓ All goal molecules found.[0m
      [32m✓ All goal reactions found.[0m
        [32m✓ Target reaction successfully synthesized in 0.76s![0m
      Evaluating reaction mnc_94 (94/500)...
[Problem → Reactions] Found 197 reactions, 250 molecules.
      [32m✓ All goal molecules found.[0m
      [32m✓ All goal reactions found.[0m
        [32m✓ Target reaction successfully synthesized in 0.73s![0m
      Evaluating reaction mnc_95 (95/500)...
        [31m✗ Skipped reaction synthesis (missing molecule synthesis subproblem failed).[0m
      Evaluating reaction mnc_96 (96/500)...
        [31m✗ Skipped reaction synthesis (missing molecule synthesis subproblem failed).[0m
      Evaluating reaction mnc_97 (97/500)...
        [31m✗ Skipped reaction synthesis (missing molecule synthesis subproblem failed).[0m
      Evaluating reaction mnc_98 (98/500)...
        [31m✗ Skipped reaction synthesis (missing molecule synthesis subproblem failed).[0m
      Evaluating reaction mnc_99 (99/500)...
[Problem → Reactions] Found 255 reactions, 250 molecules.
      [32m✓ All goal molecules found.[0m
      [32m✓ All goal reactions found.[0m
        [32m✓ Target reaction successfully synthesized in 0.52s![0m
      Evaluating reaction mnc_100 (100/500)...
        [31m✗ Skipped reaction synthesis (missing molecule synthesis subproblem failed).[0m
      Evaluating reaction mnc_101 (101/500)...
        [31m✗ Skipped reaction synthesis (missing molecule synthesis subproblem failed).[0m
      Evaluating reaction mnc_102 (102/500)...
        [31m✗ Skipped reaction synthesis (missing molecule synthesis subproblem failed).[0m
      Evaluating reaction mnc_103 (103/500)...
[Problem → Reactions] Found 30000 reactions, 250 molecules.
      [32m✓ All goal molecules found.[0m
      [31m✗ Missing goal reactions.[0m
        [31m✗ Synthesis failed or timed out in 104.7s.[0m
      Evaluating reaction mnc_104 (104/500)...
[Problem → Reactions] Found 165 reactions, 250 molecules.
      [32m✓ All goal molecules found.[0m
      [32m✓ All goal reactions found.[0m
        [32m✓ Target reaction successfully synthesized in 0.79s![0m
      Evaluating reaction mnc_105 (105/500)...
[Problem → Reactions] Found 129 reactions, 250 molecules.
      [32m✓ All goal molecules found.[0m
      [32m✓ All goal reactions found.[0m
        [32m✓ Target reaction successfully synthesized in 1.17s![0m
      Evaluating reaction mnc_106 (106/500)...
[Problem → Reactions] Found 291 reactions, 250 molecules.
      [32m✓ All goal molecules found.[0m
      [32m✓ All goal reactions found.[0m
        [32m✓ Target reaction successfully synthesized in 1.33s![0m
      Evaluating reaction mnc_107 (107/500)...
        [31m✗ Skipped reaction synthesis (missing molecule synthesis subproblem failed).[0m
      Evaluating reaction mnc_108 (108/500)...
[Problem → Reactions] Found 128 reactions, 250 molecules.
      [32m✓ All goal molecules found.[0m
      [32m✓ All goal reactions found.[0m
        [32m✓ Target reaction successfully synthesized in 0.81s![0m
      Evaluating reaction mnc_109 (109/500)...
[Problem → Reactions] Found 51 reactions, 250 molecules.
      [32m✓ All goal molecules found.[0m
      [32m✓ All goal reactions found.[0m
        [32m✓ Target reaction successfully synthesized in 0.85s![0m
      Evaluating reaction mnc_110 (110/500)...
[Problem → Reactions] Found 260 reactions, 250 molecules.
      [32m✓ All goal molecules found.[0m
      [32m✓ All goal reactions found.[0m
        [32m✓ Target reaction successfully synthesized in 0.93s![0m
      Evaluating reaction mnc_111 (111/500)...
[Problem → Reactions] Found 221 reactions, 250 molecules.
      [32m✓ All goal molecules found.[0m
      [32m✓ All goal reactions found.[0m
        [32m✓ Target reaction successfully synthesized in 0.78s![0m
      Evaluating reaction mnc_112 (112/500)...
[Problem → Reactions] Found 303 reactions, 250 molecules.
      [32m✓ All goal molecules found.[0m
      [32m✓ All goal reactions found.[0m
        [32m✓ Target reaction successfully synthesized in 0.87s![0m
      Evaluating reaction mnc_113 (113/500)...
[Problem → Reactions] Found 949 reactions, 250 molecules.
      [32m✓ All goal molecules found.[0m
      [32m✓ All goal reactions found.[0m
        [32m✓ Target reaction successfully synthesized in 1.48s![0m
      Evaluating reaction mnc_114 (114/500)...
        [31m✗ Skipped reaction synthesis (missing molecule synthesis subproblem failed).[0m
      Evaluating reaction mnc_115 (115/500)...
[Problem → Reactions] Found 110 reactions, 250 molecules.
      [32m✓ All goal molecules found.[0m
      [32m✓ All goal reactions found.[0m
        [32m✓ Target reaction successfully synthesized in 1.02s![0m
      Evaluating reaction mnc_116 (116/500)...
        [31m✗ Skipped reaction synthesis (missing molecule synthesis subproblem failed).[0m
      Evaluating reaction mnc_117 (117/500)...
[Problem → Reactions] Found 188 reactions, 250 molecules.
      [32m✓ All goal molecules found.[0m
      [32m✓ All goal reactions found.[0m
        [32m✓ Target reaction successfully synthesized in 1.05s![0m
      Evaluating reaction mnc_118 (118/500)...
[Problem → Reactions] Found 77 reactions, 250 molecules.
      [32m✓ All goal molecules found.[0m
      [32m✓ All goal reactions found.[0m
        [32m✓ Target reaction successfully synthesized in 1.05s![0m
      Evaluating reaction mnc_119 (119/500)...
[Problem → Reactions] Found 279 reactions, 250 molecules.
      [32m✓ All goal molecules found.[0m
      [32m✓ All goal reactions found.[0m
        [32m✓ Target reaction successfully synthesized in 2.71s![0m
      Evaluating reaction mnc_120 (120/500)...
[Problem → Reactions] Found 77 reactions, 250 molecules.
      [32m✓ All goal molecules found.[0m
      [32m✓ All goal reactions found.[0m
        [32m✓ Target reaction successfully synthesized in 1.45s![0m
      Evaluating reaction mnc_121 (121/500)...
[Problem → Reactions] Found 326 reactions, 250 molecules.
      [32m✓ All goal molecules found.[0m
      [32m✓ All goal reactions found.[0m
        [32m✓ Target reaction successfully synthesized in 2.02s![0m
      Evaluating reaction mnc_122 (122/500)...
        [31m✗ Skipped reaction synthesis (missing molecule synthesis subproblem failed).[0m
      Evaluating reaction mnc_123 (123/500)...
        [31m✗ Skipped reaction synthesis (missing molecule synthesis subproblem failed).[0m
      Evaluating reaction mnc_124 (124/500)...
[Problem → Reactions] Found 155 reactions, 250 molecules.
      [32m✓ All goal molecules found.[0m
      [32m✓ All goal reactions found.[0m
        [32m✓ Target reaction successfully synthesized in 1.09s![0m
      Evaluating reaction mnc_125 (125/500)...
[Problem → Reactions] Found 71 reactions, 250 molecules.
      [32m✓ All goal molecules found.[0m
      [32m✓ All goal reactions found.[0m
        [32m✓ Target reaction successfully synthesized in 0.99s![0m
      Evaluating reaction mnc_126 (126/500)...
        [31m✗ Skipped reaction synthesis (missing molecule synthesis subproblem failed).[0m
      Evaluating reaction mnc_127 (127/500)...
[Problem → Reactions] Found 254 reactions, 250 molecules.
      [32m✓ All goal molecules found.[0m
      [32m✓ All goal reactions found.[0m
        [32m✓ Target reaction successfully synthesized in 0.97s![0m
      Evaluating reaction mnc_128 (128/500)...
[Problem → Reactions] Found 1285 reactions, 250 molecules.
      [32m✓ All goal molecules found.[0m
      [32m✓ All goal reactions found.[0m
        [32m✓ Target reaction successfully synthesized in 1.68s![0m
      Evaluating reaction mnc_129 (129/500)...
        [31m✗ Skipped reaction synthesis (missing molecule synthesis subproblem failed).[0m
      Evaluating reaction mnc_130 (130/500)...
        [31m✗ Skipped reaction synthesis (missing molecule synthesis subproblem failed).[0m
      Evaluating reaction mnc_131 (131/500)...
[Problem → Reactions] Found 89 reactions, 250 molecules.
      [32m✓ All goal molecules found.[0m
      [32m✓ All goal reactions found.[0m
        [32m✓ Target reaction successfully synthesized in 1.29s![0m
      Evaluating reaction mnc_132 (132/500)...
        [31m✗ Skipped reaction synthesis (missing molecule synthesis subproblem failed).[0m
      Evaluating reaction mnc_133 (133/500)...
[Problem → Reactions] Found 128 reactions, 250 molecules.
      [32m✓ All goal molecules found.[0m
      [32m✓ All goal reactions found.[0m
        [32m✓ Target reaction successfully synthesized in 1.3s![0m
      Evaluating reaction mnc_134 (134/500)...
[Problem → Reactions] Found 272 reactions, 250 molecules.
      [32m✓ All goal molecules found.[0m
      [32m✓ All goal reactions found.[0m
        [32m✓ Target reaction successfully synthesized in 0.64s![0m
      Evaluating reaction mnc_135 (135/500)...
[Problem → Reactions] Found 189 reactions, 250 molecules.
      [32m✓ All goal molecules found.[0m
      [32m✓ All goal reactions found.[0m
        [32m✓ Target reaction successfully synthesized in 1.76s![0m
      Evaluating reaction mnc_136 (136/500)...
[Problem → Reactions] Found 263 reactions, 250 molecules.
      [32m✓ All goal molecules found.[0m
      [32m✓ All goal reactions found.[0m
        [32m✓ Target reaction successfully synthesized in 1.06s![0m
      Evaluating reaction mnc_137 (137/500)...
[Problem → Reactions] Found 95 reactions, 250 molecules.
      [32m✓ All goal molecules found.[0m
      [32m✓ All goal reactions found.[0m
        [32m✓ Target reaction successfully synthesized in 0.92s![0m
      Evaluating reaction mnc_138 (138/500)...
[Problem → Reactions] Found 729 reactions, 250 molecules.
      [32m✓ All goal molecules found.[0m
      [32m✓ All goal reactions found.[0m
        [32m✓ Target reaction successfully synthesized in 1.37s![0m
      Evaluating reaction mnc_139 (139/500)...
        [31m✗ Skipped reaction synthesis (missing molecule synthesis subproblem failed).[0m
      Evaluating reaction mnc_140 (140/500)...
[Problem → Reactions] Found 182 reactions, 250 molecules.
      [32m✓ All goal molecules found.[0m
      [32m✓ All goal reactions found.[0m
        [32m✓ Target reaction successfully synthesized in 1.13s![0m
      Evaluating reaction mnc_141 (141/500)...
[Problem → Reactions] Found 212 reactions, 250 molecules.
      [32m✓ All goal molecules found.[0m
      [32m✓ All goal reactions found.[0m
        [32m✓ Target reaction successfully synthesized in 1.19s![0m
      Evaluating reaction mnc_142 (142/500)...
[Problem → Reactions] Found 344 reactions, 250 molecules.
      [32m✓ All goal molecules found.[0m
      [32m✓ All goal reactions found.[0m
        [32m✓ Target reaction successfully synthesized in 2.64s![0m
      Evaluating reaction mnc_143 (143/500)...
        [31m✗ Skipped reaction synthesis (missing molecule synthesis subproblem failed).[0m
      Evaluating reaction mnc_144 (144/500)...
[Problem → Reactions] Found 101 reactions, 250 molecules.
      [32m✓ All goal molecules found.[0m
      [32m✓ All goal reactions found.[0m
        [32m✓ Target reaction successfully synthesized in 3.08s![0m
      Evaluating reaction mnc_145 (145/500)...
[Problem → Reactions] Found 432 reactions, 250 molecules.
      [32m✓ All goal molecules found.[0m
      [32m✓ All goal reactions found.[0m
        [32m✓ Target reaction successfully synthesized in 1.7s![0m
      Evaluating reaction mnc_146 (146/500)...
[Problem → Reactions] Found 281 reactions, 250 molecules.
      [32m✓ All goal molecules found.[0m
      [32m✓ All goal reactions found.[0m
        [32m✓ Target reaction successfully synthesized in 1.66s![0m
      Evaluating reaction mnc_147 (147/500)...
[Problem → Reactions] Found 183 reactions, 250 molecules.
      [32m✓ All goal molecules found.[0m
      [32m✓ All goal reactions found.[0m
        [32m✓ Target reaction successfully synthesized in 0.86s![0m
      Evaluating reaction mnc_148 (148/500)...
        [31m✗ Skipped reaction synthesis (missing molecule synthesis subproblem failed).[0m
      Evaluating reaction mnc_149 (149/500)...
        [31m✗ Skipped reaction synthesis (missing molecule synthesis subproblem failed).[0m
      Evaluating reaction mnc_150 (150/500)...
[Problem → Reactions] Found 359 reactions, 250 molecules.
      [32m✓ All goal molecules found.[0m
      [32m✓ All goal reactions found.[0m
        [32m✓ Target reaction successfully synthesized in 0.99s![0m
      Evaluating reaction mnc_151 (151/500)...
[Problem → Reactions] Found 356 reactions, 250 molecules.
      [32m✓ All goal molecules found.[0m
      [32m✓ All goal reactions found.[0m
        [32m✓ Target reaction successfully synthesized in 0.54s![0m
      Evaluating reaction mnc_152 (152/500)...
        [31m✗ Skipped reaction synthesis (missing molecule synthesis subproblem failed).[0m
      Evaluating reaction mnc_153 (153/500)...
[Problem → Reactions] Found 2178 reactions, 250 molecules.
      [32m✓ All goal molecules found.[0m
      [32m✓ All goal reactions found.[0m
        [32m✓ Target reaction successfully synthesized in 3.68s![0m
      Evaluating reaction mnc_154 (154/500)...
[Problem → Reactions] Found 77 reactions, 250 molecules.
      [32m✓ All goal molecules found.[0m
      [32m✓ All goal reactions found.[0m
        [32m✓ Target reaction successfully synthesized in 1.12s![0m
      Evaluating reaction mnc_155 (155/500)...
[Problem → Reactions] Found 320 reactions, 250 molecules.
      [32m✓ All goal molecules found.[0m
      [32m✓ All goal reactions found.[0m
        [32m✓ Target reaction successfully synthesized in 0.49s![0m
      Evaluating reaction mnc_156 (156/500)...
[Problem → Reactions] Found 224 reactions, 250 molecules.
      [32m✓ All goal molecules found.[0m
      [32m✓ All goal reactions found.[0m
        [32m✓ Target reaction successfully synthesized in 1.84s![0m
      Evaluating reaction mnc_157 (157/500)...
[Problem → Reactions] Found 65 reactions, 250 molecules.
      [32m✓ All goal molecules found.[0m
      [32m✓ All goal reactions found.[0m
        [32m✓ Target reaction successfully synthesized in 1.2s![0m
      Evaluating reaction mnc_158 (158/500)...
        [31m✗ Skipped reaction synthesis (missing molecule synthesis subproblem failed).[0m
      Evaluating reaction mnc_159 (159/500)...
        [31m✗ Skipped reaction synthesis (missing molecule synthesis subproblem failed).[0m
      Evaluating reaction mnc_160 (160/500)...
[Problem → Reactions] Found 56 reactions, 250 molecules.
      [32m✓ All goal molecules found.[0m
      [32m✓ All goal reactions found.[0m
        [32m✓ Target reaction successfully synthesized in 1.03s![0m
      Evaluating reaction mnc_161 (161/500)...
        [31m✗ Skipped reaction synthesis (missing molecule synthesis subproblem failed).[0m
      Evaluating reaction mnc_162 (162/500)...
[Problem → Reactions] Found 578 reactions, 250 molecules.
      [32m✓ All goal molecules found.[0m
      [32m✓ All goal reactions found.[0m
        [32m✓ Target reaction successfully synthesized in 0.96s![0m
      Evaluating reaction mnc_163 (163/500)...
        [31m✗ Skipped reaction synthesis (missing molecule synthesis subproblem failed).[0m
      Evaluating reaction mnc_164 (164/500)...
        [31m✗ Skipped reaction synthesis (missing molecule synthesis subproblem failed).[0m
      Evaluating reaction mnc_165 (165/500)...
[Problem → Reactions] Found 69 reactions, 250 molecules.
      [32m✓ All goal molecules found.[0m
      [32m✓ All goal reactions found.[0m
        [32m✓ Target reaction successfully synthesized in 0.69s![0m
      Evaluating reaction mnc_166 (166/500)...
        [31m✗ Skipped reaction synthesis (missing molecule synthesis subproblem failed).[0m
      Evaluating reaction mnc_167 (167/500)...
        [31m✗ Skipped reaction synthesis (missing molecule synthesis subproblem failed).[0m
      Evaluating reaction mnc_168 (168/500)...
[Problem → Reactions] Found 231 reactions, 250 molecules.
      [32m✓ All goal molecules found.[0m
      [32m✓ All goal reactions found.[0m
        [32m✓ Target reaction successfully synthesized in 1.13s![0m
      Evaluating reaction mnc_169 (169/500)...
[Problem → Reactions] Found 95 reactions, 250 molecules.
      [32m✓ All goal molecules found.[0m
      [32m✓ All goal reactions found.[0m
        [32m✓ Target reaction successfully synthesized in 2.12s![0m
      Evaluating reaction mnc_170 (170/500)...
[Problem → Reactions] Found 92 reactions, 250 molecules.
      [32m✓ All goal molecules found.[0m
      [32m✓ All goal reactions found.[0m
        [32m✓ Target reaction successfully synthesized in 0.88s![0m
      Evaluating reaction mnc_171 (171/500)...
        [31m✗ Skipped reaction synthesis (missing molecule synthesis subproblem failed).[0m
      Evaluating reaction mnc_172 (172/500)...
        [31m✗ Skipped reaction synthesis (missing molecule synthesis subproblem failed).[0m
      Evaluating reaction mnc_173 (173/500)...
[Problem → Reactions] Found 4227 reactions, 250 molecules.
      [32m✓ All goal molecules found.[0m
      [32m✓ All goal reactions found.[0m
        [32m✓ Target reaction successfully synthesized in 1.91s![0m
      Evaluating reaction mnc_174 (174/500)...
[Problem → Reactions] Found 266 reactions, 250 molecules.
      [32m✓ All goal molecules found.[0m
      [32m✓ All goal reactions found.[0m
        [32m✓ Target reaction successfully synthesized in 0.83s![0m
      Evaluating reaction mnc_175 (175/500)...
[Problem → Reactions] Found 303 reactions, 250 molecules.
      [32m✓ All goal molecules found.[0m
      [32m✓ All goal reactions found.[0m
        [32m✓ Target reaction successfully synthesized in 0.84s![0m
      Evaluating reaction mnc_176 (176/500)...
        [31m✗ Skipped reaction synthesis (missing molecule synthesis subproblem failed).[0m
      Evaluating reaction mnc_177 (177/500)...
[Problem → Reactions] Found 59 reactions, 250 molecules.
      [32m✓ All goal molecules found.[0m
      [32m✓ All goal reactions found.[0m
        [32m✓ Target reaction successfully synthesized in 0.76s![0m
      Evaluating reaction mnc_178 (178/500)...
[Problem → Reactions] Found 338 reactions, 250 molecules.
      [32m✓ All goal molecules found.[0m
      [32m✓ All goal reactions found.[0m
        [32m✓ Target reaction successfully synthesized in 0.76s![0m
      Evaluating reaction mnc_179 (179/500)...
        [31m✗ Skipped reaction synthesis (missing molecule synthesis subproblem failed).[0m
      Evaluating reaction mnc_180 (180/500)...
        [31m✗ Skipped reaction synthesis (missing molecule synthesis subproblem failed).[0m
      Evaluating reaction mnc_181 (181/500)...
[Problem → Reactions] Found 350 reactions, 250 molecules.
      [32m✓ All goal molecules found.[0m
      [32m✓ All goal reactions found.[0m
        [32m✓ Target reaction successfully synthesized in 0.99s![0m
      Evaluating reaction mnc_182 (182/500)...
        [31m✗ Skipped reaction synthesis (missing molecule synthesis subproblem failed).[0m
      Evaluating reaction mnc_183 (183/500)...
        [31m✗ Skipped reaction synthesis (missing molecule synthesis subproblem failed).[0m
      Evaluating reaction mnc_184 (184/500)...
        [31m✗ Skipped reaction synthesis (missing molecule synthesis subproblem failed).[0m
      Evaluating reaction mnc_185 (185/500)...
[Problem → Reactions] Found 8134 reactions, 250 molecules.
      [32m✓ All goal molecules found.[0m
      [32m✓ All goal reactions found.[0m
        [32m✓ Target reaction successfully synthesized in 25.24s![0m
      Evaluating reaction mnc_186 (186/500)...
[Problem → Reactions] Found 254 reactions, 250 molecules.
      [32m✓ All goal molecules found.[0m
      [32m✓ All goal reactions found.[0m
        [32m✓ Target reaction successfully synthesized in 2.25s![0m
      Evaluating reaction mnc_187 (187/500)...
        [31m✗ Skipped reaction synthesis (missing molecule synthesis subproblem failed).[0m
      Evaluating reaction mnc_188 (188/500)...
        [31m✗ Skipped reaction synthesis (missing molecule synthesis subproblem failed).[0m
      Evaluating reaction mnc_189 (189/500)...
[Problem → Reactions] Found 188 reactions, 250 molecules.
      [32m✓ All goal molecules found.[0m
      [32m✓ All goal reactions found.[0m
        [32m✓ Target reaction successfully synthesized in 0.8s![0m
      Evaluating reaction mnc_190 (190/500)...
[Problem → Reactions] Found 344 reactions, 250 molecules.
      [32m✓ All goal molecules found.[0m
      [32m✓ All goal reactions found.[0m
        [32m✓ Target reaction successfully synthesized in 2.22s![0m
      Evaluating reaction mnc_191 (191/500)...
[Problem → Reactions] Found 122 reactions, 250 molecules.
      [32m✓ All goal molecules found.[0m
      [32m✓ All goal reactions found.[0m
        [32m✓ Target reaction successfully synthesized in 0.93s![0m
      Evaluating reaction mnc_192 (192/500)...
[Problem → Reactions] Found 351 reactions, 250 molecules.
      [32m✓ All goal molecules found.[0m
      [32m✓ All goal reactions found.[0m
        [32m✓ Target reaction successfully synthesized in 1.29s![0m
      Evaluating reaction mnc_193 (193/500)...
[Problem → Reactions] Found 84 reactions, 250 molecules.
      [32m✓ All goal molecules found.[0m
      [32m✓ All goal reactions found.[0m
        [32m✓ Target reaction successfully synthesized in 1.14s![0m
      Evaluating reaction mnc_194 (194/500)...
        [31m✗ Skipped reaction synthesis (missing molecule synthesis subproblem failed).[0m
      Evaluating reaction mnc_195 (195/500)...
[Problem → Reactions] Found 119 reactions, 250 molecules.
      [32m✓ All goal molecules found.[0m
      [32m✓ All goal reactions found.[0m
        [32m✓ Target reaction successfully synthesized in 1.09s![0m
      Evaluating reaction mnc_196 (196/500)...
        [31m✗ Skipped reaction synthesis (missing molecule synthesis subproblem failed).[0m
      Evaluating reaction mnc_197 (197/500)...
[Problem → Reactions] Found 6850 reactions, 250 molecules.
      [32m✓ All goal molecules found.[0m
      [32m✓ All goal reactions found.[0m
        [32m✓ Target reaction successfully synthesized in 12.76s![0m
      Evaluating reaction mnc_198 (198/500)...
[Problem → Reactions] Found 362 reactions, 250 molecules.
      [32m✓ All goal molecules found.[0m
      [32m✓ All goal reactions found.[0m
        [32m✓ Target reaction successfully synthesized in 1.04s![0m
      Evaluating reaction mnc_199 (199/500)...
[Problem → Reactions] Found 30000 reactions, 250 molecules.
      [31m✗ Missing goal molecules.[0m
        [31m✗ Synthesis failed or timed out in 69.83s.[0m
      Evaluating reaction mnc_200 (200/500)...
        [31m✗ Skipped reaction synthesis (missing molecule synthesis subproblem failed).[0m
      Evaluating reaction mnc_201 (201/500)...
[Problem → Reactions] Found 209 reactions, 250 molecules.
      [32m✓ All goal molecules found.[0m
      [32m✓ All goal reactions found.[0m
        [32m✓ Target reaction successfully synthesized in 0.8s![0m
      Evaluating reaction mnc_202 (202/500)...
[Problem → Reactions] Found 341 reactions, 250 molecules.
      [32m✓ All goal molecules found.[0m
      [32m✓ All goal reactions found.[0m
        [32m✓ Target reaction successfully synthesized in 1.73s![0m
      Evaluating reaction mnc_203 (203/500)...
[Problem → Reactions] Found 69 reactions, 250 molecules.
      [32m✓ All goal molecules found.[0m
      [32m✓ All goal reactions found.[0m
        [32m✓ Target reaction successfully synthesized in 0.7s![0m
      Evaluating reaction mnc_204 (204/500)...
[Problem → Reactions] Found 177 reactions, 250 molecules.
      [32m✓ All goal molecules found.[0m
      [32m✓ All goal reactions found.[0m
        [32m✓ Target reaction successfully synthesized in 0.95s![0m
      Evaluating reaction mnc_205 (205/500)...
        [31m✗ Skipped reaction synthesis (missing molecule synthesis subproblem failed).[0m
      Evaluating reaction mnc_206 (206/500)...
[Problem → Reactions] Found 171 reactions, 250 molecules.
      [32m✓ All goal molecules found.[0m
      [32m✓ All goal reactions found.[0m
        [32m✓ Target reaction successfully synthesized in 1.22s![0m
      Evaluating reaction mnc_207 (207/500)...
[Problem → Reactions] Found 155 reactions, 250 molecules.
      [32m✓ All goal molecules found.[0m
      [32m✓ All goal reactions found.[0m
        [32m✓ Target reaction successfully synthesized in 0.7s![0m
      Evaluating reaction mnc_208 (208/500)...
[Problem → Reactions] Found 59 reactions, 250 molecules.
      [32m✓ All goal molecules found.[0m
      [32m✓ All goal reactions found.[0m
        [32m✓ Target reaction successfully synthesized in 1.06s![0m
      Evaluating reaction mnc_209 (209/500)...
[Problem → Reactions] Found 554 reactions, 250 molecules.
      [32m✓ All goal molecules found.[0m
      [32m✓ All goal reactions found.[0m
        [32m✓ Target reaction successfully synthesized in 0.78s![0m
      Evaluating reaction mnc_210 (210/500)...
[Problem → Reactions] Found 111 reactions, 250 molecules.
      [32m✓ All goal molecules found.[0m
      [32m✓ All goal reactions found.[0m
        [32m✓ Target reaction successfully synthesized in 1.11s![0m
      Evaluating reaction mnc_211 (211/500)...
[Problem → Reactions] Found 546 reactions, 250 molecules.
      [32m✓ All goal molecules found.[0m
      [32m✓ All goal reactions found.[0m
        [32m✓ Target reaction successfully synthesized in 3.05s![0m
      Evaluating reaction mnc_212 (212/500)...
[Problem → Reactions] Found 551 reactions, 250 molecules.
      [32m✓ All goal molecules found.[0m
      [32m✓ All goal reactions found.[0m
        [32m✓ Target reaction successfully synthesized in 1.96s![0m
      Evaluating reaction mnc_213 (213/500)...
        [31m✗ Skipped reaction synthesis (missing molecule synthesis subproblem failed).[0m
      Evaluating reaction mnc_214 (214/500)...
        [31m✗ Skipped reaction synthesis (missing molecule synthesis subproblem failed).[0m
      Evaluating reaction mnc_215 (215/500)...
[Problem → Reactions] Found 62 reactions, 250 molecules.
      [32m✓ All goal molecules found.[0m
      [32m✓ All goal reactions found.[0m
        [32m✓ Target reaction successfully synthesized in 0.91s![0m
      Evaluating reaction mnc_216 (216/500)...
[Problem → Reactions] Found 137 reactions, 250 molecules.
      [32m✓ All goal molecules found.[0m
      [32m✓ All goal reactions found.[0m
        [32m✓ Target reaction successfully synthesized in 1.03s![0m
      Evaluating reaction mnc_217 (217/500)...
[Problem → Reactions] Found 189 reactions, 250 molecules.
      [32m✓ All goal molecules found.[0m
      [32m✓ All goal reactions found.[0m
        [32m✓ Target reaction successfully synthesized in 1.76s![0m
      Evaluating reaction mnc_218 (218/500)...
[Problem → Reactions] Found 11974 reactions, 250 molecules.
      [32m✓ All goal molecules found.[0m
      [32m✓ All goal reactions found.[0m
        [32m✓ Target reaction successfully synthesized in 23.04s![0m
      Evaluating reaction mnc_219 (219/500)...
[Problem → Reactions] Found 74 reactions, 250 molecules.
      [32m✓ All goal molecules found.[0m
      [32m✓ All goal reactions found.[0m
        [32m✓ Target reaction successfully synthesized in 1.43s![0m
      Evaluating reaction mnc_220 (220/500)...
[Problem → Reactions] Found 18406 reactions, 250 molecules.
      [32m✓ All goal molecules found.[0m
      [32m✓ All goal reactions found.[0m
        [32m✓ Target reaction successfully synthesized in 34.82s![0m
      Evaluating reaction mnc_221 (221/500)...
        [31m✗ Skipped reaction synthesis (missing molecule synthesis subproblem failed).[0m
      Evaluating reaction mnc_222 (222/500)...
[Problem → Reactions] Found 134 reactions, 250 molecules.
      [32m✓ All goal molecules found.[0m
      [32m✓ All goal reactions found.[0m
        [32m✓ Target reaction successfully synthesized in 0.77s![0m
      Evaluating reaction mnc_223 (223/500)...
        [31m✗ Skipped reaction synthesis (missing molecule synthesis subproblem failed).[0m
      Evaluating reaction mnc_224 (224/500)...
[Problem → Reactions] Found 614 reactions, 250 molecules.
      [32m✓ All goal molecules found.[0m
      [32m✓ All goal reactions found.[0m
        [32m✓ Target reaction successfully synthesized in 1.67s![0m
      Evaluating reaction mnc_225 (225/500)...
        [31m✗ Skipped reaction synthesis (missing molecule synthesis subproblem failed).[0m
      Evaluating reaction mnc_226 (226/500)...
[Problem → Reactions] Found 171 reactions, 250 molecules.
      [32m✓ All goal molecules found.[0m
      [32m✓ All goal reactions found.[0m
        [32m✓ Target reaction successfully synthesized in 1.19s![0m
      Evaluating reaction mnc_227 (227/500)...
[Problem → Reactions] Found 206 reactions, 250 molecules.
      [32m✓ All goal molecules found.[0m
      [32m✓ All goal reactions found.[0m
        [32m✓ Target reaction successfully synthesized in 3.69s![0m
      Evaluating reaction mnc_228 (228/500)...
[Problem → Reactions] Found 225 reactions, 250 molecules.
      [32m✓ All goal molecules found.[0m
      [32m✓ All goal reactions found.[0m
        [32m✓ Target reaction successfully synthesized in 1.79s![0m
      Evaluating reaction mnc_229 (229/500)...
        [31m✗ Skipped reaction synthesis (missing molecule synthesis subproblem failed).[0m
      Evaluating reaction mnc_230 (230/500)...
[Problem → Reactions] Found 104 reactions, 250 molecules.
      [32m✓ All goal molecules found.[0m
      [32m✓ All goal reactions found.[0m
        [32m✓ Target reaction successfully synthesized in 1.31s![0m
      Evaluating reaction mnc_231 (231/500)...
        [31m✗ Skipped reaction synthesis (missing molecule synthesis subproblem failed).[0m
      Evaluating reaction mnc_232 (232/500)...
        [31m✗ Skipped reaction synthesis (missing molecule synthesis subproblem failed).[0m
      Evaluating reaction mnc_233 (233/500)...
[Problem → Reactions] Found 197 reactions, 250 molecules.
      [32m✓ All goal molecules found.[0m
      [32m✓ All goal reactions found.[0m
        [32m✓ Target reaction successfully synthesized in 1.3s![0m
      Evaluating reaction mnc_234 (234/500)...
[Problem → Reactions] Found 251 reactions, 250 molecules.
      [32m✓ All goal molecules found.[0m
      [32m✓ All goal reactions found.[0m
        [32m✓ Target reaction successfully synthesized in 1.38s![0m
      Evaluating reaction mnc_235 (235/500)...
        [31m✗ Skipped reaction synthesis (missing molecule synthesis subproblem failed).[0m
      Evaluating reaction mnc_236 (236/500)...
[Problem → Reactions] Found 143 reactions, 250 molecules.
      [32m✓ All goal molecules found.[0m
      [32m✓ All goal reactions found.[0m
        [32m✓ Target reaction successfully synthesized in 1.42s![0m
      Evaluating reaction mnc_237 (237/500)...
[Problem → Reactions] Found 194 reactions, 250 molecules.
      [32m✓ All goal molecules found.[0m
      [32m✓ All goal reactions found.[0m
        [32m✓ Target reaction successfully synthesized in 1.08s![0m
      Evaluating reaction mnc_238 (238/500)...
        [31m✗ Skipped reaction synthesis (missing molecule synthesis subproblem failed).[0m
      Evaluating reaction mnc_239 (239/500)...
[Problem → Reactions] Found 470 reactions, 250 molecules.
      [32m✓ All goal molecules found.[0m
      [32m✓ All goal reactions found.[0m
        [32m✓ Target reaction successfully synthesized in 1.44s![0m
      Evaluating reaction mnc_240 (240/500)...
[Problem → Reactions] Found 297 reactions, 250 molecules.
      [32m✓ All goal molecules found.[0m
      [32m✓ All goal reactions found.[0m
        [32m✓ Target reaction successfully synthesized in 0.96s![0m
      Evaluating reaction mnc_241 (241/500)...
[Problem → Reactions] Found 122 reactions, 250 molecules.
      [32m✓ All goal molecules found.[0m
      [32m✓ All goal reactions found.[0m
        [32m✓ Target reaction successfully synthesized in 0.94s![0m
      Evaluating reaction mnc_242 (242/500)...
[Problem → Reactions] Found 9775 reactions, 250 molecules.
      [32m✓ All goal molecules found.[0m
      [32m✓ All goal reactions found.[0m
        [32m✓ Target reaction successfully synthesized in 2.45s![0m
      Evaluating reaction mnc_243 (243/500)...
[Problem → Reactions] Found 30000 reactions, 250 molecules.
      [32m✓ All goal molecules found.[0m
      [31m✗ Missing goal reactions.[0m
        [31m✗ Synthesis failed or timed out in 69.9s.[0m
      Evaluating reaction mnc_244 (244/500)...
[Problem → Reactions] Found 119 reactions, 250 molecules.
      [32m✓ All goal molecules found.[0m
      [32m✓ All goal reactions found.[0m
        [32m✓ Target reaction successfully synthesized in 0.83s![0m
      Evaluating reaction mnc_245 (245/500)...
[Problem → Reactions] Found 272 reactions, 250 molecules.
      [32m✓ All goal molecules found.[0m
      [32m✓ All goal reactions found.[0m
        [32m✓ Target reaction successfully synthesized in 0.89s![0m
      Evaluating reaction mnc_246 (246/500)...
[Problem → Reactions] Found 4432 reactions, 250 molecules.
      [32m✓ All goal molecules found.[0m
      [32m✓ All goal reactions found.[0m
        [32m✓ Target reaction successfully synthesized in 10.23s![0m
      Evaluating reaction mnc_247 (247/500)...
[Problem → Reactions] Found 224 reactions, 250 molecules.
      [32m✓ All goal molecules found.[0m
      [32m✓ All goal reactions found.[0m
        [32m✓ Target reaction successfully synthesized in 1.49s![0m
      Evaluating reaction mnc_248 (248/500)...
        [31m✗ Skipped reaction synthesis (missing molecule synthesis subproblem failed).[0m
      Evaluating reaction mnc_249 (249/500)...
        [31m✗ Skipped reaction synthesis (missing molecule synthesis subproblem failed).[0m
      Evaluating reaction mnc_250 (250/500)...
[Problem → Reactions] Found 224 reactions, 250 molecules.
      [32m✓ All goal molecules found.[0m
      [32m✓ All goal reactions found.[0m
        [32m✓ Target reaction successfully synthesized in 0.53s![0m
      Evaluating reaction mnc_251 (251/500)...
        [31m✗ Skipped reaction synthesis (missing molecule synthesis subproblem failed).[0m
      Evaluating reaction mnc_252 (252/500)...
[Problem → Reactions] Found 191 reactions, 250 molecules.
      [32m✓ All goal molecules found.[0m
      [32m✓ All goal reactions found.[0m
        [32m✓ Target reaction successfully synthesized in 1.16s![0m
      Evaluating reaction mnc_253 (253/500)...
[Problem → Reactions] Found 617 reactions, 250 molecules.
      [32m✓ All goal molecules found.[0m
      [32m✓ All goal reactions found.[0m
        [32m✓ Target reaction successfully synthesized in 1.03s![0m
      Evaluating reaction mnc_254 (254/500)...
[Problem → Reactions] Found 440 reactions, 250 molecules.
      [32m✓ All goal molecules found.[0m
      [32m✓ All goal reactions found.[0m
        [32m✓ Target reaction successfully synthesized in 0.95s![0m
      Evaluating reaction mnc_255 (255/500)...
[Problem → Reactions] Found 158 reactions, 250 molecules.
      [32m✓ All goal molecules found.[0m
      [32m✓ All goal reactions found.[0m
        [32m✓ Target reaction successfully synthesized in 1.09s![0m
      Evaluating reaction mnc_256 (256/500)...
[Problem → Reactions] Found 147 reactions, 250 molecules.
      [32m✓ All goal molecules found.[0m
      [32m✓ All goal reactions found.[0m
        [32m✓ Target reaction successfully synthesized in 1.07s![0m
      Evaluating reaction mnc_257 (257/500)...
[Problem → Reactions] Found 251 reactions, 250 molecules.
      [32m✓ All goal molecules found.[0m
      [32m✓ All goal reactions found.[0m
        [32m✓ Target reaction successfully synthesized in 1.17s![0m
      Evaluating reaction mnc_258 (258/500)...
        [31m✗ Skipped reaction synthesis (missing molecule synthesis subproblem failed).[0m
      Evaluating reaction mnc_259 (259/500)...
[Problem → Reactions] Found 183 reactions, 250 molecules.
      [32m✓ All goal molecules found.[0m
      [32m✓ All goal reactions found.[0m
        [32m✓ Target reaction successfully synthesized in 1.64s![0m
      Evaluating reaction mnc_260 (260/500)...
        [31m✗ Skipped reaction synthesis (missing molecule synthesis subproblem failed).[0m
      Evaluating reaction mnc_261 (261/500)...
[Problem → Reactions] Found 104 reactions, 250 molecules.
      [32m✓ All goal molecules found.[0m
      [32m✓ All goal reactions found.[0m
        [32m✓ Target reaction successfully synthesized in 0.86s![0m
      Evaluating reaction mnc_262 (262/500)...
[Problem → Reactions] Found 117 reactions, 250 molecules.
      [32m✓ All goal molecules found.[0m
      [32m✓ All goal reactions found.[0m
        [32m✓ Target reaction successfully synthesized in 0.61s![0m
      Evaluating reaction mnc_263 (263/500)...
[Problem → Reactions] Found 50 reactions, 250 molecules.
      [32m✓ All goal molecules found.[0m
      [32m✓ All goal reactions found.[0m
        [32m✓ Target reaction successfully synthesized in 0.93s![0m
      Evaluating reaction mnc_264 (264/500)...
[Problem → Reactions] Found 362 reactions, 250 molecules.
      [32m✓ All goal molecules found.[0m
      [32m✓ All goal reactions found.[0m
        [32m✓ Target reaction successfully synthesized in 1.28s![0m
      Evaluating reaction mnc_265 (265/500)...
[Problem → Reactions] Found 149 reactions, 250 molecules.
      [32m✓ All goal molecules found.[0m
      [32m✓ All goal reactions found.[0m
        [32m✓ Target reaction successfully synthesized in 1.39s![0m
      Evaluating reaction mnc_266 (266/500)...
[Problem → Reactions] Found 62 reactions, 250 molecules.
      [32m✓ All goal molecules found.[0m
      [32m✓ All goal reactions found.[0m
        [32m✓ Target reaction successfully synthesized in 0.95s![0m
      Evaluating reaction mnc_267 (267/500)...
[Problem → Reactions] Found 2737 reactions, 250 molecules.
      [32m✓ All goal molecules found.[0m
      [32m✓ All goal reactions found.[0m
        [32m✓ Target reaction successfully synthesized in 2.67s![0m
      Evaluating reaction mnc_268 (268/500)...
[Problem → Reactions] Found 548 reactions, 250 molecules.
      [32m✓ All goal molecules found.[0m
      [32m✓ All goal reactions found.[0m
        [32m✓ Target reaction successfully synthesized in 2.02s![0m
      Evaluating reaction mnc_269 (269/500)...
[Problem → Reactions] Found 30000 reactions, 250 molecules.
      [32m✓ All goal molecules found.[0m
      [31m✗ Missing goal reactions.[0m
        [31m✗ Synthesis failed or timed out in 72.06s.[0m
      Evaluating reaction mnc_270 (270/500)...
[Problem → Reactions] Found 30000 reactions, 250 molecules.
      [32m✓ All goal molecules found.[0m
      [31m✗ Missing goal reactions.[0m
        [31m✗ Synthesis failed or timed out in 81.6s.[0m
      Evaluating reaction mnc_271 (271/500)...
[Problem → Reactions] Found 383 reactions, 250 molecules.
      [32m✓ All goal molecules found.[0m
      [32m✓ All goal reactions found.[0m
        [32m✓ Target reaction successfully synthesized in 0.9s![0m
      Evaluating reaction mnc_272 (272/500)...
[Problem → Reactions] Found 200 reactions, 250 molecules.
      [32m✓ All goal molecules found.[0m
      [32m✓ All goal reactions found.[0m
        [32m✓ Target reaction successfully synthesized in 1.8s![0m
      Evaluating reaction mnc_273 (273/500)...
        [31m✗ Skipped reaction synthesis (missing molecule synthesis subproblem failed).[0m
      Evaluating reaction mnc_274 (274/500)...
[Problem → Reactions] Found 131 reactions, 250 molecules.
      [32m✓ All goal molecules found.[0m
      [32m✓ All goal reactions found.[0m
        [32m✓ Target reaction successfully synthesized in 0.61s![0m
      Evaluating reaction mnc_275 (275/500)...
[Problem → Reactions] Found 179 reactions, 250 molecules.
      [32m✓ All goal molecules found.[0m
      [32m✓ All goal reactions found.[0m
        [32m✓ Target reaction successfully synthesized in 1.01s![0m
      Evaluating reaction mnc_276 (276/500)...
[Problem → Reactions] Found 141 reactions, 250 molecules.
      [32m✓ All goal molecules found.[0m
      [32m✓ All goal reactions found.[0m
        [32m✓ Target reaction successfully synthesized in 0.77s![0m
      Evaluating reaction mnc_277 (277/500)...
[Problem → Reactions] Found 135 reactions, 250 molecules.
      [32m✓ All goal molecules found.[0m
      [32m✓ All goal reactions found.[0m
        [32m✓ Target reaction successfully synthesized in 1.54s![0m
      Evaluating reaction mnc_278 (278/500)...
[Problem → Reactions] Found 239 reactions, 250 molecules.
      [32m✓ All goal molecules found.[0m
      [32m✓ All goal reactions found.[0m
        [32m✓ Target reaction successfully synthesized in 1.43s![0m
      Evaluating reaction mnc_279 (279/500)...
[Problem → Reactions] Found 81 reactions, 250 molecules.
      [32m✓ All goal molecules found.[0m
      [32m✓ All goal reactions found.[0m
        [32m✓ Target reaction successfully synthesized in 0.77s![0m
      Evaluating reaction mnc_280 (280/500)...
        [31m✗ Skipped reaction synthesis (missing molecule synthesis subproblem failed).[0m
      Evaluating reaction mnc_281 (281/500)...
[Problem → Reactions] Found 209 reactions, 250 molecules.
      [32m✓ All goal molecules found.[0m
      [32m✓ All goal reactions found.[0m
        [32m✓ Target reaction successfully synthesized in 0.74s![0m
      Evaluating reaction mnc_282 (282/500)...
[Problem → Reactions] Found 86 reactions, 250 molecules.
      [32m✓ All goal molecules found.[0m
      [32m✓ All goal reactions found.[0m
        [32m✓ Target reaction successfully synthesized in 1.3s![0m
      Evaluating reaction mnc_283 (283/500)...
        [31m✗ Skipped reaction synthesis (missing molecule synthesis subproblem failed).[0m
      Evaluating reaction mnc_284 (284/500)...
[Problem → Reactions] Found 297 reactions, 250 molecules.
      [32m✓ All goal molecules found.[0m
      [32m✓ All goal reactions found.[0m
        [32m✓ Target reaction successfully synthesized in 1.3s![0m
      Evaluating reaction mnc_285 (285/500)...
[Problem → Reactions] Found 939 reactions, 250 molecules.
      [32m✓ All goal molecules found.[0m
      [32m✓ All goal reactions found.[0m
        [32m✓ Target reaction successfully synthesized in 1.49s![0m
      Evaluating reaction mnc_286 (286/500)...
        [31m✗ Skipped reaction synthesis (missing molecule synthesis subproblem failed).[0m
      Evaluating reaction mnc_287 (287/500)...
        [31m✗ Skipped reaction synthesis (missing molecule synthesis subproblem failed).[0m
      Evaluating reaction mnc_288 (288/500)...
        [31m✗ Skipped reaction synthesis (missing molecule synthesis subproblem failed).[0m
      Evaluating reaction mnc_289 (289/500)...
        [31m✗ Skipped reaction synthesis (missing molecule synthesis subproblem failed).[0m
      Evaluating reaction mnc_290 (290/500)...
        [31m✗ Skipped reaction synthesis (missing molecule synthesis subproblem failed).[0m
      Evaluating reaction mnc_291 (291/500)...
[Problem → Reactions] Found 249 reactions, 250 molecules.
      [32m✓ All goal molecules found.[0m
      [32m✓ All goal reactions found.[0m
        [32m✓ Target reaction successfully synthesized in 1.09s![0m
      Evaluating reaction mnc_292 (292/500)...
        [31m✗ Skipped reaction synthesis (missing molecule synthesis subproblem failed).[0m
      Evaluating reaction mnc_293 (293/500)...
[Problem → Reactions] Found 543 reactions, 250 molecules.
      [32m✓ All goal molecules found.[0m
      [32m✓ All goal reactions found.[0m
        [32m✓ Target reaction successfully synthesized in 1.75s![0m
      Evaluating reaction mnc_294 (294/500)...
        [31m✗ Skipped reaction synthesis (missing molecule synthesis subproblem failed).[0m
      Evaluating reaction mnc_295 (295/500)...
[Problem → Reactions] Found 159 reactions, 250 molecules.
      [32m✓ All goal molecules found.[0m
      [32m✓ All goal reactions found.[0m
        [32m✓ Target reaction successfully synthesized in 0.89s![0m
      Evaluating reaction mnc_296 (296/500)...
[Problem → Reactions] Found 200 reactions, 250 molecules.
      [32m✓ All goal molecules found.[0m
      [32m✓ All goal reactions found.[0m
        [32m✓ Target reaction successfully synthesized in 1.11s![0m
      Evaluating reaction mnc_297 (297/500)...
        [31m✗ Skipped reaction synthesis (missing molecule synthesis subproblem failed).[0m
      Evaluating reaction mnc_298 (298/500)...
[Problem → Reactions] Found 221 reactions, 250 molecules.
      [32m✓ All goal molecules found.[0m
      [32m✓ All goal reactions found.[0m
        [32m✓ Target reaction successfully synthesized in 0.64s![0m
      Evaluating reaction mnc_299 (299/500)...
[Problem → Reactions] Found 189 reactions, 250 molecules.
      [32m✓ All goal molecules found.[0m
      [32m✓ All goal reactions found.[0m
        [32m✓ Target reaction successfully synthesized in 1.14s![0m
      Evaluating reaction mnc_300 (300/500)...
[Problem → Reactions] Found 30000 reactions, 250 molecules.
      [32m✓ All goal molecules found.[0m
      [31m✗ Missing goal reactions.[0m
        [31m✗ Synthesis failed or timed out in 62.68s.[0m
      Evaluating reaction mnc_301 (301/500)...
[Problem → Reactions] Found 53 reactions, 250 molecules.
      [32m✓ All goal molecules found.[0m
      [32m✓ All goal reactions found.[0m
        [32m✓ Target reaction successfully synthesized in 0.84s![0m
      Evaluating reaction mnc_302 (302/500)...
[Problem → Reactions] Found 140 reactions, 250 molecules.
      [32m✓ All goal molecules found.[0m
      [32m✓ All goal reactions found.[0m
        [32m✓ Target reaction successfully synthesized in 1.08s![0m
      Evaluating reaction mnc_303 (303/500)...
        [31m✗ Skipped reaction synthesis (missing molecule synthesis subproblem failed).[0m
      Evaluating reaction mnc_304 (304/500)...
[Problem → Reactions] Found 164 reactions, 250 molecules.
      [32m✓ All goal molecules found.[0m
      [32m✓ All goal reactions found.[0m
        [32m✓ Target reaction successfully synthesized in 0.58s![0m
      Evaluating reaction mnc_305 (305/500)...
[Problem → Reactions] Found 213 reactions, 250 molecules.
      [32m✓ All goal molecules found.[0m
      [32m✓ All goal reactions found.[0m
        [32m✓ Target reaction successfully synthesized in 0.72s![0m
      Evaluating reaction mnc_306 (306/500)...
[Problem → Reactions] Found 30000 reactions, 250 molecules.
      [32m✓ All goal molecules found.[0m
      [31m✗ Missing goal reactions.[0m
        [31m✗ Synthesis failed or timed out in 91.49s.[0m
      Evaluating reaction mnc_307 (307/500)...
        [31m✗ Skipped reaction synthesis (missing molecule synthesis subproblem failed).[0m
      Evaluating reaction mnc_308 (308/500)...
[Problem → Reactions] Found 470 reactions, 250 molecules.
      [32m✓ All goal molecules found.[0m
      [32m✓ All goal reactions found.[0m
        [32m✓ Target reaction successfully synthesized in 1.56s![0m
      Evaluating reaction mnc_309 (309/500)...
[Problem → Reactions] Found 197 reactions, 250 molecules.
      [32m✓ All goal molecules found.[0m
      [32m✓ All goal reactions found.[0m
        [32m✓ Target reaction successfully synthesized in 0.69s![0m
      Evaluating reaction mnc_310 (310/500)...
[Problem → Reactions] Found 105 reactions, 250 molecules.
      [32m✓ All goal molecules found.[0m
      [32m✓ All goal reactions found.[0m
        [32m✓ Target reaction successfully synthesized in 0.64s![0m
      Evaluating reaction mnc_311 (311/500)...
        [31m✗ Skipped reaction synthesis (missing molecule synthesis subproblem failed).[0m
      Evaluating reaction mnc_312 (312/500)...
[Problem → Reactions] Found 8042 reactions, 250 molecules.
      [32m✓ All goal molecules found.[0m
      [32m✓ All goal reactions found.[0m
        [32m✓ Target reaction successfully synthesized in 15.36s![0m
      Evaluating reaction mnc_313 (313/500)...
[Problem → Reactions] Found 173 reactions, 250 molecules.
      [32m✓ All goal molecules found.[0m
      [32m✓ All goal reactions found.[0m
        [32m✓ Target reaction successfully synthesized in 0.77s![0m
      Evaluating reaction mnc_314 (314/500)...
[Problem → Reactions] Found 374 reactions, 250 molecules.
      [32m✓ All goal molecules found.[0m
      [32m✓ All goal reactions found.[0m
        [32m✓ Target reaction successfully synthesized in 1.13s![0m
      Evaluating reaction mnc_315 (315/500)...
        [31m✗ Skipped reaction synthesis (missing molecule synthesis subproblem failed).[0m
      Evaluating reaction mnc_316 (316/500)...
[Problem → Reactions] Found 87 reactions, 250 molecules.
      [32m✓ All goal molecules found.[0m
      [32m✓ All goal reactions found.[0m
        [32m✓ Target reaction successfully synthesized in 0.61s![0m
      Evaluating reaction mnc_317 (317/500)...
[Problem → Reactions] Found 105 reactions, 250 molecules.
      [32m✓ All goal molecules found.[0m
      [32m✓ All goal reactions found.[0m
        [32m✓ Target reaction successfully synthesized in 1.22s![0m
      Evaluating reaction mnc_318 (318/500)...
        [31m✗ Skipped reaction synthesis (missing molecule synthesis subproblem failed).[0m
      Evaluating reaction mnc_319 (319/500)...
        [31m✗ Skipped reaction synthesis (missing molecule synthesis subproblem failed).[0m
      Evaluating reaction mnc_320 (320/500)...
[Problem → Reactions] Found 56 reactions, 250 molecules.
      [32m✓ All goal molecules found.[0m
      [32m✓ All goal reactions found.[0m
        [32m✓ Target reaction successfully synthesized in 0.84s![0m
      Evaluating reaction mnc_321 (321/500)...
        [31m✗ Skipped reaction synthesis (missing molecule synthesis subproblem failed).[0m
      Evaluating reaction mnc_322 (322/500)...
        [31m✗ Skipped reaction synthesis (missing molecule synthesis subproblem failed).[0m
      Evaluating reaction mnc_323 (323/500)...
[Problem → Reactions] Found 98 reactions, 250 molecules.
      [32m✓ All goal molecules found.[0m
      [32m✓ All goal reactions found.[0m
        [32m✓ Target reaction successfully synthesized in 1.11s![0m
      Evaluating reaction mnc_324 (324/500)...
        [31m✗ Skipped reaction synthesis (missing molecule synthesis subproblem failed).[0m
      Evaluating reaction mnc_325 (325/500)...
        [31m✗ Skipped reaction synthesis (missing molecule synthesis subproblem failed).[0m
      Evaluating reaction mnc_326 (326/500)...
[Problem → Reactions] Found 30000 reactions, 250 molecules.
      [32m✓ All goal molecules found.[0m
      [31m✗ Missing goal reactions.[0m
        [31m✗ Synthesis failed or timed out in 64.08s.[0m
      Evaluating reaction mnc_327 (327/500)...
[Problem → Reactions] Found 251 reactions, 250 molecules.
      [32m✓ All goal molecules found.[0m
      [32m✓ All goal reactions found.[0m
        [32m✓ Target reaction successfully synthesized in 1.15s![0m
      Evaluating reaction mnc_328 (328/500)...
[Problem → Reactions] Found 182 reactions, 250 molecules.
      [32m✓ All goal molecules found.[0m
      [32m✓ All goal reactions found.[0m
        [32m✓ Target reaction successfully synthesized in 0.95s![0m
      Evaluating reaction mnc_329 (329/500)...
        [31m✗ Skipped reaction synthesis (missing molecule synthesis subproblem failed).[0m
      Evaluating reaction mnc_330 (330/500)...
[Problem → Reactions] Found 357 reactions, 250 molecules.
      [32m✓ All goal molecules found.[0m
      [32m✓ All goal reactions found.[0m
        [32m✓ Target reaction successfully synthesized in 4.17s![0m
      Evaluating reaction mnc_331 (331/500)...
[Problem → Reactions] Found 561 reactions, 250 molecules.
      [32m✓ All goal molecules found.[0m
      [32m✓ All goal reactions found.[0m
        [32m✓ Target reaction successfully synthesized in 1.48s![0m
      Evaluating reaction mnc_332 (332/500)...
[Problem → Reactions] Found 201 reactions, 250 molecules.
      [32m✓ All goal molecules found.[0m
      [32m✓ All goal reactions found.[0m
        [32m✓ Target reaction successfully synthesized in 0.75s![0m
      Evaluating reaction mnc_333 (333/500)...
        [31m✗ Skipped reaction synthesis (missing molecule synthesis subproblem failed).[0m
      Evaluating reaction mnc_334 (334/500)...
[Problem → Reactions] Found 545 reactions, 250 molecules.
      [32m✓ All goal molecules found.[0m
      [32m✓ All goal reactions found.[0m
        [32m✓ Target reaction successfully synthesized in 0.85s![0m
      Evaluating reaction mnc_335 (335/500)...
        [31m✗ Skipped reaction synthesis (missing molecule synthesis subproblem failed).[0m
      Evaluating reaction mnc_336 (336/500)...
[Problem → Reactions] Found 104 reactions, 250 molecules.
      [32m✓ All goal molecules found.[0m
      [32m✓ All goal reactions found.[0m
        [32m✓ Target reaction successfully synthesized in 0.68s![0m
      Evaluating reaction mnc_337 (337/500)...
[Problem → Reactions] Found 374 reactions, 250 molecules.
      [32m✓ All goal molecules found.[0m
      [32m✓ All goal reactions found.[0m
        [32m✓ Target reaction successfully synthesized in 0.72s![0m
      Evaluating reaction mnc_338 (338/500)...
[Problem → Reactions] Found 416 reactions, 250 molecules.
      [32m✓ All goal molecules found.[0m
      [32m✓ All goal reactions found.[0m
        [32m✓ Target reaction successfully synthesized in 1.08s![0m
      Evaluating reaction mnc_339 (339/500)...
        [31m✗ Skipped reaction synthesis (missing molecule synthesis subproblem failed).[0m
      Evaluating reaction mnc_340 (340/500)...
[Problem → Reactions] Found 687 reactions, 250 molecules.
      [32m✓ All goal molecules found.[0m
      [32m✓ All goal reactions found.[0m
        [32m✓ Target reaction successfully synthesized in 13.67s![0m
      Evaluating reaction mnc_341 (341/500)...
        [31m✗ Skipped reaction synthesis (missing molecule synthesis subproblem failed).[0m
      Evaluating reaction mnc_342 (342/500)...
        [31m✗ Skipped reaction synthesis (missing molecule synthesis subproblem failed).[0m
      Evaluating reaction mnc_343 (343/500)...
        [31m✗ Skipped reaction synthesis (missing molecule synthesis subproblem failed).[0m
      Evaluating reaction mnc_344 (344/500)...
[Problem → Reactions] Found 231 reactions, 250 molecules.
      [32m✓ All goal molecules found.[0m
      [32m✓ All goal reactions found.[0m
        [32m✓ Target reaction successfully synthesized in 0.61s![0m
      Evaluating reaction mnc_345 (345/500)...
        [31m✗ Skipped reaction synthesis (missing molecule synthesis subproblem failed).[0m
      Evaluating reaction mnc_346 (346/500)...
[Problem → Reactions] Found 635 reactions, 250 molecules.
      [32m✓ All goal molecules found.[0m
      [32m✓ All goal reactions found.[0m
        [32m✓ Target reaction successfully synthesized in 1.69s![0m
      Evaluating reaction mnc_347 (347/500)...
[Problem → Reactions] Found 410 reactions, 250 molecules.
      [32m✓ All goal molecules found.[0m
      [32m✓ All goal reactions found.[0m
        [32m✓ Target reaction successfully synthesized in 1.13s![0m
      Evaluating reaction mnc_348 (348/500)...
        [31m✗ Skipped reaction synthesis (missing molecule synthesis subproblem failed).[0m
      Evaluating reaction mnc_349 (349/500)...
[Problem → Reactions] Found 170 reactions, 250 molecules.
      [32m✓ All goal molecules found.[0m
      [32m✓ All goal reactions found.[0m
        [32m✓ Target reaction successfully synthesized in 1.96s![0m
      Evaluating reaction mnc_350 (350/500)...
[Problem → Reactions] Found 53 reactions, 250 molecules.
      [32m✓ All goal molecules found.[0m
      [32m✓ All goal reactions found.[0m
        [32m✓ Target reaction successfully synthesized in 1.33s![0m
      Evaluating reaction mnc_351 (351/500)...
[Problem → Reactions] Found 465 reactions, 250 molecules.
      [32m✓ All goal molecules found.[0m
      [32m✓ All goal reactions found.[0m
        [32m✓ Target reaction successfully synthesized in 1.4s![0m
      Evaluating reaction mnc_352 (352/500)...
        [31m✗ Skipped reaction synthesis (missing molecule synthesis subproblem failed).[0m
      Evaluating reaction mnc_353 (353/500)...
        [31m✗ Skipped reaction synthesis (missing molecule synthesis subproblem failed).[0m
      Evaluating reaction mnc_354 (354/500)...
[Problem → Reactions] Found 155 reactions, 250 molecules.
      [32m✓ All goal molecules found.[0m
      [32m✓ All goal reactions found.[0m
        [32m✓ Target reaction successfully synthesized in 0.87s![0m
      Evaluating reaction mnc_355 (355/500)...
[Problem → Reactions] Found 128 reactions, 250 molecules.
      [32m✓ All goal molecules found.[0m
      [32m✓ All goal reactions found.[0m
        [32m✓ Target reaction successfully synthesized in 0.66s![0m
      Evaluating reaction mnc_356 (356/500)...
[Problem → Reactions] Found 121 reactions, 250 molecules.
      [32m✓ All goal molecules found.[0m
      [32m✓ All goal reactions found.[0m
        [32m✓ Target reaction successfully synthesized in 0.96s![0m
      Evaluating reaction mnc_357 (357/500)...
        [31m✗ Skipped reaction synthesis (missing molecule synthesis subproblem failed).[0m
      Evaluating reaction mnc_358 (358/500)...
[Problem → Reactions] Found 41 reactions, 250 molecules.
      [32m✓ All goal molecules found.[0m
      [32m✓ All goal reactions found.[0m
        [32m✓ Target reaction successfully synthesized in 0.77s![0m
      Evaluating reaction mnc_359 (359/500)...
[Problem → Reactions] Found 251 reactions, 250 molecules.
      [32m✓ All goal molecules found.[0m
      [32m✓ All goal reactions found.[0m
        [32m✓ Target reaction successfully synthesized in 1.45s![0m
      Evaluating reaction mnc_360 (360/500)...
[Problem → Reactions] Found 105 reactions, 250 molecules.
      [32m✓ All goal molecules found.[0m
      [32m✓ All goal reactions found.[0m
        [32m✓ Target reaction successfully synthesized in 1.04s![0m
      Evaluating reaction mnc_361 (361/500)...
        [31m✗ Skipped reaction synthesis (missing molecule synthesis subproblem failed).[0m
      Evaluating reaction mnc_362 (362/500)...
[Problem → Reactions] Found 30000 reactions, 250 molecules.
      [32m✓ All goal molecules found.[0m
      [31m✗ Missing goal reactions.[0m
        [31m✗ Synthesis failed or timed out in 81.98s.[0m
      Evaluating reaction mnc_363 (363/500)...
[Problem → Reactions] Found 74 reactions, 250 molecules.
      [32m✓ All goal molecules found.[0m
      [32m✓ All goal reactions found.[0m
        [32m✓ Target reaction successfully synthesized in 0.8s![0m
      Evaluating reaction mnc_364 (364/500)...
        [31m✗ Skipped reaction synthesis (missing molecule synthesis subproblem failed).[0m
      Evaluating reaction mnc_365 (365/500)...
[Problem → Reactions] Found 219 reactions, 250 molecules.
      [32m✓ All goal molecules found.[0m
      [32m✓ All goal reactions found.[0m
        [32m✓ Target reaction successfully synthesized in 1.22s![0m
      Evaluating reaction mnc_366 (366/500)...
[Problem → Reactions] Found 1244 reactions, 250 molecules.
      [32m✓ All goal molecules found.[0m
      [32m✓ All goal reactions found.[0m
        [32m✓ Target reaction successfully synthesized in 1.31s![0m
      Evaluating reaction mnc_367 (367/500)...
[Problem → Reactions] Found 135 reactions, 250 molecules.
      [32m✓ All goal molecules found.[0m
      [32m✓ All goal reactions found.[0m
        [32m✓ Target reaction successfully synthesized in 0.74s![0m
      Evaluating reaction mnc_368 (368/500)...
[Problem → Reactions] Found 527 reactions, 250 molecules.
      [32m✓ All goal molecules found.[0m
      [32m✓ All goal reactions found.[0m
        [32m✓ Target reaction successfully synthesized in 1.03s![0m
      Evaluating reaction mnc_369 (369/500)...
        [31m✗ Skipped reaction synthesis (missing molecule synthesis subproblem failed).[0m
      Evaluating reaction mnc_370 (370/500)...
[Problem → Reactions] Found 141 reactions, 250 molecules.
      [32m✓ All goal molecules found.[0m
      [32m✓ All goal reactions found.[0m
        [32m✓ Target reaction successfully synthesized in 0.6s![0m
      Evaluating reaction mnc_371 (371/500)...
[Problem → Reactions] Found 231 reactions, 250 molecules.
      [32m✓ All goal molecules found.[0m
      [32m✓ All goal reactions found.[0m
        [32m✓ Target reaction successfully synthesized in 0.84s![0m
      Evaluating reaction mnc_372 (372/500)...
        [31m✗ Skipped reaction synthesis (missing molecule synthesis subproblem failed).[0m
      Evaluating reaction mnc_373 (373/500)...
[Problem → Reactions] Found 296 reactions, 250 molecules.
      [32m✓ All goal molecules found.[0m
      [32m✓ All goal reactions found.[0m
        [32m✓ Target reaction successfully synthesized in 0.89s![0m
      Evaluating reaction mnc_374 (374/500)...
        [31m✗ Skipped reaction synthesis (missing molecule synthesis subproblem failed).[0m
      Evaluating reaction mnc_375 (375/500)...
[Problem → Reactions] Found 128 reactions, 250 molecules.
      [32m✓ All goal molecules found.[0m
      [32m✓ All goal reactions found.[0m
        [32m✓ Target reaction successfully synthesized in 1.05s![0m
      Evaluating reaction mnc_376 (376/500)...
[Problem → Reactions] Found 170 reactions, 250 molecules.
      [32m✓ All goal molecules found.[0m
      [32m✓ All goal reactions found.[0m
        [32m✓ Target reaction successfully synthesized in 0.97s![0m
      Evaluating reaction mnc_377 (377/500)...
        [31m✗ Skipped reaction synthesis (missing molecule synthesis subproblem failed).[0m
      Evaluating reaction mnc_378 (378/500)...
[Problem → Reactions] Found 134 reactions, 250 molecules.
      [32m✓ All goal molecules found.[0m
      [32m✓ All goal reactions found.[0m
        [32m✓ Target reaction successfully synthesized in 1.45s![0m
      Evaluating reaction mnc_379 (379/500)...
[Problem → Reactions] Found 555 reactions, 250 molecules.
      [32m✓ All goal molecules found.[0m
      [32m✓ All goal reactions found.[0m
        [32m✓ Target reaction successfully synthesized in 1.63s![0m
      Evaluating reaction mnc_380 (380/500)...
[Problem → Reactions] Found 155 reactions, 250 molecules.
      [32m✓ All goal molecules found.[0m
      [32m✓ All goal reactions found.[0m
        [32m✓ Target reaction successfully synthesized in 0.91s![0m
      Evaluating reaction mnc_381 (381/500)...
        [31m✗ Skipped reaction synthesis (missing molecule synthesis subproblem failed).[0m
      Evaluating reaction mnc_382 (382/500)...
        [31m✗ Skipped reaction synthesis (missing molecule synthesis subproblem failed).[0m
      Evaluating reaction mnc_383 (383/500)...
[Problem → Reactions] Found 125 reactions, 250 molecules.
      [32m✓ All goal molecules found.[0m
      [32m✓ All goal reactions found.[0m
        [32m✓ Target reaction successfully synthesized in 2.04s![0m
      Evaluating reaction mnc_384 (384/500)...
[Problem → Reactions] Found 111 reactions, 250 molecules.
      [32m✓ All goal molecules found.[0m
      [32m✓ All goal reactions found.[0m
        [32m✓ Target reaction successfully synthesized in 0.65s![0m
      Evaluating reaction mnc_385 (385/500)...
        [31m✗ Skipped reaction synthesis (missing molecule synthesis subproblem failed).[0m
      Evaluating reaction mnc_386 (386/500)...
[Problem → Reactions] Found 53 reactions, 250 molecules.
      [32m✓ All goal molecules found.[0m
      [32m✓ All goal reactions found.[0m
        [32m✓ Target reaction successfully synthesized in 1.81s![0m
      Evaluating reaction mnc_387 (387/500)...
        [31m✗ Skipped reaction synthesis (missing molecule synthesis subproblem failed).[0m
      Evaluating reaction mnc_388 (388/500)...
        [31m✗ Skipped reaction synthesis (missing molecule synthesis subproblem failed).[0m
      Evaluating reaction mnc_389 (389/500)...
[Problem → Reactions] Found 117 reactions, 250 molecules.
      [32m✓ All goal molecules found.[0m
      [32m✓ All goal reactions found.[0m
        [32m✓ Target reaction successfully synthesized in 0.61s![0m
      Evaluating reaction mnc_390 (390/500)...
[Problem → Reactions] Found 30000 reactions, 250 molecules.
      [32m✓ All goal molecules found.[0m
      [31m✗ Missing goal reactions.[0m
        [31m✗ Synthesis failed or timed out in 62.75s.[0m
      Evaluating reaction mnc_391 (391/500)...
[Problem → Reactions] Found 129 reactions, 250 molecules.
      [32m✓ All goal molecules found.[0m
      [32m✓ All goal reactions found.[0m
        [32m✓ Target reaction successfully synthesized in 1.78s![0m
      Evaluating reaction mnc_392 (392/500)...
[Problem → Reactions] Found 122 reactions, 250 molecules.
      [32m✓ All goal molecules found.[0m
      [32m✓ All goal reactions found.[0m
        [32m✓ Target reaction successfully synthesized in 1.3s![0m
      Evaluating reaction mnc_393 (393/500)...
        [31m✗ Skipped reaction synthesis (missing molecule synthesis subproblem failed).[0m
      Evaluating reaction mnc_394 (394/500)...
[Problem → Reactions] Found 95 reactions, 250 molecules.
      [32m✓ All goal molecules found.[0m
      [32m✓ All goal reactions found.[0m
        [32m✓ Target reaction successfully synthesized in 1.71s![0m
      Evaluating reaction mnc_395 (395/500)...
        [31m✗ Skipped reaction synthesis (missing molecule synthesis subproblem failed).[0m
      Evaluating reaction mnc_396 (396/500)...
[Problem → Reactions] Found 303 reactions, 250 molecules.
      [32m✓ All goal molecules found.[0m
      [32m✓ All goal reactions found.[0m
        [32m✓ Target reaction successfully synthesized in 1.41s![0m
      Evaluating reaction mnc_397 (397/500)...
[Problem → Reactions] Found 591 reactions, 250 molecules.
      [32m✓ All goal molecules found.[0m
      [32m✓ All goal reactions found.[0m
        [32m✓ Target reaction successfully synthesized in 1.5s![0m
      Evaluating reaction mnc_398 (398/500)...
[Problem → Reactions] Found 227 reactions, 250 molecules.
      [32m✓ All goal molecules found.[0m
      [32m✓ All goal reactions found.[0m
        [32m✓ Target reaction successfully synthesized in 1.14s![0m
      Evaluating reaction mnc_399 (399/500)...
[Problem → Reactions] Found 128 reactions, 250 molecules.
      [32m✓ All goal molecules found.[0m
      [32m✓ All goal reactions found.[0m
        [32m✓ Target reaction successfully synthesized in 0.91s![0m
      Evaluating reaction mnc_400 (400/500)...
[Problem → Reactions] Found 167 reactions, 250 molecules.
      [32m✓ All goal molecules found.[0m
      [32m✓ All goal reactions found.[0m
        [32m✓ Target reaction successfully synthesized in 0.76s![0m
      Evaluating reaction mnc_401 (401/500)...
[Problem → Reactions] Found 539 reactions, 250 molecules.
      [32m✓ All goal molecules found.[0m
      [32m✓ All goal reactions found.[0m
        [32m✓ Target reaction successfully synthesized in 1.21s![0m
      Evaluating reaction mnc_402 (402/500)...
[Problem → Reactions] Found 1050 reactions, 250 molecules.
      [32m✓ All goal molecules found.[0m
      [32m✓ All goal reactions found.[0m
        [32m✓ Target reaction successfully synthesized in 7.87s![0m
      Evaluating reaction mnc_403 (403/500)...
        [31m✗ Skipped reaction synthesis (missing molecule synthesis subproblem failed).[0m
      Evaluating reaction mnc_404 (404/500)...
[Problem → Reactions] Found 149 reactions, 250 molecules.
      [32m✓ All goal molecules found.[0m
      [32m✓ All goal reactions found.[0m
        [32m✓ Target reaction successfully synthesized in 0.71s![0m
      Evaluating reaction mnc_405 (405/500)...
        [31m✗ Skipped reaction synthesis (missing molecule synthesis subproblem failed).[0m
      Evaluating reaction mnc_406 (406/500)...
        [31m✗ Skipped reaction synthesis (missing molecule synthesis subproblem failed).[0m
      Evaluating reaction mnc_407 (407/500)...
[Problem → Reactions] Found 51 reactions, 250 molecules.
      [32m✓ All goal molecules found.[0m
      [32m✓ All goal reactions found.[0m
        [32m✓ Target reaction successfully synthesized in 1.37s![0m
      Evaluating reaction mnc_408 (408/500)...
[Problem → Reactions] Found 155 reactions, 250 molecules.
      [32m✓ All goal molecules found.[0m
      [32m✓ All goal reactions found.[0m
        [32m✓ Target reaction successfully synthesized in 0.89s![0m
      Evaluating reaction mnc_409 (409/500)...
[Problem → Reactions] Found 230 reactions, 250 molecules.
      [32m✓ All goal molecules found.[0m
      [32m✓ All goal reactions found.[0m
        [32m✓ Target reaction successfully synthesized in 1.04s![0m
      Evaluating reaction mnc_410 (410/500)...
[Problem → Reactions] Found 236 reactions, 250 molecules.
      [32m✓ All goal molecules found.[0m
      [32m✓ All goal reactions found.[0m
        [32m✓ Target reaction successfully synthesized in 5.0s![0m
      Evaluating reaction mnc_411 (411/500)...
        [31m✗ Skipped reaction synthesis (missing molecule synthesis subproblem failed).[0m
      Evaluating reaction mnc_412 (412/500)...
[Problem → Reactions] Found 24218 reactions, 250 molecules.
      [32m✓ All goal molecules found.[0m
      [32m✓ All goal reactions found.[0m
        [32m✓ Target reaction successfully synthesized in 53.95s![0m
      Evaluating reaction mnc_413 (413/500)...
[Problem → Reactions] Found 80 reactions, 250 molecules.
      [32m✓ All goal molecules found.[0m
      [32m✓ All goal reactions found.[0m
        [32m✓ Target reaction successfully synthesized in 0.98s![0m
      Evaluating reaction mnc_414 (414/500)...
[Problem → Reactions] Found 285 reactions, 250 molecules.
      [32m✓ All goal molecules found.[0m
      [32m✓ All goal reactions found.[0m
        [32m✓ Target reaction successfully synthesized in 0.67s![0m
      Evaluating reaction mnc_415 (415/500)...
[Problem → Reactions] Found 201 reactions, 250 molecules.
      [32m✓ All goal molecules found.[0m
      [32m✓ All goal reactions found.[0m
        [32m✓ Target reaction successfully synthesized in 1.7s![0m
      Evaluating reaction mnc_416 (416/500)...
[Problem → Reactions] Found 215 reactions, 250 molecules.
      [32m✓ All goal molecules found.[0m
      [32m✓ All goal reactions found.[0m
        [32m✓ Target reaction successfully synthesized in 1.83s![0m
      Evaluating reaction mnc_417 (417/500)...
        [31m✗ Skipped reaction synthesis (missing molecule synthesis subproblem failed).[0m
      Evaluating reaction mnc_418 (418/500)...
        [31m✗ Skipped reaction synthesis (missing molecule synthesis subproblem failed).[0m
      Evaluating reaction mnc_419 (419/500)...
[Problem → Reactions] Found 185 reactions, 250 molecules.
      [32m✓ All goal molecules found.[0m
      [32m✓ All goal reactions found.[0m
        [32m✓ Target reaction successfully synthesized in 1.16s![0m
      Evaluating reaction mnc_420 (420/500)...
        [31m✗ Skipped reaction synthesis (missing molecule synthesis subproblem failed).[0m
      Evaluating reaction mnc_421 (421/500)...
        [31m✗ Skipped reaction synthesis (missing molecule synthesis subproblem failed).[0m
      Evaluating reaction mnc_422 (422/500)...
[Problem → Reactions] Found 75 reactions, 250 molecules.
      [32m✓ All goal molecules found.[0m
      [32m✓ All goal reactions found.[0m
        [32m✓ Target reaction successfully synthesized in 0.77s![0m
      Evaluating reaction mnc_423 (423/500)...
        [31m✗ Skipped reaction synthesis (missing molecule synthesis subproblem failed).[0m
      Evaluating reaction mnc_424 (424/500)...
        [31m✗ Skipped reaction synthesis (missing molecule synthesis subproblem failed).[0m
      Evaluating reaction mnc_425 (425/500)...
[Problem → Reactions] Found 104 reactions, 250 molecules.
      [32m✓ All goal molecules found.[0m
      [32m✓ All goal reactions found.[0m
        [32m✓ Target reaction successfully synthesized in 0.7s![0m
      Evaluating reaction mnc_426 (426/500)...
[Problem → Reactions] Found 215 reactions, 250 molecules.
      [32m✓ All goal molecules found.[0m
      [32m✓ All goal reactions found.[0m
        [32m✓ Target reaction successfully synthesized in 1.51s![0m
      Evaluating reaction mnc_427 (427/500)...
        [31m✗ Skipped reaction synthesis (missing molecule synthesis subproblem failed).[0m
      Evaluating reaction mnc_428 (428/500)...
[Problem → Reactions] Found 51 reactions, 250 molecules.
      [32m✓ All goal molecules found.[0m
      [32m✓ All goal reactions found.[0m
        [32m✓ Target reaction successfully synthesized in 0.97s![0m
      Evaluating reaction mnc_429 (429/500)...
[Problem → Reactions] Found 519 reactions, 250 molecules.
      [32m✓ All goal molecules found.[0m
      [32m✓ All goal reactions found.[0m
        [32m✓ Target reaction successfully synthesized in 1.58s![0m
      Evaluating reaction mnc_430 (430/500)...
        [31m✗ Skipped reaction synthesis (missing molecule synthesis subproblem failed).[0m
      Evaluating reaction mnc_431 (431/500)...
[Problem → Reactions] Found 159 reactions, 250 molecules.
      [32m✓ All goal molecules found.[0m
      [32m✓ All goal reactions found.[0m
        [32m✓ Target reaction successfully synthesized in 1.93s![0m
      Evaluating reaction mnc_432 (432/500)...
[Problem → Reactions] Found 507 reactions, 250 molecules.
      [32m✓ All goal molecules found.[0m
      [32m✓ All goal reactions found.[0m
        [32m✓ Target reaction successfully synthesized in 1.05s![0m
      Evaluating reaction mnc_433 (433/500)...
        [31m✗ Skipped reaction synthesis (missing molecule synthesis subproblem failed).[0m
      Evaluating reaction mnc_434 (434/500)...
[Problem → Reactions] Found 242 reactions, 250 molecules.
      [32m✓ All goal molecules found.[0m
      [32m✓ All goal reactions found.[0m
        [32m✓ Target reaction successfully synthesized in 1.33s![0m
      Evaluating reaction mnc_435 (435/500)...
[Problem → Reactions] Found 225 reactions, 250 molecules.
      [32m✓ All goal molecules found.[0m
      [32m✓ All goal reactions found.[0m
        [32m✓ Target reaction successfully synthesized in 1.75s![0m
      Evaluating reaction mnc_436 (436/500)...
        [31m✗ Skipped reaction synthesis (missing molecule synthesis subproblem failed).[0m
      Evaluating reaction mnc_437 (437/500)...
[Problem → Reactions] Found 201 reactions, 250 molecules.
      [32m✓ All goal molecules found.[0m
      [32m✓ All goal reactions found.[0m
        [32m✓ Target reaction successfully synthesized in 2.12s![0m
      Evaluating reaction mnc_438 (438/500)...
[Problem → Reactions] Found 194 reactions, 250 molecules.
      [32m✓ All goal molecules found.[0m
      [32m✓ All goal reactions found.[0m
        [32m✓ Target reaction successfully synthesized in 1.07s![0m
      Evaluating reaction mnc_439 (439/500)...
[Problem → Reactions] Found 159 reactions, 250 molecules.
      [32m✓ All goal molecules found.[0m
      [32m✓ All goal reactions found.[0m
        [32m✓ Target reaction successfully synthesized in 1.08s![0m
      Evaluating reaction mnc_440 (440/500)...
[Problem → Reactions] Found 30000 reactions, 250 molecules.
      [32m✓ All goal molecules found.[0m
      [31m✗ Missing goal reactions.[0m
        [31m✗ Synthesis failed or timed out in 62.44s.[0m
      Evaluating reaction mnc_441 (441/500)...
        [31m✗ Skipped reaction synthesis (missing molecule synthesis subproblem failed).[0m
      Evaluating reaction mnc_442 (442/500)...
        [31m✗ Skipped reaction synthesis (missing molecule synthesis subproblem failed).[0m
      Evaluating reaction mnc_443 (443/500)...
[Problem → Reactions] Found 137 reactions, 250 molecules.
      [32m✓ All goal molecules found.[0m
      [32m✓ All goal reactions found.[0m
        [32m✓ Target reaction successfully synthesized in 1.23s![0m
      Evaluating reaction mnc_444 (444/500)...
[Problem → Reactions] Found 195 reactions, 250 molecules.
      [32m✓ All goal molecules found.[0m
      [32m✓ All goal reactions found.[0m
        [32m✓ Target reaction successfully synthesized in 1.49s![0m
      Evaluating reaction mnc_445 (445/500)...
[Problem → Reactions] Found 285 reactions, 250 molecules.
      [32m✓ All goal molecules found.[0m
      [32m✓ All goal reactions found.[0m
        [32m✓ Target reaction successfully synthesized in 1.52s![0m
      Evaluating reaction mnc_446 (446/500)...
[Problem → Reactions] Found 32 reactions, 250 molecules.
      [32m✓ All goal molecules found.[0m
      [32m✓ All goal reactions found.[0m
        [32m✓ Target reaction successfully synthesized in 0.5s![0m
      Evaluating reaction mnc_447 (447/500)...
        [31m✗ Skipped reaction synthesis (missing molecule synthesis subproblem failed).[0m
      Evaluating reaction mnc_448 (448/500)...
        [31m✗ Skipped reaction synthesis (missing molecule synthesis subproblem failed).[0m
      Evaluating reaction mnc_449 (449/500)...
        [31m✗ Skipped reaction synthesis (missing molecule synthesis subproblem failed).[0m
      Evaluating reaction mnc_450 (450/500)...
[Problem → Reactions] Found 147 reactions, 250 molecules.
      [32m✓ All goal molecules found.[0m
      [32m✓ All goal reactions found.[0m
        [32m✓ Target reaction successfully synthesized in 0.95s![0m
      Evaluating reaction mnc_451 (451/500)...
        [31m✗ Skipped reaction synthesis (missing molecule synthesis subproblem failed).[0m
      Evaluating reaction mnc_452 (452/500)...
[Problem → Reactions] Found 101 reactions, 250 molecules.
      [32m✓ All goal molecules found.[0m
      [32m✓ All goal reactions found.[0m
        [32m✓ Target reaction successfully synthesized in 0.94s![0m
      Evaluating reaction mnc_453 (453/500)...
[Problem → Reactions] Found 347 reactions, 250 molecules.
      [32m✓ All goal molecules found.[0m
      [32m✓ All goal reactions found.[0m
        [32m✓ Target reaction successfully synthesized in 1.18s![0m
      Evaluating reaction mnc_454 (454/500)...
[Problem → Reactions] Found 5048 reactions, 250 molecules.
      [32m✓ All goal molecules found.[0m
      [32m✓ All goal reactions found.[0m
        [32m✓ Target reaction successfully synthesized in 12.62s![0m
      Evaluating reaction mnc_455 (455/500)...
        [31m✗ Skipped reaction synthesis (missing molecule synthesis subproblem failed).[0m
      Evaluating reaction mnc_456 (456/500)...
        [31m✗ Skipped reaction synthesis (missing molecule synthesis subproblem failed).[0m
      Evaluating reaction mnc_457 (457/500)...
[Problem → Reactions] Found 263 reactions, 250 molecules.
      [32m✓ All goal molecules found.[0m
      [32m✓ All goal reactions found.[0m
        [32m✓ Target reaction successfully synthesized in 0.8s![0m
      Evaluating reaction mnc_458 (458/500)...
        [31m✗ Skipped reaction synthesis (missing molecule synthesis subproblem failed).[0m
      Evaluating reaction mnc_459 (459/500)...
        [31m✗ Skipped reaction synthesis (missing molecule synthesis subproblem failed).[0m
      Evaluating reaction mnc_460 (460/500)...
[Problem → Reactions] Found 416 reactions, 250 molecules.
      [32m✓ All goal molecules found.[0m
      [32m✓ All goal reactions found.[0m
        [32m✓ Target reaction successfully synthesized in 1.02s![0m
      Evaluating reaction mnc_461 (461/500)...
[Problem → Reactions] Found 327 reactions, 250 molecules.
      [32m✓ All goal molecules found.[0m
      [32m✓ All goal reactions found.[0m
        [32m✓ Target reaction successfully synthesized in 0.97s![0m
      Evaluating reaction mnc_462 (462/500)...
        [31m✗ Skipped reaction synthesis (missing molecule synthesis subproblem failed).[0m
      Evaluating reaction mnc_463 (463/500)...
[Problem → Reactions] Found 191 reactions, 250 molecules.
      [32m✓ All goal molecules found.[0m
      [32m✓ All goal reactions found.[0m
        [32m✓ Target reaction successfully synthesized in 0.83s![0m
      Evaluating reaction mnc_464 (464/500)...
[Problem → Reactions] Found 7440 reactions, 250 molecules.
      [32m✓ All goal molecules found.[0m
      [32m✓ All goal reactions found.[0m
        [32m✓ Target reaction successfully synthesized in 14.86s![0m
      Evaluating reaction mnc_465 (465/500)...
        [31m✗ Skipped reaction synthesis (missing molecule synthesis subproblem failed).[0m
      Evaluating reaction mnc_466 (466/500)...
[Problem → Reactions] Found 77 reactions, 250 molecules.
      [32m✓ All goal molecules found.[0m
      [32m✓ All goal reactions found.[0m
        [32m✓ Target reaction successfully synthesized in 0.82s![0m
      Evaluating reaction mnc_467 (467/500)...
        [31m✗ Skipped reaction synthesis (missing molecule synthesis subproblem failed).[0m
      Evaluating reaction mnc_468 (468/500)...
[Problem → Reactions] Found 30000 reactions, 250 molecules.
      [32m✓ All goal molecules found.[0m
      [31m✗ Missing goal reactions.[0m
        [31m✗ Synthesis failed or timed out in 87.87s.[0m
      Evaluating reaction mnc_469 (469/500)...
[Problem → Reactions] Found 30000 reactions, 250 molecules.
      [32m✓ All goal molecules found.[0m
      [31m✗ Missing goal reactions.[0m
        [31m✗ Synthesis failed or timed out in 79.68s.[0m
      Evaluating reaction mnc_470 (470/500)...
        [31m✗ Skipped reaction synthesis (missing molecule synthesis subproblem failed).[0m
      Evaluating reaction mnc_471 (471/500)...
        [31m✗ Skipped reaction synthesis (missing molecule synthesis subproblem failed).[0m
      Evaluating reaction mnc_472 (472/500)...
[Problem → Reactions] Found 111 reactions, 250 molecules.
      [32m✓ All goal molecules found.[0m
      [32m✓ All goal reactions found.[0m
        [32m✓ Target reaction successfully synthesized in 1.15s![0m
      Evaluating reaction mnc_473 (473/500)...
[Problem → Reactions] Found 170 reactions, 250 molecules.
      [32m✓ All goal molecules found.[0m
      [32m✓ All goal reactions found.[0m
        [32m✓ Target reaction successfully synthesized in 1.26s![0m
      Evaluating reaction mnc_474 (474/500)...
[Problem → Reactions] Found 284 reactions, 250 molecules.
      [32m✓ All goal molecules found.[0m
      [32m✓ All goal reactions found.[0m
        [32m✓ Target reaction successfully synthesized in 0.93s![0m
      Evaluating reaction mnc_475 (475/500)...
[Problem → Reactions] Found 224 reactions, 250 molecules.
      [32m✓ All goal molecules found.[0m
      [32m✓ All goal reactions found.[0m
        [32m✓ Target reaction successfully synthesized in 0.81s![0m
      Evaluating reaction mnc_476 (476/500)...
        [31m✗ Skipped reaction synthesis (missing molecule synthesis subproblem failed).[0m
      Evaluating reaction mnc_477 (477/500)...
[Problem → Reactions] Found 269 reactions, 250 molecules.
      [32m✓ All goal molecules found.[0m
      [32m✓ All goal reactions found.[0m
        [32m✓ Target reaction successfully synthesized in 0.81s![0m
      Evaluating reaction mnc_478 (478/500)...
[Problem → Reactions] Found 30000 reactions, 250 molecules.
      [32m✓ All goal molecules found.[0m
      [31m✗ Missing goal reactions.[0m
        [31m✗ Synthesis failed or timed out in 86.0s.[0m
      Evaluating reaction mnc_479 (479/500)...
[Problem → Reactions] Found 206 reactions, 250 molecules.
      [32m✓ All goal molecules found.[0m
      [32m✓ All goal reactions found.[0m
        [32m✓ Target reaction successfully synthesized in 1.24s![0m
      Evaluating reaction mnc_480 (480/500)...
[Problem → Reactions] Found 81 reactions, 250 molecules.
      [32m✓ All goal molecules found.[0m
      [32m✓ All goal reactions found.[0m
        [32m✓ Target reaction successfully synthesized in 0.85s![0m
      Evaluating reaction mnc_481 (481/500)...
[Problem → Reactions] Found 146 reactions, 250 molecules.
      [32m✓ All goal molecules found.[0m
      [32m✓ All goal reactions found.[0m
        [32m✓ Target reaction successfully synthesized in 1.91s![0m
      Evaluating reaction mnc_482 (482/500)...
[Problem → Reactions] Found 204 reactions, 250 molecules.
      [32m✓ All goal molecules found.[0m
      [32m✓ All goal reactions found.[0m
        [32m✓ Target reaction successfully synthesized in 0.79s![0m
      Evaluating reaction mnc_483 (483/500)...
        [31m✗ Skipped reaction synthesis (missing molecule synthesis subproblem failed).[0m
      Evaluating reaction mnc_484 (484/500)...
        [31m✗ Skipped reaction synthesis (missing molecule synthesis subproblem failed).[0m
      Evaluating reaction mnc_485 (485/500)...
        [31m✗ Skipped reaction synthesis (missing molecule synthesis subproblem failed).[0m
      Evaluating reaction mnc_486 (486/500)...
[Problem → Reactions] Found 57 reactions, 250 molecules.
      [32m✓ All goal molecules found.[0m
      [32m✓ All goal reactions found.[0m
        [32m✓ Target reaction successfully synthesized in 0.59s![0m
      Evaluating reaction mnc_487 (487/500)...
[Problem → Reactions] Found 140 reactions, 250 molecules.
      [32m✓ All goal molecules found.[0m
      [32m✓ All goal reactions found.[0m
        [32m✓ Target reaction successfully synthesized in 1.45s![0m
      Evaluating reaction mnc_488 (488/500)...
[Problem → Reactions] Found 260 reactions, 250 molecules.
      [32m✓ All goal molecules found.[0m
      [32m✓ All goal reactions found.[0m
        [32m✓ Target reaction successfully synthesized in 0.93s![0m
      Evaluating reaction mnc_489 (489/500)...
[Problem → Reactions] Found 176 reactions, 250 molecules.
      [32m✓ All goal molecules found.[0m
      [32m✓ All goal reactions found.[0m
        [32m✓ Target reaction successfully synthesized in 0.57s![0m
      Evaluating reaction mnc_490 (490/500)...
[Problem → Reactions] Found 140 reactions, 250 molecules.
      [32m✓ All goal molecules found.[0m
      [32m✓ All goal reactions found.[0m
        [32m✓ Target reaction successfully synthesized in 0.89s![0m
      Evaluating reaction mnc_491 (491/500)...
[Problem → Reactions] Found 5890 reactions, 250 molecules.
      [32m✓ All goal molecules found.[0m
      [32m✓ All goal reactions found.[0m
        [32m✓ Target reaction successfully synthesized in 15.26s![0m
      Evaluating reaction mnc_492 (492/500)...
[Problem → Reactions] Found 213 reactions, 250 molecules.
      [32m✓ All goal molecules found.[0m
      [32m✓ All goal reactions found.[0m
        [32m✓ Target reaction successfully synthesized in 1.32s![0m
      Evaluating reaction mnc_493 (493/500)...
[Problem → Reactions] Found 86 reactions, 250 molecules.
      [32m✓ All goal molecules found.[0m
      [32m✓ All goal reactions found.[0m
        [32m✓ Target reaction successfully synthesized in 1.27s![0m
      Evaluating reaction mnc_494 (494/500)...
[Problem → Reactions] Found 81 reactions, 250 molecules.
      [32m✓ All goal molecules found.[0m
      [32m✓ All goal reactions found.[0m
        [32m✓ Target reaction successfully synthesized in 0.65s![0m
      Evaluating reaction mnc_495 (495/500)...
        [31m✗ Skipped reaction synthesis (missing molecule synthesis subproblem failed).[0m
      Evaluating reaction mnc_496 (496/500)...
[Problem → Reactions] Found 831 reactions, 250 molecules.
      [32m✓ All goal molecules found.[0m
      [32m✓ All goal reactions found.[0m
        [32m✓ Target reaction successfully synthesized in 0.85s![0m
      Evaluating reaction mnc_497 (497/500)...
        [31m✗ Skipped reaction synthesis (missing molecule synthesis subproblem failed).[0m
      Evaluating reaction mnc_498 (498/500)...
[Problem → Reactions] Found 71 reactions, 250 molecules.
      [32m✓ All goal molecules found.[0m
      [32m✓ All goal reactions found.[0m
        [32m✓ Target reaction successfully synthesized in 2.53s![0m
      Evaluating reaction mnc_499 (499/500)...
[Problem → Reactions] Found 122 reactions, 250 molecules.
      [32m✓ All goal molecules found.[0m
      [32m✓ All goal reactions found.[0m
        [32m✓ Target reaction successfully synthesized in 0.97s![0m
      Evaluating reaction mnc_500 (500/500)...
[Problem → Reactions] Found 164 reactions, 250 molecules.
      [32m✓ All goal molecules found.[0m
      [32m✓ All goal reactions found.[0m
        [32m✓ Target reaction successfully synthesized in 1.73s![0m

      Synthesis Performance (Metric: none, With fragments) on Tractable Subspace:
        - Evaluated runs: 500
        - Success rate:   62.8%
        - Average time:   1.97s

  [1mSimilarity Metric: tanimoto[0m
      Evaluating reaction mnc_1 (1/500)...
        [31m✗ Skipped reaction synthesis (missing molecule synthesis subproblem failed).[0m
      Evaluating reaction mnc_2 (2/500)...
        [31m✗ Skipped reaction synthesis (missing molecule synthesis subproblem failed).[0m
      Evaluating reaction mnc_3 (3/500)...
        [31m✗ Skipped reaction synthesis (missing molecule synthesis subproblem failed).[0m
      Evaluating reaction mnc_4 (4/500)...
[Problem → Reactions] Found 230 reactions, 250 molecules.
      [32m✓ All goal molecules found.[0m
      [32m✓ All goal reactions found.[0m
        [32m✓ Target reaction successfully synthesized in 1.11s![0m
      Evaluating reaction mnc_5 (5/500)...
        [31m✗ Skipped reaction synthesis (missing molecule synthesis subproblem failed).[0m
      Evaluating reaction mnc_6 (6/500)...
[Problem → Reactions] Found 207 reactions, 250 molecules.
      [32m✓ All goal molecules found.[0m
      [32m✓ All goal reactions found.[0m
        [32m✓ Target reaction successfully synthesized in 1.79s![0m
      Evaluating reaction mnc_7 (7/500)...
[Problem → Reactions] Found 27 reactions, 250 molecules.
      [32m✓ All goal molecules found.[0m
      [32m✓ All goal reactions found.[0m
        [32m✓ Target reaction successfully synthesized in 0.73s![0m
      Evaluating reaction mnc_8 (8/500)...
[Problem → Reactions] Found 194 reactions, 250 molecules.
      [32m✓ All goal molecules found.[0m
      [32m✓ All goal reactions found.[0m
        [32m✓ Target reaction successfully synthesized in 1.5s![0m
      Evaluating reaction mnc_9 (9/500)...
        [31m✗ Skipped reaction synthesis (missing molecule synthesis subproblem failed).[0m
      Evaluating reaction mnc_10 (10/500)...
[Problem → Reactions] Found 3452 reactions, 250 molecules.
      [32m✓ All goal molecules found.[0m
      [32m✓ All goal reactions found.[0m
        [32m✓ Target reaction successfully synthesized in 10.62s![0m
      Evaluating reaction mnc_11 (11/500)...
[Problem → Reactions] Found 251 reactions, 250 molecules.
      [32m✓ All goal molecules found.[0m
      [32m✓ All goal reactions found.[0m
        [32m✓ Target reaction successfully synthesized in 1.32s![0m
      Evaluating reaction mnc_12 (12/500)...
[Problem → Reactions] Found 155 reactions, 250 molecules.
      [32m✓ All goal molecules found.[0m
      [32m✓ All goal reactions found.[0m
        [32m✓ Target reaction successfully synthesized in 0.74s![0m
      Evaluating reaction mnc_13 (13/500)...
[Problem → Reactions] Found 381 reactions, 250 molecules.
      [32m✓ All goal molecules found.[0m
      [32m✓ All goal reactions found.[0m
        [32m✓ Target reaction successfully synthesized in 1.05s![0m
      Evaluating reaction mnc_14 (14/500)...
[Problem → Reactions] Found 131 reactions, 250 molecules.
      [32m✓ All goal molecules found.[0m
      [32m✓ All goal reactions found.[0m
        [32m✓ Target reaction successfully synthesized in 0.75s![0m
      Evaluating reaction mnc_15 (15/500)...
[Problem → Reactions] Found 281 reactions, 250 molecules.
      [32m✓ All goal molecules found.[0m
      [32m✓ All goal reactions found.[0m
        [32m✓ Target reaction successfully synthesized in 0.93s![0m
      Evaluating reaction mnc_16 (16/500)...
        [31m✗ Skipped reaction synthesis (missing molecule synthesis subproblem failed).[0m
      Evaluating reaction mnc_17 (17/500)...
[Problem → Reactions] Found 105 reactions, 250 molecules.
      [32m✓ All goal molecules found.[0m
      [32m✓ All goal reactions found.[0m
        [32m✓ Target reaction successfully synthesized in 0.36s![0m
      Evaluating reaction mnc_18 (18/500)...
[Problem → Reactions] Found 375 reactions, 250 molecules.
      [32m✓ All goal molecules found.[0m
      [32m✓ All goal reactions found.[0m
        [32m✓ Target reaction successfully synthesized in 1.16s![0m
      Evaluating reaction mnc_19 (19/500)...
[Problem → Reactions] Found 153 reactions, 250 molecules.
      [32m✓ All goal molecules found.[0m
      [32m✓ All goal reactions found.[0m
        [32m✓ Target reaction successfully synthesized in 0.82s![0m
      Evaluating reaction mnc_20 (20/500)...
        [31m✗ Skipped reaction synthesis (missing molecule synthesis subproblem failed).[0m
      Evaluating reaction mnc_21 (21/500)...
        [31m✗ Skipped reaction synthesis (missing molecule synthesis subproblem failed).[0m
      Evaluating reaction mnc_22 (22/500)...
[Problem → Reactions] Found 272 reactions, 250 molecules.
      [32m✓ All goal molecules found.[0m
      [32m✓ All goal reactions found.[0m
        [32m✓ Target reaction successfully synthesized in 0.95s![0m
      Evaluating reaction mnc_23 (23/500)...
[Problem → Reactions] Found 906 reactions, 250 molecules.
      [32m✓ All goal molecules found.[0m
      [32m✓ All goal reactions found.[0m
        [32m✓ Target reaction successfully synthesized in 5.51s![0m
      Evaluating reaction mnc_24 (24/500)...
[Problem → Reactions] Found 200 reactions, 250 molecules.
      [32m✓ All goal molecules found.[0m
      [32m✓ All goal reactions found.[0m
        [32m✓ Target reaction successfully synthesized in 2.91s![0m
      Evaluating reaction mnc_25 (25/500)...
[Problem → Reactions] Found 182 reactions, 250 molecules.
      [32m✓ All goal molecules found.[0m
      [32m✓ All goal reactions found.[0m
        [32m✓ Target reaction successfully synthesized in 0.91s![0m
      Evaluating reaction mnc_26 (26/500)...
[Problem → Reactions] Found 131 reactions, 250 molecules.
      [32m✓ All goal molecules found.[0m
      [32m✓ All goal reactions found.[0m
        [32m✓ Target reaction successfully synthesized in 1.51s![0m
      Evaluating reaction mnc_27 (27/500)...
[Problem → Reactions] Found 251 reactions, 250 molecules.
      [32m✓ All goal molecules found.[0m
      [32m✓ All goal reactions found.[0m
        [32m✓ Target reaction successfully synthesized in 0.96s![0m
      Evaluating reaction mnc_28 (28/500)...
        [31m✗ Skipped reaction synthesis (missing molecule synthesis subproblem failed).[0m
      Evaluating reaction mnc_29 (29/500)...
[Problem → Reactions] Found 227 reactions, 250 molecules.
      [32m✓ All goal molecules found.[0m
      [32m✓ All goal reactions found.[0m
        [32m✓ Target reaction successfully synthesized in 1.51s![0m
      Evaluating reaction mnc_30 (30/500)...
        [31m✗ Skipped reaction synthesis (missing molecule synthesis subproblem failed).[0m
      Evaluating reaction mnc_31 (31/500)...
[Problem → Reactions] Found 248 reactions, 250 molecules.
      [32m✓ All goal molecules found.[0m
      [32m✓ All goal reactions found.[0m
        [32m✓ Target reaction successfully synthesized in 2.62s![0m
      Evaluating reaction mnc_32 (32/500)...
[Problem → Reactions] Found 254 reactions, 250 molecules.
      [32m✓ All goal molecules found.[0m
      [32m✓ All goal reactions found.[0m
        [32m✓ Target reaction successfully synthesized in 1.98s![0m
      Evaluating reaction mnc_33 (33/500)...
[Problem → Reactions] Found 465 reactions, 250 molecules.
      [32m✓ All goal molecules found.[0m
      [32m✓ All goal reactions found.[0m
        [32m✓ Target reaction successfully synthesized in 1.5s![0m
      Evaluating reaction mnc_34 (34/500)...
        [31m✗ Skipped reaction synthesis (missing molecule synthesis subproblem failed).[0m
      Evaluating reaction mnc_35 (35/500)...
        [31m✗ Skipped reaction synthesis (missing molecule synthesis subproblem failed).[0m
      Evaluating reaction mnc_36 (36/500)...
[Problem → Reactions] Found 95 reactions, 250 molecules.
      [32m✓ All goal molecules found.[0m
      [32m✓ All goal reactions found.[0m
        [32m✓ Target reaction successfully synthesized in 0.98s![0m
      Evaluating reaction mnc_37 (37/500)...
[Problem → Reactions] Found 119 reactions, 250 molecules.
      [32m✓ All goal molecules found.[0m
      [32m✓ All goal reactions found.[0m
        [32m✓ Target reaction successfully synthesized in 0.78s![0m
      Evaluating reaction mnc_38 (38/500)...
[Problem → Reactions] Found 30000 reactions, 250 molecules.
      [32m✓ All goal molecules found.[0m
      [31m✗ Missing goal reactions.[0m
        [31m✗ Synthesis failed or timed out in 89.51s.[0m
      Evaluating reaction mnc_39 (39/500)...
[Problem → Reactions] Found 356 reactions, 250 molecules.
      [32m✓ All goal molecules found.[0m
      [32m✓ All goal reactions found.[0m
        [32m✓ Target reaction successfully synthesized in 0.72s![0m
      Evaluating reaction mnc_40 (40/500)...
        [31m✗ Skipped reaction synthesis (missing molecule synthesis subproblem failed).[0m
      Evaluating reaction mnc_41 (41/500)...
[Problem → Reactions] Found 71 reactions, 250 molecules.
      [32m✓ All goal molecules found.[0m
      [32m✓ All goal reactions found.[0m
        [32m✓ Target reaction successfully synthesized in 1.32s![0m
      Evaluating reaction mnc_42 (42/500)...
        [31m✗ Skipped reaction synthesis (missing molecule synthesis subproblem failed).[0m
      Evaluating reaction mnc_43 (43/500)...
[Problem → Reactions] Found 173 reactions, 250 molecules.
      [32m✓ All goal molecules found.[0m
      [32m✓ All goal reactions found.[0m
        [32m✓ Target reaction successfully synthesized in 0.76s![0m
      Evaluating reaction mnc_44 (44/500)...
        [31m✗ Skipped reaction synthesis (missing molecule synthesis subproblem failed).[0m
      Evaluating reaction mnc_45 (45/500)...
        [31m✗ Skipped reaction synthesis (missing molecule synthesis subproblem failed).[0m
      Evaluating reaction mnc_46 (46/500)...
[Problem → Reactions] Found 68 reactions, 250 molecules.
      [32m✓ All goal molecules found.[0m
      [32m✓ All goal reactions found.[0m
        [32m✓ Target reaction successfully synthesized in 0.66s![0m
      Evaluating reaction mnc_47 (47/500)...
[Problem → Reactions] Found 272 reactions, 250 molecules.
      [32m✓ All goal molecules found.[0m
      [32m✓ All goal reactions found.[0m
        [32m✓ Target reaction successfully synthesized in 1.71s![0m
      Evaluating reaction mnc_48 (48/500)...
[Problem → Reactions] Found 284 reactions, 250 molecules.
      [32m✓ All goal molecules found.[0m
      [32m✓ All goal reactions found.[0m
        [32m✓ Target reaction successfully synthesized in 1.06s![0m
      Evaluating reaction mnc_49 (49/500)...
        [31m✗ Skipped reaction synthesis (missing molecule synthesis subproblem failed).[0m
      Evaluating reaction mnc_50 (50/500)...
[Problem → Reactions] Found 223 reactions, 250 molecules.
      [32m✓ All goal molecules found.[0m
      [32m✓ All goal reactions found.[0m
        [32m✓ Target reaction successfully synthesized in 1.21s![0m
      Evaluating reaction mnc_51 (51/500)...
[Problem → Reactions] Found 1263 reactions, 250 molecules.
      [32m✓ All goal molecules found.[0m
      [32m✓ All goal reactions found.[0m
        [32m✓ Target reaction successfully synthesized in 0.59s![0m
      Evaluating reaction mnc_52 (52/500)...
        [31m✗ Skipped reaction synthesis (missing molecule synthesis subproblem failed).[0m
      Evaluating reaction mnc_53 (53/500)...
[Problem → Reactions] Found 191 reactions, 250 molecules.
      [32m✓ All goal molecules found.[0m
      [32m✓ All goal reactions found.[0m
        [32m✓ Target reaction successfully synthesized in 0.6s![0m
      Evaluating reaction mnc_54 (54/500)...
[Problem → Reactions] Found 149 reactions, 250 molecules.
      [32m✓ All goal molecules found.[0m
      [32m✓ All goal reactions found.[0m
        [32m✓ Target reaction successfully synthesized in 1.0s![0m
      Evaluating reaction mnc_55 (55/500)...
        [31m✗ Skipped reaction synthesis (missing molecule synthesis subproblem failed).[0m
      Evaluating reaction mnc_56 (56/500)...
[Problem → Reactions] Found 4093 reactions, 250 molecules.
      [32m✓ All goal molecules found.[0m
      [32m✓ All goal reactions found.[0m
        [32m✓ Target reaction successfully synthesized in 2.59s![0m
      Evaluating reaction mnc_57 (57/500)...
[Problem → Reactions] Found 188 reactions, 250 molecules.
      [32m✓ All goal molecules found.[0m
      [32m✓ All goal reactions found.[0m
        [32m✓ Target reaction successfully synthesized in 0.72s![0m
      Evaluating reaction mnc_58 (58/500)...
[Problem → Reactions] Found 266 reactions, 250 molecules.
      [32m✓ All goal molecules found.[0m
      [32m✓ All goal reactions found.[0m
        [32m✓ Target reaction successfully synthesized in 0.67s![0m
      Evaluating reaction mnc_59 (59/500)...
        [31m✗ Skipped reaction synthesis (missing molecule synthesis subproblem failed).[0m
      Evaluating reaction mnc_60 (60/500)...
        [31m✗ Skipped reaction synthesis (missing molecule synthesis subproblem failed).[0m
      Evaluating reaction mnc_61 (61/500)...
[Problem → Reactions] Found 179 reactions, 250 molecules.
      [32m✓ All goal molecules found.[0m
      [32m✓ All goal reactions found.[0m
        [32m✓ Target reaction successfully synthesized in 0.61s![0m
      Evaluating reaction mnc_62 (62/500)...
        [31m✗ Skipped reaction synthesis (missing molecule synthesis subproblem failed).[0m
      Evaluating reaction mnc_63 (63/500)...
[Problem → Reactions] Found 176 reactions, 250 molecules.
      [32m✓ All goal molecules found.[0m
      [32m✓ All goal reactions found.[0m
        [32m✓ Target reaction successfully synthesized in 1.42s![0m
      Evaluating reaction mnc_64 (64/500)...
        [31m✗ Skipped reaction synthesis (missing molecule synthesis subproblem failed).[0m
      Evaluating reaction mnc_65 (65/500)...
[Problem → Reactions] Found 87 reactions, 250 molecules.
      [32m✓ All goal molecules found.[0m
      [32m✓ All goal reactions found.[0m
        [32m✓ Target reaction successfully synthesized in 0.71s![0m
      Evaluating reaction mnc_66 (66/500)...
        [31m✗ Skipped reaction synthesis (missing molecule synthesis subproblem failed).[0m
      Evaluating reaction mnc_67 (67/500)...
[Problem → Reactions] Found 705 reactions, 250 molecules.
      [32m✓ All goal molecules found.[0m
      [32m✓ All goal reactions found.[0m
        [32m✓ Target reaction successfully synthesized in 1.98s![0m
      Evaluating reaction mnc_68 (68/500)...
[Problem → Reactions] Found 171 reactions, 250 molecules.
      [32m✓ All goal molecules found.[0m
      [32m✓ All goal reactions found.[0m
        [32m✓ Target reaction successfully synthesized in 0.87s![0m
      Evaluating reaction mnc_69 (69/500)...
[Problem → Reactions] Found 554 reactions, 250 molecules.
      [32m✓ All goal molecules found.[0m
      [32m✓ All goal reactions found.[0m
        [32m✓ Target reaction successfully synthesized in 0.78s![0m
      Evaluating reaction mnc_70 (70/500)...
[Problem → Reactions] Found 209 reactions, 250 molecules.
      [32m✓ All goal molecules found.[0m
      [32m✓ All goal reactions found.[0m
        [32m✓ Target reaction successfully synthesized in 1.52s![0m
      Evaluating reaction mnc_71 (71/500)...
        [31m✗ Skipped reaction synthesis (missing molecule synthesis subproblem failed).[0m
      Evaluating reaction mnc_72 (72/500)...
[Problem → Reactions] Found 260 reactions, 250 molecules.
      [32m✓ All goal molecules found.[0m
      [32m✓ All goal reactions found.[0m
        [32m✓ Target reaction successfully synthesized in 0.88s![0m
      Evaluating reaction mnc_73 (73/500)...
[Problem → Reactions] Found 57 reactions, 250 molecules.
      [32m✓ All goal molecules found.[0m
      [32m✓ All goal reactions found.[0m
        [32m✓ Target reaction successfully synthesized in 0.8s![0m
      Evaluating reaction mnc_74 (74/500)...
[Problem → Reactions] Found 95 reactions, 250 molecules.
      [32m✓ All goal molecules found.[0m
      [32m✓ All goal reactions found.[0m
        [32m✓ Target reaction successfully synthesized in 0.5s![0m
      Evaluating reaction mnc_75 (75/500)...
[Problem → Reactions] Found 581 reactions, 250 molecules.
      [32m✓ All goal molecules found.[0m
      [32m✓ All goal reactions found.[0m
        [32m✓ Target reaction successfully synthesized in 1.12s![0m
      Evaluating reaction mnc_76 (76/500)...
[Problem → Reactions] Found 353 reactions, 250 molecules.
      [32m✓ All goal molecules found.[0m
      [32m✓ All goal reactions found.[0m
        [32m✓ Target reaction successfully synthesized in 0.7s![0m
      Evaluating reaction mnc_77 (77/500)...
        [31m✗ Skipped reaction synthesis (missing molecule synthesis subproblem failed).[0m
      Evaluating reaction mnc_78 (78/500)...
[Problem → Reactions] Found 155 reactions, 250 molecules.
      [32m✓ All goal molecules found.[0m
      [32m✓ All goal reactions found.[0m
        [32m✓ Target reaction successfully synthesized in 0.78s![0m
      Evaluating reaction mnc_79 (79/500)...
[Problem → Reactions] Found 242 reactions, 250 molecules.
      [32m✓ All goal molecules found.[0m
      [32m✓ All goal reactions found.[0m
        [32m✓ Target reaction successfully synthesized in 0.54s![0m
      Evaluating reaction mnc_80 (80/500)...
        [31m✗ Skipped reaction synthesis (missing molecule synthesis subproblem failed).[0m
      Evaluating reaction mnc_81 (81/500)...
        [31m✗ Skipped reaction synthesis (missing molecule synthesis subproblem failed).[0m
      Evaluating reaction mnc_82 (82/500)...
        [31m✗ Skipped reaction synthesis (missing molecule synthesis subproblem failed).[0m
      Evaluating reaction mnc_83 (83/500)...
[Problem → Reactions] Found 101 reactions, 250 molecules.
      [32m✓ All goal molecules found.[0m
      [32m✓ All goal reactions found.[0m
        [32m✓ Target reaction successfully synthesized in 1.34s![0m
      Evaluating reaction mnc_84 (84/500)...
[Problem → Reactions] Found 152 reactions, 250 molecules.
      [32m✓ All goal molecules found.[0m
      [32m✓ All goal reactions found.[0m
        [32m✓ Target reaction successfully synthesized in 0.85s![0m
      Evaluating reaction mnc_85 (85/500)...
        [31m✗ Skipped reaction synthesis (missing molecule synthesis subproblem failed).[0m
      Evaluating reaction mnc_86 (86/500)...
[Problem → Reactions] Found 152 reactions, 250 molecules.
      [32m✓ All goal molecules found.[0m
      [32m✓ All goal reactions found.[0m
        [32m✓ Target reaction successfully synthesized in 1.08s![0m
      Evaluating reaction mnc_87 (87/500)...
        [31m✗ Skipped reaction synthesis (missing molecule synthesis subproblem failed).[0m
      Evaluating reaction mnc_88 (88/500)...
[Problem → Reactions] Found 261 reactions, 250 molecules.
      [32m✓ All goal molecules found.[0m
      [32m✓ All goal reactions found.[0m
        [32m✓ Target reaction successfully synthesized in 1.0s![0m
      Evaluating reaction mnc_89 (89/500)...
[Problem → Reactions] Found 321 reactions, 250 molecules.
      [32m✓ All goal molecules found.[0m
      [32m✓ All goal reactions found.[0m
        [32m✓ Target reaction successfully synthesized in 1.28s![0m
      Evaluating reaction mnc_90 (90/500)...
        [31m✗ Skipped reaction synthesis (missing molecule synthesis subproblem failed).[0m
      Evaluating reaction mnc_91 (91/500)...
        [31m✗ Skipped reaction synthesis (missing molecule synthesis subproblem failed).[0m
      Evaluating reaction mnc_92 (92/500)...
[Problem → Reactions] Found 129 reactions, 250 molecules.
      [32m✓ All goal molecules found.[0m
      [32m✓ All goal reactions found.[0m
        [32m✓ Target reaction successfully synthesized in 1.89s![0m
      Evaluating reaction mnc_93 (93/500)...
[Problem → Reactions] Found 434 reactions, 250 molecules.
      [32m✓ All goal molecules found.[0m
      [32m✓ All goal reactions found.[0m
        [32m✓ Target reaction successfully synthesized in 0.78s![0m
      Evaluating reaction mnc_94 (94/500)...
[Problem → Reactions] Found 197 reactions, 250 molecules.
      [32m✓ All goal molecules found.[0m
      [32m✓ All goal reactions found.[0m
        [32m✓ Target reaction successfully synthesized in 0.7s![0m
      Evaluating reaction mnc_95 (95/500)...
        [31m✗ Skipped reaction synthesis (missing molecule synthesis subproblem failed).[0m
      Evaluating reaction mnc_96 (96/500)...
        [31m✗ Skipped reaction synthesis (missing molecule synthesis subproblem failed).[0m
      Evaluating reaction mnc_97 (97/500)...
        [31m✗ Skipped reaction synthesis (missing molecule synthesis subproblem failed).[0m
      Evaluating reaction mnc_98 (98/500)...
        [31m✗ Skipped reaction synthesis (missing molecule synthesis subproblem failed).[0m
      Evaluating reaction mnc_99 (99/500)...
[Problem → Reactions] Found 255 reactions, 250 molecules.
      [32m✓ All goal molecules found.[0m
      [32m✓ All goal reactions found.[0m
        [32m✓ Target reaction successfully synthesized in 0.92s![0m
      Evaluating reaction mnc_100 (100/500)...
        [31m✗ Skipped reaction synthesis (missing molecule synthesis subproblem failed).[0m
      Evaluating reaction mnc_101 (101/500)...
        [31m✗ Skipped reaction synthesis (missing molecule synthesis subproblem failed).[0m
      Evaluating reaction mnc_102 (102/500)...
        [31m✗ Skipped reaction synthesis (missing molecule synthesis subproblem failed).[0m
      Evaluating reaction mnc_103 (103/500)...
[Problem → Reactions] Found 30000 reactions, 250 molecules.
      [32m✓ All goal molecules found.[0m
      [31m✗ Missing goal reactions.[0m
        [31m✗ Synthesis failed or timed out in 94.74s.[0m
      Evaluating reaction mnc_104 (104/500)...
[Problem → Reactions] Found 165 reactions, 250 molecules.
      [32m✓ All goal molecules found.[0m
      [32m✓ All goal reactions found.[0m
        [32m✓ Target reaction successfully synthesized in 0.85s![0m
      Evaluating reaction mnc_105 (105/500)...
[Problem → Reactions] Found 129 reactions, 250 molecules.
      [32m✓ All goal molecules found.[0m
      [32m✓ All goal reactions found.[0m
        [32m✓ Target reaction successfully synthesized in 1.25s![0m
      Evaluating reaction mnc_106 (106/500)...
[Problem → Reactions] Found 291 reactions, 250 molecules.
      [32m✓ All goal molecules found.[0m
      [32m✓ All goal reactions found.[0m
        [32m✓ Target reaction successfully synthesized in 1.34s![0m
      Evaluating reaction mnc_107 (107/500)...
        [31m✗ Skipped reaction synthesis (missing molecule synthesis subproblem failed).[0m
      Evaluating reaction mnc_108 (108/500)...
[Problem → Reactions] Found 128 reactions, 250 molecules.
      [32m✓ All goal molecules found.[0m
      [32m✓ All goal reactions found.[0m
        [32m✓ Target reaction successfully synthesized in 0.95s![0m
      Evaluating reaction mnc_109 (109/500)...
[Problem → Reactions] Found 51 reactions, 250 molecules.
      [32m✓ All goal molecules found.[0m
      [32m✓ All goal reactions found.[0m
        [32m✓ Target reaction successfully synthesized in 0.97s![0m
      Evaluating reaction mnc_110 (110/500)...
[Problem → Reactions] Found 260 reactions, 250 molecules.
      [32m✓ All goal molecules found.[0m
      [32m✓ All goal reactions found.[0m
        [32m✓ Target reaction successfully synthesized in 1.6s![0m
      Evaluating reaction mnc_111 (111/500)...
[Problem → Reactions] Found 221 reactions, 250 molecules.
      [32m✓ All goal molecules found.[0m
      [32m✓ All goal reactions found.[0m
        [32m✓ Target reaction successfully synthesized in 1.0s![0m
      Evaluating reaction mnc_112 (112/500)...
[Problem → Reactions] Found 303 reactions, 250 molecules.
      [32m✓ All goal molecules found.[0m
      [32m✓ All goal reactions found.[0m
        [32m✓ Target reaction successfully synthesized in 1.29s![0m
      Evaluating reaction mnc_113 (113/500)...
[Problem → Reactions] Found 949 reactions, 250 molecules.
      [32m✓ All goal molecules found.[0m
      [32m✓ All goal reactions found.[0m
        [32m✓ Target reaction successfully synthesized in 1.62s![0m
      Evaluating reaction mnc_114 (114/500)...
        [31m✗ Skipped reaction synthesis (missing molecule synthesis subproblem failed).[0m
      Evaluating reaction mnc_115 (115/500)...
[Problem → Reactions] Found 110 reactions, 250 molecules.
      [32m✓ All goal molecules found.[0m
      [32m✓ All goal reactions found.[0m
        [32m✓ Target reaction successfully synthesized in 1.95s![0m
      Evaluating reaction mnc_116 (116/500)...
        [31m✗ Skipped reaction synthesis (missing molecule synthesis subproblem failed).[0m
      Evaluating reaction mnc_117 (117/500)...
[Problem → Reactions] Found 188 reactions, 250 molecules.
      [32m✓ All goal molecules found.[0m
      [32m✓ All goal reactions found.[0m
        [32m✓ Target reaction successfully synthesized in 0.89s![0m
      Evaluating reaction mnc_118 (118/500)...
[Problem → Reactions] Found 77 reactions, 250 molecules.
      [32m✓ All goal molecules found.[0m
      [32m✓ All goal reactions found.[0m
        [32m✓ Target reaction successfully synthesized in 1.31s![0m
      Evaluating reaction mnc_119 (119/500)...
[Problem → Reactions] Found 279 reactions, 250 molecules.
      [32m✓ All goal molecules found.[0m
      [32m✓ All goal reactions found.[0m
        [32m✓ Target reaction successfully synthesized in 1.07s![0m
      Evaluating reaction mnc_120 (120/500)...
[Problem → Reactions] Found 77 reactions, 250 molecules.
      [32m✓ All goal molecules found.[0m
      [32m✓ All goal reactions found.[0m
        [32m✓ Target reaction successfully synthesized in 1.05s![0m
      Evaluating reaction mnc_121 (121/500)...
[Problem → Reactions] Found 326 reactions, 250 molecules.
      [32m✓ All goal molecules found.[0m
      [32m✓ All goal reactions found.[0m
        [32m✓ Target reaction successfully synthesized in 1.77s![0m
      Evaluating reaction mnc_122 (122/500)...
        [31m✗ Skipped reaction synthesis (missing molecule synthesis subproblem failed).[0m
      Evaluating reaction mnc_123 (123/500)...
        [31m✗ Skipped reaction synthesis (missing molecule synthesis subproblem failed).[0m
      Evaluating reaction mnc_124 (124/500)...
[Problem → Reactions] Found 155 reactions, 250 molecules.
      [32m✓ All goal molecules found.[0m
      [32m✓ All goal reactions found.[0m
        [32m✓ Target reaction successfully synthesized in 0.99s![0m
      Evaluating reaction mnc_125 (125/500)...
[Problem → Reactions] Found 71 reactions, 250 molecules.
      [32m✓ All goal molecules found.[0m
      [32m✓ All goal reactions found.[0m
        [32m✓ Target reaction successfully synthesized in 0.81s![0m
      Evaluating reaction mnc_126 (126/500)...
        [31m✗ Skipped reaction synthesis (missing molecule synthesis subproblem failed).[0m
      Evaluating reaction mnc_127 (127/500)...
[Problem → Reactions] Found 254 reactions, 250 molecules.
      [32m✓ All goal molecules found.[0m
      [32m✓ All goal reactions found.[0m
        [32m✓ Target reaction successfully synthesized in 0.91s![0m
      Evaluating reaction mnc_128 (128/500)...
[Problem → Reactions] Found 1497 reactions, 250 molecules.
      [32m✓ All goal molecules found.[0m
      [32m✓ All goal reactions found.[0m
        [32m✓ Target reaction successfully synthesized in 1.93s![0m
      Evaluating reaction mnc_129 (129/500)...
        [31m✗ Skipped reaction synthesis (missing molecule synthesis subproblem failed).[0m
      Evaluating reaction mnc_130 (130/500)...
        [31m✗ Skipped reaction synthesis (missing molecule synthesis subproblem failed).[0m
      Evaluating reaction mnc_131 (131/500)...
[Problem → Reactions] Found 89 reactions, 250 molecules.
      [32m✓ All goal molecules found.[0m
      [32m✓ All goal reactions found.[0m
        [32m✓ Target reaction successfully synthesized in 1.24s![0m
      Evaluating reaction mnc_132 (132/500)...
        [31m✗ Skipped reaction synthesis (missing molecule synthesis subproblem failed).[0m
      Evaluating reaction mnc_133 (133/500)...
[Problem → Reactions] Found 128 reactions, 250 molecules.
      [32m✓ All goal molecules found.[0m
      [32m✓ All goal reactions found.[0m
        [32m✓ Target reaction successfully synthesized in 1.33s![0m
      Evaluating reaction mnc_134 (134/500)...
[Problem → Reactions] Found 272 reactions, 250 molecules.
      [32m✓ All goal molecules found.[0m
      [32m✓ All goal reactions found.[0m
        [32m✓ Target reaction successfully synthesized in 0.65s![0m
      Evaluating reaction mnc_135 (135/500)...
[Problem → Reactions] Found 189 reactions, 250 molecules.
      [32m✓ All goal molecules found.[0m
      [32m✓ All goal reactions found.[0m
        [32m✓ Target reaction successfully synthesized in 1.79s![0m
      Evaluating reaction mnc_136 (136/500)...
[Problem → Reactions] Found 263 reactions, 250 molecules.
      [32m✓ All goal molecules found.[0m
      [32m✓ All goal reactions found.[0m
        [32m✓ Target reaction successfully synthesized in 1.34s![0m
      Evaluating reaction mnc_137 (137/500)...
[Problem → Reactions] Found 95 reactions, 250 molecules.
      [32m✓ All goal molecules found.[0m
      [32m✓ All goal reactions found.[0m
        [32m✓ Target reaction successfully synthesized in 0.81s![0m
      Evaluating reaction mnc_138 (138/500)...
[Problem → Reactions] Found 729 reactions, 250 molecules.
      [32m✓ All goal molecules found.[0m
      [32m✓ All goal reactions found.[0m
        [32m✓ Target reaction successfully synthesized in 2.57s![0m
      Evaluating reaction mnc_139 (139/500)...
        [31m✗ Skipped reaction synthesis (missing molecule synthesis subproblem failed).[0m
      Evaluating reaction mnc_140 (140/500)...
[Problem → Reactions] Found 182 reactions, 250 molecules.
      [32m✓ All goal molecules found.[0m
      [32m✓ All goal reactions found.[0m
        [32m✓ Target reaction successfully synthesized in 1.57s![0m
      Evaluating reaction mnc_141 (141/500)...
[Problem → Reactions] Found 212 reactions, 250 molecules.
      [32m✓ All goal molecules found.[0m
      [32m✓ All goal reactions found.[0m
        [32m✓ Target reaction successfully synthesized in 1.42s![0m
      Evaluating reaction mnc_142 (142/500)...
[Problem → Reactions] Found 344 reactions, 250 molecules.
      [32m✓ All goal molecules found.[0m
      [32m✓ All goal reactions found.[0m
        [32m✓ Target reaction successfully synthesized in 2.59s![0m
      Evaluating reaction mnc_143 (143/500)...
        [31m✗ Skipped reaction synthesis (missing molecule synthesis subproblem failed).[0m
      Evaluating reaction mnc_144 (144/500)...
[Problem → Reactions] Found 101 reactions, 250 molecules.
      [32m✓ All goal molecules found.[0m
      [32m✓ All goal reactions found.[0m
        [32m✓ Target reaction successfully synthesized in 2.48s![0m
      Evaluating reaction mnc_145 (145/500)...
[Problem → Reactions] Found 432 reactions, 250 molecules.
      [32m✓ All goal molecules found.[0m
      [32m✓ All goal reactions found.[0m
        [32m✓ Target reaction successfully synthesized in 1.09s![0m
      Evaluating reaction mnc_146 (146/500)...
[Problem → Reactions] Found 281 reactions, 250 molecules.
      [32m✓ All goal molecules found.[0m
      [32m✓ All goal reactions found.[0m
        [32m✓ Target reaction successfully synthesized in 1.11s![0m
      Evaluating reaction mnc_147 (147/500)...
[Problem → Reactions] Found 183 reactions, 250 molecules.
      [32m✓ All goal molecules found.[0m
      [32m✓ All goal reactions found.[0m
        [32m✓ Target reaction successfully synthesized in 0.85s![0m
      Evaluating reaction mnc_148 (148/500)...
        [31m✗ Skipped reaction synthesis (missing molecule synthesis subproblem failed).[0m
      Evaluating reaction mnc_149 (149/500)...
        [31m✗ Skipped reaction synthesis (missing molecule synthesis subproblem failed).[0m
      Evaluating reaction mnc_150 (150/500)...
[Problem → Reactions] Found 359 reactions, 250 molecules.
      [32m✓ All goal molecules found.[0m
      [32m✓ All goal reactions found.[0m
        [32m✓ Target reaction successfully synthesized in 0.96s![0m
      Evaluating reaction mnc_151 (151/500)...
[Problem → Reactions] Found 356 reactions, 250 molecules.
      [32m✓ All goal molecules found.[0m
      [32m✓ All goal reactions found.[0m
        [32m✓ Target reaction successfully synthesized in 0.53s![0m
      Evaluating reaction mnc_152 (152/500)...
        [31m✗ Skipped reaction synthesis (missing molecule synthesis subproblem failed).[0m
      Evaluating reaction mnc_153 (153/500)...
[Problem → Reactions] Found 2178 reactions, 250 molecules.
      [32m✓ All goal molecules found.[0m
      [32m✓ All goal reactions found.[0m
        [32m✓ Target reaction successfully synthesized in 4.06s![0m
      Evaluating reaction mnc_154 (154/500)...
[Problem → Reactions] Found 77 reactions, 250 molecules.
      [32m✓ All goal molecules found.[0m
      [32m✓ All goal reactions found.[0m
        [32m✓ Target reaction successfully synthesized in 1.01s![0m
      Evaluating reaction mnc_155 (155/500)...
[Problem → Reactions] Found 320 reactions, 250 molecules.
      [32m✓ All goal molecules found.[0m
      [32m✓ All goal reactions found.[0m
        [32m✓ Target reaction successfully synthesized in 0.75s![0m
      Evaluating reaction mnc_156 (156/500)...
[Problem → Reactions] Found 224 reactions, 250 molecules.
      [32m✓ All goal molecules found.[0m
      [32m✓ All goal reactions found.[0m
        [32m✓ Target reaction successfully synthesized in 3.07s![0m
      Evaluating reaction mnc_157 (157/500)...
[Problem → Reactions] Found 65 reactions, 250 molecules.
      [32m✓ All goal molecules found.[0m
      [32m✓ All goal reactions found.[0m
        [32m✓ Target reaction successfully synthesized in 1.51s![0m
      Evaluating reaction mnc_158 (158/500)...
        [31m✗ Skipped reaction synthesis (missing molecule synthesis subproblem failed).[0m
      Evaluating reaction mnc_159 (159/500)...
        [31m✗ Skipped reaction synthesis (missing molecule synthesis subproblem failed).[0m
      Evaluating reaction mnc_160 (160/500)...
[Problem → Reactions] Found 56 reactions, 250 molecules.
      [32m✓ All goal molecules found.[0m
      [32m✓ All goal reactions found.[0m
        [32m✓ Target reaction successfully synthesized in 0.97s![0m
      Evaluating reaction mnc_161 (161/500)...
        [31m✗ Skipped reaction synthesis (missing molecule synthesis subproblem failed).[0m
      Evaluating reaction mnc_162 (162/500)...
[Problem → Reactions] Found 578 reactions, 250 molecules.
      [32m✓ All goal molecules found.[0m
      [32m✓ All goal reactions found.[0m
        [32m✓ Target reaction successfully synthesized in 1.27s![0m
      Evaluating reaction mnc_163 (163/500)...
        [31m✗ Skipped reaction synthesis (missing molecule synthesis subproblem failed).[0m
      Evaluating reaction mnc_164 (164/500)...
        [31m✗ Skipped reaction synthesis (missing molecule synthesis subproblem failed).[0m
      Evaluating reaction mnc_165 (165/500)...
[Problem → Reactions] Found 69 reactions, 250 molecules.
      [32m✓ All goal molecules found.[0m
      [32m✓ All goal reactions found.[0m
        [32m✓ Target reaction successfully synthesized in 0.63s![0m
      Evaluating reaction mnc_166 (166/500)...
        [31m✗ Skipped reaction synthesis (missing molecule synthesis subproblem failed).[0m
      Evaluating reaction mnc_167 (167/500)...
        [31m✗ Skipped reaction synthesis (missing molecule synthesis subproblem failed).[0m
      Evaluating reaction mnc_168 (168/500)...
[Problem → Reactions] Found 231 reactions, 250 molecules.
      [32m✓ All goal molecules found.[0m
      [32m✓ All goal reactions found.[0m
        [32m✓ Target reaction successfully synthesized in 1.31s![0m
      Evaluating reaction mnc_169 (169/500)...
[Problem → Reactions] Found 95 reactions, 250 molecules.
      [32m✓ All goal molecules found.[0m
      [32m✓ All goal reactions found.[0m
        [32m✓ Target reaction successfully synthesized in 1.34s![0m
      Evaluating reaction mnc_170 (170/500)...
[Problem → Reactions] Found 92 reactions, 250 molecules.
      [32m✓ All goal molecules found.[0m
      [32m✓ All goal reactions found.[0m
        [32m✓ Target reaction successfully synthesized in 1.17s![0m
      Evaluating reaction mnc_171 (171/500)...
        [31m✗ Skipped reaction synthesis (missing molecule synthesis subproblem failed).[0m
      Evaluating reaction mnc_172 (172/500)...
        [31m✗ Skipped reaction synthesis (missing molecule synthesis subproblem failed).[0m
      Evaluating reaction mnc_173 (173/500)...
[Problem → Reactions] Found 4451 reactions, 250 molecules.
      [32m✓ All goal molecules found.[0m
      [32m✓ All goal reactions found.[0m
        [32m✓ Target reaction successfully synthesized in 2.85s![0m
      Evaluating reaction mnc_174 (174/500)...
[Problem → Reactions] Found 266 reactions, 250 molecules.
      [32m✓ All goal molecules found.[0m
      [32m✓ All goal reactions found.[0m
        [32m✓ Target reaction successfully synthesized in 1.06s![0m
      Evaluating reaction mnc_175 (175/500)...
[Problem → Reactions] Found 303 reactions, 250 molecules.
      [32m✓ All goal molecules found.[0m
      [32m✓ All goal reactions found.[0m
        [32m✓ Target reaction successfully synthesized in 0.86s![0m
      Evaluating reaction mnc_176 (176/500)...
        [31m✗ Skipped reaction synthesis (missing molecule synthesis subproblem failed).[0m
      Evaluating reaction mnc_177 (177/500)...
[Problem → Reactions] Found 59 reactions, 250 molecules.
      [32m✓ All goal molecules found.[0m
      [32m✓ All goal reactions found.[0m
        [32m✓ Target reaction successfully synthesized in 0.76s![0m
      Evaluating reaction mnc_178 (178/500)...
[Problem → Reactions] Found 338 reactions, 250 molecules.
      [32m✓ All goal molecules found.[0m
      [32m✓ All goal reactions found.[0m
        [32m✓ Target reaction successfully synthesized in 0.75s![0m
      Evaluating reaction mnc_179 (179/500)...
        [31m✗ Skipped reaction synthesis (missing molecule synthesis subproblem failed).[0m
      Evaluating reaction mnc_180 (180/500)...
        [31m✗ Skipped reaction synthesis (missing molecule synthesis subproblem failed).[0m
      Evaluating reaction mnc_181 (181/500)...
[Problem → Reactions] Found 350 reactions, 250 molecules.
      [32m✓ All goal molecules found.[0m
      [32m✓ All goal reactions found.[0m
        [32m✓ Target reaction successfully synthesized in 0.95s![0m
      Evaluating reaction mnc_182 (182/500)...
        [31m✗ Skipped reaction synthesis (missing molecule synthesis subproblem failed).[0m
      Evaluating reaction mnc_183 (183/500)...
        [31m✗ Skipped reaction synthesis (missing molecule synthesis subproblem failed).[0m
      Evaluating reaction mnc_184 (184/500)...
        [31m✗ Skipped reaction synthesis (missing molecule synthesis subproblem failed).[0m
      Evaluating reaction mnc_185 (185/500)...
[Problem → Reactions] Found 8134 reactions, 250 molecules.
      [32m✓ All goal molecules found.[0m
      [32m✓ All goal reactions found.[0m
        [32m✓ Target reaction successfully synthesized in 21.95s![0m
      Evaluating reaction mnc_186 (186/500)...
[Problem → Reactions] Found 254 reactions, 250 molecules.
      [32m✓ All goal molecules found.[0m
      [32m✓ All goal reactions found.[0m
        [32m✓ Target reaction successfully synthesized in 1.93s![0m
      Evaluating reaction mnc_187 (187/500)...
        [31m✗ Skipped reaction synthesis (missing molecule synthesis subproblem failed).[0m
      Evaluating reaction mnc_188 (188/500)...
        [31m✗ Skipped reaction synthesis (missing molecule synthesis subproblem failed).[0m
      Evaluating reaction mnc_189 (189/500)...
[Problem → Reactions] Found 188 reactions, 250 molecules.
      [32m✓ All goal molecules found.[0m
      [32m✓ All goal reactions found.[0m
        [32m✓ Target reaction successfully synthesized in 0.96s![0m
      Evaluating reaction mnc_190 (190/500)...
[Problem → Reactions] Found 344 reactions, 250 molecules.
      [32m✓ All goal molecules found.[0m
      [32m✓ All goal reactions found.[0m
        [32m✓ Target reaction successfully synthesized in 2.14s![0m
      Evaluating reaction mnc_191 (191/500)...
[Problem → Reactions] Found 122 reactions, 250 molecules.
      [32m✓ All goal molecules found.[0m
      [32m✓ All goal reactions found.[0m
        [32m✓ Target reaction successfully synthesized in 1.18s![0m
      Evaluating reaction mnc_192 (192/500)...
[Problem → Reactions] Found 351 reactions, 250 molecules.
      [32m✓ All goal molecules found.[0m
      [32m✓ All goal reactions found.[0m
        [32m✓ Target reaction successfully synthesized in 1.2s![0m
      Evaluating reaction mnc_193 (193/500)...
[Problem → Reactions] Found 84 reactions, 250 molecules.
      [32m✓ All goal molecules found.[0m
      [32m✓ All goal reactions found.[0m
        [32m✓ Target reaction successfully synthesized in 1.12s![0m
      Evaluating reaction mnc_194 (194/500)...
        [31m✗ Skipped reaction synthesis (missing molecule synthesis subproblem failed).[0m
      Evaluating reaction mnc_195 (195/500)...
[Problem → Reactions] Found 119 reactions, 250 molecules.
      [32m✓ All goal molecules found.[0m
      [32m✓ All goal reactions found.[0m
        [32m✓ Target reaction successfully synthesized in 1.24s![0m
      Evaluating reaction mnc_196 (196/500)...
        [31m✗ Skipped reaction synthesis (missing molecule synthesis subproblem failed).[0m
      Evaluating reaction mnc_197 (197/500)...
[Problem → Reactions] Found 6850 reactions, 250 molecules.
      [32m✓ All goal molecules found.[0m
      [32m✓ All goal reactions found.[0m
        [32m✓ Target reaction successfully synthesized in 11.9s![0m
      Evaluating reaction mnc_198 (198/500)...
[Problem → Reactions] Found 362 reactions, 250 molecules.
      [32m✓ All goal molecules found.[0m
      [32m✓ All goal reactions found.[0m
        [32m✓ Target reaction successfully synthesized in 0.99s![0m
      Evaluating reaction mnc_199 (199/500)...
[Problem → Reactions] Found 30000 reactions, 250 molecules.
      [31m✗ Missing goal molecules.[0m
        [31m✗ Synthesis failed or timed out in 61.88s.[0m
      Evaluating reaction mnc_200 (200/500)...
        [31m✗ Skipped reaction synthesis (missing molecule synthesis subproblem failed).[0m
      Evaluating reaction mnc_201 (201/500)...
[Problem → Reactions] Found 209 reactions, 250 molecules.
      [32m✓ All goal molecules found.[0m
      [32m✓ All goal reactions found.[0m
        [32m✓ Target reaction successfully synthesized in 0.81s![0m
      Evaluating reaction mnc_202 (202/500)...
[Problem → Reactions] Found 341 reactions, 250 molecules.
      [32m✓ All goal molecules found.[0m
      [32m✓ All goal reactions found.[0m
        [32m✓ Target reaction successfully synthesized in 1.87s![0m
      Evaluating reaction mnc_203 (203/500)...
[Problem → Reactions] Found 69 reactions, 250 molecules.
      [32m✓ All goal molecules found.[0m
      [32m✓ All goal reactions found.[0m
        [32m✓ Target reaction successfully synthesized in 0.91s![0m
      Evaluating reaction mnc_204 (204/500)...
[Problem → Reactions] Found 177 reactions, 250 molecules.
      [32m✓ All goal molecules found.[0m
      [32m✓ All goal reactions found.[0m
        [32m✓ Target reaction successfully synthesized in 0.97s![0m
      Evaluating reaction mnc_205 (205/500)...
        [31m✗ Skipped reaction synthesis (missing molecule synthesis subproblem failed).[0m
      Evaluating reaction mnc_206 (206/500)...
[Problem → Reactions] Found 171 reactions, 250 molecules.
      [32m✓ All goal molecules found.[0m
      [32m✓ All goal reactions found.[0m
        [32m✓ Target reaction successfully synthesized in 1.37s![0m
      Evaluating reaction mnc_207 (207/500)...
[Problem → Reactions] Found 155 reactions, 250 molecules.
      [32m✓ All goal molecules found.[0m
      [32m✓ All goal reactions found.[0m
        [32m✓ Target reaction successfully synthesized in 0.61s![0m
      Evaluating reaction mnc_208 (208/500)...
[Problem → Reactions] Found 59 reactions, 250 molecules.
      [32m✓ All goal molecules found.[0m
      [32m✓ All goal reactions found.[0m
        [32m✓ Target reaction successfully synthesized in 1.14s![0m
      Evaluating reaction mnc_209 (209/500)...
[Problem → Reactions] Found 554 reactions, 250 molecules.
      [32m✓ All goal molecules found.[0m
      [32m✓ All goal reactions found.[0m
        [32m✓ Target reaction successfully synthesized in 0.98s![0m
      Evaluating reaction mnc_210 (210/500)...
[Problem → Reactions] Found 111 reactions, 250 molecules.
      [32m✓ All goal molecules found.[0m
      [32m✓ All goal reactions found.[0m
        [32m✓ Target reaction successfully synthesized in 0.84s![0m
      Evaluating reaction mnc_211 (211/500)...
[Problem → Reactions] Found 546 reactions, 250 molecules.
      [32m✓ All goal molecules found.[0m
      [32m✓ All goal reactions found.[0m
        [32m✓ Target reaction successfully synthesized in 3.27s![0m
      Evaluating reaction mnc_212 (212/500)...
[Problem → Reactions] Found 551 reactions, 250 molecules.
      [32m✓ All goal molecules found.[0m
      [32m✓ All goal reactions found.[0m
        [32m✓ Target reaction successfully synthesized in 1.7s![0m
      Evaluating reaction mnc_213 (213/500)...
        [31m✗ Skipped reaction synthesis (missing molecule synthesis subproblem failed).[0m
      Evaluating reaction mnc_214 (214/500)...
        [31m✗ Skipped reaction synthesis (missing molecule synthesis subproblem failed).[0m
      Evaluating reaction mnc_215 (215/500)...
[Problem → Reactions] Found 62 reactions, 250 molecules.
      [32m✓ All goal molecules found.[0m
      [32m✓ All goal reactions found.[0m
        [32m✓ Target reaction successfully synthesized in 1.18s![0m
      Evaluating reaction mnc_216 (216/500)...
[Problem → Reactions] Found 137 reactions, 250 molecules.
      [32m✓ All goal molecules found.[0m
      [32m✓ All goal reactions found.[0m
        [32m✓ Target reaction successfully synthesized in 0.95s![0m
      Evaluating reaction mnc_217 (217/500)...
[Problem → Reactions] Found 189 reactions, 250 molecules.
      [32m✓ All goal molecules found.[0m
      [32m✓ All goal reactions found.[0m
        [32m✓ Target reaction successfully synthesized in 1.93s![0m
      Evaluating reaction mnc_218 (218/500)...
[Problem → Reactions] Found 12024 reactions, 250 molecules.
      [32m✓ All goal molecules found.[0m
      [32m✓ All goal reactions found.[0m
        [32m✓ Target reaction successfully synthesized in 23.43s![0m
      Evaluating reaction mnc_219 (219/500)...
[Problem → Reactions] Found 74 reactions, 250 molecules.
      [32m✓ All goal molecules found.[0m
      [32m✓ All goal reactions found.[0m
        [32m✓ Target reaction successfully synthesized in 1.31s![0m
      Evaluating reaction mnc_220 (220/500)...
[Problem → Reactions] Found 18406 reactions, 250 molecules.
      [32m✓ All goal molecules found.[0m
      [32m✓ All goal reactions found.[0m
        [32m✓ Target reaction successfully synthesized in 34.76s![0m
      Evaluating reaction mnc_221 (221/500)...
        [31m✗ Skipped reaction synthesis (missing molecule synthesis subproblem failed).[0m
      Evaluating reaction mnc_222 (222/500)...
[Problem → Reactions] Found 134 reactions, 250 molecules.
      [32m✓ All goal molecules found.[0m
      [32m✓ All goal reactions found.[0m
        [32m✓ Target reaction successfully synthesized in 0.67s![0m
      Evaluating reaction mnc_223 (223/500)...
        [31m✗ Skipped reaction synthesis (missing molecule synthesis subproblem failed).[0m
      Evaluating reaction mnc_224 (224/500)...
[Problem → Reactions] Found 614 reactions, 250 molecules.
      [32m✓ All goal molecules found.[0m
      [32m✓ All goal reactions found.[0m
        [32m✓ Target reaction successfully synthesized in 1.49s![0m
      Evaluating reaction mnc_225 (225/500)...
        [31m✗ Skipped reaction synthesis (missing molecule synthesis subproblem failed).[0m
      Evaluating reaction mnc_226 (226/500)...
[Problem → Reactions] Found 171 reactions, 250 molecules.
      [32m✓ All goal molecules found.[0m
      [32m✓ All goal reactions found.[0m
        [32m✓ Target reaction successfully synthesized in 0.69s![0m
      Evaluating reaction mnc_227 (227/500)...
[Problem → Reactions] Found 206 reactions, 250 molecules.
      [32m✓ All goal molecules found.[0m
      [32m✓ All goal reactions found.[0m
        [32m✓ Target reaction successfully synthesized in 2.5s![0m
      Evaluating reaction mnc_228 (228/500)...
[Problem → Reactions] Found 225 reactions, 250 molecules.
      [32m✓ All goal molecules found.[0m
      [32m✓ All goal reactions found.[0m
        [32m✓ Target reaction successfully synthesized in 1.0s![0m
      Evaluating reaction mnc_229 (229/500)...
        [31m✗ Skipped reaction synthesis (missing molecule synthesis subproblem failed).[0m
      Evaluating reaction mnc_230 (230/500)...
[Problem → Reactions] Found 104 reactions, 250 molecules.
      [32m✓ All goal molecules found.[0m
      [32m✓ All goal reactions found.[0m
        [32m✓ Target reaction successfully synthesized in 1.22s![0m
      Evaluating reaction mnc_231 (231/500)...
        [31m✗ Skipped reaction synthesis (missing molecule synthesis subproblem failed).[0m
      Evaluating reaction mnc_232 (232/500)...
        [31m✗ Skipped reaction synthesis (missing molecule synthesis subproblem failed).[0m
      Evaluating reaction mnc_233 (233/500)...
[Problem → Reactions] Found 197 reactions, 250 molecules.
      [32m✓ All goal molecules found.[0m
      [32m✓ All goal reactions found.[0m
        [32m✓ Target reaction successfully synthesized in 0.77s![0m
      Evaluating reaction mnc_234 (234/500)...
[Problem → Reactions] Found 251 reactions, 250 molecules.
      [32m✓ All goal molecules found.[0m
      [32m✓ All goal reactions found.[0m
        [32m✓ Target reaction successfully synthesized in 1.04s![0m
      Evaluating reaction mnc_235 (235/500)...
        [31m✗ Skipped reaction synthesis (missing molecule synthesis subproblem failed).[0m
      Evaluating reaction mnc_236 (236/500)...
[Problem → Reactions] Found 143 reactions, 250 molecules.
      [32m✓ All goal molecules found.[0m
      [32m✓ All goal reactions found.[0m
        [32m✓ Target reaction successfully synthesized in 0.98s![0m
      Evaluating reaction mnc_237 (237/500)...
[Problem → Reactions] Found 194 reactions, 250 molecules.
      [32m✓ All goal molecules found.[0m
      [32m✓ All goal reactions found.[0m
        [32m✓ Target reaction successfully synthesized in 0.86s![0m
      Evaluating reaction mnc_238 (238/500)...
        [31m✗ Skipped reaction synthesis (missing molecule synthesis subproblem failed).[0m
      Evaluating reaction mnc_239 (239/500)...
[Problem → Reactions] Found 470 reactions, 250 molecules.
      [32m✓ All goal molecules found.[0m
      [32m✓ All goal reactions found.[0m
        [32m✓ Target reaction successfully synthesized in 1.03s![0m
      Evaluating reaction mnc_240 (240/500)...
[Problem → Reactions] Found 297 reactions, 250 molecules.
      [32m✓ All goal molecules found.[0m
      [32m✓ All goal reactions found.[0m
        [32m✓ Target reaction successfully synthesized in 0.71s![0m
      Evaluating reaction mnc_241 (241/500)...
[Problem → Reactions] Found 122 reactions, 250 molecules.
      [32m✓ All goal molecules found.[0m
      [32m✓ All goal reactions found.[0m
        [32m✓ Target reaction successfully synthesized in 0.89s![0m
      Evaluating reaction mnc_242 (242/500)...
[Problem → Reactions] Found 10613 reactions, 250 molecules.
      [32m✓ All goal molecules found.[0m
      [32m✓ All goal reactions found.[0m
        [32m✓ Target reaction successfully synthesized in 3.92s![0m
      Evaluating reaction mnc_243 (243/500)...
[Problem → Reactions] Found 30000 reactions, 250 molecules.
      [32m✓ All goal molecules found.[0m
      [31m✗ Missing goal reactions.[0m
        [31m✗ Synthesis failed or timed out in 67.18s.[0m
      Evaluating reaction mnc_244 (244/500)...
[Problem → Reactions] Found 119 reactions, 250 molecules.
      [32m✓ All goal molecules found.[0m
      [32m✓ All goal reactions found.[0m
        [32m✓ Target reaction successfully synthesized in 0.7s![0m
      Evaluating reaction mnc_245 (245/500)...
[Problem → Reactions] Found 272 reactions, 250 molecules.
      [32m✓ All goal molecules found.[0m
      [32m✓ All goal reactions found.[0m
        [32m✓ Target reaction successfully synthesized in 0.77s![0m
      Evaluating reaction mnc_246 (246/500)...
[Problem → Reactions] Found 4666 reactions, 250 molecules.
      [32m✓ All goal molecules found.[0m
      [32m✓ All goal reactions found.[0m
        [32m✓ Target reaction successfully synthesized in 10.43s![0m
      Evaluating reaction mnc_247 (247/500)...
[Problem → Reactions] Found 224 reactions, 250 molecules.
      [32m✓ All goal molecules found.[0m
      [32m✓ All goal reactions found.[0m
        [32m✓ Target reaction successfully synthesized in 1.28s![0m
      Evaluating reaction mnc_248 (248/500)...
        [31m✗ Skipped reaction synthesis (missing molecule synthesis subproblem failed).[0m
      Evaluating reaction mnc_249 (249/500)...
        [31m✗ Skipped reaction synthesis (missing molecule synthesis subproblem failed).[0m
      Evaluating reaction mnc_250 (250/500)...
[Problem → Reactions] Found 224 reactions, 250 molecules.
      [32m✓ All goal molecules found.[0m
      [32m✓ All goal reactions found.[0m
        [32m✓ Target reaction successfully synthesized in 0.59s![0m
      Evaluating reaction mnc_251 (251/500)...
        [31m✗ Skipped reaction synthesis (missing molecule synthesis subproblem failed).[0m
      Evaluating reaction mnc_252 (252/500)...
[Problem → Reactions] Found 191 reactions, 250 molecules.
      [32m✓ All goal molecules found.[0m
      [32m✓ All goal reactions found.[0m
        [32m✓ Target reaction successfully synthesized in 1.27s![0m
      Evaluating reaction mnc_253 (253/500)...
[Problem → Reactions] Found 617 reactions, 250 molecules.
      [32m✓ All goal molecules found.[0m
      [32m✓ All goal reactions found.[0m
        [32m✓ Target reaction successfully synthesized in 1.42s![0m
      Evaluating reaction mnc_254 (254/500)...
[Problem → Reactions] Found 440 reactions, 250 molecules.
      [32m✓ All goal molecules found.[0m
      [32m✓ All goal reactions found.[0m
        [32m✓ Target reaction successfully synthesized in 0.96s![0m
      Evaluating reaction mnc_255 (255/500)...
[Problem → Reactions] Found 158 reactions, 250 molecules.
      [32m✓ All goal molecules found.[0m
      [32m✓ All goal reactions found.[0m
        [32m✓ Target reaction successfully synthesized in 1.0s![0m
      Evaluating reaction mnc_256 (256/500)...
[Problem → Reactions] Found 147 reactions, 250 molecules.
      [32m✓ All goal molecules found.[0m
      [32m✓ All goal reactions found.[0m
        [32m✓ Target reaction successfully synthesized in 1.04s![0m
      Evaluating reaction mnc_257 (257/500)...
[Problem → Reactions] Found 251 reactions, 250 molecules.
      [32m✓ All goal molecules found.[0m
      [32m✓ All goal reactions found.[0m
        [32m✓ Target reaction successfully synthesized in 0.98s![0m
      Evaluating reaction mnc_258 (258/500)...
        [31m✗ Skipped reaction synthesis (missing molecule synthesis subproblem failed).[0m
      Evaluating reaction mnc_259 (259/500)...
[Problem → Reactions] Found 183 reactions, 250 molecules.
      [32m✓ All goal molecules found.[0m
      [32m✓ All goal reactions found.[0m
        [32m✓ Target reaction successfully synthesized in 1.3s![0m
      Evaluating reaction mnc_260 (260/500)...
        [31m✗ Skipped reaction synthesis (missing molecule synthesis subproblem failed).[0m
      Evaluating reaction mnc_261 (261/500)...
[Problem → Reactions] Found 104 reactions, 250 molecules.
      [32m✓ All goal molecules found.[0m
      [32m✓ All goal reactions found.[0m
        [32m✓ Target reaction successfully synthesized in 0.62s![0m
      Evaluating reaction mnc_262 (262/500)...
[Problem → Reactions] Found 117 reactions, 250 molecules.
      [32m✓ All goal molecules found.[0m
      [32m✓ All goal reactions found.[0m
        [32m✓ Target reaction successfully synthesized in 0.58s![0m
      Evaluating reaction mnc_263 (263/500)...
[Problem → Reactions] Found 50 reactions, 250 molecules.
      [32m✓ All goal molecules found.[0m
      [32m✓ All goal reactions found.[0m
        [32m✓ Target reaction successfully synthesized in 0.82s![0m
      Evaluating reaction mnc_264 (264/500)...
[Problem → Reactions] Found 362 reactions, 250 molecules.
      [32m✓ All goal molecules found.[0m
      [32m✓ All goal reactions found.[0m
        [32m✓ Target reaction successfully synthesized in 1.11s![0m
      Evaluating reaction mnc_265 (265/500)...
[Problem → Reactions] Found 149 reactions, 250 molecules.
      [32m✓ All goal molecules found.[0m
      [32m✓ All goal reactions found.[0m
        [32m✓ Target reaction successfully synthesized in 1.66s![0m
      Evaluating reaction mnc_266 (266/500)...
[Problem → Reactions] Found 62 reactions, 250 molecules.
      [32m✓ All goal molecules found.[0m
      [32m✓ All goal reactions found.[0m
        [32m✓ Target reaction successfully synthesized in 1.29s![0m
      Evaluating reaction mnc_267 (267/500)...
[Problem → Reactions] Found 2845 reactions, 250 molecules.
      [32m✓ All goal molecules found.[0m
      [32m✓ All goal reactions found.[0m
        [32m✓ Target reaction successfully synthesized in 4.27s![0m
      Evaluating reaction mnc_268 (268/500)...
[Problem → Reactions] Found 548 reactions, 250 molecules.
      [32m✓ All goal molecules found.[0m
      [32m✓ All goal reactions found.[0m
        [32m✓ Target reaction successfully synthesized in 2.12s![0m
      Evaluating reaction mnc_269 (269/500)...
[Problem → Reactions] Found 30000 reactions, 250 molecules.
      [32m✓ All goal molecules found.[0m
      [31m✗ Missing goal reactions.[0m
        [31m✗ Synthesis failed or timed out in 80.74s.[0m
      Evaluating reaction mnc_270 (270/500)...
[Problem → Reactions] Found 30000 reactions, 250 molecules.
      [32m✓ All goal molecules found.[0m
      [31m✗ Missing goal reactions.[0m
        [31m✗ Synthesis failed or timed out in 86.06s.[0m
      Evaluating reaction mnc_271 (271/500)...
[Problem → Reactions] Found 383 reactions, 250 molecules.
      [32m✓ All goal molecules found.[0m
      [32m✓ All goal reactions found.[0m
        [32m✓ Target reaction successfully synthesized in 0.74s![0m
      Evaluating reaction mnc_272 (272/500)...
[Problem → Reactions] Found 200 reactions, 250 molecules.
      [32m✓ All goal molecules found.[0m
      [32m✓ All goal reactions found.[0m
        [32m✓ Target reaction successfully synthesized in 1.87s![0m
      Evaluating reaction mnc_273 (273/500)...
        [31m✗ Skipped reaction synthesis (missing molecule synthesis subproblem failed).[0m
      Evaluating reaction mnc_274 (274/500)...
[Problem → Reactions] Found 131 reactions, 250 molecules.
      [32m✓ All goal molecules found.[0m
      [32m✓ All goal reactions found.[0m
        [32m✓ Target reaction successfully synthesized in 0.84s![0m
      Evaluating reaction mnc_275 (275/500)...
[Problem → Reactions] Found 179 reactions, 250 molecules.
      [32m✓ All goal molecules found.[0m
      [32m✓ All goal reactions found.[0m
        [32m✓ Target reaction successfully synthesized in 0.95s![0m
      Evaluating reaction mnc_276 (276/500)...
[Problem → Reactions] Found 141 reactions, 250 molecules.
      [32m✓ All goal molecules found.[0m
      [32m✓ All goal reactions found.[0m
        [32m✓ Target reaction successfully synthesized in 0.94s![0m
      Evaluating reaction mnc_277 (277/500)...
[Problem → Reactions] Found 135 reactions, 250 molecules.
      [32m✓ All goal molecules found.[0m
      [32m✓ All goal reactions found.[0m
        [32m✓ Target reaction successfully synthesized in 1.72s![0m
      Evaluating reaction mnc_278 (278/500)...
[Problem → Reactions] Found 239 reactions, 250 molecules.
      [32m✓ All goal molecules found.[0m
      [32m✓ All goal reactions found.[0m
        [32m✓ Target reaction successfully synthesized in 1.59s![0m
      Evaluating reaction mnc_279 (279/500)...
[Problem → Reactions] Found 81 reactions, 250 molecules.
      [32m✓ All goal molecules found.[0m
      [32m✓ All goal reactions found.[0m
        [32m✓ Target reaction successfully synthesized in 0.81s![0m
      Evaluating reaction mnc_280 (280/500)...
        [31m✗ Skipped reaction synthesis (missing molecule synthesis subproblem failed).[0m
      Evaluating reaction mnc_281 (281/500)...
[Problem → Reactions] Found 209 reactions, 250 molecules.
      [32m✓ All goal molecules found.[0m
      [32m✓ All goal reactions found.[0m
        [32m✓ Target reaction successfully synthesized in 0.71s![0m
      Evaluating reaction mnc_282 (282/500)...
[Problem → Reactions] Found 86 reactions, 250 molecules.
      [32m✓ All goal molecules found.[0m
      [32m✓ All goal reactions found.[0m
        [32m✓ Target reaction successfully synthesized in 1.14s![0m
      Evaluating reaction mnc_283 (283/500)...
        [31m✗ Skipped reaction synthesis (missing molecule synthesis subproblem failed).[0m
      Evaluating reaction mnc_284 (284/500)...
[Problem → Reactions] Found 297 reactions, 250 molecules.
      [32m✓ All goal molecules found.[0m
      [32m✓ All goal reactions found.[0m
        [32m✓ Target reaction successfully synthesized in 0.96s![0m
      Evaluating reaction mnc_285 (285/500)...
[Problem → Reactions] Found 939 reactions, 250 molecules.
      [32m✓ All goal molecules found.[0m
      [32m✓ All goal reactions found.[0m
        [32m✓ Target reaction successfully synthesized in 2.53s![0m
      Evaluating reaction mnc_286 (286/500)...
        [31m✗ Skipped reaction synthesis (missing molecule synthesis subproblem failed).[0m
      Evaluating reaction mnc_287 (287/500)...
        [31m✗ Skipped reaction synthesis (missing molecule synthesis subproblem failed).[0m
      Evaluating reaction mnc_288 (288/500)...
        [31m✗ Skipped reaction synthesis (missing molecule synthesis subproblem failed).[0m
      Evaluating reaction mnc_289 (289/500)...
        [31m✗ Skipped reaction synthesis (missing molecule synthesis subproblem failed).[0m
      Evaluating reaction mnc_290 (290/500)...
        [31m✗ Skipped reaction synthesis (missing molecule synthesis subproblem failed).[0m
      Evaluating reaction mnc_291 (291/500)...
[Problem → Reactions] Found 249 reactions, 250 molecules.
      [32m✓ All goal molecules found.[0m
      [32m✓ All goal reactions found.[0m
        [32m✓ Target reaction successfully synthesized in 0.79s![0m
      Evaluating reaction mnc_292 (292/500)...
        [31m✗ Skipped reaction synthesis (missing molecule synthesis subproblem failed).[0m
      Evaluating reaction mnc_293 (293/500)...
[Problem → Reactions] Found 543 reactions, 250 molecules.
      [32m✓ All goal molecules found.[0m
      [32m✓ All goal reactions found.[0m
        [32m✓ Target reaction successfully synthesized in 0.85s![0m
      Evaluating reaction mnc_294 (294/500)...
        [31m✗ Skipped reaction synthesis (missing molecule synthesis subproblem failed).[0m
      Evaluating reaction mnc_295 (295/500)...
[Problem → Reactions] Found 159 reactions, 250 molecules.
      [32m✓ All goal molecules found.[0m
      [32m✓ All goal reactions found.[0m
        [32m✓ Target reaction successfully synthesized in 1.09s![0m
      Evaluating reaction mnc_296 (296/500)...
[Problem → Reactions] Found 200 reactions, 250 molecules.
      [32m✓ All goal molecules found.[0m
      [32m✓ All goal reactions found.[0m
        [32m✓ Target reaction successfully synthesized in 1.07s![0m
      Evaluating reaction mnc_297 (297/500)...
        [31m✗ Skipped reaction synthesis (missing molecule synthesis subproblem failed).[0m
      Evaluating reaction mnc_298 (298/500)...
[Problem → Reactions] Found 221 reactions, 250 molecules.
      [32m✓ All goal molecules found.[0m
      [32m✓ All goal reactions found.[0m
        [32m✓ Target reaction successfully synthesized in 0.63s![0m
      Evaluating reaction mnc_299 (299/500)...
[Problem → Reactions] Found 189 reactions, 250 molecules.
      [32m✓ All goal molecules found.[0m
      [32m✓ All goal reactions found.[0m
        [32m✓ Target reaction successfully synthesized in 1.09s![0m
      Evaluating reaction mnc_300 (300/500)...
[Problem → Reactions] Found 30000 reactions, 250 molecules.
      [32m✓ All goal molecules found.[0m
      [31m✗ Missing goal reactions.[0m
        [31m✗ Synthesis failed or timed out in 59.97s.[0m
      Evaluating reaction mnc_301 (301/500)...
[Problem → Reactions] Found 53 reactions, 250 molecules.
      [32m✓ All goal molecules found.[0m
      [32m✓ All goal reactions found.[0m
        [32m✓ Target reaction successfully synthesized in 0.8s![0m
      Evaluating reaction mnc_302 (302/500)...
[Problem → Reactions] Found 140 reactions, 250 molecules.
      [32m✓ All goal molecules found.[0m
      [32m✓ All goal reactions found.[0m
        [32m✓ Target reaction successfully synthesized in 0.97s![0m
      Evaluating reaction mnc_303 (303/500)...
        [31m✗ Skipped reaction synthesis (missing molecule synthesis subproblem failed).[0m
      Evaluating reaction mnc_304 (304/500)...
[Problem → Reactions] Found 164 reactions, 250 molecules.
      [32m✓ All goal molecules found.[0m
      [32m✓ All goal reactions found.[0m
        [32m✓ Target reaction successfully synthesized in 0.65s![0m
      Evaluating reaction mnc_305 (305/500)...
[Problem → Reactions] Found 213 reactions, 250 molecules.
      [32m✓ All goal molecules found.[0m
      [32m✓ All goal reactions found.[0m
        [32m✓ Target reaction successfully synthesized in 0.59s![0m
      Evaluating reaction mnc_306 (306/500)...
[Problem → Reactions] Found 30000 reactions, 250 molecules.
      [32m✓ All goal molecules found.[0m
      [31m✗ Missing goal reactions.[0m
        [31m✗ Synthesis failed or timed out in 83.87s.[0m
      Evaluating reaction mnc_307 (307/500)...
        [31m✗ Skipped reaction synthesis (missing molecule synthesis subproblem failed).[0m
      Evaluating reaction mnc_308 (308/500)...
[Problem → Reactions] Found 470 reactions, 250 molecules.
      [32m✓ All goal molecules found.[0m
      [32m✓ All goal reactions found.[0m
        [32m✓ Target reaction successfully synthesized in 1.28s![0m
      Evaluating reaction mnc_309 (309/500)...
[Problem → Reactions] Found 197 reactions, 250 molecules.
      [32m✓ All goal molecules found.[0m
      [32m✓ All goal reactions found.[0m
        [32m✓ Target reaction successfully synthesized in 0.64s![0m
      Evaluating reaction mnc_310 (310/500)...
[Problem → Reactions] Found 105 reactions, 250 molecules.
      [32m✓ All goal molecules found.[0m
      [32m✓ All goal reactions found.[0m
        [32m✓ Target reaction successfully synthesized in 0.61s![0m
      Evaluating reaction mnc_311 (311/500)...
        [31m✗ Skipped reaction synthesis (missing molecule synthesis subproblem failed).[0m
      Evaluating reaction mnc_312 (312/500)...
[Problem → Reactions] Found 8294 reactions, 250 molecules.
      [32m✓ All goal molecules found.[0m
      [32m✓ All goal reactions found.[0m
        [32m✓ Target reaction successfully synthesized in 14.3s![0m
      Evaluating reaction mnc_313 (313/500)...
[Problem → Reactions] Found 173 reactions, 250 molecules.
      [32m✓ All goal molecules found.[0m
      [32m✓ All goal reactions found.[0m
        [32m✓ Target reaction successfully synthesized in 0.84s![0m
      Evaluating reaction mnc_314 (314/500)...
[Problem → Reactions] Found 374 reactions, 250 molecules.
      [32m✓ All goal molecules found.[0m
      [32m✓ All goal reactions found.[0m
        [32m✓ Target reaction successfully synthesized in 0.96s![0m
      Evaluating reaction mnc_315 (315/500)...
        [31m✗ Skipped reaction synthesis (missing molecule synthesis subproblem failed).[0m
      Evaluating reaction mnc_316 (316/500)...
[Problem → Reactions] Found 87 reactions, 250 molecules.
      [32m✓ All goal molecules found.[0m
      [32m✓ All goal reactions found.[0m
        [32m✓ Target reaction successfully synthesized in 0.7s![0m
      Evaluating reaction mnc_317 (317/500)...
[Problem → Reactions] Found 105 reactions, 250 molecules.
      [32m✓ All goal molecules found.[0m
      [32m✓ All goal reactions found.[0m
        [32m✓ Target reaction successfully synthesized in 0.91s![0m
      Evaluating reaction mnc_318 (318/500)...
        [31m✗ Skipped reaction synthesis (missing molecule synthesis subproblem failed).[0m
      Evaluating reaction mnc_319 (319/500)...
        [31m✗ Skipped reaction synthesis (missing molecule synthesis subproblem failed).[0m
      Evaluating reaction mnc_320 (320/500)...
[Problem → Reactions] Found 56 reactions, 250 molecules.
      [32m✓ All goal molecules found.[0m
      [32m✓ All goal reactions found.[0m
        [32m✓ Target reaction successfully synthesized in 0.97s![0m
      Evaluating reaction mnc_321 (321/500)...
        [31m✗ Skipped reaction synthesis (missing molecule synthesis subproblem failed).[0m
      Evaluating reaction mnc_322 (322/500)...
        [31m✗ Skipped reaction synthesis (missing molecule synthesis subproblem failed).[0m
      Evaluating reaction mnc_323 (323/500)...
[Problem → Reactions] Found 98 reactions, 250 molecules.
      [32m✓ All goal molecules found.[0m
      [32m✓ All goal reactions found.[0m
        [32m✓ Target reaction successfully synthesized in 1.02s![0m
      Evaluating reaction mnc_324 (324/500)...
        [31m✗ Skipped reaction synthesis (missing molecule synthesis subproblem failed).[0m
      Evaluating reaction mnc_325 (325/500)...
        [31m✗ Skipped reaction synthesis (missing molecule synthesis subproblem failed).[0m
      Evaluating reaction mnc_326 (326/500)...
[Problem → Reactions] Found 30000 reactions, 250 molecules.
      [32m✓ All goal molecules found.[0m
      [31m✗ Missing goal reactions.[0m
        [31m✗ Synthesis failed or timed out in 56.97s.[0m
      Evaluating reaction mnc_327 (327/500)...
[Problem → Reactions] Found 251 reactions, 250 molecules.
      [32m✓ All goal molecules found.[0m
      [32m✓ All goal reactions found.[0m
        [32m✓ Target reaction successfully synthesized in 1.0s![0m
      Evaluating reaction mnc_328 (328/500)...
[Problem → Reactions] Found 182 reactions, 250 molecules.
      [32m✓ All goal molecules found.[0m
      [32m✓ All goal reactions found.[0m
        [32m✓ Target reaction successfully synthesized in 1.0s![0m
      Evaluating reaction mnc_329 (329/500)...
        [31m✗ Skipped reaction synthesis (missing molecule synthesis subproblem failed).[0m
      Evaluating reaction mnc_330 (330/500)...
[Problem → Reactions] Found 357 reactions, 250 molecules.
      [32m✓ All goal molecules found.[0m
      [32m✓ All goal reactions found.[0m
        [32m✓ Target reaction successfully synthesized in 3.78s![0m
      Evaluating reaction mnc_331 (331/500)...
[Problem → Reactions] Found 561 reactions, 250 molecules.
      [32m✓ All goal molecules found.[0m
      [32m✓ All goal reactions found.[0m
        [32m✓ Target reaction successfully synthesized in 1.01s![0m
      Evaluating reaction mnc_332 (332/500)...
[Problem → Reactions] Found 201 reactions, 250 molecules.
      [32m✓ All goal molecules found.[0m
      [32m✓ All goal reactions found.[0m
        [32m✓ Target reaction successfully synthesized in 1.01s![0m
      Evaluating reaction mnc_333 (333/500)...
        [31m✗ Skipped reaction synthesis (missing molecule synthesis subproblem failed).[0m
      Evaluating reaction mnc_334 (334/500)...
[Problem → Reactions] Found 545 reactions, 250 molecules.
      [32m✓ All goal molecules found.[0m
      [32m✓ All goal reactions found.[0m
        [32m✓ Target reaction successfully synthesized in 0.73s![0m
      Evaluating reaction mnc_335 (335/500)...
        [31m✗ Skipped reaction synthesis (missing molecule synthesis subproblem failed).[0m
      Evaluating reaction mnc_336 (336/500)...
[Problem → Reactions] Found 104 reactions, 250 molecules.
      [32m✓ All goal molecules found.[0m
      [32m✓ All goal reactions found.[0m
        [32m✓ Target reaction successfully synthesized in 0.6s![0m
      Evaluating reaction mnc_337 (337/500)...
[Problem → Reactions] Found 374 reactions, 250 molecules.
      [32m✓ All goal molecules found.[0m
      [32m✓ All goal reactions found.[0m
        [32m✓ Target reaction successfully synthesized in 0.89s![0m
      Evaluating reaction mnc_338 (338/500)...
[Problem → Reactions] Found 416 reactions, 250 molecules.
      [32m✓ All goal molecules found.[0m
      [32m✓ All goal reactions found.[0m
        [32m✓ Target reaction successfully synthesized in 0.92s![0m
      Evaluating reaction mnc_339 (339/500)...
        [31m✗ Skipped reaction synthesis (missing molecule synthesis subproblem failed).[0m
      Evaluating reaction mnc_340 (340/500)...
[Problem → Reactions] Found 687 reactions, 250 molecules.
      [32m✓ All goal molecules found.[0m
      [32m✓ All goal reactions found.[0m
        [32m✓ Target reaction successfully synthesized in 12.77s![0m
      Evaluating reaction mnc_341 (341/500)...
        [31m✗ Skipped reaction synthesis (missing molecule synthesis subproblem failed).[0m
      Evaluating reaction mnc_342 (342/500)...
        [31m✗ Skipped reaction synthesis (missing molecule synthesis subproblem failed).[0m
      Evaluating reaction mnc_343 (343/500)...
        [31m✗ Skipped reaction synthesis (missing molecule synthesis subproblem failed).[0m
      Evaluating reaction mnc_344 (344/500)...
[Problem → Reactions] Found 231 reactions, 250 molecules.
      [32m✓ All goal molecules found.[0m
      [32m✓ All goal reactions found.[0m
        [32m✓ Target reaction successfully synthesized in 0.55s![0m
      Evaluating reaction mnc_345 (345/500)...
        [31m✗ Skipped reaction synthesis (missing molecule synthesis subproblem failed).[0m
      Evaluating reaction mnc_346 (346/500)...
[Problem → Reactions] Found 635 reactions, 250 molecules.
      [32m✓ All goal molecules found.[0m
      [32m✓ All goal reactions found.[0m
        [32m✓ Target reaction successfully synthesized in 1.63s![0m
      Evaluating reaction mnc_347 (347/500)...
[Problem → Reactions] Found 410 reactions, 250 molecules.
      [32m✓ All goal molecules found.[0m
      [32m✓ All goal reactions found.[0m
        [32m✓ Target reaction successfully synthesized in 1.13s![0m
      Evaluating reaction mnc_348 (348/500)...
        [31m✗ Skipped reaction synthesis (missing molecule synthesis subproblem failed).[0m
      Evaluating reaction mnc_349 (349/500)...
[Problem → Reactions] Found 170 reactions, 250 molecules.
      [32m✓ All goal molecules found.[0m
      [32m✓ All goal reactions found.[0m
        [32m✓ Target reaction successfully synthesized in 1.13s![0m
      Evaluating reaction mnc_350 (350/500)...
[Problem → Reactions] Found 53 reactions, 250 molecules.
      [32m✓ All goal molecules found.[0m
      [32m✓ All goal reactions found.[0m
        [32m✓ Target reaction successfully synthesized in 1.43s![0m
      Evaluating reaction mnc_351 (351/500)...
[Problem → Reactions] Found 465 reactions, 250 molecules.
      [32m✓ All goal molecules found.[0m
      [32m✓ All goal reactions found.[0m
        [32m✓ Target reaction successfully synthesized in 0.96s![0m
      Evaluating reaction mnc_352 (352/500)...
        [31m✗ Skipped reaction synthesis (missing molecule synthesis subproblem failed).[0m
      Evaluating reaction mnc_353 (353/500)...
        [31m✗ Skipped reaction synthesis (missing molecule synthesis subproblem failed).[0m
      Evaluating reaction mnc_354 (354/500)...
[Problem → Reactions] Found 155 reactions, 250 molecules.
      [32m✓ All goal molecules found.[0m
      [32m✓ All goal reactions found.[0m
        [32m✓ Target reaction successfully synthesized in 0.91s![0m
      Evaluating reaction mnc_355 (355/500)...
[Problem → Reactions] Found 128 reactions, 250 molecules.
      [32m✓ All goal molecules found.[0m
      [32m✓ All goal reactions found.[0m
        [32m✓ Target reaction successfully synthesized in 0.45s![0m
      Evaluating reaction mnc_356 (356/500)...
[Problem → Reactions] Found 121 reactions, 250 molecules.
      [32m✓ All goal molecules found.[0m
      [32m✓ All goal reactions found.[0m
        [32m✓ Target reaction successfully synthesized in 0.65s![0m
      Evaluating reaction mnc_357 (357/500)...
        [31m✗ Skipped reaction synthesis (missing molecule synthesis subproblem failed).[0m
      Evaluating reaction mnc_358 (358/500)...
[Problem → Reactions] Found 41 reactions, 250 molecules.
      [32m✓ All goal molecules found.[0m
      [32m✓ All goal reactions found.[0m
        [32m✓ Target reaction successfully synthesized in 0.77s![0m
      Evaluating reaction mnc_359 (359/500)...
[Problem → Reactions] Found 251 reactions, 250 molecules.
      [32m✓ All goal molecules found.[0m
      [32m✓ All goal reactions found.[0m
        [32m✓ Target reaction successfully synthesized in 1.06s![0m
      Evaluating reaction mnc_360 (360/500)...
[Problem → Reactions] Found 105 reactions, 250 molecules.
      [32m✓ All goal molecules found.[0m
      [32m✓ All goal reactions found.[0m
        [32m✓ Target reaction successfully synthesized in 0.81s![0m
      Evaluating reaction mnc_361 (361/500)...
        [31m✗ Skipped reaction synthesis (missing molecule synthesis subproblem failed).[0m
      Evaluating reaction mnc_362 (362/500)...
[Problem → Reactions] Found 30000 reactions, 250 molecules.
      [32m✓ All goal molecules found.[0m
      [31m✗ Missing goal reactions.[0m
        [31m✗ Synthesis failed or timed out in 67.25s.[0m
      Evaluating reaction mnc_363 (363/500)...
[Problem → Reactions] Found 74 reactions, 250 molecules.
      [32m✓ All goal molecules found.[0m
      [32m✓ All goal reactions found.[0m
        [32m✓ Target reaction successfully synthesized in 1.01s![0m
      Evaluating reaction mnc_364 (364/500)...
        [31m✗ Skipped reaction synthesis (missing molecule synthesis subproblem failed).[0m
      Evaluating reaction mnc_365 (365/500)...
[Problem → Reactions] Found 219 reactions, 250 molecules.
      [32m✓ All goal molecules found.[0m
      [32m✓ All goal reactions found.[0m
        [32m✓ Target reaction successfully synthesized in 1.16s![0m
      Evaluating reaction mnc_366 (366/500)...
[Problem → Reactions] Found 1244 reactions, 250 molecules.
      [32m✓ All goal molecules found.[0m
      [32m✓ All goal reactions found.[0m
        [32m✓ Target reaction successfully synthesized in 1.48s![0m
      Evaluating reaction mnc_367 (367/500)...
[Problem → Reactions] Found 135 reactions, 250 molecules.
      [32m✓ All goal molecules found.[0m
      [32m✓ All goal reactions found.[0m
        [32m✓ Target reaction successfully synthesized in 0.64s![0m
      Evaluating reaction mnc_368 (368/500)...
[Problem → Reactions] Found 527 reactions, 250 molecules.
      [32m✓ All goal molecules found.[0m
      [32m✓ All goal reactions found.[0m
        [32m✓ Target reaction successfully synthesized in 1.17s![0m
      Evaluating reaction mnc_369 (369/500)...
        [31m✗ Skipped reaction synthesis (missing molecule synthesis subproblem failed).[0m
      Evaluating reaction mnc_370 (370/500)...
[Problem → Reactions] Found 141 reactions, 250 molecules.
      [32m✓ All goal molecules found.[0m
      [32m✓ All goal reactions found.[0m
        [32m✓ Target reaction successfully synthesized in 0.61s![0m
      Evaluating reaction mnc_371 (371/500)...
[Problem → Reactions] Found 231 reactions, 250 molecules.
      [32m✓ All goal molecules found.[0m
      [32m✓ All goal reactions found.[0m
        [32m✓ Target reaction successfully synthesized in 0.91s![0m
      Evaluating reaction mnc_372 (372/500)...
        [31m✗ Skipped reaction synthesis (missing molecule synthesis subproblem failed).[0m
      Evaluating reaction mnc_373 (373/500)...
[Problem → Reactions] Found 296 reactions, 250 molecules.
      [32m✓ All goal molecules found.[0m
      [32m✓ All goal reactions found.[0m
        [32m✓ Target reaction successfully synthesized in 0.78s![0m
      Evaluating reaction mnc_374 (374/500)...
        [31m✗ Skipped reaction synthesis (missing molecule synthesis subproblem failed).[0m
      Evaluating reaction mnc_375 (375/500)...
[Problem → Reactions] Found 128 reactions, 250 molecules.
      [32m✓ All goal molecules found.[0m
      [32m✓ All goal reactions found.[0m
        [32m✓ Target reaction successfully synthesized in 0.89s![0m
      Evaluating reaction mnc_376 (376/500)...
[Problem → Reactions] Found 170 reactions, 250 molecules.
      [32m✓ All goal molecules found.[0m
      [32m✓ All goal reactions found.[0m
        [32m✓ Target reaction successfully synthesized in 0.62s![0m
      Evaluating reaction mnc_377 (377/500)...
        [31m✗ Skipped reaction synthesis (missing molecule synthesis subproblem failed).[0m
      Evaluating reaction mnc_378 (378/500)...
[Problem → Reactions] Found 134 reactions, 250 molecules.
      [32m✓ All goal molecules found.[0m
      [32m✓ All goal reactions found.[0m
        [32m✓ Target reaction successfully synthesized in 1.08s![0m
      Evaluating reaction mnc_379 (379/500)...
[Problem → Reactions] Found 555 reactions, 250 molecules.
      [32m✓ All goal molecules found.[0m
      [32m✓ All goal reactions found.[0m
        [32m✓ Target reaction successfully synthesized in 1.14s![0m
      Evaluating reaction mnc_380 (380/500)...
[Problem → Reactions] Found 155 reactions, 250 molecules.
      [32m✓ All goal molecules found.[0m
      [32m✓ All goal reactions found.[0m
        [32m✓ Target reaction successfully synthesized in 0.86s![0m
      Evaluating reaction mnc_381 (381/500)...
        [31m✗ Skipped reaction synthesis (missing molecule synthesis subproblem failed).[0m
      Evaluating reaction mnc_382 (382/500)...
        [31m✗ Skipped reaction synthesis (missing molecule synthesis subproblem failed).[0m
      Evaluating reaction mnc_383 (383/500)...
[Problem → Reactions] Found 125 reactions, 250 molecules.
      [32m✓ All goal molecules found.[0m
      [32m✓ All goal reactions found.[0m
        [32m✓ Target reaction successfully synthesized in 1.63s![0m
      Evaluating reaction mnc_384 (384/500)...
[Problem → Reactions] Found 111 reactions, 250 molecules.
      [32m✓ All goal molecules found.[0m
      [32m✓ All goal reactions found.[0m
        [32m✓ Target reaction successfully synthesized in 0.6s![0m
      Evaluating reaction mnc_385 (385/500)...
        [31m✗ Skipped reaction synthesis (missing molecule synthesis subproblem failed).[0m
      Evaluating reaction mnc_386 (386/500)...
[Problem → Reactions] Found 53 reactions, 250 molecules.
      [32m✓ All goal molecules found.[0m
      [32m✓ All goal reactions found.[0m
        [32m✓ Target reaction successfully synthesized in 1.31s![0m
      Evaluating reaction mnc_387 (387/500)...
        [31m✗ Skipped reaction synthesis (missing molecule synthesis subproblem failed).[0m
      Evaluating reaction mnc_388 (388/500)...
        [31m✗ Skipped reaction synthesis (missing molecule synthesis subproblem failed).[0m
      Evaluating reaction mnc_389 (389/500)...
[Problem → Reactions] Found 117 reactions, 250 molecules.
      [32m✓ All goal molecules found.[0m
      [32m✓ All goal reactions found.[0m
        [32m✓ Target reaction successfully synthesized in 0.57s![0m
      Evaluating reaction mnc_390 (390/500)...
[Problem → Reactions] Found 30000 reactions, 250 molecules.
      [32m✓ All goal molecules found.[0m
      [31m✗ Missing goal reactions.[0m
        [31m✗ Synthesis failed or timed out in 54.95s.[0m
      Evaluating reaction mnc_391 (391/500)...
[Problem → Reactions] Found 129 reactions, 250 molecules.
      [32m✓ All goal molecules found.[0m
      [32m✓ All goal reactions found.[0m
        [32m✓ Target reaction successfully synthesized in 1.96s![0m
      Evaluating reaction mnc_392 (392/500)...
[Problem → Reactions] Found 122 reactions, 250 molecules.
      [32m✓ All goal molecules found.[0m
      [32m✓ All goal reactions found.[0m
        [32m✓ Target reaction successfully synthesized in 1.23s![0m
      Evaluating reaction mnc_393 (393/500)...
        [31m✗ Skipped reaction synthesis (missing molecule synthesis subproblem failed).[0m
      Evaluating reaction mnc_394 (394/500)...
[Problem → Reactions] Found 95 reactions, 250 molecules.
      [32m✓ All goal molecules found.[0m
      [32m✓ All goal reactions found.[0m
        [32m✓ Target reaction successfully synthesized in 1.65s![0m
      Evaluating reaction mnc_395 (395/500)...
        [31m✗ Skipped reaction synthesis (missing molecule synthesis subproblem failed).[0m
      Evaluating reaction mnc_396 (396/500)...
[Problem → Reactions] Found 303 reactions, 250 molecules.
      [32m✓ All goal molecules found.[0m
      [32m✓ All goal reactions found.[0m
        [32m✓ Target reaction successfully synthesized in 1.24s![0m
      Evaluating reaction mnc_397 (397/500)...
[Problem → Reactions] Found 591 reactions, 250 molecules.
      [32m✓ All goal molecules found.[0m
      [32m✓ All goal reactions found.[0m
        [32m✓ Target reaction successfully synthesized in 1.58s![0m
      Evaluating reaction mnc_398 (398/500)...
[Problem → Reactions] Found 227 reactions, 250 molecules.
      [32m✓ All goal molecules found.[0m
      [32m✓ All goal reactions found.[0m
        [32m✓ Target reaction successfully synthesized in 0.7s![0m
      Evaluating reaction mnc_399 (399/500)...
[Problem → Reactions] Found 128 reactions, 250 molecules.
      [32m✓ All goal molecules found.[0m
      [32m✓ All goal reactions found.[0m
        [32m✓ Target reaction successfully synthesized in 1.03s![0m
      Evaluating reaction mnc_400 (400/500)...
[Problem → Reactions] Found 167 reactions, 250 molecules.
      [32m✓ All goal molecules found.[0m
      [32m✓ All goal reactions found.[0m
        [32m✓ Target reaction successfully synthesized in 0.67s![0m
      Evaluating reaction mnc_401 (401/500)...
[Problem → Reactions] Found 539 reactions, 250 molecules.
      [32m✓ All goal molecules found.[0m
      [32m✓ All goal reactions found.[0m
        [32m✓ Target reaction successfully synthesized in 1.22s![0m
      Evaluating reaction mnc_402 (402/500)...
[Problem → Reactions] Found 1050 reactions, 250 molecules.
      [32m✓ All goal molecules found.[0m
      [32m✓ All goal reactions found.[0m
        [32m✓ Target reaction successfully synthesized in 7.29s![0m
      Evaluating reaction mnc_403 (403/500)...
        [31m✗ Skipped reaction synthesis (missing molecule synthesis subproblem failed).[0m
      Evaluating reaction mnc_404 (404/500)...
[Problem → Reactions] Found 149 reactions, 250 molecules.
      [32m✓ All goal molecules found.[0m
      [32m✓ All goal reactions found.[0m
        [32m✓ Target reaction successfully synthesized in 0.77s![0m
      Evaluating reaction mnc_405 (405/500)...
        [31m✗ Skipped reaction synthesis (missing molecule synthesis subproblem failed).[0m
      Evaluating reaction mnc_406 (406/500)...
        [31m✗ Skipped reaction synthesis (missing molecule synthesis subproblem failed).[0m
      Evaluating reaction mnc_407 (407/500)...
[Problem → Reactions] Found 51 reactions, 250 molecules.
      [32m✓ All goal molecules found.[0m
      [32m✓ All goal reactions found.[0m
        [32m✓ Target reaction successfully synthesized in 1.1s![0m
      Evaluating reaction mnc_408 (408/500)...
[Problem → Reactions] Found 155 reactions, 250 molecules.
      [32m✓ All goal molecules found.[0m
      [32m✓ All goal reactions found.[0m
        [32m✓ Target reaction successfully synthesized in 0.73s![0m
      Evaluating reaction mnc_409 (409/500)...
[Problem → Reactions] Found 230 reactions, 250 molecules.
      [32m✓ All goal molecules found.[0m
      [32m✓ All goal reactions found.[0m
        [32m✓ Target reaction successfully synthesized in 0.92s![0m
      Evaluating reaction mnc_410 (410/500)...
[Problem → Reactions] Found 236 reactions, 250 molecules.
      [32m✓ All goal molecules found.[0m
      [32m✓ All goal reactions found.[0m
        [32m✓ Target reaction successfully synthesized in 4.62s![0m
      Evaluating reaction mnc_411 (411/500)...
        [31m✗ Skipped reaction synthesis (missing molecule synthesis subproblem failed).[0m
      Evaluating reaction mnc_412 (412/500)...
[Problem → Reactions] Found 24532 reactions, 250 molecules.
      [32m✓ All goal molecules found.[0m
      [32m✓ All goal reactions found.[0m
        [32m✓ Target reaction successfully synthesized in 53.75s![0m
      Evaluating reaction mnc_413 (413/500)...
[Problem → Reactions] Found 80 reactions, 250 molecules.
      [32m✓ All goal molecules found.[0m
      [32m✓ All goal reactions found.[0m
        [32m✓ Target reaction successfully synthesized in 1.11s![0m
      Evaluating reaction mnc_414 (414/500)...
[Problem → Reactions] Found 285 reactions, 250 molecules.
      [32m✓ All goal molecules found.[0m
      [32m✓ All goal reactions found.[0m
        [32m✓ Target reaction successfully synthesized in 0.95s![0m
      Evaluating reaction mnc_415 (415/500)...
[Problem → Reactions] Found 201 reactions, 250 molecules.
      [32m✓ All goal molecules found.[0m
      [32m✓ All goal reactions found.[0m
        [32m✓ Target reaction successfully synthesized in 2.12s![0m
      Evaluating reaction mnc_416 (416/500)...
[Problem → Reactions] Found 215 reactions, 250 molecules.
      [32m✓ All goal molecules found.[0m
      [32m✓ All goal reactions found.[0m
        [32m✓ Target reaction successfully synthesized in 1.87s![0m
      Evaluating reaction mnc_417 (417/500)...
        [31m✗ Skipped reaction synthesis (missing molecule synthesis subproblem failed).[0m
      Evaluating reaction mnc_418 (418/500)...
        [31m✗ Skipped reaction synthesis (missing molecule synthesis subproblem failed).[0m
      Evaluating reaction mnc_419 (419/500)...
[Problem → Reactions] Found 185 reactions, 250 molecules.
      [32m✓ All goal molecules found.[0m
      [32m✓ All goal reactions found.[0m
        [32m✓ Target reaction successfully synthesized in 1.14s![0m
      Evaluating reaction mnc_420 (420/500)...
        [31m✗ Skipped reaction synthesis (missing molecule synthesis subproblem failed).[0m
      Evaluating reaction mnc_421 (421/500)...
        [31m✗ Skipped reaction synthesis (missing molecule synthesis subproblem failed).[0m
      Evaluating reaction mnc_422 (422/500)...
[Problem → Reactions] Found 75 reactions, 250 molecules.
      [32m✓ All goal molecules found.[0m
      [32m✓ All goal reactions found.[0m
        [32m✓ Target reaction successfully synthesized in 0.76s![0m
      Evaluating reaction mnc_423 (423/500)...
        [31m✗ Skipped reaction synthesis (missing molecule synthesis subproblem failed).[0m
      Evaluating reaction mnc_424 (424/500)...
        [31m✗ Skipped reaction synthesis (missing molecule synthesis subproblem failed).[0m
      Evaluating reaction mnc_425 (425/500)...
[Problem → Reactions] Found 104 reactions, 250 molecules.
      [32m✓ All goal molecules found.[0m
      [32m✓ All goal reactions found.[0m
        [32m✓ Target reaction successfully synthesized in 0.85s![0m
      Evaluating reaction mnc_426 (426/500)...
[Problem → Reactions] Found 215 reactions, 250 molecules.
      [32m✓ All goal molecules found.[0m
      [32m✓ All goal reactions found.[0m
        [32m✓ Target reaction successfully synthesized in 1.52s![0m
      Evaluating reaction mnc_427 (427/500)...
        [31m✗ Skipped reaction synthesis (missing molecule synthesis subproblem failed).[0m
      Evaluating reaction mnc_428 (428/500)...
[Problem → Reactions] Found 51 reactions, 250 molecules.
      [32m✓ All goal molecules found.[0m
      [32m✓ All goal reactions found.[0m
        [32m✓ Target reaction successfully synthesized in 1.21s![0m
      Evaluating reaction mnc_429 (429/500)...
[Problem → Reactions] Found 519 reactions, 250 molecules.
      [32m✓ All goal molecules found.[0m
      [32m✓ All goal reactions found.[0m
        [32m✓ Target reaction successfully synthesized in 1.94s![0m
      Evaluating reaction mnc_430 (430/500)...
        [31m✗ Skipped reaction synthesis (missing molecule synthesis subproblem failed).[0m
      Evaluating reaction mnc_431 (431/500)...
[Problem → Reactions] Found 159 reactions, 250 molecules.
      [32m✓ All goal molecules found.[0m
      [32m✓ All goal reactions found.[0m
        [32m✓ Target reaction successfully synthesized in 2.03s![0m
      Evaluating reaction mnc_432 (432/500)...
[Problem → Reactions] Found 507 reactions, 250 molecules.
      [32m✓ All goal molecules found.[0m
      [32m✓ All goal reactions found.[0m
        [32m✓ Target reaction successfully synthesized in 1.12s![0m
      Evaluating reaction mnc_433 (433/500)...
        [31m✗ Skipped reaction synthesis (missing molecule synthesis subproblem failed).[0m
      Evaluating reaction mnc_434 (434/500)...
[Problem → Reactions] Found 242 reactions, 250 molecules.
      [32m✓ All goal molecules found.[0m
      [32m✓ All goal reactions found.[0m
        [32m✓ Target reaction successfully synthesized in 1.0s![0m
      Evaluating reaction mnc_435 (435/500)...
[Problem → Reactions] Found 225 reactions, 250 molecules.
      [32m✓ All goal molecules found.[0m
      [32m✓ All goal reactions found.[0m
        [32m✓ Target reaction successfully synthesized in 1.51s![0m
      Evaluating reaction mnc_436 (436/500)...
        [31m✗ Skipped reaction synthesis (missing molecule synthesis subproblem failed).[0m
      Evaluating reaction mnc_437 (437/500)...
[Problem → Reactions] Found 201 reactions, 250 molecules.
      [32m✓ All goal molecules found.[0m
      [32m✓ All goal reactions found.[0m
        [32m✓ Target reaction successfully synthesized in 2.05s![0m
      Evaluating reaction mnc_438 (438/500)...
[Problem → Reactions] Found 194 reactions, 250 molecules.
      [32m✓ All goal molecules found.[0m
      [32m✓ All goal reactions found.[0m
        [32m✓ Target reaction successfully synthesized in 0.78s![0m
      Evaluating reaction mnc_439 (439/500)...
[Problem → Reactions] Found 159 reactions, 250 molecules.
      [32m✓ All goal molecules found.[0m
      [32m✓ All goal reactions found.[0m
        [32m✓ Target reaction successfully synthesized in 1.2s![0m
      Evaluating reaction mnc_440 (440/500)...
[Problem → Reactions] Found 30000 reactions, 250 molecules.
      [32m✓ All goal molecules found.[0m
      [31m✗ Missing goal reactions.[0m
        [31m✗ Synthesis failed or timed out in 60.45s.[0m
      Evaluating reaction mnc_441 (441/500)...
        [31m✗ Skipped reaction synthesis (missing molecule synthesis subproblem failed).[0m
      Evaluating reaction mnc_442 (442/500)...
        [31m✗ Skipped reaction synthesis (missing molecule synthesis subproblem failed).[0m
      Evaluating reaction mnc_443 (443/500)...
[Problem → Reactions] Found 137 reactions, 250 molecules.
      [32m✓ All goal molecules found.[0m
      [32m✓ All goal reactions found.[0m
        [32m✓ Target reaction successfully synthesized in 1.25s![0m
      Evaluating reaction mnc_444 (444/500)...
[Problem → Reactions] Found 195 reactions, 250 molecules.
      [32m✓ All goal molecules found.[0m
      [32m✓ All goal reactions found.[0m
        [32m✓ Target reaction successfully synthesized in 1.58s![0m
      Evaluating reaction mnc_445 (445/500)...
[Problem → Reactions] Found 285 reactions, 250 molecules.
      [32m✓ All goal molecules found.[0m
      [32m✓ All goal reactions found.[0m
        [32m✓ Target reaction successfully synthesized in 1.36s![0m
      Evaluating reaction mnc_446 (446/500)...
[Problem → Reactions] Found 32 reactions, 250 molecules.
      [32m✓ All goal molecules found.[0m
      [32m✓ All goal reactions found.[0m
        [32m✓ Target reaction successfully synthesized in 0.63s![0m
      Evaluating reaction mnc_447 (447/500)...
        [31m✗ Skipped reaction synthesis (missing molecule synthesis subproblem failed).[0m
      Evaluating reaction mnc_448 (448/500)...
        [31m✗ Skipped reaction synthesis (missing molecule synthesis subproblem failed).[0m
      Evaluating reaction mnc_449 (449/500)...
        [31m✗ Skipped reaction synthesis (missing molecule synthesis subproblem failed).[0m
      Evaluating reaction mnc_450 (450/500)...
[Problem → Reactions] Found 147 reactions, 250 molecules.
      [32m✓ All goal molecules found.[0m
      [32m✓ All goal reactions found.[0m
        [32m✓ Target reaction successfully synthesized in 0.92s![0m
      Evaluating reaction mnc_451 (451/500)...
        [31m✗ Skipped reaction synthesis (missing molecule synthesis subproblem failed).[0m
      Evaluating reaction mnc_452 (452/500)...
[Problem → Reactions] Found 101 reactions, 250 molecules.
      [32m✓ All goal molecules found.[0m
      [32m✓ All goal reactions found.[0m
        [32m✓ Target reaction successfully synthesized in 1.24s![0m
      Evaluating reaction mnc_453 (453/500)...
[Problem → Reactions] Found 347 reactions, 250 molecules.
      [32m✓ All goal molecules found.[0m
      [32m✓ All goal reactions found.[0m
        [32m✓ Target reaction successfully synthesized in 1.08s![0m
      Evaluating reaction mnc_454 (454/500)...
[Problem → Reactions] Found 5048 reactions, 250 molecules.
      [32m✓ All goal molecules found.[0m
      [32m✓ All goal reactions found.[0m
        [32m✓ Target reaction successfully synthesized in 11.96s![0m
      Evaluating reaction mnc_455 (455/500)...
        [31m✗ Skipped reaction synthesis (missing molecule synthesis subproblem failed).[0m
      Evaluating reaction mnc_456 (456/500)...
        [31m✗ Skipped reaction synthesis (missing molecule synthesis subproblem failed).[0m
      Evaluating reaction mnc_457 (457/500)...
[Problem → Reactions] Found 263 reactions, 250 molecules.
      [32m✓ All goal molecules found.[0m
      [32m✓ All goal reactions found.[0m
        [32m✓ Target reaction successfully synthesized in 0.84s![0m
      Evaluating reaction mnc_458 (458/500)...
        [31m✗ Skipped reaction synthesis (missing molecule synthesis subproblem failed).[0m
      Evaluating reaction mnc_459 (459/500)...
        [31m✗ Skipped reaction synthesis (missing molecule synthesis subproblem failed).[0m
      Evaluating reaction mnc_460 (460/500)...
[Problem → Reactions] Found 416 reactions, 250 molecules.
      [32m✓ All goal molecules found.[0m
      [32m✓ All goal reactions found.[0m
        [32m✓ Target reaction successfully synthesized in 1.09s![0m
      Evaluating reaction mnc_461 (461/500)...
[Problem → Reactions] Found 327 reactions, 250 molecules.
      [32m✓ All goal molecules found.[0m
      [32m✓ All goal reactions found.[0m
        [32m✓ Target reaction successfully synthesized in 0.99s![0m
      Evaluating reaction mnc_462 (462/500)...
        [31m✗ Skipped reaction synthesis (missing molecule synthesis subproblem failed).[0m
      Evaluating reaction mnc_463 (463/500)...
[Problem → Reactions] Found 191 reactions, 250 molecules.
      [32m✓ All goal molecules found.[0m
      [32m✓ All goal reactions found.[0m
        [32m✓ Target reaction successfully synthesized in 0.95s![0m
      Evaluating reaction mnc_464 (464/500)...
[Problem → Reactions] Found 7440 reactions, 250 molecules.
      [32m✓ All goal molecules found.[0m
      [32m✓ All goal reactions found.[0m
        [32m✓ Target reaction successfully synthesized in 13.58s![0m
      Evaluating reaction mnc_465 (465/500)...
        [31m✗ Skipped reaction synthesis (missing molecule synthesis subproblem failed).[0m
      Evaluating reaction mnc_466 (466/500)...
[Problem → Reactions] Found 77 reactions, 250 molecules.
      [32m✓ All goal molecules found.[0m
      [32m✓ All goal reactions found.[0m
        [32m✓ Target reaction successfully synthesized in 0.53s![0m
      Evaluating reaction mnc_467 (467/500)...
        [31m✗ Skipped reaction synthesis (missing molecule synthesis subproblem failed).[0m
      Evaluating reaction mnc_468 (468/500)...
[Problem → Reactions] Found 30000 reactions, 250 molecules.
      [32m✓ All goal molecules found.[0m
      [31m✗ Missing goal reactions.[0m
        [31m✗ Synthesis failed or timed out in 81.1s.[0m
      Evaluating reaction mnc_469 (469/500)...
[Problem → Reactions] Found 30000 reactions, 250 molecules.
      [32m✓ All goal molecules found.[0m
      [31m✗ Missing goal reactions.[0m
        [31m✗ Synthesis failed or timed out in 74.61s.[0m
      Evaluating reaction mnc_470 (470/500)...
        [31m✗ Skipped reaction synthesis (missing molecule synthesis subproblem failed).[0m
      Evaluating reaction mnc_471 (471/500)...
        [31m✗ Skipped reaction synthesis (missing molecule synthesis subproblem failed).[0m
      Evaluating reaction mnc_472 (472/500)...
[Problem → Reactions] Found 111 reactions, 250 molecules.
      [32m✓ All goal molecules found.[0m
      [32m✓ All goal reactions found.[0m
        [32m✓ Target reaction successfully synthesized in 1.04s![0m
      Evaluating reaction mnc_473 (473/500)...
[Problem → Reactions] Found 170 reactions, 250 molecules.
      [32m✓ All goal molecules found.[0m
      [32m✓ All goal reactions found.[0m
        [32m✓ Target reaction successfully synthesized in 1.22s![0m
      Evaluating reaction mnc_474 (474/500)...
[Problem → Reactions] Found 284 reactions, 250 molecules.
      [32m✓ All goal molecules found.[0m
      [32m✓ All goal reactions found.[0m
        [32m✓ Target reaction successfully synthesized in 0.84s![0m
      Evaluating reaction mnc_475 (475/500)...
[Problem → Reactions] Found 224 reactions, 250 molecules.
      [32m✓ All goal molecules found.[0m
      [32m✓ All goal reactions found.[0m
        [32m✓ Target reaction successfully synthesized in 0.54s![0m
      Evaluating reaction mnc_476 (476/500)...
        [31m✗ Skipped reaction synthesis (missing molecule synthesis subproblem failed).[0m
      Evaluating reaction mnc_477 (477/500)...
[Problem → Reactions] Found 269 reactions, 250 molecules.
      [32m✓ All goal molecules found.[0m
      [32m✓ All goal reactions found.[0m
        [32m✓ Target reaction successfully synthesized in 0.76s![0m
      Evaluating reaction mnc_478 (478/500)...
[Problem → Reactions] Found 30000 reactions, 250 molecules.
      [32m✓ All goal molecules found.[0m
      [31m✗ Missing goal reactions.[0m
        [31m✗ Synthesis failed or timed out in 75.27s.[0m
      Evaluating reaction mnc_479 (479/500)...
[Problem → Reactions] Found 206 reactions, 250 molecules.
      [32m✓ All goal molecules found.[0m
      [32m✓ All goal reactions found.[0m
        [32m✓ Target reaction successfully synthesized in 1.21s![0m
      Evaluating reaction mnc_480 (480/500)...
[Problem → Reactions] Found 81 reactions, 250 molecules.
      [32m✓ All goal molecules found.[0m
      [32m✓ All goal reactions found.[0m
        [32m✓ Target reaction successfully synthesized in 0.81s![0m
      Evaluating reaction mnc_481 (481/500)...
[Problem → Reactions] Found 146 reactions, 250 molecules.
      [32m✓ All goal molecules found.[0m
      [32m✓ All goal reactions found.[0m
        [32m✓ Target reaction successfully synthesized in 1.9s![0m
      Evaluating reaction mnc_482 (482/500)...
[Problem → Reactions] Found 206 reactions, 250 molecules.
      [32m✓ All goal molecules found.[0m
      [32m✓ All goal reactions found.[0m
        [32m✓ Target reaction successfully synthesized in 0.75s![0m
      Evaluating reaction mnc_483 (483/500)...
        [31m✗ Skipped reaction synthesis (missing molecule synthesis subproblem failed).[0m
      Evaluating reaction mnc_484 (484/500)...
        [31m✗ Skipped reaction synthesis (missing molecule synthesis subproblem failed).[0m
      Evaluating reaction mnc_485 (485/500)...
        [31m✗ Skipped reaction synthesis (missing molecule synthesis subproblem failed).[0m
      Evaluating reaction mnc_486 (486/500)...
[Problem → Reactions] Found 57 reactions, 250 molecules.
      [32m✓ All goal molecules found.[0m
      [32m✓ All goal reactions found.[0m
        [32m✓ Target reaction successfully synthesized in 0.61s![0m
      Evaluating reaction mnc_487 (487/500)...
[Problem → Reactions] Found 140 reactions, 250 molecules.
      [32m✓ All goal molecules found.[0m
      [32m✓ All goal reactions found.[0m
        [32m✓ Target reaction successfully synthesized in 1.4s![0m
      Evaluating reaction mnc_488 (488/500)...
[Problem → Reactions] Found 260 reactions, 250 molecules.
      [32m✓ All goal molecules found.[0m
      [32m✓ All goal reactions found.[0m
        [32m✓ Target reaction successfully synthesized in 0.71s![0m
      Evaluating reaction mnc_489 (489/500)...
[Problem → Reactions] Found 176 reactions, 250 molecules.
      [32m✓ All goal molecules found.[0m
      [32m✓ All goal reactions found.[0m
        [32m✓ Target reaction successfully synthesized in 0.62s![0m
      Evaluating reaction mnc_490 (490/500)...
[Problem → Reactions] Found 140 reactions, 250 molecules.
      [32m✓ All goal molecules found.[0m
      [32m✓ All goal reactions found.[0m
        [32m✓ Target reaction successfully synthesized in 0.63s![0m
      Evaluating reaction mnc_491 (491/500)...
[Problem → Reactions] Found 6008 reactions, 250 molecules.
      [32m✓ All goal molecules found.[0m
      [32m✓ All goal reactions found.[0m
        [32m✓ Target reaction successfully synthesized in 12.7s![0m
      Evaluating reaction mnc_492 (492/500)...
[Problem → Reactions] Found 213 reactions, 250 molecules.
      [32m✓ All goal molecules found.[0m
      [32m✓ All goal reactions found.[0m
        [32m✓ Target reaction successfully synthesized in 1.15s![0m
      Evaluating reaction mnc_493 (493/500)...
[Problem → Reactions] Found 86 reactions, 250 molecules.
      [32m✓ All goal molecules found.[0m
      [32m✓ All goal reactions found.[0m
        [32m✓ Target reaction successfully synthesized in 1.39s![0m
      Evaluating reaction mnc_494 (494/500)...
[Problem → Reactions] Found 81 reactions, 250 molecules.
      [32m✓ All goal molecules found.[0m
      [32m✓ All goal reactions found.[0m
        [32m✓ Target reaction successfully synthesized in 0.66s![0m
      Evaluating reaction mnc_495 (495/500)...
        [31m✗ Skipped reaction synthesis (missing molecule synthesis subproblem failed).[0m
      Evaluating reaction mnc_496 (496/500)...
[Problem → Reactions] Found 831 reactions, 250 molecules.
      [32m✓ All goal molecules found.[0m
      [32m✓ All goal reactions found.[0m
        [32m✓ Target reaction successfully synthesized in 0.83s![0m
      Evaluating reaction mnc_497 (497/500)...
        [31m✗ Skipped reaction synthesis (missing molecule synthesis subproblem failed).[0m
      Evaluating reaction mnc_498 (498/500)...
[Problem → Reactions] Found 71 reactions, 250 molecules.
      [32m✓ All goal molecules found.[0m
      [32m✓ All goal reactions found.[0m
        [32m✓ Target reaction successfully synthesized in 2.36s![0m
      Evaluating reaction mnc_499 (499/500)...
[Problem → Reactions] Found 122 reactions, 250 molecules.
      [32m✓ All goal molecules found.[0m
      [32m✓ All goal reactions found.[0m
        [32m✓ Target reaction successfully synthesized in 0.94s![0m
      Evaluating reaction mnc_500 (500/500)...
[Problem → Reactions] Found 164 reactions, 250 molecules.
      [32m✓ All goal molecules found.[0m
      [32m✓ All goal reactions found.[0m
        [32m✓ Target reaction successfully synthesized in 1.51s![0m

      Synthesis Performance (Metric: tanimoto, With fragments) on Tractable Subspace:
        - Evaluated runs: 500
        - Success rate:   62.8%
        - Average time:   1.91s

    [1m[Without fragments][0m
    Running missing molecule synthesis subproblem (Atoms → Molecules)...
      Filtering reaction mnc_1 (1/500)...
[Atoms → Molecules] Found 20 molecules.
      [32m✓ All goal molecules found.[0m
        [32m✓ Missing molecule synthesis subproblem passed in 0.02s[0m
      Filtering reaction mnc_2 (2/500)...
[Atoms → Molecules] Found 9 molecules.
      [32m✓ All goal molecules found.[0m
        [32m✓ Missing molecule synthesis subproblem passed in 0.01s[0m
      Filtering reaction mnc_3 (3/500)...
[Atoms → Molecules] Found 28 molecules.
      [32m✓ All goal molecules found.[0m
        [32m✓ Missing molecule synthesis subproblem passed in 0.02s[0m
      Filtering reaction mnc_4 (4/500)...
[Atoms → Molecules] Found 5 molecules.
      [32m✓ All goal molecules found.[0m
        [32m✓ Missing molecule synthesis subproblem passed in 0.0s[0m
      Filtering reaction mnc_5 (5/500)...
[Atoms → Molecules] Found 250 molecules.
      [31m✗ Missing goal molecules.[0m
        [31m✗ Missing molecule synthesis subproblem failed in 0.41s[0m
      Filtering reaction mnc_6 (6/500)...
[Atoms → Molecules] Found 6 molecules.
      [32m✓ All goal molecules found.[0m
        [32m✓ Missing molecule synthesis subproblem passed in 0.0s[0m
      Filtering reaction mnc_7 (7/500)...
[Atoms → Molecules] Found 12 molecules.
      [32m✓ All goal molecules found.[0m
        [32m✓ Missing molecule synthesis subproblem passed in 0.01s[0m
      Filtering reaction mnc_8 (8/500)...
[Atoms → Molecules] Found 2 molecules.
      [32m✓ All goal molecules found.[0m
        [32m✓ Missing molecule synthesis subproblem passed in 0.0s[0m
      Filtering reaction mnc_9 (9/500)...
[Atoms → Molecules] Found 6 molecules.
      [32m✓ All goal molecules found.[0m
        [32m✓ Missing molecule synthesis subproblem passed in 0.01s[0m
      Filtering reaction mnc_10 (10/500)...
[Atoms → Molecules] Found 6 molecules.
      [32m✓ All goal molecules found.[0m
        [32m✓ Missing molecule synthesis subproblem passed in 0.01s[0m
      Filtering reaction mnc_11 (11/500)...
[Atoms → Molecules] Found 2 molecules.
      [32m✓ All goal molecules found.[0m
        [32m✓ Missing molecule synthesis subproblem passed in 0.0s[0m
      Filtering reaction mnc_12 (12/500)...
[Atoms → Molecules] Found 2 molecules.
      [32m✓ All goal molecules found.[0m
        [32m✓ Missing molecule synthesis subproblem passed in 0.0s[0m
      Filtering reaction mnc_13 (13/500)...
[Atoms → Molecules] Found 3 molecules.
      [32m✓ All goal molecules found.[0m
        [32m✓ Missing molecule synthesis subproblem passed in 0.0s[0m
      Filtering reaction mnc_14 (14/500)...
[Atoms → Molecules] Found 2 molecules.
      [32m✓ All goal molecules found.[0m
        [32m✓ Missing molecule synthesis subproblem passed in 0.0s[0m
      Filtering reaction mnc_15 (15/500)...
[Atoms → Molecules] Found 2 molecules.
      [32m✓ All goal molecules found.[0m
        [32m✓ Missing molecule synthesis subproblem passed in 0.0s[0m
      Filtering reaction mnc_16 (16/500)...
[Atoms → Molecules] Found 4 molecules.
      [32m✓ All goal molecules found.[0m
        [32m✓ Missing molecule synthesis subproblem passed in 0.01s[0m
      Filtering reaction mnc_17 (17/500)...
[Atoms → Molecules] Found 3 molecules.
      [32m✓ All goal molecules found.[0m
        [32m✓ Missing molecule synthesis subproblem passed in 0.0s[0m
      Filtering reaction mnc_18 (18/500)...
[Atoms → Molecules] Found 2 molecules.
      [32m✓ All goal molecules found.[0m
        [32m✓ Missing molecule synthesis subproblem passed in 0.0s[0m
      Filtering reaction mnc_19 (19/500)...
[Atoms → Molecules] Found 2 molecules.
      [32m✓ All goal molecules found.[0m
        [32m✓ Missing molecule synthesis subproblem passed in 0.0s[0m
      Filtering reaction mnc_20 (20/500)...
[Atoms → Molecules] Found 5 molecules.
      [32m✓ All goal molecules found.[0m
        [32m✓ Missing molecule synthesis subproblem passed in 0.01s[0m
      Filtering reaction mnc_21 (21/500)...
[Atoms → Molecules] Found 12 molecules.
      [32m✓ All goal molecules found.[0m
        [32m✓ Missing molecule synthesis subproblem passed in 0.01s[0m
      Filtering reaction mnc_22 (22/500)...
[Atoms → Molecules] Found 2 molecules.
      [32m✓ All goal molecules found.[0m
        [32m✓ Missing molecule synthesis subproblem passed in 0.0s[0m
      Filtering reaction mnc_23 (23/500)...
[Atoms → Molecules] Found 12 molecules.
      [32m✓ All goal molecules found.[0m
        [32m✓ Missing molecule synthesis subproblem passed in 0.01s[0m
      Filtering reaction mnc_24 (24/500)...
[Atoms → Molecules] Found 6 molecules.
      [32m✓ All goal molecules found.[0m
        [32m✓ Missing molecule synthesis subproblem passed in 0.01s[0m
      Filtering reaction mnc_25 (25/500)...
[Atoms → Molecules] Found 6 molecules.
      [32m✓ All goal molecules found.[0m
        [32m✓ Missing molecule synthesis subproblem passed in 0.01s[0m
      Filtering reaction mnc_26 (26/500)...
[Atoms → Molecules] Found 2 molecules.
      [32m✓ All goal molecules found.[0m
        [32m✓ Missing molecule synthesis subproblem passed in 0.0s[0m
      Filtering reaction mnc_27 (27/500)...
[Atoms → Molecules] Found 3 molecules.
      [32m✓ All goal molecules found.[0m
        [32m✓ Missing molecule synthesis subproblem passed in 0.0s[0m
      Filtering reaction mnc_28 (28/500)...
[Atoms → Molecules] Found 8 molecules.
      [32m✓ All goal molecules found.[0m
        [32m✓ Missing molecule synthesis subproblem passed in 0.01s[0m
      Filtering reaction mnc_29 (29/500)...
[Atoms → Molecules] Found 2 molecules.
      [32m✓ All goal molecules found.[0m
        [32m✓ Missing molecule synthesis subproblem passed in 0.0s[0m
      Filtering reaction mnc_30 (30/500)...
[Atoms → Molecules] Found 12 molecules.
      [32m✓ All goal molecules found.[0m
        [32m✓ Missing molecule synthesis subproblem passed in 0.01s[0m
      Filtering reaction mnc_31 (31/500)...
[Atoms → Molecules] Found 2 molecules.
      [32m✓ All goal molecules found.[0m
        [32m✓ Missing molecule synthesis subproblem passed in 0.0s[0m
      Filtering reaction mnc_32 (32/500)...
[Atoms → Molecules] Found 2 molecules.
      [32m✓ All goal molecules found.[0m
        [32m✓ Missing molecule synthesis subproblem passed in 0.0s[0m
      Filtering reaction mnc_33 (33/500)...
[Atoms → Molecules] Found 2 molecules.
      [32m✓ All goal molecules found.[0m
        [32m✓ Missing molecule synthesis subproblem passed in 0.0s[0m
      Filtering reaction mnc_34 (34/500)...
[Atoms → Molecules] Found 6 molecules.
      [32m✓ All goal molecules found.[0m
        [32m✓ Missing molecule synthesis subproblem passed in 0.01s[0m
      Filtering reaction mnc_35 (35/500)...
[Atoms → Molecules] Found 250 molecules.
      [31m✗ Missing goal molecules.[0m
        [31m✗ Missing molecule synthesis subproblem failed in 0.52s[0m
      Filtering reaction mnc_36 (36/500)...
[Atoms → Molecules] Found 2 molecules.
      [32m✓ All goal molecules found.[0m
        [32m✓ Missing molecule synthesis subproblem passed in 0.0s[0m
      Filtering reaction mnc_37 (37/500)...
[Atoms → Molecules] Found 3 molecules.
      [32m✓ All goal molecules found.[0m
        [32m✓ Missing molecule synthesis subproblem passed in 0.0s[0m
      Filtering reaction mnc_38 (38/500)...
[Atoms → Molecules] Found 12 molecules.
      [32m✓ All goal molecules found.[0m
        [32m✓ Missing molecule synthesis subproblem passed in 0.01s[0m
      Filtering reaction mnc_39 (39/500)...
[Atoms → Molecules] Found 2 molecules.
      [32m✓ All goal molecules found.[0m
        [32m✓ Missing molecule synthesis subproblem passed in 0.0s[0m
      Filtering reaction mnc_40 (40/500)...
[Atoms → Molecules] Found 14 molecules.
      [32m✓ All goal molecules found.[0m
        [32m✓ Missing molecule synthesis subproblem passed in 0.01s[0m
      Filtering reaction mnc_41 (41/500)...
[Atoms → Molecules] Found 2 molecules.
      [32m✓ All goal molecules found.[0m
        [32m✓ Missing molecule synthesis subproblem passed in 0.0s[0m
      Filtering reaction mnc_42 (42/500)...
[Atoms → Molecules] Found 250 molecules.
      [31m✗ Missing goal molecules.[0m
        [31m✗ Missing molecule synthesis subproblem failed in 0.4s[0m
      Filtering reaction mnc_43 (43/500)...
[Atoms → Molecules] Found 5 molecules.
      [32m✓ All goal molecules found.[0m
        [32m✓ Missing molecule synthesis subproblem passed in 0.01s[0m
      Filtering reaction mnc_44 (44/500)...
[Atoms → Molecules] Found 10 molecules.
      [32m✓ All goal molecules found.[0m
        [32m✓ Missing molecule synthesis subproblem passed in 0.02s[0m
      Filtering reaction mnc_45 (45/500)...
[Atoms → Molecules] Found 10 molecules.
      [32m✓ All goal molecules found.[0m
        [32m✓ Missing molecule synthesis subproblem passed in 0.01s[0m
      Filtering reaction mnc_46 (46/500)...
[Atoms → Molecules] Found 3 molecules.
      [32m✓ All goal molecules found.[0m
        [32m✓ Missing molecule synthesis subproblem passed in 0.0s[0m
      Filtering reaction mnc_47 (47/500)...
[Atoms → Molecules] Found 2 molecules.
      [32m✓ All goal molecules found.[0m
        [32m✓ Missing molecule synthesis subproblem passed in 0.0s[0m
      Filtering reaction mnc_48 (48/500)...
[Atoms → Molecules] Found 2 molecules.
      [32m✓ All goal molecules found.[0m
        [32m✓ Missing molecule synthesis subproblem passed in 0.0s[0m
      Filtering reaction mnc_49 (49/500)...
[Atoms → Molecules] Found 250 molecules.
      [31m✗ Missing goal molecules.[0m
        [31m✗ Missing molecule synthesis subproblem failed in 0.41s[0m
      Filtering reaction mnc_50 (50/500)...
[Atoms → Molecules] Found 1 molecules.
      [32m✓ All goal molecules found.[0m
        [32m✓ Missing molecule synthesis subproblem passed in 0.0s[0m
      Filtering reaction mnc_51 (51/500)...
[Atoms → Molecules] Found 2 molecules.
      [32m✓ All goal molecules found.[0m
        [32m✓ Missing molecule synthesis subproblem passed in 0.0s[0m
      Filtering reaction mnc_52 (52/500)...
[Atoms → Molecules] Found 23 molecules.
      [32m✓ All goal molecules found.[0m
        [32m✓ Missing molecule synthesis subproblem passed in 0.12s[0m
      Filtering reaction mnc_53 (53/500)...
[Atoms → Molecules] Found 2 molecules.
      [32m✓ All goal molecules found.[0m
        [32m✓ Missing molecule synthesis subproblem passed in 0.0s[0m
      Filtering reaction mnc_54 (54/500)...
[Atoms → Molecules] Found 2 molecules.
      [32m✓ All goal molecules found.[0m
        [32m✓ Missing molecule synthesis subproblem passed in 0.0s[0m
      Filtering reaction mnc_55 (55/500)...
[Atoms → Molecules] Found 12 molecules.
      [32m✓ All goal molecules found.[0m
        [32m✓ Missing molecule synthesis subproblem passed in 0.02s[0m
      Filtering reaction mnc_56 (56/500)...
[Atoms → Molecules] Found 5 molecules.
      [32m✓ All goal molecules found.[0m
        [32m✓ Missing molecule synthesis subproblem passed in 0.01s[0m
      Filtering reaction mnc_57 (57/500)...
[Atoms → Molecules] Found 3 molecules.
      [32m✓ All goal molecules found.[0m
        [32m✓ Missing molecule synthesis subproblem passed in 0.0s[0m
      Filtering reaction mnc_58 (58/500)...
[Atoms → Molecules] Found 2 molecules.
      [32m✓ All goal molecules found.[0m
        [32m✓ Missing molecule synthesis subproblem passed in 0.0s[0m
      Filtering reaction mnc_59 (59/500)...
[Atoms → Molecules] Found 7 molecules.
      [32m✓ All goal molecules found.[0m
        [32m✓ Missing molecule synthesis subproblem passed in 0.01s[0m
      Filtering reaction mnc_60 (60/500)...
[Atoms → Molecules] Found 5 molecules.
      [32m✓ All goal molecules found.[0m
        [32m✓ Missing molecule synthesis subproblem passed in 0.01s[0m
      Filtering reaction mnc_61 (61/500)...
[Atoms → Molecules] Found 2 molecules.
      [32m✓ All goal molecules found.[0m
        [32m✓ Missing molecule synthesis subproblem passed in 0.0s[0m
      Filtering reaction mnc_62 (62/500)...
[Atoms → Molecules] Found 15 molecules.
      [32m✓ All goal molecules found.[0m
        [32m✓ Missing molecule synthesis subproblem passed in 0.01s[0m
      Filtering reaction mnc_63 (63/500)...
[Atoms → Molecules] Found 2 molecules.
      [32m✓ All goal molecules found.[0m
        [32m✓ Missing molecule synthesis subproblem passed in 0.0s[0m
      Filtering reaction mnc_64 (64/500)...
[Atoms → Molecules] Found 2 molecules.
      [32m✓ All goal molecules found.[0m
        [32m✓ Missing molecule synthesis subproblem passed in 0.0s[0m
      Filtering reaction mnc_65 (65/500)...
[Atoms → Molecules] Found 10 molecules.
      [32m✓ All goal molecules found.[0m
        [32m✓ Missing molecule synthesis subproblem passed in 0.01s[0m
      Filtering reaction mnc_66 (66/500)...
[Atoms → Molecules] Found 6 molecules.
      [32m✓ All goal molecules found.[0m
        [32m✓ Missing molecule synthesis subproblem passed in 0.01s[0m
      Filtering reaction mnc_67 (67/500)...
[Atoms → Molecules] Found 1 molecules.
      [32m✓ All goal molecules found.[0m
        [32m✓ Missing molecule synthesis subproblem passed in 0.0s[0m
      Filtering reaction mnc_68 (68/500)...
[Atoms → Molecules] Found 2 molecules.
      [32m✓ All goal molecules found.[0m
        [32m✓ Missing molecule synthesis subproblem passed in 0.0s[0m
      Filtering reaction mnc_69 (69/500)...
[Atoms → Molecules] Found 2 molecules.
      [32m✓ All goal molecules found.[0m
        [32m✓ Missing molecule synthesis subproblem passed in 0.0s[0m
      Filtering reaction mnc_70 (70/500)...
[Atoms → Molecules] Found 2 molecules.
      [32m✓ All goal molecules found.[0m
        [32m✓ Missing molecule synthesis subproblem passed in 0.0s[0m
      Filtering reaction mnc_71 (71/500)...
[Atoms → Molecules] Found 14 molecules.
      [32m✓ All goal molecules found.[0m
        [32m✓ Missing molecule synthesis subproblem passed in 0.01s[0m
      Filtering reaction mnc_72 (72/500)...
[Atoms → Molecules] Found 5 molecules.
      [32m✓ All goal molecules found.[0m
        [32m✓ Missing molecule synthesis subproblem passed in 0.0s[0m
      Filtering reaction mnc_73 (73/500)...
[Atoms → Molecules] Found 2 molecules.
      [32m✓ All goal molecules found.[0m
        [32m✓ Missing molecule synthesis subproblem passed in 0.0s[0m
      Filtering reaction mnc_74 (74/500)...
[Atoms → Molecules] Found 3 molecules.
      [32m✓ All goal molecules found.[0m
        [32m✓ Missing molecule synthesis subproblem passed in 0.0s[0m
      Filtering reaction mnc_75 (75/500)...
[Atoms → Molecules] Found 5 molecules.
      [32m✓ All goal molecules found.[0m
        [32m✓ Missing molecule synthesis subproblem passed in 0.0s[0m
      Filtering reaction mnc_76 (76/500)...
[Atoms → Molecules] Found 2 molecules.
      [32m✓ All goal molecules found.[0m
        [32m✓ Missing molecule synthesis subproblem passed in 0.0s[0m
      Filtering reaction mnc_77 (77/500)...
[Atoms → Molecules] Found 5 molecules.
      [32m✓ All goal molecules found.[0m
        [32m✓ Missing molecule synthesis subproblem passed in 0.01s[0m
      Filtering reaction mnc_78 (78/500)...
[Atoms → Molecules] Found 3 molecules.
      [32m✓ All goal molecules found.[0m
        [32m✓ Missing molecule synthesis subproblem passed in 0.0s[0m
      Filtering reaction mnc_79 (79/500)...
[Atoms → Molecules] Found 3 molecules.
      [32m✓ All goal molecules found.[0m
        [32m✓ Missing molecule synthesis subproblem passed in 0.0s[0m
      Filtering reaction mnc_80 (80/500)...
[Atoms → Molecules] Found 6 molecules.
      [32m✓ All goal molecules found.[0m
        [32m✓ Missing molecule synthesis subproblem passed in 0.01s[0m
      Filtering reaction mnc_81 (81/500)...
[Atoms → Molecules] Found 8 molecules.
      [32m✓ All goal molecules found.[0m
        [32m✓ Missing molecule synthesis subproblem passed in 0.01s[0m
      Filtering reaction mnc_82 (82/500)...
[Atoms → Molecules] Found 250 molecules.
      [31m✗ Missing goal molecules.[0m
        [31m✗ Missing molecule synthesis subproblem failed in 0.42s[0m
      Filtering reaction mnc_83 (83/500)...
[Atoms → Molecules] Found 2 molecules.
      [32m✓ All goal molecules found.[0m
        [32m✓ Missing molecule synthesis subproblem passed in 0.0s[0m
      Filtering reaction mnc_84 (84/500)...
[Atoms → Molecules] Found 2 molecules.
      [32m✓ All goal molecules found.[0m
        [32m✓ Missing molecule synthesis subproblem passed in 0.0s[0m
      Filtering reaction mnc_85 (85/500)...
[Atoms → Molecules] Found 6 molecules.
      [32m✓ All goal molecules found.[0m
        [32m✓ Missing molecule synthesis subproblem passed in 0.01s[0m
      Filtering reaction mnc_86 (86/500)...
[Atoms → Molecules] Found 2 molecules.
      [32m✓ All goal molecules found.[0m
        [32m✓ Missing molecule synthesis subproblem passed in 0.0s[0m
      Filtering reaction mnc_87 (87/500)...
[Atoms → Molecules] Found 5 molecules.
      [32m✓ All goal molecules found.[0m
        [32m✓ Missing molecule synthesis subproblem passed in 0.01s[0m
      Filtering reaction mnc_88 (88/500)...
[Atoms → Molecules] Found 2 molecules.
      [32m✓ All goal molecules found.[0m
        [32m✓ Missing molecule synthesis subproblem passed in 0.0s[0m
      Filtering reaction mnc_89 (89/500)...
[Atoms → Molecules] Found 5 molecules.
      [32m✓ All goal molecules found.[0m
        [32m✓ Missing molecule synthesis subproblem passed in 0.0s[0m
      Filtering reaction mnc_90 (90/500)...
[Atoms → Molecules] Found 12 molecules.
      [32m✓ All goal molecules found.[0m
        [32m✓ Missing molecule synthesis subproblem passed in 0.01s[0m
      Filtering reaction mnc_91 (91/500)...
[Atoms → Molecules] Found 250 molecules.
      [31m✗ Missing goal molecules.[0m
        [31m✗ Missing molecule synthesis subproblem failed in 0.34s[0m
      Filtering reaction mnc_92 (92/500)...
[Atoms → Molecules] Found 2 molecules.
      [32m✓ All goal molecules found.[0m
        [32m✓ Missing molecule synthesis subproblem passed in 0.0s[0m
      Filtering reaction mnc_93 (93/500)...
[Atoms → Molecules] Found 2 molecules.
      [32m✓ All goal molecules found.[0m
        [32m✓ Missing molecule synthesis subproblem passed in 0.0s[0m
      Filtering reaction mnc_94 (94/500)...
[Atoms → Molecules] Found 3 molecules.
      [32m✓ All goal molecules found.[0m
        [32m✓ Missing molecule synthesis subproblem passed in 0.0s[0m
      Filtering reaction mnc_95 (95/500)...
[Atoms → Molecules] Found 250 molecules.
      [31m✗ Missing goal molecules.[0m
        [31m✗ Missing molecule synthesis subproblem failed in 0.48s[0m
      Filtering reaction mnc_96 (96/500)...
[Atoms → Molecules] Found 10 molecules.
      [32m✓ All goal molecules found.[0m
        [32m✓ Missing molecule synthesis subproblem passed in 0.01s[0m
      Filtering reaction mnc_97 (97/500)...
[Atoms → Molecules] Found 5 molecules.
      [32m✓ All goal molecules found.[0m
        [32m✓ Missing molecule synthesis subproblem passed in 0.01s[0m
      Filtering reaction mnc_98 (98/500)...
[Atoms → Molecules] Found 12 molecules.
      [32m✓ All goal molecules found.[0m
        [32m✓ Missing molecule synthesis subproblem passed in 0.01s[0m
      Filtering reaction mnc_99 (99/500)...
[Atoms → Molecules] Found 2 molecules.
      [32m✓ All goal molecules found.[0m
        [32m✓ Missing molecule synthesis subproblem passed in 0.0s[0m
      Filtering reaction mnc_100 (100/500)...
[Atoms → Molecules] Found 5 molecules.
      [32m✓ All goal molecules found.[0m
        [32m✓ Missing molecule synthesis subproblem passed in 0.01s[0m
      Filtering reaction mnc_101 (101/500)...
[Atoms → Molecules] Found 5 molecules.
      [32m✓ All goal molecules found.[0m
        [32m✓ Missing molecule synthesis subproblem passed in 0.01s[0m
      Filtering reaction mnc_102 (102/500)...
[Atoms → Molecules] Found 7 molecules.
      [32m✓ All goal molecules found.[0m
        [32m✓ Missing molecule synthesis subproblem passed in 0.01s[0m
      Filtering reaction mnc_103 (103/500)...
[Atoms → Molecules] Found 10 molecules.
      [32m✓ All goal molecules found.[0m
        [32m✓ Missing molecule synthesis subproblem passed in 0.01s[0m
      Filtering reaction mnc_104 (104/500)...
[Atoms → Molecules] Found 2 molecules.
      [32m✓ All goal molecules found.[0m
        [32m✓ Missing molecule synthesis subproblem passed in 0.0s[0m
      Filtering reaction mnc_105 (105/500)...
[Atoms → Molecules] Found 2 molecules.
      [32m✓ All goal molecules found.[0m
        [32m✓ Missing molecule synthesis subproblem passed in 0.0s[0m
      Filtering reaction mnc_106 (106/500)...
[Atoms → Molecules] Found 2 molecules.
      [32m✓ All goal molecules found.[0m
        [32m✓ Missing molecule synthesis subproblem passed in 0.01s[0m
      Filtering reaction mnc_107 (107/500)...
[Atoms → Molecules] Found 10 molecules.
      [32m✓ All goal molecules found.[0m
        [32m✓ Missing molecule synthesis subproblem passed in 0.01s[0m
      Filtering reaction mnc_108 (108/500)...
[Atoms → Molecules] Found 2 molecules.
      [32m✓ All goal molecules found.[0m
        [32m✓ Missing molecule synthesis subproblem passed in 0.0s[0m
      Filtering reaction mnc_109 (109/500)...
[Atoms → Molecules] Found 2 molecules.
      [32m✓ All goal molecules found.[0m
        [32m✓ Missing molecule synthesis subproblem passed in 0.0s[0m
      Filtering reaction mnc_110 (110/500)...
[Atoms → Molecules] Found 2 molecules.
      [32m✓ All goal molecules found.[0m
        [32m✓ Missing molecule synthesis subproblem passed in 0.0s[0m
      Filtering reaction mnc_111 (111/500)...
[Atoms → Molecules] Found 2 molecules.
      [32m✓ All goal molecules found.[0m
        [32m✓ Missing molecule synthesis subproblem passed in 0.0s[0m
      Filtering reaction mnc_112 (112/500)...
[Atoms → Molecules] Found 2 molecules.
      [32m✓ All goal molecules found.[0m
        [32m✓ Missing molecule synthesis subproblem passed in 0.0s[0m
      Filtering reaction mnc_113 (113/500)...
[Atoms → Molecules] Found 1 molecules.
      [32m✓ All goal molecules found.[0m
        [32m✓ Missing molecule synthesis subproblem passed in 0.0s[0m
      Filtering reaction mnc_114 (114/500)...
[Atoms → Molecules] Found 5 molecules.
      [32m✓ All goal molecules found.[0m
        [32m✓ Missing molecule synthesis subproblem passed in 0.07s[0m
      Filtering reaction mnc_115 (115/500)...
[Atoms → Molecules] Found 2 molecules.
      [32m✓ All goal molecules found.[0m
        [32m✓ Missing molecule synthesis subproblem passed in 0.0s[0m
      Filtering reaction mnc_116 (116/500)...
[Atoms → Molecules] Found 12 molecules.
      [32m✓ All goal molecules found.[0m
        [32m✓ Missing molecule synthesis subproblem passed in 0.01s[0m
      Filtering reaction mnc_117 (117/500)...
[Atoms → Molecules] Found 9 molecules.
      [32m✓ All goal molecules found.[0m
        [32m✓ Missing molecule synthesis subproblem passed in 0.01s[0m
      Filtering reaction mnc_118 (118/500)...
[Atoms → Molecules] Found 2 molecules.
      [32m✓ All goal molecules found.[0m
        [32m✓ Missing molecule synthesis subproblem passed in 0.0s[0m
      Filtering reaction mnc_119 (119/500)...
[Atoms → Molecules] Found 2 molecules.
      [32m✓ All goal molecules found.[0m
        [32m✓ Missing molecule synthesis subproblem passed in 0.0s[0m
      Filtering reaction mnc_120 (120/500)...
[Atoms → Molecules] Found 5 molecules.
      [32m✓ All goal molecules found.[0m
        [32m✓ Missing molecule synthesis subproblem passed in 0.0s[0m
      Filtering reaction mnc_121 (121/500)...
[Atoms → Molecules] Found 2 molecules.
      [32m✓ All goal molecules found.[0m
        [32m✓ Missing molecule synthesis subproblem passed in 0.0s[0m
      Filtering reaction mnc_122 (122/500)...
[Atoms → Molecules] Found 250 molecules.
      [31m✗ Missing goal molecules.[0m
        [31m✗ Missing molecule synthesis subproblem failed in 0.4s[0m
      Filtering reaction mnc_123 (123/500)...
[Atoms → Molecules] Found 8 molecules.
      [32m✓ All goal molecules found.[0m
        [32m✓ Missing molecule synthesis subproblem passed in 0.01s[0m
      Filtering reaction mnc_124 (124/500)...
[Atoms → Molecules] Found 4 molecules.
      [32m✓ All goal molecules found.[0m
        [32m✓ Missing molecule synthesis subproblem passed in 0.0s[0m
      Filtering reaction mnc_125 (125/500)...
[Atoms → Molecules] Found 5 molecules.
      [32m✓ All goal molecules found.[0m
        [32m✓ Missing molecule synthesis subproblem passed in 0.0s[0m
      Filtering reaction mnc_126 (126/500)...
[Atoms → Molecules] Found 250 molecules.
      [31m✗ Missing goal molecules.[0m
        [31m✗ Missing molecule synthesis subproblem failed in 0.48s[0m
      Filtering reaction mnc_127 (127/500)...
[Atoms → Molecules] Found 2 molecules.
      [32m✓ All goal molecules found.[0m
        [32m✓ Missing molecule synthesis subproblem passed in 0.0s[0m
      Filtering reaction mnc_128 (128/500)...
[Atoms → Molecules] Found 5 molecules.
      [32m✓ All goal molecules found.[0m
        [32m✓ Missing molecule synthesis subproblem passed in 0.01s[0m
      Filtering reaction mnc_129 (129/500)...
[Atoms → Molecules] Found 15 molecules.
      [32m✓ All goal molecules found.[0m
        [32m✓ Missing molecule synthesis subproblem passed in 0.01s[0m
      Filtering reaction mnc_130 (130/500)...
[Atoms → Molecules] Found 2 molecules.
      [32m✓ All goal molecules found.[0m
        [32m✓ Missing molecule synthesis subproblem passed in 0.0s[0m
      Filtering reaction mnc_131 (131/500)...
[Atoms → Molecules] Found 6 molecules.
      [32m✓ All goal molecules found.[0m
        [32m✓ Missing molecule synthesis subproblem passed in 0.02s[0m
      Filtering reaction mnc_132 (132/500)...
[Atoms → Molecules] Found 12 molecules.
      [32m✓ All goal molecules found.[0m
        [32m✓ Missing molecule synthesis subproblem passed in 0.01s[0m
      Filtering reaction mnc_133 (133/500)...
[Atoms → Molecules] Found 2 molecules.
      [32m✓ All goal molecules found.[0m
        [32m✓ Missing molecule synthesis subproblem passed in 0.0s[0m
      Filtering reaction mnc_134 (134/500)...
[Atoms → Molecules] Found 2 molecules.
      [32m✓ All goal molecules found.[0m
        [32m✓ Missing molecule synthesis subproblem passed in 0.0s[0m
      Filtering reaction mnc_135 (135/500)...
[Atoms → Molecules] Found 5 molecules.
      [32m✓ All goal molecules found.[0m
        [32m✓ Missing molecule synthesis subproblem passed in 0.01s[0m
      Filtering reaction mnc_136 (136/500)...
[Atoms → Molecules] Found 2 molecules.
      [32m✓ All goal molecules found.[0m
        [32m✓ Missing molecule synthesis subproblem passed in 0.0s[0m
      Filtering reaction mnc_137 (137/500)...
[Atoms → Molecules] Found 3 molecules.
      [32m✓ All goal molecules found.[0m
        [32m✓ Missing molecule synthesis subproblem passed in 0.0s[0m
      Filtering reaction mnc_138 (138/500)...
[Atoms → Molecules] Found 2 molecules.
      [32m✓ All goal molecules found.[0m
        [32m✓ Missing molecule synthesis subproblem passed in 0.0s[0m
      Filtering reaction mnc_139 (139/500)...
[Atoms → Molecules] Found 5 molecules.
      [32m✓ All goal molecules found.[0m
        [32m✓ Missing molecule synthesis subproblem passed in 0.01s[0m
      Filtering reaction mnc_140 (140/500)...
[Atoms → Molecules] Found 6 molecules.
      [32m✓ All goal molecules found.[0m
        [32m✓ Missing molecule synthesis subproblem passed in 0.01s[0m
      Filtering reaction mnc_141 (141/500)...
[Atoms → Molecules] Found 2 molecules.
      [32m✓ All goal molecules found.[0m
        [32m✓ Missing molecule synthesis subproblem passed in 0.0s[0m
      Filtering reaction mnc_142 (142/500)...
[Atoms → Molecules] Found 2 molecules.
      [32m✓ All goal molecules found.[0m
        [32m✓ Missing molecule synthesis subproblem passed in 0.0s[0m
      Filtering reaction mnc_143 (143/500)...
[Atoms → Molecules] Found 6 molecules.
      [32m✓ All goal molecules found.[0m
        [32m✓ Missing molecule synthesis subproblem passed in 0.01s[0m
      Filtering reaction mnc_144 (144/500)...
[Atoms → Molecules] Found 2 molecules.
      [32m✓ All goal molecules found.[0m
        [32m✓ Missing molecule synthesis subproblem passed in 0.05s[0m
      Filtering reaction mnc_145 (145/500)...
[Atoms → Molecules] Found 1 molecules.
      [32m✓ All goal molecules found.[0m
        [32m✓ Missing molecule synthesis subproblem passed in 0.0s[0m
      Filtering reaction mnc_146 (146/500)...
[Atoms → Molecules] Found 2 molecules.
      [32m✓ All goal molecules found.[0m
        [32m✓ Missing molecule synthesis subproblem passed in 0.0s[0m
      Filtering reaction mnc_147 (147/500)...
[Atoms → Molecules] Found 6 molecules.
      [32m✓ All goal molecules found.[0m
        [32m✓ Missing molecule synthesis subproblem passed in 0.01s[0m
      Filtering reaction mnc_148 (148/500)...
[Atoms → Molecules] Found 5 molecules.
      [32m✓ All goal molecules found.[0m
        [32m✓ Missing molecule synthesis subproblem passed in 0.01s[0m
      Filtering reaction mnc_149 (149/500)...
[Atoms → Molecules] Found 5 molecules.
      [32m✓ All goal molecules found.[0m
        [32m✓ Missing molecule synthesis subproblem passed in 0.01s[0m
      Filtering reaction mnc_150 (150/500)...
[Atoms → Molecules] Found 2 molecules.
      [32m✓ All goal molecules found.[0m
        [32m✓ Missing molecule synthesis subproblem passed in 0.0s[0m
      Filtering reaction mnc_151 (151/500)...
[Atoms → Molecules] Found 2 molecules.
      [32m✓ All goal molecules found.[0m
        [32m✓ Missing molecule synthesis subproblem passed in 0.0s[0m
      Filtering reaction mnc_152 (152/500)...
[Atoms → Molecules] Found 2 molecules.
      [32m✓ All goal molecules found.[0m
        [32m✓ Missing molecule synthesis subproblem passed in 0.0s[0m
      Filtering reaction mnc_153 (153/500)...
[Atoms → Molecules] Found 1 molecules.
      [32m✓ All goal molecules found.[0m
        [32m✓ Missing molecule synthesis subproblem passed in 0.0s[0m
      Filtering reaction mnc_154 (154/500)...
[Atoms → Molecules] Found 9 molecules.
      [32m✓ All goal molecules found.[0m
        [32m✓ Missing molecule synthesis subproblem passed in 0.01s[0m
      Filtering reaction mnc_155 (155/500)...
[Atoms → Molecules] Found 2 molecules.
      [32m✓ All goal molecules found.[0m
        [32m✓ Missing molecule synthesis subproblem passed in 0.0s[0m
      Filtering reaction mnc_156 (156/500)...
[Atoms → Molecules] Found 2 molecules.
      [32m✓ All goal molecules found.[0m
        [32m✓ Missing molecule synthesis subproblem passed in 0.0s[0m
      Filtering reaction mnc_157 (157/500)...
[Atoms → Molecules] Found 9 molecules.
      [32m✓ All goal molecules found.[0m
        [32m✓ Missing molecule synthesis subproblem passed in 0.01s[0m
      Filtering reaction mnc_158 (158/500)...
[Atoms → Molecules] Found 12 molecules.
      [32m✓ All goal molecules found.[0m
        [32m✓ Missing molecule synthesis subproblem passed in 0.01s[0m
      Filtering reaction mnc_159 (159/500)...
[Atoms → Molecules] Found 3 molecules.
      [32m✓ All goal molecules found.[0m
        [32m✓ Missing molecule synthesis subproblem passed in 0.01s[0m
      Filtering reaction mnc_160 (160/500)...
[Atoms → Molecules] Found 2 molecules.
      [32m✓ All goal molecules found.[0m
        [32m✓ Missing molecule synthesis subproblem passed in 0.0s[0m
      Filtering reaction mnc_161 (161/500)...
[Atoms → Molecules] Found 250 molecules.
      [31m✗ Missing goal molecules.[0m
        [31m✗ Missing molecule synthesis subproblem failed in 0.57s[0m
      Filtering reaction mnc_162 (162/500)...
[Atoms → Molecules] Found 3 molecules.
      [32m✓ All goal molecules found.[0m
        [32m✓ Missing molecule synthesis subproblem passed in 0.01s[0m
      Filtering reaction mnc_163 (163/500)...
[Atoms → Molecules] Found 250 molecules.
      [31m✗ Missing goal molecules.[0m
        [31m✗ Missing molecule synthesis subproblem failed in 0.47s[0m
      Filtering reaction mnc_164 (164/500)...
[Atoms → Molecules] Found 5 molecules.
      [32m✓ All goal molecules found.[0m
        [32m✓ Missing molecule synthesis subproblem passed in 0.01s[0m
      Filtering reaction mnc_165 (165/500)...
[Atoms → Molecules] Found 2 molecules.
      [32m✓ All goal molecules found.[0m
        [32m✓ Missing molecule synthesis subproblem passed in 0.0s[0m
      Filtering reaction mnc_166 (166/500)...
[Atoms → Molecules] Found 250 molecules.
      [31m✗ Missing goal molecules.[0m
        [31m✗ Missing molecule synthesis subproblem failed in 0.47s[0m
      Filtering reaction mnc_167 (167/500)...
[Atoms → Molecules] Found 250 molecules.
      [31m✗ Missing goal molecules.[0m
        [31m✗ Missing molecule synthesis subproblem failed in 0.44s[0m
      Filtering reaction mnc_168 (168/500)...
[Atoms → Molecules] Found 2 molecules.
      [32m✓ All goal molecules found.[0m
        [32m✓ Missing molecule synthesis subproblem passed in 0.0s[0m
      Filtering reaction mnc_169 (169/500)...
[Atoms → Molecules] Found 2 molecules.
      [32m✓ All goal molecules found.[0m
        [32m✓ Missing molecule synthesis subproblem passed in 0.0s[0m
      Filtering reaction mnc_170 (170/500)...
[Atoms → Molecules] Found 2 molecules.
      [32m✓ All goal molecules found.[0m
        [32m✓ Missing molecule synthesis subproblem passed in 0.09s[0m
      Filtering reaction mnc_171 (171/500)...
[Atoms → Molecules] Found 4 molecules.
      [32m✓ All goal molecules found.[0m
        [32m✓ Missing molecule synthesis subproblem passed in 0.01s[0m
      Filtering reaction mnc_172 (172/500)...
[Atoms → Molecules] Found 10 molecules.
      [32m✓ All goal molecules found.[0m
        [32m✓ Missing molecule synthesis subproblem passed in 0.01s[0m
      Filtering reaction mnc_173 (173/500)...
[Atoms → Molecules] Found 5 molecules.
      [32m✓ All goal molecules found.[0m
        [32m✓ Missing molecule synthesis subproblem passed in 0.01s[0m
      Filtering reaction mnc_174 (174/500)...
[Atoms → Molecules] Found 2 molecules.
      [32m✓ All goal molecules found.[0m
        [32m✓ Missing molecule synthesis subproblem passed in 0.0s[0m
      Filtering reaction mnc_175 (175/500)...
[Atoms → Molecules] Found 2 molecules.
      [32m✓ All goal molecules found.[0m
        [32m✓ Missing molecule synthesis subproblem passed in 0.0s[0m
      Filtering reaction mnc_176 (176/500)...
[Atoms → Molecules] Found 250 molecules.
      [31m✗ Missing goal molecules.[0m
        [31m✗ Missing molecule synthesis subproblem failed in 0.48s[0m
      Filtering reaction mnc_177 (177/500)...
[Atoms → Molecules] Found 29 molecules.
      [32m✓ All goal molecules found.[0m
        [32m✓ Missing molecule synthesis subproblem passed in 0.02s[0m
      Filtering reaction mnc_178 (178/500)...
[Atoms → Molecules] Found 2 molecules.
      [32m✓ All goal molecules found.[0m
        [32m✓ Missing molecule synthesis subproblem passed in 0.0s[0m
      Filtering reaction mnc_179 (179/500)...
[Atoms → Molecules] Found 10 molecules.
      [32m✓ All goal molecules found.[0m
        [32m✓ Missing molecule synthesis subproblem passed in 0.01s[0m
      Filtering reaction mnc_180 (180/500)...
[Atoms → Molecules] Found 2 molecules.
      [32m✓ All goal molecules found.[0m
        [32m✓ Missing molecule synthesis subproblem passed in 0.0s[0m
      Filtering reaction mnc_181 (181/500)...
[Atoms → Molecules] Found 2 molecules.
      [32m✓ All goal molecules found.[0m
        [32m✓ Missing molecule synthesis subproblem passed in 0.0s[0m
      Filtering reaction mnc_182 (182/500)...
[Atoms → Molecules] Found 6 molecules.
      [32m✓ All goal molecules found.[0m
        [32m✓ Missing molecule synthesis subproblem passed in 0.01s[0m
      Filtering reaction mnc_183 (183/500)...
[Atoms → Molecules] Found 8 molecules.
      [32m✓ All goal molecules found.[0m
        [32m✓ Missing molecule synthesis subproblem passed in 0.08s[0m
      Filtering reaction mnc_184 (184/500)...
[Atoms → Molecules] Found 250 molecules.
      [31m✗ Missing goal molecules.[0m
        [31m✗ Missing molecule synthesis subproblem failed in 0.44s[0m
      Filtering reaction mnc_185 (185/500)...
[Atoms → Molecules] Found 3 molecules.
      [32m✓ All goal molecules found.[0m
        [32m✓ Missing molecule synthesis subproblem passed in 0.0s[0m
      Filtering reaction mnc_186 (186/500)...
[Atoms → Molecules] Found 2 molecules.
      [32m✓ All goal molecules found.[0m
        [32m✓ Missing molecule synthesis subproblem passed in 0.0s[0m
      Filtering reaction mnc_187 (187/500)...
[Atoms → Molecules] Found 250 molecules.
      [31m✗ Missing goal molecules.[0m
        [31m✗ Missing molecule synthesis subproblem failed in 0.47s[0m
      Filtering reaction mnc_188 (188/500)...
[Atoms → Molecules] Found 15 molecules.
      [32m✓ All goal molecules found.[0m
        [32m✓ Missing molecule synthesis subproblem passed in 0.02s[0m
      Filtering reaction mnc_189 (189/500)...
[Atoms → Molecules] Found 5 molecules.
      [32m✓ All goal molecules found.[0m
        [32m✓ Missing molecule synthesis subproblem passed in 0.01s[0m
      Filtering reaction mnc_190 (190/500)...
[Atoms → Molecules] Found 3 molecules.
      [32m✓ All goal molecules found.[0m
        [32m✓ Missing molecule synthesis subproblem passed in 0.01s[0m
      Filtering reaction mnc_191 (191/500)...
[Atoms → Molecules] Found 2 molecules.
      [32m✓ All goal molecules found.[0m
        [32m✓ Missing molecule synthesis subproblem passed in 0.0s[0m
      Filtering reaction mnc_192 (192/500)...
[Atoms → Molecules] Found 5 molecules.
      [32m✓ All goal molecules found.[0m
        [32m✓ Missing molecule synthesis subproblem passed in 0.01s[0m
      Filtering reaction mnc_193 (193/500)...
[Atoms → Molecules] Found 3 molecules.
      [32m✓ All goal molecules found.[0m
        [32m✓ Missing molecule synthesis subproblem passed in 0.0s[0m
      Filtering reaction mnc_194 (194/500)...
[Atoms → Molecules] Found 54 molecules.
      [32m✓ All goal molecules found.[0m
        [32m✓ Missing molecule synthesis subproblem passed in 0.08s[0m
      Filtering reaction mnc_195 (195/500)...
[Atoms → Molecules] Found 2 molecules.
      [32m✓ All goal molecules found.[0m
        [32m✓ Missing molecule synthesis subproblem passed in 0.0s[0m
      Filtering reaction mnc_196 (196/500)...
[Atoms → Molecules] Found 9 molecules.
      [32m✓ All goal molecules found.[0m
        [32m✓ Missing molecule synthesis subproblem passed in 0.01s[0m
      Filtering reaction mnc_197 (197/500)...
[Atoms → Molecules] Found 1 molecules.
      [32m✓ All goal molecules found.[0m
        [32m✓ Missing molecule synthesis subproblem passed in 0.0s[0m
      Filtering reaction mnc_198 (198/500)...
[Atoms → Molecules] Found 5 molecules.
      [32m✓ All goal molecules found.[0m
        [32m✓ Missing molecule synthesis subproblem passed in 0.0s[0m
      Filtering reaction mnc_199 (199/500)...
[Atoms → Molecules] Found 2 molecules.
      [32m✓ All goal molecules found.[0m
        [32m✓ Missing molecule synthesis subproblem passed in 0.0s[0m
      Filtering reaction mnc_200 (200/500)...
[Atoms → Molecules] Found 20 molecules.
      [32m✓ All goal molecules found.[0m
        [32m✓ Missing molecule synthesis subproblem passed in 0.02s[0m
      Filtering reaction mnc_201 (201/500)...
[Atoms → Molecules] Found 6 molecules.
      [32m✓ All goal molecules found.[0m
        [32m✓ Missing molecule synthesis subproblem passed in 0.01s[0m
      Filtering reaction mnc_202 (202/500)...
[Atoms → Molecules] Found 2 molecules.
      [32m✓ All goal molecules found.[0m
        [32m✓ Missing molecule synthesis subproblem passed in 0.0s[0m
      Filtering reaction mnc_203 (203/500)...
[Atoms → Molecules] Found 2 molecules.
      [32m✓ All goal molecules found.[0m
        [32m✓ Missing molecule synthesis subproblem passed in 0.0s[0m
      Filtering reaction mnc_204 (204/500)...
[Atoms → Molecules] Found 2 molecules.
      [32m✓ All goal molecules found.[0m
        [32m✓ Missing molecule synthesis subproblem passed in 0.0s[0m
      Filtering reaction mnc_205 (205/500)...
[Atoms → Molecules] Found 12 molecules.
      [32m✓ All goal molecules found.[0m
        [32m✓ Missing molecule synthesis subproblem passed in 0.01s[0m
      Filtering reaction mnc_206 (206/500)...
[Atoms → Molecules] Found 2 molecules.
      [32m✓ All goal molecules found.[0m
        [32m✓ Missing molecule synthesis subproblem passed in 0.0s[0m
      Filtering reaction mnc_207 (207/500)...
[Atoms → Molecules] Found 3 molecules.
      [32m✓ All goal molecules found.[0m
        [32m✓ Missing molecule synthesis subproblem passed in 0.0s[0m
      Filtering reaction mnc_208 (208/500)...
[Atoms → Molecules] Found 2 molecules.
      [32m✓ All goal molecules found.[0m
        [32m✓ Missing molecule synthesis subproblem passed in 0.0s[0m
      Filtering reaction mnc_209 (209/500)...
[Atoms → Molecules] Found 2 molecules.
      [32m✓ All goal molecules found.[0m
        [32m✓ Missing molecule synthesis subproblem passed in 0.0s[0m
      Filtering reaction mnc_210 (210/500)...
[Atoms → Molecules] Found 5 molecules.
      [32m✓ All goal molecules found.[0m
        [32m✓ Missing molecule synthesis subproblem passed in 0.04s[0m
      Filtering reaction mnc_211 (211/500)...
[Atoms → Molecules] Found 1 molecules.
      [32m✓ All goal molecules found.[0m
        [32m✓ Missing molecule synthesis subproblem passed in 0.0s[0m
      Filtering reaction mnc_212 (212/500)...
[Atoms → Molecules] Found 2 molecules.
      [32m✓ All goal molecules found.[0m
        [32m✓ Missing molecule synthesis subproblem passed in 0.0s[0m
      Filtering reaction mnc_213 (213/500)...
[Atoms → Molecules] Found 10 molecules.
      [32m✓ All goal molecules found.[0m
        [32m✓ Missing molecule synthesis subproblem passed in 0.01s[0m
      Filtering reaction mnc_214 (214/500)...
[Atoms → Molecules] Found 250 molecules.
      [31m✗ Missing goal molecules.[0m
        [31m✗ Missing molecule synthesis subproblem failed in 0.34s[0m
      Filtering reaction mnc_215 (215/500)...
[Atoms → Molecules] Found 2 molecules.
      [32m✓ All goal molecules found.[0m
        [32m✓ Missing molecule synthesis subproblem passed in 0.0s[0m
      Filtering reaction mnc_216 (216/500)...
[Atoms → Molecules] Found 2 molecules.
      [32m✓ All goal molecules found.[0m
        [32m✓ Missing molecule synthesis subproblem passed in 0.0s[0m
      Filtering reaction mnc_217 (217/500)...
[Atoms → Molecules] Found 2 molecules.
      [32m✓ All goal molecules found.[0m
        [32m✓ Missing molecule synthesis subproblem passed in 0.0s[0m
      Filtering reaction mnc_218 (218/500)...
[Atoms → Molecules] Found 6 molecules.
      [32m✓ All goal molecules found.[0m
        [32m✓ Missing molecule synthesis subproblem passed in 0.01s[0m
      Filtering reaction mnc_219 (219/500)...
[Atoms → Molecules] Found 2 molecules.
      [32m✓ All goal molecules found.[0m
        [32m✓ Missing molecule synthesis subproblem passed in 0.0s[0m
      Filtering reaction mnc_220 (220/500)...
[Atoms → Molecules] Found 1 molecules.
      [32m✓ All goal molecules found.[0m
        [32m✓ Missing molecule synthesis subproblem passed in 0.0s[0m
      Filtering reaction mnc_221 (221/500)...
[Atoms → Molecules] Found 9 molecules.
      [32m✓ All goal molecules found.[0m
        [32m✓ Missing molecule synthesis subproblem passed in 0.01s[0m
      Filtering reaction mnc_222 (222/500)...
[Atoms → Molecules] Found 2 molecules.
      [32m✓ All goal molecules found.[0m
        [32m✓ Missing molecule synthesis subproblem passed in 0.0s[0m
      Filtering reaction mnc_223 (223/500)...
[Atoms → Molecules] Found 12 molecules.
      [32m✓ All goal molecules found.[0m
        [32m✓ Missing molecule synthesis subproblem passed in 0.01s[0m
      Filtering reaction mnc_224 (224/500)...
[Atoms → Molecules] Found 2 molecules.
      [32m✓ All goal molecules found.[0m
        [32m✓ Missing molecule synthesis subproblem passed in 0.0s[0m
      Filtering reaction mnc_225 (225/500)...
[Atoms → Molecules] Found 18 molecules.
      [32m✓ All goal molecules found.[0m
        [32m✓ Missing molecule synthesis subproblem passed in 0.01s[0m
      Filtering reaction mnc_226 (226/500)...
[Atoms → Molecules] Found 2 molecules.
      [32m✓ All goal molecules found.[0m
        [32m✓ Missing molecule synthesis subproblem passed in 0.06s[0m
      Filtering reaction mnc_227 (227/500)...
[Atoms → Molecules] Found 4 molecules.
      [32m✓ All goal molecules found.[0m
        [32m✓ Missing molecule synthesis subproblem passed in 0.01s[0m
      Filtering reaction mnc_228 (228/500)...
[Atoms → Molecules] Found 2 molecules.
      [32m✓ All goal molecules found.[0m
        [32m✓ Missing molecule synthesis subproblem passed in 0.0s[0m
      Filtering reaction mnc_229 (229/500)...
[Atoms → Molecules] Found 250 molecules.
      [31m✗ Missing goal molecules.[0m
        [31m✗ Missing molecule synthesis subproblem failed in 0.43s[0m
      Filtering reaction mnc_230 (230/500)...
[Atoms → Molecules] Found 9 molecules.
      [32m✓ All goal molecules found.[0m
        [32m✓ Missing molecule synthesis subproblem passed in 0.01s[0m
      Filtering reaction mnc_231 (231/500)...
[Atoms → Molecules] Found 2 molecules.
      [32m✓ All goal molecules found.[0m
        [32m✓ Missing molecule synthesis subproblem passed in 0.0s[0m
      Filtering reaction mnc_232 (232/500)...
[Atoms → Molecules] Found 14 molecules.
      [32m✓ All goal molecules found.[0m
        [32m✓ Missing molecule synthesis subproblem passed in 0.01s[0m
      Filtering reaction mnc_233 (233/500)...
[Atoms → Molecules] Found 9 molecules.
      [32m✓ All goal molecules found.[0m
        [32m✓ Missing molecule synthesis subproblem passed in 0.0s[0m
      Filtering reaction mnc_234 (234/500)...
[Atoms → Molecules] Found 2 molecules.
      [32m✓ All goal molecules found.[0m
        [32m✓ Missing molecule synthesis subproblem passed in 0.0s[0m
      Filtering reaction mnc_235 (235/500)...
[Atoms → Molecules] Found 250 molecules.
      [31m✗ Missing goal molecules.[0m
        [31m✗ Missing molecule synthesis subproblem failed in 0.55s[0m
      Filtering reaction mnc_236 (236/500)...
[Atoms → Molecules] Found 5 molecules.
      [32m✓ All goal molecules found.[0m
        [32m✓ Missing molecule synthesis subproblem passed in 0.0s[0m
      Filtering reaction mnc_237 (237/500)...
[Atoms → Molecules] Found 2 molecules.
      [32m✓ All goal molecules found.[0m
        [32m✓ Missing molecule synthesis subproblem passed in 0.0s[0m
      Filtering reaction mnc_238 (238/500)...
[Atoms → Molecules] Found 6 molecules.
      [32m✓ All goal molecules found.[0m
        [32m✓ Missing molecule synthesis subproblem passed in 0.01s[0m
      Filtering reaction mnc_239 (239/500)...
[Atoms → Molecules] Found 2 molecules.
      [32m✓ All goal molecules found.[0m
        [32m✓ Missing molecule synthesis subproblem passed in 0.0s[0m
      Filtering reaction mnc_240 (240/500)...
[Atoms → Molecules] Found 2 molecules.
      [32m✓ All goal molecules found.[0m
        [32m✓ Missing molecule synthesis subproblem passed in 0.0s[0m
      Filtering reaction mnc_241 (241/500)...
[Atoms → Molecules] Found 6 molecules.
      [32m✓ All goal molecules found.[0m
        [32m✓ Missing molecule synthesis subproblem passed in 0.01s[0m
      Filtering reaction mnc_242 (242/500)...
[Atoms → Molecules] Found 3 molecules.
      [32m✓ All goal molecules found.[0m
        [32m✓ Missing molecule synthesis subproblem passed in 0.01s[0m
      Filtering reaction mnc_243 (243/500)...
[Atoms → Molecules] Found 6 molecules.
      [32m✓ All goal molecules found.[0m
        [32m✓ Missing molecule synthesis subproblem passed in 0.01s[0m
      Filtering reaction mnc_244 (244/500)...
[Atoms → Molecules] Found 2 molecules.
      [32m✓ All goal molecules found.[0m
        [32m✓ Missing molecule synthesis subproblem passed in 0.0s[0m
      Filtering reaction mnc_245 (245/500)...
[Atoms → Molecules] Found 2 molecules.
      [32m✓ All goal molecules found.[0m
        [32m✓ Missing molecule synthesis subproblem passed in 0.0s[0m
      Filtering reaction mnc_246 (246/500)...
[Atoms → Molecules] Found 5 molecules.
      [32m✓ All goal molecules found.[0m
        [32m✓ Missing molecule synthesis subproblem passed in 0.01s[0m
      Filtering reaction mnc_247 (247/500)...
[Atoms → Molecules] Found 2 molecules.
      [32m✓ All goal molecules found.[0m
        [32m✓ Missing molecule synthesis subproblem passed in 0.0s[0m
      Filtering reaction mnc_248 (248/500)...
[Atoms → Molecules] Found 250 molecules.
      [31m✗ Missing goal molecules.[0m
        [31m✗ Missing molecule synthesis subproblem failed in 0.47s[0m
      Filtering reaction mnc_249 (249/500)...
[Atoms → Molecules] Found 6 molecules.
      [32m✓ All goal molecules found.[0m
        [32m✓ Missing molecule synthesis subproblem passed in 0.01s[0m
      Filtering reaction mnc_250 (250/500)...
[Atoms → Molecules] Found 2 molecules.
      [32m✓ All goal molecules found.[0m
        [32m✓ Missing molecule synthesis subproblem passed in 0.0s[0m
      Filtering reaction mnc_251 (251/500)...
[Atoms → Molecules] Found 10 molecules.
      [32m✓ All goal molecules found.[0m
        [32m✓ Missing molecule synthesis subproblem passed in 0.01s[0m
      Filtering reaction mnc_252 (252/500)...
[Atoms → Molecules] Found 2 molecules.
      [32m✓ All goal molecules found.[0m
        [32m✓ Missing molecule synthesis subproblem passed in 0.0s[0m
      Filtering reaction mnc_253 (253/500)...
[Atoms → Molecules] Found 5 molecules.
      [32m✓ All goal molecules found.[0m
        [32m✓ Missing molecule synthesis subproblem passed in 0.01s[0m
      Filtering reaction mnc_254 (254/500)...
[Atoms → Molecules] Found 3 molecules.
      [32m✓ All goal molecules found.[0m
        [32m✓ Missing molecule synthesis subproblem passed in 0.0s[0m
      Filtering reaction mnc_255 (255/500)...
[Atoms → Molecules] Found 5 molecules.
      [32m✓ All goal molecules found.[0m
        [32m✓ Missing molecule synthesis subproblem passed in 0.0s[0m
      Filtering reaction mnc_256 (256/500)...
[Atoms → Molecules] Found 2 molecules.
      [32m✓ All goal molecules found.[0m
        [32m✓ Missing molecule synthesis subproblem passed in 0.0s[0m
      Filtering reaction mnc_257 (257/500)...
[Atoms → Molecules] Found 3 molecules.
      [32m✓ All goal molecules found.[0m
        [32m✓ Missing molecule synthesis subproblem passed in 0.0s[0m
      Filtering reaction mnc_258 (258/500)...
[Atoms → Molecules] Found 2 molecules.
      [32m✓ All goal molecules found.[0m
        [32m✓ Missing molecule synthesis subproblem passed in 0.0s[0m
      Filtering reaction mnc_259 (259/500)...
[Atoms → Molecules] Found 2 molecules.
      [32m✓ All goal molecules found.[0m
        [32m✓ Missing molecule synthesis subproblem passed in 0.0s[0m
      Filtering reaction mnc_260 (260/500)...
[Atoms → Molecules] Found 5 molecules.
      [32m✓ All goal molecules found.[0m
        [32m✓ Missing molecule synthesis subproblem passed in 0.01s[0m
      Filtering reaction mnc_261 (261/500)...
[Atoms → Molecules] Found 3 molecules.
      [32m✓ All goal molecules found.[0m
        [32m✓ Missing molecule synthesis subproblem passed in 0.0s[0m
      Filtering reaction mnc_262 (262/500)...
[Atoms → Molecules] Found 2 molecules.
      [32m✓ All goal molecules found.[0m
        [32m✓ Missing molecule synthesis subproblem passed in 0.0s[0m
      Filtering reaction mnc_263 (263/500)...
[Atoms → Molecules] Found 2 molecules.
      [32m✓ All goal molecules found.[0m
        [32m✓ Missing molecule synthesis subproblem passed in 0.0s[0m
      Filtering reaction mnc_264 (264/500)...
[Atoms → Molecules] Found 2 molecules.
      [32m✓ All goal molecules found.[0m
        [32m✓ Missing molecule synthesis subproblem passed in 0.0s[0m
      Filtering reaction mnc_265 (265/500)...
[Atoms → Molecules] Found 5 molecules.
      [32m✓ All goal molecules found.[0m
        [32m✓ Missing molecule synthesis subproblem passed in 0.0s[0m
      Filtering reaction mnc_266 (266/500)...
[Atoms → Molecules] Found 3 molecules.
      [32m✓ All goal molecules found.[0m
        [32m✓ Missing molecule synthesis subproblem passed in 0.0s[0m
      Filtering reaction mnc_267 (267/500)...
[Atoms → Molecules] Found 6 molecules.
      [32m✓ All goal molecules found.[0m
        [32m✓ Missing molecule synthesis subproblem passed in 0.05s[0m
      Filtering reaction mnc_268 (268/500)...
[Atoms → Molecules] Found 2 molecules.
      [32m✓ All goal molecules found.[0m
        [32m✓ Missing molecule synthesis subproblem passed in 0.0s[0m
      Filtering reaction mnc_269 (269/500)...
[Atoms → Molecules] Found 10 molecules.
      [32m✓ All goal molecules found.[0m
        [32m✓ Missing molecule synthesis subproblem passed in 0.01s[0m
      Filtering reaction mnc_270 (270/500)...
[Atoms → Molecules] Found 20 molecules.
      [32m✓ All goal molecules found.[0m
        [32m✓ Missing molecule synthesis subproblem passed in 0.02s[0m
      Filtering reaction mnc_271 (271/500)...
[Atoms → Molecules] Found 2 molecules.
      [32m✓ All goal molecules found.[0m
        [32m✓ Missing molecule synthesis subproblem passed in 0.0s[0m
      Filtering reaction mnc_272 (272/500)...
[Atoms → Molecules] Found 2 molecules.
      [32m✓ All goal molecules found.[0m
        [32m✓ Missing molecule synthesis subproblem passed in 0.0s[0m
      Filtering reaction mnc_273 (273/500)...
[Atoms → Molecules] Found 3 molecules.
      [32m✓ All goal molecules found.[0m
        [32m✓ Missing molecule synthesis subproblem passed in 0.0s[0m
      Filtering reaction mnc_274 (274/500)...
[Atoms → Molecules] Found 3 molecules.
      [32m✓ All goal molecules found.[0m
        [32m✓ Missing molecule synthesis subproblem passed in 0.0s[0m
      Filtering reaction mnc_275 (275/500)...
[Atoms → Molecules] Found 8 molecules.
      [32m✓ All goal molecules found.[0m
        [32m✓ Missing molecule synthesis subproblem passed in 0.01s[0m
      Filtering reaction mnc_276 (276/500)...
[Atoms → Molecules] Found 10 molecules.
      [32m✓ All goal molecules found.[0m
        [32m✓ Missing molecule synthesis subproblem passed in 0.01s[0m
      Filtering reaction mnc_277 (277/500)...
[Atoms → Molecules] Found 2 molecules.
      [32m✓ All goal molecules found.[0m
        [32m✓ Missing molecule synthesis subproblem passed in 0.0s[0m
      Filtering reaction mnc_278 (278/500)...
[Atoms → Molecules] Found 2 molecules.
      [32m✓ All goal molecules found.[0m
        [32m✓ Missing molecule synthesis subproblem passed in 0.0s[0m
      Filtering reaction mnc_279 (279/500)...
[Atoms → Molecules] Found 2 molecules.
      [32m✓ All goal molecules found.[0m
        [32m✓ Missing molecule synthesis subproblem passed in 0.0s[0m
      Filtering reaction mnc_280 (280/500)...
[Atoms → Molecules] Found 10 molecules.
      [32m✓ All goal molecules found.[0m
        [32m✓ Missing molecule synthesis subproblem passed in 0.01s[0m
      Filtering reaction mnc_281 (281/500)...
[Atoms → Molecules] Found 3 molecules.
      [32m✓ All goal molecules found.[0m
        [32m✓ Missing molecule synthesis subproblem passed in 0.0s[0m
      Filtering reaction mnc_282 (282/500)...
[Atoms → Molecules] Found 2 molecules.
      [32m✓ All goal molecules found.[0m
        [32m✓ Missing molecule synthesis subproblem passed in 0.0s[0m
      Filtering reaction mnc_283 (283/500)...
[Atoms → Molecules] Found 6 molecules.
      [32m✓ All goal molecules found.[0m
        [32m✓ Missing molecule synthesis subproblem passed in 0.01s[0m
      Filtering reaction mnc_284 (284/500)...
[Atoms → Molecules] Found 2 molecules.
      [32m✓ All goal molecules found.[0m
        [32m✓ Missing molecule synthesis subproblem passed in 0.0s[0m
      Filtering reaction mnc_285 (285/500)...
[Atoms → Molecules] Found 6 molecules.
      [32m✓ All goal molecules found.[0m
        [32m✓ Missing molecule synthesis subproblem passed in 0.04s[0m
      Filtering reaction mnc_286 (286/500)...
[Atoms → Molecules] Found 10 molecules.
      [32m✓ All goal molecules found.[0m
        [32m✓ Missing molecule synthesis subproblem passed in 0.01s[0m
      Filtering reaction mnc_287 (287/500)...
[Atoms → Molecules] Found 12 molecules.
      [32m✓ All goal molecules found.[0m
        [32m✓ Missing molecule synthesis subproblem passed in 0.01s[0m
      Filtering reaction mnc_288 (288/500)...
[Atoms → Molecules] Found 17 molecules.
      [32m✓ All goal molecules found.[0m
        [32m✓ Missing molecule synthesis subproblem passed in 0.02s[0m
      Filtering reaction mnc_289 (289/500)...
[Atoms → Molecules] Found 12 molecules.
      [32m✓ All goal molecules found.[0m
        [32m✓ Missing molecule synthesis subproblem passed in 0.01s[0m
      Filtering reaction mnc_290 (290/500)...
[Atoms → Molecules] Found 15 molecules.
      [32m✓ All goal molecules found.[0m
        [32m✓ Missing molecule synthesis subproblem passed in 0.01s[0m
      Filtering reaction mnc_291 (291/500)...
[Atoms → Molecules] Found 5 molecules.
      [32m✓ All goal molecules found.[0m
        [32m✓ Missing molecule synthesis subproblem passed in 0.0s[0m
      Filtering reaction mnc_292 (292/500)...
[Atoms → Molecules] Found 250 molecules.
      [31m✗ Missing goal molecules.[0m
        [31m✗ Missing molecule synthesis subproblem failed in 0.49s[0m
      Filtering reaction mnc_293 (293/500)...
[Atoms → Molecules] Found 2 molecules.
      [32m✓ All goal molecules found.[0m
        [32m✓ Missing molecule synthesis subproblem passed in 0.0s[0m
      Filtering reaction mnc_294 (294/500)...
[Atoms → Molecules] Found 10 molecules.
      [32m✓ All goal molecules found.[0m
        [32m✓ Missing molecule synthesis subproblem passed in 0.01s[0m
      Filtering reaction mnc_295 (295/500)...
[Atoms → Molecules] Found 5 molecules.
      [32m✓ All goal molecules found.[0m
        [32m✓ Missing molecule synthesis subproblem passed in 0.0s[0m
      Filtering reaction mnc_296 (296/500)...
[Atoms → Molecules] Found 2 molecules.
      [32m✓ All goal molecules found.[0m
        [32m✓ Missing molecule synthesis subproblem passed in 0.07s[0m
      Filtering reaction mnc_297 (297/500)...
[Atoms → Molecules] Found 6 molecules.
      [32m✓ All goal molecules found.[0m
        [32m✓ Missing molecule synthesis subproblem passed in 0.01s[0m
      Filtering reaction mnc_298 (298/500)...
[Atoms → Molecules] Found 2 molecules.
      [32m✓ All goal molecules found.[0m
        [32m✓ Missing molecule synthesis subproblem passed in 0.0s[0m
      Filtering reaction mnc_299 (299/500)...
[Atoms → Molecules] Found 5 molecules.
      [32m✓ All goal molecules found.[0m
        [32m✓ Missing molecule synthesis subproblem passed in 0.0s[0m
      Filtering reaction mnc_300 (300/500)...
[Atoms → Molecules] Found 3 molecules.
      [32m✓ All goal molecules found.[0m
        [32m✓ Missing molecule synthesis subproblem passed in 0.01s[0m
      Filtering reaction mnc_301 (301/500)...
[Atoms → Molecules] Found 2 molecules.
      [32m✓ All goal molecules found.[0m
        [32m✓ Missing molecule synthesis subproblem passed in 0.0s[0m
      Filtering reaction mnc_302 (302/500)...
[Atoms → Molecules] Found 5 molecules.
      [32m✓ All goal molecules found.[0m
        [32m✓ Missing molecule synthesis subproblem passed in 0.01s[0m
      Filtering reaction mnc_303 (303/500)...
[Atoms → Molecules] Found 3 molecules.
      [32m✓ All goal molecules found.[0m
        [32m✓ Missing molecule synthesis subproblem passed in 0.0s[0m
      Filtering reaction mnc_304 (304/500)...
[Atoms → Molecules] Found 6 molecules.
      [32m✓ All goal molecules found.[0m
        [32m✓ Missing molecule synthesis subproblem passed in 0.0s[0m
      Filtering reaction mnc_305 (305/500)...
[Atoms → Molecules] Found 6 molecules.
      [32m✓ All goal molecules found.[0m
        [32m✓ Missing molecule synthesis subproblem passed in 0.0s[0m
      Filtering reaction mnc_306 (306/500)...
[Atoms → Molecules] Found 17 molecules.
      [32m✓ All goal molecules found.[0m
        [32m✓ Missing molecule synthesis subproblem passed in 0.02s[0m
      Filtering reaction mnc_307 (307/500)...
[Atoms → Molecules] Found 5 molecules.
      [32m✓ All goal molecules found.[0m
        [32m✓ Missing molecule synthesis subproblem passed in 0.01s[0m
      Filtering reaction mnc_308 (308/500)...
[Atoms → Molecules] Found 2 molecules.
      [32m✓ All goal molecules found.[0m
        [32m✓ Missing molecule synthesis subproblem passed in 0.0s[0m
      Filtering reaction mnc_309 (309/500)...
[Atoms → Molecules] Found 2 molecules.
      [32m✓ All goal molecules found.[0m
        [32m✓ Missing molecule synthesis subproblem passed in 0.0s[0m
      Filtering reaction mnc_310 (310/500)...
[Atoms → Molecules] Found 2 molecules.
      [32m✓ All goal molecules found.[0m
        [32m✓ Missing molecule synthesis subproblem passed in 0.0s[0m
      Filtering reaction mnc_311 (311/500)...
[Atoms → Molecules] Found 3 molecules.
      [32m✓ All goal molecules found.[0m
        [32m✓ Missing molecule synthesis subproblem passed in 0.0s[0m
      Filtering reaction mnc_312 (312/500)...
[Atoms → Molecules] Found 10 molecules.
      [32m✓ All goal molecules found.[0m
        [32m✓ Missing molecule synthesis subproblem passed in 0.01s[0m
      Filtering reaction mnc_313 (313/500)...
[Atoms → Molecules] Found 2 molecules.
      [32m✓ All goal molecules found.[0m
        [32m✓ Missing molecule synthesis subproblem passed in 0.0s[0m
      Filtering reaction mnc_314 (314/500)...
[Atoms → Molecules] Found 2 molecules.
      [32m✓ All goal molecules found.[0m
        [32m✓ Missing molecule synthesis subproblem passed in 0.03s[0m
      Filtering reaction mnc_315 (315/500)...
[Atoms → Molecules] Found 5 molecules.
      [32m✓ All goal molecules found.[0m
        [32m✓ Missing molecule synthesis subproblem passed in 0.01s[0m
      Filtering reaction mnc_316 (316/500)...
[Atoms → Molecules] Found 3 molecules.
      [32m✓ All goal molecules found.[0m
        [32m✓ Missing molecule synthesis subproblem passed in 0.0s[0m
      Filtering reaction mnc_317 (317/500)...
[Atoms → Molecules] Found 5 molecules.
      [32m✓ All goal molecules found.[0m
        [32m✓ Missing molecule synthesis subproblem passed in 0.0s[0m
      Filtering reaction mnc_318 (318/500)...
[Atoms → Molecules] Found 250 molecules.
      [31m✗ Missing goal molecules.[0m
        [31m✗ Missing molecule synthesis subproblem failed in 0.39s[0m
      Filtering reaction mnc_319 (319/500)...
[Atoms → Molecules] Found 5 molecules.
      [32m✓ All goal molecules found.[0m
        [32m✓ Missing molecule synthesis subproblem passed in 0.01s[0m
      Filtering reaction mnc_320 (320/500)...
[Atoms → Molecules] Found 2 molecules.
      [32m✓ All goal molecules found.[0m
        [32m✓ Missing molecule synthesis subproblem passed in 0.0s[0m
      Filtering reaction mnc_321 (321/500)...
[Atoms → Molecules] Found 5 molecules.
      [32m✓ All goal molecules found.[0m
        [32m✓ Missing molecule synthesis subproblem passed in 0.01s[0m
      Filtering reaction mnc_322 (322/500)...
[Atoms → Molecules] Found 5 molecules.
      [32m✓ All goal molecules found.[0m
        [32m✓ Missing molecule synthesis subproblem passed in 0.01s[0m
      Filtering reaction mnc_323 (323/500)...
[Atoms → Molecules] Found 1 molecules.
      [32m✓ All goal molecules found.[0m
        [32m✓ Missing molecule synthesis subproblem passed in 0.0s[0m
      Filtering reaction mnc_324 (324/500)...
[Atoms → Molecules] Found 6 molecules.
      [32m✓ All goal molecules found.[0m
        [32m✓ Missing molecule synthesis subproblem passed in 0.01s[0m
      Filtering reaction mnc_325 (325/500)...
[Atoms → Molecules] Found 8 molecules.
      [32m✓ All goal molecules found.[0m
        [32m✓ Missing molecule synthesis subproblem passed in 0.01s[0m
      Filtering reaction mnc_326 (326/500)...
[Atoms → Molecules] Found 7 molecules.
      [32m✓ All goal molecules found.[0m
        [32m✓ Missing molecule synthesis subproblem passed in 0.01s[0m
      Filtering reaction mnc_327 (327/500)...
[Atoms → Molecules] Found 6 molecules.
      [32m✓ All goal molecules found.[0m
        [32m✓ Missing molecule synthesis subproblem passed in 0.01s[0m
      Filtering reaction mnc_328 (328/500)...
[Atoms → Molecules] Found 2 molecules.
      [32m✓ All goal molecules found.[0m
        [32m✓ Missing molecule synthesis subproblem passed in 0.0s[0m
      Filtering reaction mnc_329 (329/500)...
[Atoms → Molecules] Found 15 molecules.
      [32m✓ All goal molecules found.[0m
        [32m✓ Missing molecule synthesis subproblem passed in 0.08s[0m
      Filtering reaction mnc_330 (330/500)...
[Atoms → Molecules] Found 1 molecules.
      [32m✓ All goal molecules found.[0m
        [32m✓ Missing molecule synthesis subproblem passed in 0.0s[0m
      Filtering reaction mnc_331 (331/500)...
[Atoms → Molecules] Found 2 molecules.
      [32m✓ All goal molecules found.[0m
        [32m✓ Missing molecule synthesis subproblem passed in 0.0s[0m
      Filtering reaction mnc_332 (332/500)...
[Atoms → Molecules] Found 2 molecules.
      [32m✓ All goal molecules found.[0m
        [32m✓ Missing molecule synthesis subproblem passed in 0.0s[0m
      Filtering reaction mnc_333 (333/500)...
[Atoms → Molecules] Found 7 molecules.
      [32m✓ All goal molecules found.[0m
        [32m✓ Missing molecule synthesis subproblem passed in 0.01s[0m
      Filtering reaction mnc_334 (334/500)...
[Atoms → Molecules] Found 2 molecules.
      [32m✓ All goal molecules found.[0m
        [32m✓ Missing molecule synthesis subproblem passed in 0.01s[0m
      Filtering reaction mnc_335 (335/500)...
[Atoms → Molecules] Found 24 molecules.
      [32m✓ All goal molecules found.[0m
        [32m✓ Missing molecule synthesis subproblem passed in 0.02s[0m
      Filtering reaction mnc_336 (336/500)...
[Atoms → Molecules] Found 2 molecules.
      [32m✓ All goal molecules found.[0m
        [32m✓ Missing molecule synthesis subproblem passed in 0.0s[0m
      Filtering reaction mnc_337 (337/500)...
[Atoms → Molecules] Found 5 molecules.
      [32m✓ All goal molecules found.[0m
        [32m✓ Missing molecule synthesis subproblem passed in 0.0s[0m
      Filtering reaction mnc_338 (338/500)...
[Atoms → Molecules] Found 5 molecules.
      [32m✓ All goal molecules found.[0m
        [32m✓ Missing molecule synthesis subproblem passed in 0.01s[0m
      Filtering reaction mnc_339 (339/500)...
[Atoms → Molecules] Found 12 molecules.
      [32m✓ All goal molecules found.[0m
        [32m✓ Missing molecule synthesis subproblem passed in 0.01s[0m
      Filtering reaction mnc_340 (340/500)...
[Atoms → Molecules] Found 3 molecules.
      [32m✓ All goal molecules found.[0m
        [32m✓ Missing molecule synthesis subproblem passed in 0.0s[0m
      Filtering reaction mnc_341 (341/500)...
[Atoms → Molecules] Found 7 molecules.
      [32m✓ All goal molecules found.[0m
        [32m✓ Missing molecule synthesis subproblem passed in 0.01s[0m
      Filtering reaction mnc_342 (342/500)...
[Atoms → Molecules] Found 250 molecules.
      [31m✗ Missing goal molecules.[0m
        [31m✗ Missing molecule synthesis subproblem failed in 0.94s[0m
      Filtering reaction mnc_343 (343/500)...
[Atoms → Molecules] Found 5 molecules.
      [32m✓ All goal molecules found.[0m
        [32m✓ Missing molecule synthesis subproblem passed in 0.01s[0m
      Filtering reaction mnc_344 (344/500)...
[Atoms → Molecules] Found 3 molecules.
      [32m✓ All goal molecules found.[0m
        [32m✓ Missing molecule synthesis subproblem passed in 0.0s[0m
      Filtering reaction mnc_345 (345/500)...
[Atoms → Molecules] Found 5 molecules.
      [32m✓ All goal molecules found.[0m
        [32m✓ Missing molecule synthesis subproblem passed in 0.01s[0m
      Filtering reaction mnc_346 (346/500)...
[Atoms → Molecules] Found 2 molecules.
      [32m✓ All goal molecules found.[0m
        [32m✓ Missing molecule synthesis subproblem passed in 0.0s[0m
      Filtering reaction mnc_347 (347/500)...
[Atoms → Molecules] Found 2 molecules.
      [32m✓ All goal molecules found.[0m
        [32m✓ Missing molecule synthesis subproblem passed in 0.0s[0m
      Filtering reaction mnc_348 (348/500)...
[Atoms → Molecules] Found 7 molecules.
      [32m✓ All goal molecules found.[0m
        [32m✓ Missing molecule synthesis subproblem passed in 0.01s[0m
      Filtering reaction mnc_349 (349/500)...
[Atoms → Molecules] Found 2 molecules.
      [32m✓ All goal molecules found.[0m
        [32m✓ Missing molecule synthesis subproblem passed in 0.0s[0m
      Filtering reaction mnc_350 (350/500)...
[Atoms → Molecules] Found 8 molecules.
      [32m✓ All goal molecules found.[0m
        [32m✓ Missing molecule synthesis subproblem passed in 0.01s[0m
      Filtering reaction mnc_351 (351/500)...
[Atoms → Molecules] Found 7 molecules.
      [32m✓ All goal molecules found.[0m
        [32m✓ Missing molecule synthesis subproblem passed in 0.01s[0m
      Filtering reaction mnc_352 (352/500)...
[Atoms → Molecules] Found 97 molecules.
      [32m✓ All goal molecules found.[0m
        [32m✓ Missing molecule synthesis subproblem passed in 0.09s[0m
      Filtering reaction mnc_353 (353/500)...
[Atoms → Molecules] Found 15 molecules.
      [32m✓ All goal molecules found.[0m
        [32m✓ Missing molecule synthesis subproblem passed in 0.02s[0m
      Filtering reaction mnc_354 (354/500)...
[Atoms → Molecules] Found 2 molecules.
      [32m✓ All goal molecules found.[0m
        [32m✓ Missing molecule synthesis subproblem passed in 0.0s[0m
      Filtering reaction mnc_355 (355/500)...
[Atoms → Molecules] Found 12 molecules.
      [32m✓ All goal molecules found.[0m
        [32m✓ Missing molecule synthesis subproblem passed in 0.09s[0m
      Filtering reaction mnc_356 (356/500)...
[Atoms → Molecules] Found 3 molecules.
      [32m✓ All goal molecules found.[0m
        [32m✓ Missing molecule synthesis subproblem passed in 0.0s[0m
      Filtering reaction mnc_357 (357/500)...
[Atoms → Molecules] Found 8 molecules.
      [32m✓ All goal molecules found.[0m
        [32m✓ Missing molecule synthesis subproblem passed in 0.01s[0m
      Filtering reaction mnc_358 (358/500)...
[Atoms → Molecules] Found 6 molecules.
      [32m✓ All goal molecules found.[0m
        [32m✓ Missing molecule synthesis subproblem passed in 0.0s[0m
      Filtering reaction mnc_359 (359/500)...
[Atoms → Molecules] Found 2 molecules.
      [32m✓ All goal molecules found.[0m
        [32m✓ Missing molecule synthesis subproblem passed in 0.0s[0m
      Filtering reaction mnc_360 (360/500)...
[Atoms → Molecules] Found 2 molecules.
      [32m✓ All goal molecules found.[0m
        [32m✓ Missing molecule synthesis subproblem passed in 0.0s[0m
      Filtering reaction mnc_361 (361/500)...
[Atoms → Molecules] Found 17 molecules.
      [32m✓ All goal molecules found.[0m
        [32m✓ Missing molecule synthesis subproblem passed in 0.06s[0m
      Filtering reaction mnc_362 (362/500)...
[Atoms → Molecules] Found 10 molecules.
      [32m✓ All goal molecules found.[0m
        [32m✓ Missing molecule synthesis subproblem passed in 0.01s[0m
      Filtering reaction mnc_363 (363/500)...
[Atoms → Molecules] Found 9 molecules.
      [32m✓ All goal molecules found.[0m
        [32m✓ Missing molecule synthesis subproblem passed in 0.0s[0m
      Filtering reaction mnc_364 (364/500)...
[Atoms → Molecules] Found 10 molecules.
      [32m✓ All goal molecules found.[0m
        [32m✓ Missing molecule synthesis subproblem passed in 0.01s[0m
      Filtering reaction mnc_365 (365/500)...
[Atoms → Molecules] Found 2 molecules.
      [32m✓ All goal molecules found.[0m
        [32m✓ Missing molecule synthesis subproblem passed in 0.0s[0m
      Filtering reaction mnc_366 (366/500)...
[Atoms → Molecules] Found 2 molecules.
      [32m✓ All goal molecules found.[0m
        [32m✓ Missing molecule synthesis subproblem passed in 0.0s[0m
      Filtering reaction mnc_367 (367/500)...
[Atoms → Molecules] Found 3 molecules.
      [32m✓ All goal molecules found.[0m
        [32m✓ Missing molecule synthesis subproblem passed in 0.0s[0m
      Filtering reaction mnc_368 (368/500)...
[Atoms → Molecules] Found 2 molecules.
      [32m✓ All goal molecules found.[0m
        [32m✓ Missing molecule synthesis subproblem passed in 0.0s[0m
      Filtering reaction mnc_369 (369/500)...
[Atoms → Molecules] Found 8 molecules.
      [32m✓ All goal molecules found.[0m
        [32m✓ Missing molecule synthesis subproblem passed in 0.01s[0m
      Filtering reaction mnc_370 (370/500)...
[Atoms → Molecules] Found 5 molecules.
      [32m✓ All goal molecules found.[0m
        [32m✓ Missing molecule synthesis subproblem passed in 0.0s[0m
      Filtering reaction mnc_371 (371/500)...
[Atoms → Molecules] Found 2 molecules.
      [32m✓ All goal molecules found.[0m
        [32m✓ Missing molecule synthesis subproblem passed in 0.0s[0m
      Filtering reaction mnc_372 (372/500)...
[Atoms → Molecules] Found 17 molecules.
      [32m✓ All goal molecules found.[0m
        [32m✓ Missing molecule synthesis subproblem passed in 0.05s[0m
      Filtering reaction mnc_373 (373/500)...
[Atoms → Molecules] Found 5 molecules.
      [32m✓ All goal molecules found.[0m
        [32m✓ Missing molecule synthesis subproblem passed in 0.0s[0m
      Filtering reaction mnc_374 (374/500)...
[Atoms → Molecules] Found 8 molecules.
      [32m✓ All goal molecules found.[0m
        [32m✓ Missing molecule synthesis subproblem passed in 0.01s[0m
      Filtering reaction mnc_375 (375/500)...
[Atoms → Molecules] Found 6 molecules.
      [32m✓ All goal molecules found.[0m
        [32m✓ Missing molecule synthesis subproblem passed in 0.02s[0m
      Filtering reaction mnc_376 (376/500)...
[Atoms → Molecules] Found 2 molecules.
      [32m✓ All goal molecules found.[0m
        [32m✓ Missing molecule synthesis subproblem passed in 0.0s[0m
      Filtering reaction mnc_377 (377/500)...
[Atoms → Molecules] Found 5 molecules.
      [32m✓ All goal molecules found.[0m
        [32m✓ Missing molecule synthesis subproblem passed in 0.01s[0m
      Filtering reaction mnc_378 (378/500)...
[Atoms → Molecules] Found 2 molecules.
      [32m✓ All goal molecules found.[0m
        [32m✓ Missing molecule synthesis subproblem passed in 0.0s[0m
      Filtering reaction mnc_379 (379/500)...
[Atoms → Molecules] Found 2 molecules.
      [32m✓ All goal molecules found.[0m
        [32m✓ Missing molecule synthesis subproblem passed in 0.0s[0m
      Filtering reaction mnc_380 (380/500)...
[Atoms → Molecules] Found 3 molecules.
      [32m✓ All goal molecules found.[0m
        [32m✓ Missing molecule synthesis subproblem passed in 0.0s[0m
      Filtering reaction mnc_381 (381/500)...
[Atoms → Molecules] Found 2 molecules.
      [32m✓ All goal molecules found.[0m
        [32m✓ Missing molecule synthesis subproblem passed in 0.0s[0m
      Filtering reaction mnc_382 (382/500)...
[Atoms → Molecules] Found 250 molecules.
      [31m✗ Missing goal molecules.[0m
        [31m✗ Missing molecule synthesis subproblem failed in 0.33s[0m
      Filtering reaction mnc_383 (383/500)...
[Atoms → Molecules] Found 6 molecules.
      [32m✓ All goal molecules found.[0m
        [32m✓ Missing molecule synthesis subproblem passed in 0.01s[0m
      Filtering reaction mnc_384 (384/500)...
[Atoms → Molecules] Found 2 molecules.
      [32m✓ All goal molecules found.[0m
        [32m✓ Missing molecule synthesis subproblem passed in 0.0s[0m
      Filtering reaction mnc_385 (385/500)...
[Atoms → Molecules] Found 250 molecules.
      [31m✗ Missing goal molecules.[0m
        [31m✗ Missing molecule synthesis subproblem failed in 0.49s[0m
      Filtering reaction mnc_386 (386/500)...
[Atoms → Molecules] Found 14 molecules.
      [32m✓ All goal molecules found.[0m
        [32m✓ Missing molecule synthesis subproblem passed in 0.01s[0m
      Filtering reaction mnc_387 (387/500)...
[Atoms → Molecules] Found 8 molecules.
      [32m✓ All goal molecules found.[0m
        [32m✓ Missing molecule synthesis subproblem passed in 0.01s[0m
      Filtering reaction mnc_388 (388/500)...
[Atoms → Molecules] Found 5 molecules.
      [32m✓ All goal molecules found.[0m
        [32m✓ Missing molecule synthesis subproblem passed in 0.01s[0m
      Filtering reaction mnc_389 (389/500)...
[Atoms → Molecules] Found 6 molecules.
      [32m✓ All goal molecules found.[0m
        [32m✓ Missing molecule synthesis subproblem passed in 0.0s[0m
      Filtering reaction mnc_390 (390/500)...
[Atoms → Molecules] Found 5 molecules.
      [32m✓ All goal molecules found.[0m
        [32m✓ Missing molecule synthesis subproblem passed in 0.01s[0m
      Filtering reaction mnc_391 (391/500)...
[Atoms → Molecules] Found 2 molecules.
      [32m✓ All goal molecules found.[0m
        [32m✓ Missing molecule synthesis subproblem passed in 0.0s[0m
      Filtering reaction mnc_392 (392/500)...
[Atoms → Molecules] Found 2 molecules.
      [32m✓ All goal molecules found.[0m
        [32m✓ Missing molecule synthesis subproblem passed in 0.0s[0m
      Filtering reaction mnc_393 (393/500)...
[Atoms → Molecules] Found 8 molecules.
      [32m✓ All goal molecules found.[0m
        [32m✓ Missing molecule synthesis subproblem passed in 0.01s[0m
      Filtering reaction mnc_394 (394/500)...
[Atoms → Molecules] Found 2 molecules.
      [32m✓ All goal molecules found.[0m
        [32m✓ Missing molecule synthesis subproblem passed in 0.0s[0m
      Filtering reaction mnc_395 (395/500)...
[Atoms → Molecules] Found 5 molecules.
      [32m✓ All goal molecules found.[0m
        [32m✓ Missing molecule synthesis subproblem passed in 0.01s[0m
      Filtering reaction mnc_396 (396/500)...
[Atoms → Molecules] Found 2 molecules.
      [32m✓ All goal molecules found.[0m
        [32m✓ Missing molecule synthesis subproblem passed in 0.0s[0m
      Filtering reaction mnc_397 (397/500)...
[Atoms → Molecules] Found 2 molecules.
      [32m✓ All goal molecules found.[0m
        [32m✓ Missing molecule synthesis subproblem passed in 0.0s[0m
      Filtering reaction mnc_398 (398/500)...
[Atoms → Molecules] Found 3 molecules.
      [32m✓ All goal molecules found.[0m
        [32m✓ Missing molecule synthesis subproblem passed in 0.0s[0m
      Filtering reaction mnc_399 (399/500)...
[Atoms → Molecules] Found 7 molecules.
      [32m✓ All goal molecules found.[0m
        [32m✓ Missing molecule synthesis subproblem passed in 0.0s[0m
      Filtering reaction mnc_400 (400/500)...
[Atoms → Molecules] Found 2 molecules.
      [32m✓ All goal molecules found.[0m
        [32m✓ Missing molecule synthesis subproblem passed in 0.0s[0m
      Filtering reaction mnc_401 (401/500)...
[Atoms → Molecules] Found 2 molecules.
      [32m✓ All goal molecules found.[0m
        [32m✓ Missing molecule synthesis subproblem passed in 0.06s[0m
      Filtering reaction mnc_402 (402/500)...
[Atoms → Molecules] Found 2 molecules.
      [32m✓ All goal molecules found.[0m
        [32m✓ Missing molecule synthesis subproblem passed in 0.0s[0m
      Filtering reaction mnc_403 (403/500)...
[Atoms → Molecules] Found 2 molecules.
      [32m✓ All goal molecules found.[0m
        [32m✓ Missing molecule synthesis subproblem passed in 0.0s[0m
      Filtering reaction mnc_404 (404/500)...
[Atoms → Molecules] Found 5 molecules.
      [32m✓ All goal molecules found.[0m
        [32m✓ Missing molecule synthesis subproblem passed in 0.0s[0m
      Filtering reaction mnc_405 (405/500)...
[Atoms → Molecules] Found 9 molecules.
      [32m✓ All goal molecules found.[0m
        [32m✓ Missing molecule synthesis subproblem passed in 0.01s[0m
      Filtering reaction mnc_406 (406/500)...
[Atoms → Molecules] Found 5 molecules.
      [32m✓ All goal molecules found.[0m
        [32m✓ Missing molecule synthesis subproblem passed in 0.01s[0m
      Filtering reaction mnc_407 (407/500)...
[Atoms → Molecules] Found 2 molecules.
      [32m✓ All goal molecules found.[0m
        [32m✓ Missing molecule synthesis subproblem passed in 0.0s[0m
      Filtering reaction mnc_408 (408/500)...
[Atoms → Molecules] Found 2 molecules.
      [32m✓ All goal molecules found.[0m
        [32m✓ Missing molecule synthesis subproblem passed in 0.0s[0m
      Filtering reaction mnc_409 (409/500)...
[Atoms → Molecules] Found 2 molecules.
      [32m✓ All goal molecules found.[0m
        [32m✓ Missing molecule synthesis subproblem passed in 0.0s[0m
      Filtering reaction mnc_410 (410/500)...
[Atoms → Molecules] Found 2 molecules.
      [32m✓ All goal molecules found.[0m
        [32m✓ Missing molecule synthesis subproblem passed in 0.0s[0m
      Filtering reaction mnc_411 (411/500)...
[Atoms → Molecules] Found 17 molecules.
      [32m✓ All goal molecules found.[0m
        [32m✓ Missing molecule synthesis subproblem passed in 0.02s[0m
      Filtering reaction mnc_412 (412/500)...
[Atoms → Molecules] Found 5 molecules.
      [32m✓ All goal molecules found.[0m
        [32m✓ Missing molecule synthesis subproblem passed in 0.01s[0m
      Filtering reaction mnc_413 (413/500)...
[Atoms → Molecules] Found 2 molecules.
      [32m✓ All goal molecules found.[0m
        [32m✓ Missing molecule synthesis subproblem passed in 0.0s[0m
      Filtering reaction mnc_414 (414/500)...
[Atoms → Molecules] Found 6 molecules.
      [32m✓ All goal molecules found.[0m
        [32m✓ Missing molecule synthesis subproblem passed in 0.0s[0m
      Filtering reaction mnc_415 (415/500)...
[Atoms → Molecules] Found 2 molecules.
      [32m✓ All goal molecules found.[0m
        [32m✓ Missing molecule synthesis subproblem passed in 0.0s[0m
      Filtering reaction mnc_416 (416/500)...
[Atoms → Molecules] Found 10 molecules.
      [32m✓ All goal molecules found.[0m
        [32m✓ Missing molecule synthesis subproblem passed in 0.01s[0m
      Filtering reaction mnc_417 (417/500)...
[Atoms → Molecules] Found 5 molecules.
      [32m✓ All goal molecules found.[0m
        [32m✓ Missing molecule synthesis subproblem passed in 0.01s[0m
      Filtering reaction mnc_418 (418/500)...
[Atoms → Molecules] Found 250 molecules.
      [31m✗ Missing goal molecules.[0m
        [31m✗ Missing molecule synthesis subproblem failed in 0.49s[0m
      Filtering reaction mnc_419 (419/500)...
[Atoms → Molecules] Found 2 molecules.
      [32m✓ All goal molecules found.[0m
        [32m✓ Missing molecule synthesis subproblem passed in 0.0s[0m
      Filtering reaction mnc_420 (420/500)...
[Atoms → Molecules] Found 17 molecules.
      [32m✓ All goal molecules found.[0m
        [32m✓ Missing molecule synthesis subproblem passed in 0.02s[0m
      Filtering reaction mnc_421 (421/500)...
[Atoms → Molecules] Found 20 molecules.
      [32m✓ All goal molecules found.[0m
        [32m✓ Missing molecule synthesis subproblem passed in 0.02s[0m
      Filtering reaction mnc_422 (422/500)...
[Atoms → Molecules] Found 7 molecules.
      [32m✓ All goal molecules found.[0m
        [32m✓ Missing molecule synthesis subproblem passed in 0.01s[0m
      Filtering reaction mnc_423 (423/500)...
[Atoms → Molecules] Found 8 molecules.
      [32m✓ All goal molecules found.[0m
        [32m✓ Missing molecule synthesis subproblem passed in 0.01s[0m
      Filtering reaction mnc_424 (424/500)...
[Atoms → Molecules] Found 250 molecules.
      [31m✗ Missing goal molecules.[0m
        [31m✗ Missing molecule synthesis subproblem failed in 0.96s[0m
      Filtering reaction mnc_425 (425/500)...
[Atoms → Molecules] Found 2 molecules.
      [32m✓ All goal molecules found.[0m
        [32m✓ Missing molecule synthesis subproblem passed in 0.0s[0m
      Filtering reaction mnc_426 (426/500)...
[Atoms → Molecules] Found 8 molecules.
      [32m✓ All goal molecules found.[0m
        [32m✓ Missing molecule synthesis subproblem passed in 0.01s[0m
      Filtering reaction mnc_427 (427/500)...
[Atoms → Molecules] Found 2 molecules.
      [32m✓ All goal molecules found.[0m
        [32m✓ Missing molecule synthesis subproblem passed in 0.0s[0m
      Filtering reaction mnc_428 (428/500)...
[Atoms → Molecules] Found 12 molecules.
      [32m✓ All goal molecules found.[0m
        [32m✓ Missing molecule synthesis subproblem passed in 0.01s[0m
      Filtering reaction mnc_429 (429/500)...
[Atoms → Molecules] Found 2 molecules.
      [32m✓ All goal molecules found.[0m
        [32m✓ Missing molecule synthesis subproblem passed in 0.0s[0m
      Filtering reaction mnc_430 (430/500)...
[Atoms → Molecules] Found 250 molecules.
      [31m✗ Missing goal molecules.[0m
        [31m✗ Missing molecule synthesis subproblem failed in 0.38s[0m
      Filtering reaction mnc_431 (431/500)...
[Atoms → Molecules] Found 5 molecules.
      [32m✓ All goal molecules found.[0m
        [32m✓ Missing molecule synthesis subproblem passed in 0.01s[0m
      Filtering reaction mnc_432 (432/500)...
[Atoms → Molecules] Found 2 molecules.
      [32m✓ All goal molecules found.[0m
        [32m✓ Missing molecule synthesis subproblem passed in 0.0s[0m
      Filtering reaction mnc_433 (433/500)...
[Atoms → Molecules] Found 2 molecules.
      [32m✓ All goal molecules found.[0m
        [32m✓ Missing molecule synthesis subproblem passed in 0.0s[0m
      Filtering reaction mnc_434 (434/500)...
[Atoms → Molecules] Found 10 molecules.
      [32m✓ All goal molecules found.[0m
        [32m✓ Missing molecule synthesis subproblem passed in 0.1s[0m
      Filtering reaction mnc_435 (435/500)...
[Atoms → Molecules] Found 2 molecules.
      [32m✓ All goal molecules found.[0m
        [32m✓ Missing molecule synthesis subproblem passed in 0.0s[0m
      Filtering reaction mnc_436 (436/500)...
[Atoms → Molecules] Found 250 molecules.
      [31m✗ Missing goal molecules.[0m
        [31m✗ Missing molecule synthesis subproblem failed in 0.11s[0m
      Filtering reaction mnc_437 (437/500)...
[Atoms → Molecules] Found 5 molecules.
      [32m✓ All goal molecules found.[0m
        [32m✓ Missing molecule synthesis subproblem passed in 0.01s[0m
      Filtering reaction mnc_438 (438/500)...
[Atoms → Molecules] Found 2 molecules.
      [32m✓ All goal molecules found.[0m
        [32m✓ Missing molecule synthesis subproblem passed in 0.0s[0m
      Filtering reaction mnc_439 (439/500)...
[Atoms → Molecules] Found 5 molecules.
      [32m✓ All goal molecules found.[0m
        [32m✓ Missing molecule synthesis subproblem passed in 0.0s[0m
      Filtering reaction mnc_440 (440/500)...
[Atoms → Molecules] Found 1 molecules.
      [32m✓ All goal molecules found.[0m
        [32m✓ Missing molecule synthesis subproblem passed in 0.0s[0m
      Filtering reaction mnc_441 (441/500)...
[Atoms → Molecules] Found 250 molecules.
      [31m✗ Missing goal molecules.[0m
        [31m✗ Missing molecule synthesis subproblem failed in 0.3s[0m
      Filtering reaction mnc_442 (442/500)...
[Atoms → Molecules] Found 2 molecules.
      [32m✓ All goal molecules found.[0m
        [32m✓ Missing molecule synthesis subproblem passed in 0.0s[0m
      Filtering reaction mnc_443 (443/500)...
[Atoms → Molecules] Found 3 molecules.
      [32m✓ All goal molecules found.[0m
        [32m✓ Missing molecule synthesis subproblem passed in 0.0s[0m
      Filtering reaction mnc_444 (444/500)...
[Atoms → Molecules] Found 2 molecules.
      [32m✓ All goal molecules found.[0m
        [32m✓ Missing molecule synthesis subproblem passed in 0.0s[0m
      Filtering reaction mnc_445 (445/500)...
[Atoms → Molecules] Found 3 molecules.
      [32m✓ All goal molecules found.[0m
        [32m✓ Missing molecule synthesis subproblem passed in 0.01s[0m
      Filtering reaction mnc_446 (446/500)...
[Atoms → Molecules] Found 2 molecules.
      [32m✓ All goal molecules found.[0m
        [32m✓ Missing molecule synthesis subproblem passed in 0.0s[0m
      Filtering reaction mnc_447 (447/500)...
[Atoms → Molecules] Found 250 molecules.
      [31m✗ Missing goal molecules.[0m
        [31m✗ Missing molecule synthesis subproblem failed in 0.94s[0m
      Filtering reaction mnc_448 (448/500)...
[Atoms → Molecules] Found 8 molecules.
      [32m✓ All goal molecules found.[0m
        [32m✓ Missing molecule synthesis subproblem passed in 0.09s[0m
      Filtering reaction mnc_449 (449/500)...
[Atoms → Molecules] Found 5 molecules.
      [32m✓ All goal molecules found.[0m
        [32m✓ Missing molecule synthesis subproblem passed in 0.01s[0m
      Filtering reaction mnc_450 (450/500)...
[Atoms → Molecules] Found 2 molecules.
      [32m✓ All goal molecules found.[0m
        [32m✓ Missing molecule synthesis subproblem passed in 0.0s[0m
      Filtering reaction mnc_451 (451/500)...
[Atoms → Molecules] Found 250 molecules.
      [31m✗ Missing goal molecules.[0m
        [31m✗ Missing molecule synthesis subproblem failed in 0.34s[0m
      Filtering reaction mnc_452 (452/500)...
[Atoms → Molecules] Found 3 molecules.
      [32m✓ All goal molecules found.[0m
        [32m✓ Missing molecule synthesis subproblem passed in 0.0s[0m
      Filtering reaction mnc_453 (453/500)...
[Atoms → Molecules] Found 2 molecules.
      [32m✓ All goal molecules found.[0m
        [32m✓ Missing molecule synthesis subproblem passed in 0.0s[0m
      Filtering reaction mnc_454 (454/500)...
[Atoms → Molecules] Found 3 molecules.
      [32m✓ All goal molecules found.[0m
        [32m✓ Missing molecule synthesis subproblem passed in 0.0s[0m
      Filtering reaction mnc_455 (455/500)...
[Atoms → Molecules] Found 5 molecules.
      [32m✓ All goal molecules found.[0m
        [32m✓ Missing molecule synthesis subproblem passed in 0.01s[0m
      Filtering reaction mnc_456 (456/500)...
[Atoms → Molecules] Found 12 molecules.
      [32m✓ All goal molecules found.[0m
        [32m✓ Missing molecule synthesis subproblem passed in 0.01s[0m
      Filtering reaction mnc_457 (457/500)...
[Atoms → Molecules] Found 5 molecules.
      [32m✓ All goal molecules found.[0m
        [32m✓ Missing molecule synthesis subproblem passed in 0.0s[0m
      Filtering reaction mnc_458 (458/500)...
[Atoms → Molecules] Found 5 molecules.
      [32m✓ All goal molecules found.[0m
        [32m✓ Missing molecule synthesis subproblem passed in 0.0s[0m
      Filtering reaction mnc_459 (459/500)...
[Atoms → Molecules] Found 250 molecules.
      [31m✗ Missing goal molecules.[0m
        [31m✗ Missing molecule synthesis subproblem failed in 0.47s[0m
      Filtering reaction mnc_460 (460/500)...
[Atoms → Molecules] Found 2 molecules.
      [32m✓ All goal molecules found.[0m
        [32m✓ Missing molecule synthesis subproblem passed in 0.0s[0m
      Filtering reaction mnc_461 (461/500)...
[Atoms → Molecules] Found 2 molecules.
      [32m✓ All goal molecules found.[0m
        [32m✓ Missing molecule synthesis subproblem passed in 0.0s[0m
      Filtering reaction mnc_462 (462/500)...
[Atoms → Molecules] Found 15 molecules.
      [32m✓ All goal molecules found.[0m
        [32m✓ Missing molecule synthesis subproblem passed in 0.01s[0m
      Filtering reaction mnc_463 (463/500)...
[Atoms → Molecules] Found 2 molecules.
      [32m✓ All goal molecules found.[0m
        [32m✓ Missing molecule synthesis subproblem passed in 0.0s[0m
      Filtering reaction mnc_464 (464/500)...
[Atoms → Molecules] Found 1 molecules.
      [32m✓ All goal molecules found.[0m
        [32m✓ Missing molecule synthesis subproblem passed in 0.0s[0m
      Filtering reaction mnc_465 (465/500)...
[Atoms → Molecules] Found 5 molecules.
      [32m✓ All goal molecules found.[0m
        [32m✓ Missing molecule synthesis subproblem passed in 0.0s[0m
      Filtering reaction mnc_466 (466/500)...
[Atoms → Molecules] Found 3 molecules.
      [32m✓ All goal molecules found.[0m
        [32m✓ Missing molecule synthesis subproblem passed in 0.0s[0m
      Filtering reaction mnc_467 (467/500)...
[Atoms → Molecules] Found 2 molecules.
      [32m✓ All goal molecules found.[0m
        [32m✓ Missing molecule synthesis subproblem passed in 0.0s[0m
      Filtering reaction mnc_468 (468/500)...
[Atoms → Molecules] Found 8 molecules.
      [32m✓ All goal molecules found.[0m
        [32m✓ Missing molecule synthesis subproblem passed in 0.01s[0m
      Filtering reaction mnc_469 (469/500)...
[Atoms → Molecules] Found 14 molecules.
      [32m✓ All goal molecules found.[0m
        [32m✓ Missing molecule synthesis subproblem passed in 0.02s[0m
      Filtering reaction mnc_470 (470/500)...
[Atoms → Molecules] Found 8 molecules.
      [32m✓ All goal molecules found.[0m
        [32m✓ Missing molecule synthesis subproblem passed in 0.01s[0m
      Filtering reaction mnc_471 (471/500)...
[Atoms → Molecules] Found 40 molecules.
      [32m✓ All goal molecules found.[0m
        [32m✓ Missing molecule synthesis subproblem passed in 0.07s[0m
      Filtering reaction mnc_472 (472/500)...
[Atoms → Molecules] Found 2 molecules.
      [32m✓ All goal molecules found.[0m
        [32m✓ Missing molecule synthesis subproblem passed in 0.0s[0m
      Filtering reaction mnc_473 (473/500)...
[Atoms → Molecules] Found 2 molecules.
      [32m✓ All goal molecules found.[0m
        [32m✓ Missing molecule synthesis subproblem passed in 0.0s[0m
      Filtering reaction mnc_474 (474/500)...
[Atoms → Molecules] Found 10 molecules.
      [32m✓ All goal molecules found.[0m
        [32m✓ Missing molecule synthesis subproblem passed in 0.01s[0m
      Filtering reaction mnc_475 (475/500)...
[Atoms → Molecules] Found 5 molecules.
      [32m✓ All goal molecules found.[0m
        [32m✓ Missing molecule synthesis subproblem passed in 0.0s[0m
      Filtering reaction mnc_476 (476/500)...
[Atoms → Molecules] Found 10 molecules.
      [32m✓ All goal molecules found.[0m
        [32m✓ Missing molecule synthesis subproblem passed in 0.06s[0m
      Filtering reaction mnc_477 (477/500)...
[Atoms → Molecules] Found 2 molecules.
      [32m✓ All goal molecules found.[0m
        [32m✓ Missing molecule synthesis subproblem passed in 0.0s[0m
      Filtering reaction mnc_478 (478/500)...
[Atoms → Molecules] Found 8 molecules.
      [32m✓ All goal molecules found.[0m
        [32m✓ Missing molecule synthesis subproblem passed in 0.01s[0m
      Filtering reaction mnc_479 (479/500)...
[Atoms → Molecules] Found 5 molecules.
      [32m✓ All goal molecules found.[0m
        [32m✓ Missing molecule synthesis subproblem passed in 0.0s[0m
      Filtering reaction mnc_480 (480/500)...
[Atoms → Molecules] Found 9 molecules.
      [32m✓ All goal molecules found.[0m
        [32m✓ Missing molecule synthesis subproblem passed in 0.01s[0m
      Filtering reaction mnc_481 (481/500)...
[Atoms → Molecules] Found 2 molecules.
      [32m✓ All goal molecules found.[0m
        [32m✓ Missing molecule synthesis subproblem passed in 0.0s[0m
      Filtering reaction mnc_482 (482/500)...
[Atoms → Molecules] Found 19 molecules.
      [32m✓ All goal molecules found.[0m
        [32m✓ Missing molecule synthesis subproblem passed in 0.01s[0m
      Filtering reaction mnc_483 (483/500)...
[Atoms → Molecules] Found 14 molecules.
      [32m✓ All goal molecules found.[0m
        [32m✓ Missing molecule synthesis subproblem passed in 0.01s[0m
      Filtering reaction mnc_484 (484/500)...
[Atoms → Molecules] Found 10 molecules.
      [32m✓ All goal molecules found.[0m
        [32m✓ Missing molecule synthesis subproblem passed in 0.01s[0m
      Filtering reaction mnc_485 (485/500)...
[Atoms → Molecules] Found 250 molecules.
      [31m✗ Missing goal molecules.[0m
        [31m✗ Missing molecule synthesis subproblem failed in 0.38s[0m
      Filtering reaction mnc_486 (486/500)...
[Atoms → Molecules] Found 2 molecules.
      [32m✓ All goal molecules found.[0m
        [32m✓ Missing molecule synthesis subproblem passed in 0.0s[0m
      Filtering reaction mnc_487 (487/500)...
[Atoms → Molecules] Found 2 molecules.
      [32m✓ All goal molecules found.[0m
        [32m✓ Missing molecule synthesis subproblem passed in 0.0s[0m
      Filtering reaction mnc_488 (488/500)...
[Atoms → Molecules] Found 1 molecules.
      [32m✓ All goal molecules found.[0m
        [32m✓ Missing molecule synthesis subproblem passed in 0.0s[0m
      Filtering reaction mnc_489 (489/500)...
[Atoms → Molecules] Found 3 molecules.
      [32m✓ All goal molecules found.[0m
        [32m✓ Missing molecule synthesis subproblem passed in 0.0s[0m
      Filtering reaction mnc_490 (490/500)...
[Atoms → Molecules] Found 2 molecules.
      [32m✓ All goal molecules found.[0m
        [32m✓ Missing molecule synthesis subproblem passed in 0.0s[0m
      Filtering reaction mnc_491 (491/500)...
[Atoms → Molecules] Found 5 molecules.
      [32m✓ All goal molecules found.[0m
        [32m✓ Missing molecule synthesis subproblem passed in 0.07s[0m
      Filtering reaction mnc_492 (492/500)...
[Atoms → Molecules] Found 2 molecules.
      [32m✓ All goal molecules found.[0m
        [32m✓ Missing molecule synthesis subproblem passed in 0.0s[0m
      Filtering reaction mnc_493 (493/500)...
[Atoms → Molecules] Found 2 molecules.
      [32m✓ All goal molecules found.[0m
        [32m✓ Missing molecule synthesis subproblem passed in 0.0s[0m
      Filtering reaction mnc_494 (494/500)...
[Atoms → Molecules] Found 3 molecules.
      [32m✓ All goal molecules found.[0m
        [32m✓ Missing molecule synthesis subproblem passed in 0.0s[0m
      Filtering reaction mnc_495 (495/500)...
[Atoms → Molecules] Found 5 molecules.
      [32m✓ All goal molecules found.[0m
        [32m✓ Missing molecule synthesis subproblem passed in 0.01s[0m
      Filtering reaction mnc_496 (496/500)...
[Atoms → Molecules] Found 1 molecules.
      [32m✓ All goal molecules found.[0m
        [32m✓ Missing molecule synthesis subproblem passed in 0.0s[0m
      Filtering reaction mnc_497 (497/500)...
[Atoms → Molecules] Found 8 molecules.
      [32m✓ All goal molecules found.[0m
        [32m✓ Missing molecule synthesis subproblem passed in 0.01s[0m
      Filtering reaction mnc_498 (498/500)...
[Atoms → Molecules] Found 2 molecules.
      [32m✓ All goal molecules found.[0m
        [32m✓ Missing molecule synthesis subproblem passed in 0.0s[0m
      Filtering reaction mnc_499 (499/500)...
[Atoms → Molecules] Found 2 molecules.
      [32m✓ All goal molecules found.[0m
        [32m✓ Missing molecule synthesis subproblem passed in 0.0s[0m
      Filtering reaction mnc_500 (500/500)...
[Atoms → Molecules] Found 2 molecules.
      [32m✓ All goal molecules found.[0m
        [32m✓ Missing molecule synthesis subproblem passed in 0.0s[0m

  [1mSimilarity Metric: none[0m
      Evaluating reaction mnc_1 (1/500)...
[Problem → Reactions] Found 275 reactions, 250 molecules.
      [32m✓ All goal molecules found.[0m
      [32m✓ All goal reactions found.[0m
        [32m✓ Target reaction successfully synthesized in 0.38s![0m
      Evaluating reaction mnc_2 (2/500)...
[Problem → Reactions] Found 1057 reactions, 250 molecules.
      [32m✓ All goal molecules found.[0m
      [32m✓ All goal reactions found.[0m
        [32m✓ Target reaction successfully synthesized in 5.0s![0m
      Evaluating reaction mnc_3 (3/500)...
[Problem → Reactions] Found 382 reactions, 250 molecules.
      [32m✓ All goal molecules found.[0m
      [32m✓ All goal reactions found.[0m
        [32m✓ Target reaction successfully synthesized in 6.1s![0m
      Evaluating reaction mnc_4 (4/500)...
[Problem → Reactions] Found 203 reactions, 250 molecules.
      [32m✓ All goal molecules found.[0m
      [32m✓ All goal reactions found.[0m
        [32m✓ Target reaction successfully synthesized in 0.59s![0m
      Evaluating reaction mnc_5 (5/500)...
        [31m✗ Skipped reaction synthesis (missing molecule synthesis subproblem failed).[0m
      Evaluating reaction mnc_6 (6/500)...
[Problem → Reactions] Found 379 reactions, 250 molecules.
      [32m✓ All goal molecules found.[0m
      [32m✓ All goal reactions found.[0m
        [32m✓ Target reaction successfully synthesized in 0.81s![0m
      Evaluating reaction mnc_7 (7/500)...
[Problem → Reactions] Found 203 reactions, 250 molecules.
      [32m✓ All goal molecules found.[0m
      [32m✓ All goal reactions found.[0m
        [32m✓ Target reaction successfully synthesized in 1.05s![0m
      Evaluating reaction mnc_8 (8/500)...
[Problem → Reactions] Found 231 reactions, 250 molecules.
      [32m✓ All goal molecules found.[0m
      [32m✓ All goal reactions found.[0m
        [32m✓ Target reaction successfully synthesized in 0.67s![0m
      Evaluating reaction mnc_9 (9/500)...
[Problem → Reactions] Found 939 reactions, 250 molecules.
      [32m✓ All goal molecules found.[0m
      [32m✓ All goal reactions found.[0m
        [32m✓ Target reaction successfully synthesized in 2.57s![0m
      Evaluating reaction mnc_10 (10/500)...
[Problem → Reactions] Found 2001 reactions, 250 molecules.
      [32m✓ All goal molecules found.[0m
      [32m✓ All goal reactions found.[0m
        [32m✓ Target reaction successfully synthesized in 1.6s![0m
      Evaluating reaction mnc_11 (11/500)...
[Problem → Reactions] Found 903 reactions, 250 molecules.
      [32m✓ All goal molecules found.[0m
      [32m✓ All goal reactions found.[0m
        [32m✓ Target reaction successfully synthesized in 2.25s![0m
      Evaluating reaction mnc_12 (12/500)...
[Problem → Reactions] Found 221 reactions, 250 molecules.
      [32m✓ All goal molecules found.[0m
      [32m✓ All goal reactions found.[0m
        [32m✓ Target reaction successfully synthesized in 0.37s![0m
      Evaluating reaction mnc_13 (13/500)...
[Problem → Reactions] Found 206 reactions, 250 molecules.
      [32m✓ All goal molecules found.[0m
      [32m✓ All goal reactions found.[0m
        [32m✓ Target reaction successfully synthesized in 0.57s![0m
      Evaluating reaction mnc_14 (14/500)...
[Problem → Reactions] Found 573 reactions, 250 molecules.
      [32m✓ All goal molecules found.[0m
      [32m✓ All goal reactions found.[0m
        [32m✓ Target reaction successfully synthesized in 1.04s![0m
      Evaluating reaction mnc_15 (15/500)...
[Problem → Reactions] Found 621 reactions, 250 molecules.
      [32m✓ All goal molecules found.[0m
      [32m✓ All goal reactions found.[0m
        [32m✓ Target reaction successfully synthesized in 1.04s![0m
      Evaluating reaction mnc_16 (16/500)...
[Problem → Reactions] Found 939 reactions, 250 molecules.
      [32m✓ All goal molecules found.[0m
      [32m✓ All goal reactions found.[0m
        [32m✓ Target reaction successfully synthesized in 1.43s![0m
      Evaluating reaction mnc_17 (17/500)...
[Problem → Reactions] Found 311 reactions, 250 molecules.
      [32m✓ All goal molecules found.[0m
      [32m✓ All goal reactions found.[0m
        [32m✓ Target reaction successfully synthesized in 0.47s![0m
      Evaluating reaction mnc_18 (18/500)...
[Problem → Reactions] Found 386 reactions, 250 molecules.
      [32m✓ All goal molecules found.[0m
      [32m✓ All goal reactions found.[0m
        [32m✓ Target reaction successfully synthesized in 1.87s![0m
      Evaluating reaction mnc_19 (19/500)...
[Problem → Reactions] Found 621 reactions, 250 molecules.
      [32m✓ All goal molecules found.[0m
      [32m✓ All goal reactions found.[0m
        [32m✓ Target reaction successfully synthesized in 1.02s![0m
      Evaluating reaction mnc_20 (20/500)...
[Problem → Reactions] Found 939 reactions, 250 molecules.
      [32m✓ All goal molecules found.[0m
      [32m✓ All goal reactions found.[0m
        [32m✓ Target reaction successfully synthesized in 1.45s![0m
      Evaluating reaction mnc_21 (21/500)...
[Problem → Reactions] Found 596 reactions, 250 molecules.
      [32m✓ All goal molecules found.[0m
      [32m✓ All goal reactions found.[0m
        [32m✓ Target reaction successfully synthesized in 1.02s![0m
      Evaluating reaction mnc_22 (22/500)...
[Problem → Reactions] Found 621 reactions, 250 molecules.
      [32m✓ All goal molecules found.[0m
      [32m✓ All goal reactions found.[0m
        [32m✓ Target reaction successfully synthesized in 1.01s![0m
      Evaluating reaction mnc_23 (23/500)...
[Problem → Reactions] Found 600 reactions, 250 molecules.
      [32m✓ All goal molecules found.[0m
      [32m✓ All goal reactions found.[0m
        [32m✓ Target reaction successfully synthesized in 4.74s![0m
      Evaluating reaction mnc_24 (24/500)...
[Problem → Reactions] Found 927 reactions, 250 molecules.
      [32m✓ All goal molecules found.[0m
      [32m✓ All goal reactions found.[0m
        [32m✓ Target reaction successfully synthesized in 1.85s![0m
      Evaluating reaction mnc_25 (25/500)...
[Problem → Reactions] Found 123 reactions, 250 molecules.
      [32m✓ All goal molecules found.[0m
      [32m✓ All goal reactions found.[0m
        [32m✓ Target reaction successfully synthesized in 0.41s![0m
      Evaluating reaction mnc_26 (26/500)...
[Problem → Reactions] Found 237 reactions, 250 molecules.
      [32m✓ All goal molecules found.[0m
      [32m✓ All goal reactions found.[0m
        [32m✓ Target reaction successfully synthesized in 2.36s![0m
      Evaluating reaction mnc_27 (27/500)...
[Problem → Reactions] Found 320 reactions, 250 molecules.
      [32m✓ All goal molecules found.[0m
      [32m✓ All goal reactions found.[0m
        [32m✓ Target reaction successfully synthesized in 0.51s![0m
      Evaluating reaction mnc_28 (28/500)...
[Problem → Reactions] Found 1064 reactions, 250 molecules.
      [32m✓ All goal molecules found.[0m
      [32m✓ All goal reactions found.[0m
        [32m✓ Target reaction successfully synthesized in 5.42s![0m
      Evaluating reaction mnc_29 (29/500)...
[Problem → Reactions] Found 237 reactions, 250 molecules.
      [32m✓ All goal molecules found.[0m
      [32m✓ All goal reactions found.[0m
        [32m✓ Target reaction successfully synthesized in 1.38s![0m
      Evaluating reaction mnc_30 (30/500)...
[Problem → Reactions] Found 621 reactions, 250 molecules.
      [32m✓ All goal molecules found.[0m
      [32m✓ All goal reactions found.[0m
        [32m✓ Target reaction successfully synthesized in 2.27s![0m
      Evaluating reaction mnc_31 (31/500)...
[Problem → Reactions] Found 621 reactions, 250 molecules.
      [32m✓ All goal molecules found.[0m
      [32m✓ All goal reactions found.[0m
        [32m✓ Target reaction successfully synthesized in 0.92s![0m
      Evaluating reaction mnc_32 (32/500)...
[Problem → Reactions] Found 980 reactions, 250 molecules.
      [32m✓ All goal molecules found.[0m
      [32m✓ All goal reactions found.[0m
        [32m✓ Target reaction successfully synthesized in 2.32s![0m
      Evaluating reaction mnc_33 (33/500)...
[Problem → Reactions] Found 386 reactions, 250 molecules.
      [32m✓ All goal molecules found.[0m
      [32m✓ All goal reactions found.[0m
        [32m✓ Target reaction successfully synthesized in 1.86s![0m
      Evaluating reaction mnc_34 (34/500)...
[Problem → Reactions] Found 663 reactions, 250 molecules.
      [32m✓ All goal molecules found.[0m
      [32m✓ All goal reactions found.[0m
        [32m✓ Target reaction successfully synthesized in 1.7s![0m
      Evaluating reaction mnc_35 (35/500)...
        [31m✗ Skipped reaction synthesis (missing molecule synthesis subproblem failed).[0m
      Evaluating reaction mnc_36 (36/500)...
[Problem → Reactions] Found 609 reactions, 250 molecules.
      [32m✓ All goal molecules found.[0m
      [32m✓ All goal reactions found.[0m
        [32m✓ Target reaction successfully synthesized in 0.89s![0m
      Evaluating reaction mnc_37 (37/500)...
[Problem → Reactions] Found 135 reactions, 250 molecules.
      [32m✓ All goal molecules found.[0m
      [32m✓ All goal reactions found.[0m
        [32m✓ Target reaction successfully synthesized in 0.53s![0m
      Evaluating reaction mnc_38 (38/500)...
[Problem → Reactions] Found 30000 reactions, 250 molecules.
      [32m✓ All goal molecules found.[0m
      [31m✗ Missing goal reactions.[0m
        [31m✗ Synthesis failed or timed out in 66.45s.[0m
      Evaluating reaction mnc_39 (39/500)...
[Problem → Reactions] Found 149 reactions, 250 molecules.
      [32m✓ All goal molecules found.[0m
      [32m✓ All goal reactions found.[0m
        [32m✓ Target reaction successfully synthesized in 0.4s![0m
      Evaluating reaction mnc_40 (40/500)...
[Problem → Reactions] Found 209 reactions, 250 molecules.
      [32m✓ All goal molecules found.[0m
      [32m✓ All goal reactions found.[0m
        [32m✓ Target reaction successfully synthesized in 0.41s![0m
      Evaluating reaction mnc_41 (41/500)...
[Problem → Reactions] Found 621 reactions, 250 molecules.
      [32m✓ All goal molecules found.[0m
      [32m✓ All goal reactions found.[0m
        [32m✓ Target reaction successfully synthesized in 0.95s![0m
      Evaluating reaction mnc_42 (42/500)...
        [31m✗ Skipped reaction synthesis (missing molecule synthesis subproblem failed).[0m
      Evaluating reaction mnc_43 (43/500)...
[Problem → Reactions] Found 206 reactions, 250 molecules.
      [32m✓ All goal molecules found.[0m
      [32m✓ All goal reactions found.[0m
        [32m✓ Target reaction successfully synthesized in 0.55s![0m
      Evaluating reaction mnc_44 (44/500)...
[Problem → Reactions] Found 609 reactions, 250 molecules.
      [32m✓ All goal molecules found.[0m
      [32m✓ All goal reactions found.[0m
        [32m✓ Target reaction successfully synthesized in 1.05s![0m
      Evaluating reaction mnc_45 (45/500)...
[Problem → Reactions] Found 621 reactions, 250 molecules.
      [32m✓ All goal molecules found.[0m
      [32m✓ All goal reactions found.[0m
        [32m✓ Target reaction successfully synthesized in 1.01s![0m
      Evaluating reaction mnc_46 (46/500)...
[Problem → Reactions] Found 309 reactions, 250 molecules.
      [32m✓ All goal molecules found.[0m
      [32m✓ All goal reactions found.[0m
        [32m✓ Target reaction successfully synthesized in 0.44s![0m
      Evaluating reaction mnc_47 (47/500)...
[Problem → Reactions] Found 981 reactions, 250 molecules.
      [32m✓ All goal molecules found.[0m
      [32m✓ All goal reactions found.[0m
        [32m✓ Target reaction successfully synthesized in 2.12s![0m
      Evaluating reaction mnc_48 (48/500)...
[Problem → Reactions] Found 231 reactions, 250 molecules.
      [32m✓ All goal molecules found.[0m
      [32m✓ All goal reactions found.[0m
        [32m✓ Target reaction successfully synthesized in 0.42s![0m
      Evaluating reaction mnc_49 (49/500)...
        [31m✗ Skipped reaction synthesis (missing molecule synthesis subproblem failed).[0m
      Evaluating reaction mnc_50 (50/500)...
[Problem → Reactions] Found 949 reactions, 250 molecules.
      [32m✓ All goal molecules found.[0m
      [32m✓ All goal reactions found.[0m
        [32m✓ Target reaction successfully synthesized in 1.56s![0m
      Evaluating reaction mnc_51 (51/500)...
[Problem → Reactions] Found 203 reactions, 250 molecules.
      [32m✓ All goal molecules found.[0m
      [32m✓ All goal reactions found.[0m
        [32m✓ Target reaction successfully synthesized in 0.55s![0m
      Evaluating reaction mnc_52 (52/500)...
[Problem → Reactions] Found 30000 reactions, 250 molecules.
      [32m✓ All goal molecules found.[0m
      [31m✗ Missing goal reactions.[0m
        [31m✗ Synthesis failed or timed out in 80.05s.[0m
      Evaluating reaction mnc_53 (53/500)...
[Problem → Reactions] Found 135 reactions, 250 molecules.
      [32m✓ All goal molecules found.[0m
      [32m✓ All goal reactions found.[0m
        [32m✓ Target reaction successfully synthesized in 0.54s![0m
      Evaluating reaction mnc_54 (54/500)...
[Problem → Reactions] Found 203 reactions, 250 molecules.
      [32m✓ All goal molecules found.[0m
      [32m✓ All goal reactions found.[0m
        [32m✓ Target reaction successfully synthesized in 0.74s![0m
      Evaluating reaction mnc_55 (55/500)...
[Problem → Reactions] Found 609 reactions, 250 molecules.
      [32m✓ All goal molecules found.[0m
      [32m✓ All goal reactions found.[0m
        [32m✓ Target reaction successfully synthesized in 1.09s![0m
      Evaluating reaction mnc_56 (56/500)...
[Problem → Reactions] Found 1999 reactions, 250 molecules.
      [32m✓ All goal molecules found.[0m
      [32m✓ All goal reactions found.[0m
        [32m✓ Target reaction successfully synthesized in 5.7s![0m
      Evaluating reaction mnc_57 (57/500)...
[Problem → Reactions] Found 206 reactions, 250 molecules.
      [32m✓ All goal molecules found.[0m
      [32m✓ All goal reactions found.[0m
        [32m✓ Target reaction successfully synthesized in 0.7s![0m
      Evaluating reaction mnc_58 (58/500)...
[Problem → Reactions] Found 206 reactions, 250 molecules.
      [32m✓ All goal molecules found.[0m
      [32m✓ All goal reactions found.[0m
        [32m✓ Target reaction successfully synthesized in 0.71s![0m
      Evaluating reaction mnc_59 (59/500)...
[Problem → Reactions] Found 603 reactions, 250 molecules.
      [32m✓ All goal molecules found.[0m
      [32m✓ All goal reactions found.[0m
        [32m✓ Target reaction successfully synthesized in 1.45s![0m
      Evaluating reaction mnc_60 (60/500)...
[Problem → Reactions] Found 30000 reactions, 250 molecules.
      [32m✓ All goal molecules found.[0m
      [31m✗ Missing goal reactions.[0m
        [31m✗ Synthesis failed or timed out in 65.49s.[0m
      Evaluating reaction mnc_61 (61/500)...
[Problem → Reactions] Found 320 reactions, 250 molecules.
      [32m✓ All goal molecules found.[0m
      [32m✓ All goal reactions found.[0m
        [32m✓ Target reaction successfully synthesized in 0.53s![0m
      Evaluating reaction mnc_62 (62/500)...
[Problem → Reactions] Found 320 reactions, 250 molecules.
      [32m✓ All goal molecules found.[0m
      [32m✓ All goal reactions found.[0m
        [32m✓ Target reaction successfully synthesized in 0.49s![0m
      Evaluating reaction mnc_63 (63/500)...
[Problem → Reactions] Found 621 reactions, 250 molecules.
      [32m✓ All goal molecules found.[0m
      [32m✓ All goal reactions found.[0m
        [32m✓ Target reaction successfully synthesized in 1.02s![0m
      Evaluating reaction mnc_64 (64/500)...
[Problem → Reactions] Found 203 reactions, 250 molecules.
      [32m✓ All goal molecules found.[0m
      [32m✓ All goal reactions found.[0m
        [32m✓ Target reaction successfully synthesized in 0.56s![0m
      Evaluating reaction mnc_65 (65/500)...
[Problem → Reactions] Found 567 reactions, 250 molecules.
      [32m✓ All goal molecules found.[0m
      [32m✓ All goal reactions found.[0m
        [32m✓ Target reaction successfully synthesized in 0.54s![0m
      Evaluating reaction mnc_66 (66/500)...
[Problem → Reactions] Found 939 reactions, 250 molecules.
      [32m✓ All goal molecules found.[0m
      [32m✓ All goal reactions found.[0m
        [32m✓ Target reaction successfully synthesized in 1.41s![0m
      Evaluating reaction mnc_67 (67/500)...
[Problem → Reactions] Found 949 reactions, 250 molecules.
      [32m✓ All goal molecules found.[0m
      [32m✓ All goal reactions found.[0m
        [32m✓ Target reaction successfully synthesized in 1.53s![0m
      Evaluating reaction mnc_68 (68/500)...
[Problem → Reactions] Found 339 reactions, 250 molecules.
      [32m✓ All goal molecules found.[0m
      [32m✓ All goal reactions found.[0m
        [32m✓ Target reaction successfully synthesized in 1.0s![0m
      Evaluating reaction mnc_69 (69/500)...
[Problem → Reactions] Found 980 reactions, 250 molecules.
      [32m✓ All goal molecules found.[0m
      [32m✓ All goal reactions found.[0m
        [32m✓ Target reaction successfully synthesized in 2.24s![0m
      Evaluating reaction mnc_70 (70/500)...
[Problem → Reactions] Found 237 reactions, 250 molecules.
      [32m✓ All goal molecules found.[0m
      [32m✓ All goal reactions found.[0m
        [32m✓ Target reaction successfully synthesized in 1.45s![0m
      Evaluating reaction mnc_71 (71/500)...
[Problem → Reactions] Found 135 reactions, 250 molecules.
      [32m✓ All goal molecules found.[0m
      [32m✓ All goal reactions found.[0m
        [32m✓ Target reaction successfully synthesized in 0.4s![0m
      Evaluating reaction mnc_72 (72/500)...
[Problem → Reactions] Found 206 reactions, 250 molecules.
      [32m✓ All goal molecules found.[0m
      [32m✓ All goal reactions found.[0m
        [32m✓ Target reaction successfully synthesized in 0.57s![0m
      Evaluating reaction mnc_73 (73/500)...
[Problem → Reactions] Found 227 reactions, 250 molecules.
      [32m✓ All goal molecules found.[0m
      [32m✓ All goal reactions found.[0m
        [32m✓ Target reaction successfully synthesized in 0.5s![0m
      Evaluating reaction mnc_74 (74/500)...
[Problem → Reactions] Found 335 reactions, 250 molecules.
      [32m✓ All goal molecules found.[0m
      [32m✓ All goal reactions found.[0m
        [32m✓ Target reaction successfully synthesized in 0.33s![0m
      Evaluating reaction mnc_75 (75/500)...
[Problem → Reactions] Found 269 reactions, 250 molecules.
      [32m✓ All goal molecules found.[0m
      [32m✓ All goal reactions found.[0m
        [32m✓ Target reaction successfully synthesized in 1.37s![0m
      Evaluating reaction mnc_76 (76/500)...
[Problem → Reactions] Found 237 reactions, 250 molecules.
      [32m✓ All goal molecules found.[0m
      [32m✓ All goal reactions found.[0m
        [32m✓ Target reaction successfully synthesized in 1.41s![0m
      Evaluating reaction mnc_77 (77/500)...
[Problem → Reactions] Found 914 reactions, 250 molecules.
      [32m✓ All goal molecules found.[0m
      [32m✓ All goal reactions found.[0m
        [32m✓ Target reaction successfully synthesized in 1.43s![0m
      Evaluating reaction mnc_78 (78/500)...
[Problem → Reactions] Found 320 reactions, 250 molecules.
      [32m✓ All goal molecules found.[0m
      [32m✓ All goal reactions found.[0m
        [32m✓ Target reaction successfully synthesized in 0.49s![0m
      Evaluating reaction mnc_79 (79/500)...
[Problem → Reactions] Found 203 reactions, 250 molecules.
      [32m✓ All goal molecules found.[0m
      [32m✓ All goal reactions found.[0m
        [32m✓ Target reaction successfully synthesized in 0.68s![0m
      Evaluating reaction mnc_80 (80/500)...
[Problem → Reactions] Found 2046 reactions, 250 molecules.
      [32m✓ All goal molecules found.[0m
      [32m✓ All goal reactions found.[0m
        [32m✓ Target reaction successfully synthesized in 5.34s![0m
      Evaluating reaction mnc_81 (81/500)...
[Problem → Reactions] Found 1053 reactions, 250 molecules.
      [32m✓ All goal molecules found.[0m
      [32m✓ All goal reactions found.[0m
        [32m✓ Target reaction successfully synthesized in 6.15s![0m
      Evaluating reaction mnc_82 (82/500)...
        [31m✗ Skipped reaction synthesis (missing molecule synthesis subproblem failed).[0m
      Evaluating reaction mnc_83 (83/500)...
[Problem → Reactions] Found 1227 reactions, 250 molecules.
      [32m✓ All goal molecules found.[0m
      [32m✓ All goal reactions found.[0m
        [32m✓ Target reaction successfully synthesized in 2.26s![0m
      Evaluating reaction mnc_84 (84/500)...
[Problem → Reactions] Found 255 reactions, 250 molecules.
      [32m✓ All goal molecules found.[0m
      [32m✓ All goal reactions found.[0m
        [32m✓ Target reaction successfully synthesized in 0.48s![0m
      Evaluating reaction mnc_85 (85/500)...
[Problem → Reactions] Found 939 reactions, 250 molecules.
      [32m✓ All goal molecules found.[0m
      [32m✓ All goal reactions found.[0m
        [32m✓ Target reaction successfully synthesized in 2.56s![0m
      Evaluating reaction mnc_86 (86/500)...
[Problem → Reactions] Found 621 reactions, 250 molecules.
      [32m✓ All goal molecules found.[0m
      [32m✓ All goal reactions found.[0m
        [32m✓ Target reaction successfully synthesized in 1.12s![0m
      Evaluating reaction mnc_87 (87/500)...
[Problem → Reactions] Found 939 reactions, 250 molecules.
      [32m✓ All goal molecules found.[0m
      [32m✓ All goal reactions found.[0m
        [32m✓ Target reaction successfully synthesized in 1.51s![0m
      Evaluating reaction mnc_88 (88/500)...
[Problem → Reactions] Found 621 reactions, 250 molecules.
      [32m✓ All goal molecules found.[0m
      [32m✓ All goal reactions found.[0m
        [32m✓ Target reaction successfully synthesized in 0.9s![0m
      Evaluating reaction mnc_89 (89/500)...
[Problem → Reactions] Found 206 reactions, 250 molecules.
      [32m✓ All goal molecules found.[0m
      [32m✓ All goal reactions found.[0m
        [32m✓ Target reaction successfully synthesized in 0.72s![0m
      Evaluating reaction mnc_90 (90/500)...
[Problem → Reactions] Found 230 reactions, 250 molecules.
      [32m✓ All goal molecules found.[0m
      [32m✓ All goal reactions found.[0m
        [32m✓ Target reaction successfully synthesized in 0.4s![0m
      Evaluating reaction mnc_91 (91/500)...
        [31m✗ Skipped reaction synthesis (missing molecule synthesis subproblem failed).[0m
      Evaluating reaction mnc_92 (92/500)...
[Problem → Reactions] Found 309 reactions, 250 molecules.
      [32m✓ All goal molecules found.[0m
      [32m✓ All goal reactions found.[0m
        [32m✓ Target reaction successfully synthesized in 0.6s![0m
      Evaluating reaction mnc_93 (93/500)...
[Problem → Reactions] Found 411 reactions, 250 molecules.
      [32m✓ All goal molecules found.[0m
      [32m✓ All goal reactions found.[0m
        [32m✓ Target reaction successfully synthesized in 0.48s![0m
      Evaluating reaction mnc_94 (94/500)...
[Problem → Reactions] Found 335 reactions, 250 molecules.
      [32m✓ All goal molecules found.[0m
      [32m✓ All goal reactions found.[0m
        [32m✓ Target reaction successfully synthesized in 0.34s![0m
      Evaluating reaction mnc_95 (95/500)...
        [31m✗ Skipped reaction synthesis (missing molecule synthesis subproblem failed).[0m
      Evaluating reaction mnc_96 (96/500)...
[Problem → Reactions] Found 593 reactions, 250 molecules.
      [32m✓ All goal molecules found.[0m
      [32m✓ All goal reactions found.[0m
        [32m✓ Target reaction successfully synthesized in 0.87s![0m
      Evaluating reaction mnc_97 (97/500)...
[Problem → Reactions] Found 2045 reactions, 250 molecules.
      [32m✓ All goal molecules found.[0m
      [32m✓ All goal reactions found.[0m
        [32m✓ Target reaction successfully synthesized in 1.69s![0m
      Evaluating reaction mnc_98 (98/500)...
[Problem → Reactions] Found 601 reactions, 250 molecules.
      [32m✓ All goal molecules found.[0m
      [32m✓ All goal reactions found.[0m
        [32m✓ Target reaction successfully synthesized in 4.67s![0m
      Evaluating reaction mnc_99 (99/500)...
[Problem → Reactions] Found 621 reactions, 250 molecules.
      [32m✓ All goal molecules found.[0m
      [32m✓ All goal reactions found.[0m
        [32m✓ Target reaction successfully synthesized in 1.04s![0m
      Evaluating reaction mnc_100 (100/500)...
[Problem → Reactions] Found 663 reactions, 250 molecules.
      [32m✓ All goal molecules found.[0m
      [32m✓ All goal reactions found.[0m
        [32m✓ Target reaction successfully synthesized in 2.78s![0m
      Evaluating reaction mnc_101 (101/500)...
[Problem → Reactions] Found 465 reactions, 250 molecules.
      [32m✓ All goal molecules found.[0m
      [32m✓ All goal reactions found.[0m
        [32m✓ Target reaction successfully synthesized in 1.22s![0m
      Evaluating reaction mnc_102 (102/500)...
[Problem → Reactions] Found 30000 reactions, 250 molecules.
      [32m✓ All goal molecules found.[0m
      [31m✗ Missing goal reactions.[0m
        [31m✗ Synthesis failed or timed out in 64.04s.[0m
      Evaluating reaction mnc_103 (103/500)...
[Problem → Reactions] Found 30000 reactions, 250 molecules.
      [32m✓ All goal molecules found.[0m
      [31m✗ Missing goal reactions.[0m
        [31m✗ Synthesis failed or timed out in 62.75s.[0m
      Evaluating reaction mnc_104 (104/500)...
[Problem → Reactions] Found 206 reactions, 250 molecules.
      [32m✓ All goal molecules found.[0m
      [32m✓ All goal reactions found.[0m
        [32m✓ Target reaction successfully synthesized in 0.57s![0m
      Evaluating reaction mnc_105 (105/500)...
[Problem → Reactions] Found 221 reactions, 250 molecules.
      [32m✓ All goal molecules found.[0m
      [32m✓ All goal reactions found.[0m
        [32m✓ Target reaction successfully synthesized in 0.46s![0m
      Evaluating reaction mnc_106 (106/500)...
[Problem → Reactions] Found 135 reactions, 250 molecules.
      [32m✓ All goal molecules found.[0m
      [32m✓ All goal reactions found.[0m
        [32m✓ Target reaction successfully synthesized in 0.4s![0m
      Evaluating reaction mnc_107 (107/500)...
[Problem → Reactions] Found 609 reactions, 250 molecules.
      [32m✓ All goal molecules found.[0m
      [32m✓ All goal reactions found.[0m
        [32m✓ Target reaction successfully synthesized in 1.0s![0m
      Evaluating reaction mnc_108 (108/500)...
[Problem → Reactions] Found 209 reactions, 250 molecules.
      [32m✓ All goal molecules found.[0m
      [32m✓ All goal reactions found.[0m
        [32m✓ Target reaction successfully synthesized in 0.38s![0m
      Evaluating reaction mnc_109 (109/500)...
[Problem → Reactions] Found 621 reactions, 250 molecules.
      [32m✓ All goal molecules found.[0m
      [32m✓ All goal reactions found.[0m
        [32m✓ Target reaction successfully synthesized in 0.97s![0m
      Evaluating reaction mnc_110 (110/500)...
[Problem → Reactions] Found 621 reactions, 250 molecules.
      [32m✓ All goal molecules found.[0m
      [32m✓ All goal reactions found.[0m
        [32m✓ Target reaction successfully synthesized in 1.24s![0m
      Evaluating reaction mnc_111 (111/500)...
[Problem → Reactions] Found 320 reactions, 250 molecules.
      [32m✓ All goal molecules found.[0m
      [32m✓ All goal reactions found.[0m
        [32m✓ Target reaction successfully synthesized in 0.69s![0m
      Evaluating reaction mnc_112 (112/500)...
[Problem → Reactions] Found 596 reactions, 250 molecules.
      [32m✓ All goal molecules found.[0m
      [32m✓ All goal reactions found.[0m
        [32m✓ Target reaction successfully synthesized in 1.26s![0m
      Evaluating reaction mnc_113 (113/500)...
[Problem → Reactions] Found 949 reactions, 250 molecules.
      [32m✓ All goal molecules found.[0m
      [32m✓ All goal reactions found.[0m
        [32m✓ Target reaction successfully synthesized in 1.92s![0m
      Evaluating reaction mnc_114 (114/500)...
[Problem → Reactions] Found 30000 reactions, 250 molecules.
      [32m✓ All goal molecules found.[0m
      [31m✗ Missing goal reactions.[0m
        [31m✗ Synthesis failed or timed out in 63.53s.[0m
      Evaluating reaction mnc_115 (115/500)...
[Problem → Reactions] Found 377 reactions, 250 molecules.
      [32m✓ All goal molecules found.[0m
      [32m✓ All goal reactions found.[0m
        [32m✓ Target reaction successfully synthesized in 0.76s![0m
      Evaluating reaction mnc_116 (116/500)...
[Problem → Reactions] Found 609 reactions, 250 molecules.
      [32m✓ All goal molecules found.[0m
      [32m✓ All goal reactions found.[0m
        [32m✓ Target reaction successfully synthesized in 1.04s![0m
      Evaluating reaction mnc_117 (117/500)...
[Problem → Reactions] Found 95 reactions, 250 molecules.
      [32m✓ All goal molecules found.[0m
      [32m✓ All goal reactions found.[0m
        [32m✓ Target reaction successfully synthesized in 0.36s![0m
      Evaluating reaction mnc_118 (118/500)...
[Problem → Reactions] Found 209 reactions, 250 molecules.
      [32m✓ All goal molecules found.[0m
      [32m✓ All goal reactions found.[0m
        [32m✓ Target reaction successfully synthesized in 0.37s![0m
      Evaluating reaction mnc_119 (119/500)...
[Problem → Reactions] Found 237 reactions, 250 molecules.
      [32m✓ All goal molecules found.[0m
      [32m✓ All goal reactions found.[0m
        [32m✓ Target reaction successfully synthesized in 1.38s![0m
      Evaluating reaction mnc_120 (120/500)...
[Problem → Reactions] Found 135 reactions, 250 molecules.
      [32m✓ All goal molecules found.[0m
      [32m✓ All goal reactions found.[0m
        [32m✓ Target reaction successfully synthesized in 0.4s![0m
      Evaluating reaction mnc_121 (121/500)...
[Problem → Reactions] Found 255 reactions, 250 molecules.
      [32m✓ All goal molecules found.[0m
      [32m✓ All goal reactions found.[0m
        [32m✓ Target reaction successfully synthesized in 0.54s![0m
      Evaluating reaction mnc_122 (122/500)...
        [31m✗ Skipped reaction synthesis (missing molecule synthesis subproblem failed).[0m
      Evaluating reaction mnc_123 (123/500)...
[Problem → Reactions] Found 1280 reactions, 250 molecules.
      [32m✓ All goal molecules found.[0m
      [32m✓ All goal reactions found.[0m
        [32m✓ Target reaction successfully synthesized in 4.38s![0m
      Evaluating reaction mnc_124 (124/500)...
[Problem → Reactions] Found 335 reactions, 250 molecules.
      [32m✓ All goal molecules found.[0m
      [32m✓ All goal reactions found.[0m
        [32m✓ Target reaction successfully synthesized in 0.38s![0m
      Evaluating reaction mnc_125 (125/500)...
[Problem → Reactions] Found 135 reactions, 250 molecules.
      [32m✓ All goal molecules found.[0m
      [32m✓ All goal reactions found.[0m
        [32m✓ Target reaction successfully synthesized in 0.45s![0m
      Evaluating reaction mnc_126 (126/500)...
        [31m✗ Skipped reaction synthesis (missing molecule synthesis subproblem failed).[0m
      Evaluating reaction mnc_127 (127/500)...
[Problem → Reactions] Found 596 reactions, 250 molecules.
      [32m✓ All goal molecules found.[0m
      [32m✓ All goal reactions found.[0m
        [32m✓ Target reaction successfully synthesized in 1.44s![0m
      Evaluating reaction mnc_128 (128/500)...
[Problem → Reactions] Found 1981 reactions, 250 molecules.
      [32m✓ All goal molecules found.[0m
      [32m✓ All goal reactions found.[0m
        [32m✓ Target reaction successfully synthesized in 2.63s![0m
      Evaluating reaction mnc_129 (129/500)...
[Problem → Reactions] Found 599 reactions, 250 molecules.
      [32m✓ All goal molecules found.[0m
      [32m✓ All goal reactions found.[0m
        [32m✓ Target reaction successfully synthesized in 5.21s![0m
      Evaluating reaction mnc_130 (130/500)...
[Problem → Reactions] Found 227 reactions, 250 molecules.
      [32m✓ All goal molecules found.[0m
      [32m✓ All goal reactions found.[0m
        [32m✓ Target reaction successfully synthesized in 0.48s![0m
      Evaluating reaction mnc_131 (131/500)...
[Problem → Reactions] Found 938 reactions, 250 molecules.
      [32m✓ All goal molecules found.[0m
      [32m✓ All goal reactions found.[0m
        [32m✓ Target reaction successfully synthesized in 1.52s![0m
      Evaluating reaction mnc_132 (132/500)...
[Problem → Reactions] Found 621 reactions, 250 molecules.
      [32m✓ All goal molecules found.[0m
      [32m✓ All goal reactions found.[0m
        [32m✓ Target reaction successfully synthesized in 2.2s![0m
      Evaluating reaction mnc_133 (133/500)...
[Problem → Reactions] Found 621 reactions, 250 molecules.
      [32m✓ All goal molecules found.[0m
      [32m✓ All goal reactions found.[0m
        [32m✓ Target reaction successfully synthesized in 1.12s![0m
      Evaluating reaction mnc_134 (134/500)...
[Problem → Reactions] Found 363 reactions, 250 molecules.
      [32m✓ All goal molecules found.[0m
      [32m✓ All goal reactions found.[0m
        [32m✓ Target reaction successfully synthesized in 0.95s![0m
      Evaluating reaction mnc_135 (135/500)...
[Problem → Reactions] Found 981 reactions, 250 molecules.
      [32m✓ All goal molecules found.[0m
      [32m✓ All goal reactions found.[0m
        [32m✓ Target reaction successfully synthesized in 2.31s![0m
      Evaluating reaction mnc_136 (136/500)...
[Problem → Reactions] Found 170 reactions, 250 molecules.
      [32m✓ All goal molecules found.[0m
      [32m✓ All goal reactions found.[0m
        [32m✓ Target reaction successfully synthesized in 0.5s![0m
      Evaluating reaction mnc_137 (137/500)...
[Problem → Reactions] Found 149 reactions, 250 molecules.
      [32m✓ All goal molecules found.[0m
      [32m✓ All goal reactions found.[0m
        [32m✓ Target reaction successfully synthesized in 0.58s![0m
      Evaluating reaction mnc_138 (138/500)...
[Problem → Reactions] Found 621 reactions, 250 molecules.
      [32m✓ All goal molecules found.[0m
      [32m✓ All goal reactions found.[0m
        [32m✓ Target reaction successfully synthesized in 0.89s![0m
      Evaluating reaction mnc_139 (139/500)...
[Problem → Reactions] Found 914 reactions, 250 molecules.
      [32m✓ All goal molecules found.[0m
      [32m✓ All goal reactions found.[0m
        [32m✓ Target reaction successfully synthesized in 1.43s![0m
      Evaluating reaction mnc_140 (140/500)...
[Problem → Reactions] Found 927 reactions, 250 molecules.
      [32m✓ All goal molecules found.[0m
      [32m✓ All goal reactions found.[0m
        [32m✓ Target reaction successfully synthesized in 1.38s![0m
      Evaluating reaction mnc_141 (141/500)...
[Problem → Reactions] Found 1227 reactions, 250 molecules.
      [32m✓ All goal molecules found.[0m
      [32m✓ All goal reactions found.[0m
        [32m✓ Target reaction successfully synthesized in 1.86s![0m
      Evaluating reaction mnc_142 (142/500)...
[Problem → Reactions] Found 621 reactions, 250 molecules.
      [32m✓ All goal molecules found.[0m
      [32m✓ All goal reactions found.[0m
        [32m✓ Target reaction successfully synthesized in 1.01s![0m
      Evaluating reaction mnc_143 (143/500)...
[Problem → Reactions] Found 938 reactions, 250 molecules.
      [32m✓ All goal molecules found.[0m
      [32m✓ All goal reactions found.[0m
        [32m✓ Target reaction successfully synthesized in 1.43s![0m
      Evaluating reaction mnc_144 (144/500)...
[Problem → Reactions] Found 237 reactions, 250 molecules.
      [32m✓ All goal molecules found.[0m
      [32m✓ All goal reactions found.[0m
        [32m✓ Target reaction successfully synthesized in 1.32s![0m
      Evaluating reaction mnc_145 (145/500)...
[Problem → Reactions] Found 949 reactions, 250 molecules.
      [32m✓ All goal molecules found.[0m
      [32m✓ All goal reactions found.[0m
        [32m✓ Target reaction successfully synthesized in 1.53s![0m
      Evaluating reaction mnc_146 (146/500)...
[Problem → Reactions] Found 573 reactions, 250 molecules.
      [32m✓ All goal molecules found.[0m
      [32m✓ All goal reactions found.[0m
        [32m✓ Target reaction successfully synthesized in 0.9s![0m
      Evaluating reaction mnc_147 (147/500)...
[Problem → Reactions] Found 593 reactions, 250 molecules.
      [32m✓ All goal molecules found.[0m
      [32m✓ All goal reactions found.[0m
        [32m✓ Target reaction successfully synthesized in 0.89s![0m
      Evaluating reaction mnc_148 (148/500)...
[Problem → Reactions] Found 1981 reactions, 250 molecules.
      [32m✓ All goal molecules found.[0m
      [32m✓ All goal reactions found.[0m
        [32m✓ Target reaction successfully synthesized in 1.62s![0m
      Evaluating reaction mnc_149 (149/500)...
[Problem → Reactions] Found 914 reactions, 250 molecules.
      [32m✓ All goal molecules found.[0m
      [32m✓ All goal reactions found.[0m
        [32m✓ Target reaction successfully synthesized in 1.41s![0m
      Evaluating reaction mnc_150 (150/500)...
[Problem → Reactions] Found 621 reactions, 250 molecules.
      [32m✓ All goal molecules found.[0m
      [32m✓ All goal reactions found.[0m
        [32m✓ Target reaction successfully synthesized in 1.04s![0m
      Evaluating reaction mnc_151 (151/500)...
[Problem → Reactions] Found 269 reactions, 250 molecules.
      [32m✓ All goal molecules found.[0m
      [32m✓ All goal reactions found.[0m
        [32m✓ Target reaction successfully synthesized in 0.34s![0m
      Evaluating reaction mnc_152 (152/500)...
[Problem → Reactions] Found 621 reactions, 250 molecules.
      [32m✓ All goal molecules found.[0m
      [32m✓ All goal reactions found.[0m
        [32m✓ Target reaction successfully synthesized in 1.01s![0m
      Evaluating reaction mnc_153 (153/500)...
[Problem → Reactions] Found 2178 reactions, 250 molecules.
      [32m✓ All goal molecules found.[0m
      [32m✓ All goal reactions found.[0m
        [32m✓ Target reaction successfully synthesized in 3.69s![0m
      Evaluating reaction mnc_154 (154/500)...
[Problem → Reactions] Found 603 reactions, 250 molecules.
      [32m✓ All goal molecules found.[0m
      [32m✓ All goal reactions found.[0m
        [32m✓ Target reaction successfully synthesized in 1.86s![0m
      Evaluating reaction mnc_155 (155/500)...
[Problem → Reactions] Found 320 reactions, 250 molecules.
      [32m✓ All goal molecules found.[0m
      [32m✓ All goal reactions found.[0m
        [32m✓ Target reaction successfully synthesized in 0.48s![0m
      Evaluating reaction mnc_156 (156/500)...
[Problem → Reactions] Found 237 reactions, 250 molecules.
      [32m✓ All goal molecules found.[0m
      [32m✓ All goal reactions found.[0m
        [32m✓ Target reaction successfully synthesized in 1.41s![0m
      Evaluating reaction mnc_157 (157/500)...
[Problem → Reactions] Found 203 reactions, 250 molecules.
      [32m✓ All goal molecules found.[0m
      [32m✓ All goal reactions found.[0m
        [32m✓ Target reaction successfully synthesized in 0.57s![0m
      Evaluating reaction mnc_158 (158/500)...
[Problem → Reactions] Found 596 reactions, 250 molecules.
      [32m✓ All goal molecules found.[0m
      [32m✓ All goal reactions found.[0m
        [32m✓ Target reaction successfully synthesized in 1.04s![0m
      Evaluating reaction mnc_159 (159/500)...
[Problem → Reactions] Found 30000 reactions, 250 molecules.
      [32m✓ All goal molecules found.[0m
      [31m✗ Missing goal reactions.[0m
        [31m✗ Synthesis failed or timed out in 62.36s.[0m
      Evaluating reaction mnc_160 (160/500)...
[Problem → Reactions] Found 237 reactions, 250 molecules.
      [32m✓ All goal molecules found.[0m
      [32m✓ All goal reactions found.[0m
        [32m✓ Target reaction successfully synthesized in 1.24s![0m
      Evaluating reaction mnc_161 (161/500)...
        [31m✗ Skipped reaction synthesis (missing molecule synthesis subproblem failed).[0m
      Evaluating reaction mnc_162 (162/500)...
[Problem → Reactions] Found 335 reactions, 250 molecules.
      [32m✓ All goal molecules found.[0m
      [32m✓ All goal reactions found.[0m
        [32m✓ Target reaction successfully synthesized in 0.46s![0m
      Evaluating reaction mnc_163 (163/500)...
        [31m✗ Skipped reaction synthesis (missing molecule synthesis subproblem failed).[0m
      Evaluating reaction mnc_164 (164/500)...
[Problem → Reactions] Found 914 reactions, 250 molecules.
      [32m✓ All goal molecules found.[0m
      [32m✓ All goal reactions found.[0m
        [32m✓ Target reaction successfully synthesized in 1.41s![0m
      Evaluating reaction mnc_165 (165/500)...
[Problem → Reactions] Found 221 reactions, 250 molecules.
      [32m✓ All goal molecules found.[0m
      [32m✓ All goal reactions found.[0m
        [32m✓ Target reaction successfully synthesized in 0.38s![0m
      Evaluating reaction mnc_166 (166/500)...
        [31m✗ Skipped reaction synthesis (missing molecule synthesis subproblem failed).[0m
      Evaluating reaction mnc_167 (167/500)...
        [31m✗ Skipped reaction synthesis (missing molecule synthesis subproblem failed).[0m
      Evaluating reaction mnc_168 (168/500)...
[Problem → Reactions] Found 203 reactions, 250 molecules.
      [32m✓ All goal molecules found.[0m
      [32m✓ All goal reactions found.[0m
        [32m✓ Target reaction successfully synthesized in 0.66s![0m
      Evaluating reaction mnc_169 (169/500)...
[Problem → Reactions] Found 573 reactions, 250 molecules.
      [32m✓ All goal molecules found.[0m
      [32m✓ All goal reactions found.[0m
        [32m✓ Target reaction successfully synthesized in 1.01s![0m
      Evaluating reaction mnc_170 (170/500)...
[Problem → Reactions] Found 851 reactions, 250 molecules.
      [32m✓ All goal molecules found.[0m
      [32m✓ All goal reactions found.[0m
        [32m✓ Target reaction successfully synthesized in 0.99s![0m
      Evaluating reaction mnc_171 (171/500)...
[Problem → Reactions] Found 2046 reactions, 250 molecules.
      [32m✓ All goal molecules found.[0m
      [32m✓ All goal reactions found.[0m
        [32m✓ Target reaction successfully synthesized in 5.33s![0m
      Evaluating reaction mnc_172 (172/500)...
[Problem → Reactions] Found 30000 reactions, 250 molecules.
      [32m✓ All goal molecules found.[0m
      [31m✗ Missing goal reactions.[0m
        [31m✗ Synthesis failed or timed out in 65.68s.[0m
      Evaluating reaction mnc_173 (173/500)...
[Problem → Reactions] Found 1999 reactions, 250 molecules.
      [32m✓ All goal molecules found.[0m
      [32m✓ All goal reactions found.[0m
        [32m✓ Target reaction successfully synthesized in 5.44s![0m
      Evaluating reaction mnc_174 (174/500)...
[Problem → Reactions] Found 149 reactions, 250 molecules.
      [32m✓ All goal molecules found.[0m
      [32m✓ All goal reactions found.[0m
        [32m✓ Target reaction successfully synthesized in 0.45s![0m
      Evaluating reaction mnc_175 (175/500)...
[Problem → Reactions] Found 215 reactions, 250 molecules.
      [32m✓ All goal molecules found.[0m
      [32m✓ All goal reactions found.[0m
        [32m✓ Target reaction successfully synthesized in 0.59s![0m
      Evaluating reaction mnc_176 (176/500)...
        [31m✗ Skipped reaction synthesis (missing molecule synthesis subproblem failed).[0m
      Evaluating reaction mnc_177 (177/500)...
[Problem → Reactions] Found 140 reactions, 250 molecules.
      [32m✓ All goal molecules found.[0m
      [32m✓ All goal reactions found.[0m
        [32m✓ Target reaction successfully synthesized in 0.48s![0m
      Evaluating reaction mnc_178 (178/500)...
[Problem → Reactions] Found 237 reactions, 250 molecules.
      [32m✓ All goal molecules found.[0m
      [32m✓ All goal reactions found.[0m
        [32m✓ Target reaction successfully synthesized in 1.72s![0m
      Evaluating reaction mnc_179 (179/500)...
[Problem → Reactions] Found 30000 reactions, 250 molecules.
      [32m✓ All goal molecules found.[0m
      [31m✗ Missing goal reactions.[0m
        [31m✗ Synthesis failed or timed out in 57.72s.[0m
      Evaluating reaction mnc_180 (180/500)...
[Problem → Reactions] Found 237 reactions, 250 molecules.
      [32m✓ All goal molecules found.[0m
      [32m✓ All goal reactions found.[0m
        [32m✓ Target reaction successfully synthesized in 1.2s![0m
      Evaluating reaction mnc_181 (181/500)...
[Problem → Reactions] Found 237 reactions, 250 molecules.
      [32m✓ All goal molecules found.[0m
      [32m✓ All goal reactions found.[0m
        [32m✓ Target reaction successfully synthesized in 1.36s![0m
      Evaluating reaction mnc_182 (182/500)...
[Problem → Reactions] Found 939 reactions, 250 molecules.
      [32m✓ All goal molecules found.[0m
      [32m✓ All goal reactions found.[0m
        [32m✓ Target reaction successfully synthesized in 1.39s![0m
      Evaluating reaction mnc_183 (183/500)...
[Problem → Reactions] Found 621 reactions, 250 molecules.
      [32m✓ All goal molecules found.[0m
      [32m✓ All goal reactions found.[0m
        [32m✓ Target reaction successfully synthesized in 0.86s![0m
      Evaluating reaction mnc_184 (184/500)...
        [31m✗ Skipped reaction synthesis (missing molecule synthesis subproblem failed).[0m
      Evaluating reaction mnc_185 (185/500)...
[Problem → Reactions] Found 1066 reactions, 250 molecules.
      [32m✓ All goal molecules found.[0m
      [32m✓ All goal reactions found.[0m
        [32m✓ Target reaction successfully synthesized in 8.27s![0m
      Evaluating reaction mnc_186 (186/500)...
[Problem → Reactions] Found 903 reactions, 250 molecules.
      [32m✓ All goal molecules found.[0m
      [32m✓ All goal reactions found.[0m
        [32m✓ Target reaction successfully synthesized in 2.32s![0m
      Evaluating reaction mnc_187 (187/500)...
        [31m✗ Skipped reaction synthesis (missing molecule synthesis subproblem failed).[0m
      Evaluating reaction mnc_188 (188/500)...
[Problem → Reactions] Found 309 reactions, 250 molecules.
      [32m✓ All goal molecules found.[0m
      [32m✓ All goal reactions found.[0m
        [32m✓ Target reaction successfully synthesized in 0.49s![0m
      Evaluating reaction mnc_189 (189/500)...
[Problem → Reactions] Found 950 reactions, 250 molecules.
      [32m✓ All goal molecules found.[0m
      [32m✓ All goal reactions found.[0m
        [32m✓ Target reaction successfully synthesized in 2.39s![0m
      Evaluating reaction mnc_190 (190/500)...
[Problem → Reactions] Found 2177 reactions, 250 molecules.
      [32m✓ All goal molecules found.[0m
      [32m✓ All goal reactions found.[0m
        [32m✓ Target reaction successfully synthesized in 3.6s![0m
      Evaluating reaction mnc_191 (191/500)...
[Problem → Reactions] Found 621 reactions, 250 molecules.
      [32m✓ All goal molecules found.[0m
      [32m✓ All goal reactions found.[0m
        [32m✓ Target reaction successfully synthesized in 0.86s![0m
      Evaluating reaction mnc_192 (192/500)...
[Problem → Reactions] Found 939 reactions, 250 molecules.
      [32m✓ All goal molecules found.[0m
      [32m✓ All goal reactions found.[0m
        [32m✓ Target reaction successfully synthesized in 1.4s![0m
      Evaluating reaction mnc_193 (193/500)...
[Problem → Reactions] Found 624 reactions, 250 molecules.
      [32m✓ All goal molecules found.[0m
      [32m✓ All goal reactions found.[0m
        [32m✓ Target reaction successfully synthesized in 1.02s![0m
      Evaluating reaction mnc_194 (194/500)...
[Problem → Reactions] Found 30000 reactions, 250 molecules.
      [32m✓ All goal molecules found.[0m
      [31m✗ Missing goal reactions.[0m
        [31m✗ Synthesis failed or timed out in 57.98s.[0m
      Evaluating reaction mnc_195 (195/500)...
[Problem → Reactions] Found 329 reactions, 250 molecules.
      [32m✓ All goal molecules found.[0m
      [32m✓ All goal reactions found.[0m
        [32m✓ Target reaction successfully synthesized in 0.49s![0m
      Evaluating reaction mnc_196 (196/500)...
[Problem → Reactions] Found 593 reactions, 250 molecules.
      [32m✓ All goal molecules found.[0m
      [32m✓ All goal reactions found.[0m
        [32m✓ Target reaction successfully synthesized in 0.82s![0m
      Evaluating reaction mnc_197 (197/500)...
[Problem → Reactions] Found 1072 reactions, 250 molecules.
      [32m✓ All goal molecules found.[0m
      [32m✓ All goal reactions found.[0m
        [32m✓ Target reaction successfully synthesized in 7.14s![0m
      Evaluating reaction mnc_198 (198/500)...
[Problem → Reactions] Found 206 reactions, 250 molecules.
      [32m✓ All goal molecules found.[0m
      [32m✓ All goal reactions found.[0m
        [32m✓ Target reaction successfully synthesized in 1.78s![0m
      Evaluating reaction mnc_199 (199/500)...
[Problem → Reactions] Found 621 reactions, 250 molecules.
      [32m✓ All goal molecules found.[0m
      [32m✓ All goal reactions found.[0m
        [32m✓ Target reaction successfully synthesized in 0.87s![0m
      Evaluating reaction mnc_200 (200/500)...
[Problem → Reactions] Found 206 reactions, 250 molecules.
      [32m✓ All goal molecules found.[0m
      [32m✓ All goal reactions found.[0m
        [32m✓ Target reaction successfully synthesized in 0.74s![0m
      Evaluating reaction mnc_201 (201/500)...
[Problem → Reactions] Found 927 reactions, 250 molecules.
      [32m✓ All goal molecules found.[0m
      [32m✓ All goal reactions found.[0m
        [32m✓ Target reaction successfully synthesized in 1.25s![0m
      Evaluating reaction mnc_202 (202/500)...
[Problem → Reactions] Found 981 reactions, 250 molecules.
      [32m✓ All goal molecules found.[0m
      [32m✓ All goal reactions found.[0m
        [32m✓ Target reaction successfully synthesized in 2.14s![0m
      Evaluating reaction mnc_203 (203/500)...
[Problem → Reactions] Found 611 reactions, 250 molecules.
      [32m✓ All goal molecules found.[0m
      [32m✓ All goal reactions found.[0m
        [32m✓ Target reaction successfully synthesized in 1.01s![0m
      Evaluating reaction mnc_204 (204/500)...
[Problem → Reactions] Found 237 reactions, 250 molecules.
      [32m✓ All goal molecules found.[0m
      [32m✓ All goal reactions found.[0m
        [32m✓ Target reaction successfully synthesized in 1.29s![0m
      Evaluating reaction mnc_205 (205/500)...
[Problem → Reactions] Found 621 reactions, 250 molecules.
      [32m✓ All goal molecules found.[0m
      [32m✓ All goal reactions found.[0m
        [32m✓ Target reaction successfully synthesized in 0.99s![0m
      Evaluating reaction mnc_206 (206/500)...
[Problem → Reactions] Found 237 reactions, 250 molecules.
      [32m✓ All goal molecules found.[0m
      [32m✓ All goal reactions found.[0m
        [32m✓ Target reaction successfully synthesized in 1.25s![0m
      Evaluating reaction mnc_207 (207/500)...
[Problem → Reactions] Found 320 reactions, 250 molecules.
      [32m✓ All goal molecules found.[0m
      [32m✓ All goal reactions found.[0m
        [32m✓ Target reaction successfully synthesized in 0.47s![0m
      Evaluating reaction mnc_208 (208/500)...
[Problem → Reactions] Found 135 reactions, 250 molecules.
      [32m✓ All goal molecules found.[0m
      [32m✓ All goal reactions found.[0m
        [32m✓ Target reaction successfully synthesized in 0.46s![0m
      Evaluating reaction mnc_209 (209/500)...
[Problem → Reactions] Found 981 reactions, 250 molecules.
      [32m✓ All goal molecules found.[0m
      [32m✓ All goal reactions found.[0m
        [32m✓ Target reaction successfully synthesized in 2.07s![0m
      Evaluating reaction mnc_210 (210/500)...
[Problem → Reactions] Found 207 reactions, 250 molecules.
      [32m✓ All goal molecules found.[0m
      [32m✓ All goal reactions found.[0m
        [32m✓ Target reaction successfully synthesized in 0.53s![0m
      Evaluating reaction mnc_211 (211/500)...
[Problem → Reactions] Found 2784 reactions, 250 molecules.
      [32m✓ All goal molecules found.[0m
      [32m✓ All goal reactions found.[0m
        [32m✓ Target reaction successfully synthesized in 3.63s![0m
      Evaluating reaction mnc_212 (212/500)...
[Problem → Reactions] Found 573 reactions, 250 molecules.
      [32m✓ All goal molecules found.[0m
      [32m✓ All goal reactions found.[0m
        [32m✓ Target reaction successfully synthesized in 0.98s![0m
      Evaluating reaction mnc_213 (213/500)...
[Problem → Reactions] Found 621 reactions, 250 molecules.
      [32m✓ All goal molecules found.[0m
      [32m✓ All goal reactions found.[0m
        [32m✓ Target reaction successfully synthesized in 1.01s![0m
      Evaluating reaction mnc_214 (214/500)...
        [31m✗ Skipped reaction synthesis (missing molecule synthesis subproblem failed).[0m
      Evaluating reaction mnc_215 (215/500)...
[Problem → Reactions] Found 206 reactions, 250 molecules.
      [32m✓ All goal molecules found.[0m
      [32m✓ All goal reactions found.[0m
        [32m✓ Target reaction successfully synthesized in 0.54s![0m
      Evaluating reaction mnc_216 (216/500)...
[Problem → Reactions] Found 573 reactions, 250 molecules.
      [32m✓ All goal molecules found.[0m
      [32m✓ All goal reactions found.[0m
        [32m✓ Target reaction successfully synthesized in 0.96s![0m
      Evaluating reaction mnc_217 (217/500)...
[Problem → Reactions] Found 237 reactions, 250 molecules.
      [32m✓ All goal molecules found.[0m
      [32m✓ All goal reactions found.[0m
        [32m✓ Target reaction successfully synthesized in 1.24s![0m
      Evaluating reaction mnc_218 (218/500)...
[Problem → Reactions] Found 2010 reactions, 250 molecules.
      [32m✓ All goal molecules found.[0m
      [32m✓ All goal reactions found.[0m
        [32m✓ Target reaction successfully synthesized in 4.75s![0m
      Evaluating reaction mnc_219 (219/500)...
[Problem → Reactions] Found 621 reactions, 250 molecules.
      [32m✓ All goal molecules found.[0m
      [32m✓ All goal reactions found.[0m
        [32m✓ Target reaction successfully synthesized in 1.92s![0m
      Evaluating reaction mnc_220 (220/500)...
[Problem → Reactions] Found 2070 reactions, 250 molecules.
      [32m✓ All goal molecules found.[0m
      [32m✓ All goal reactions found.[0m
        [32m✓ Target reaction successfully synthesized in 5.33s![0m
      Evaluating reaction mnc_221 (221/500)...
[Problem → Reactions] Found 593 reactions, 250 molecules.
      [32m✓ All goal molecules found.[0m
      [32m✓ All goal reactions found.[0m
        [32m✓ Target reaction successfully synthesized in 0.84s![0m
      Evaluating reaction mnc_222 (222/500)...
[Problem → Reactions] Found 596 reactions, 250 molecules.
      [32m✓ All goal molecules found.[0m
      [32m✓ All goal reactions found.[0m
        [32m✓ Target reaction successfully synthesized in 1.36s![0m
      Evaluating reaction mnc_223 (223/500)...
[Problem → Reactions] Found 215 reactions, 250 molecules.
      [32m✓ All goal molecules found.[0m
      [32m✓ All goal reactions found.[0m
        [32m✓ Target reaction successfully synthesized in 0.5s![0m
      Evaluating reaction mnc_224 (224/500)...
[Problem → Reactions] Found 621 reactions, 250 molecules.
      [32m✓ All goal molecules found.[0m
      [32m✓ All goal reactions found.[0m
        [32m✓ Target reaction successfully synthesized in 1.97s![0m
      Evaluating reaction mnc_225 (225/500)...
[Problem → Reactions] Found 206 reactions, 250 molecules.
      [32m✓ All goal molecules found.[0m
      [32m✓ All goal reactions found.[0m
        [32m✓ Target reaction successfully synthesized in 0.55s![0m
      Evaluating reaction mnc_226 (226/500)...
[Problem → Reactions] Found 140 reactions, 250 molecules.
      [32m✓ All goal molecules found.[0m
      [32m✓ All goal reactions found.[0m
        [32m✓ Target reaction successfully synthesized in 0.42s![0m
      Evaluating reaction mnc_227 (227/500)...
[Problem → Reactions] Found 932 reactions, 250 molecules.
      [32m✓ All goal molecules found.[0m
      [32m✓ All goal reactions found.[0m
        [32m✓ Target reaction successfully synthesized in 1.38s![0m
      Evaluating reaction mnc_228 (228/500)...
[Problem → Reactions] Found 621 reactions, 250 molecules.
      [32m✓ All goal molecules found.[0m
      [32m✓ All goal reactions found.[0m
        [32m✓ Target reaction successfully synthesized in 0.97s![0m
      Evaluating reaction mnc_229 (229/500)...
        [31m✗ Skipped reaction synthesis (missing molecule synthesis subproblem failed).[0m
      Evaluating reaction mnc_230 (230/500)...
[Problem → Reactions] Found 593 reactions, 250 molecules.
      [32m✓ All goal molecules found.[0m
      [32m✓ All goal reactions found.[0m
        [32m✓ Target reaction successfully synthesized in 0.87s![0m
      Evaluating reaction mnc_231 (231/500)...
[Problem → Reactions] Found 621 reactions, 250 molecules.
      [32m✓ All goal molecules found.[0m
      [32m✓ All goal reactions found.[0m
        [32m✓ Target reaction successfully synthesized in 0.99s![0m
      Evaluating reaction mnc_232 (232/500)...
[Problem → Reactions] Found 203 reactions, 250 molecules.
      [32m✓ All goal molecules found.[0m
      [32m✓ All goal reactions found.[0m
        [32m✓ Target reaction successfully synthesized in 0.53s![0m
      Evaluating reaction mnc_233 (233/500)...
[Problem → Reactions] Found 135 reactions, 250 molecules.
      [32m✓ All goal molecules found.[0m
      [32m✓ All goal reactions found.[0m
        [32m✓ Target reaction successfully synthesized in 0.14s![0m
      Evaluating reaction mnc_234 (234/500)...
[Problem → Reactions] Found 221 reactions, 250 molecules.
      [32m✓ All goal molecules found.[0m
      [32m✓ All goal reactions found.[0m
        [32m✓ Target reaction successfully synthesized in 0.45s![0m
      Evaluating reaction mnc_235 (235/500)...
        [31m✗ Skipped reaction synthesis (missing molecule synthesis subproblem failed).[0m
      Evaluating reaction mnc_236 (236/500)...
[Problem → Reactions] Found 203 reactions, 250 molecules.
      [32m✓ All goal molecules found.[0m
      [32m✓ All goal reactions found.[0m
        [32m✓ Target reaction successfully synthesized in 0.52s![0m
      Evaluating reaction mnc_237 (237/500)...
[Problem → Reactions] Found 203 reactions, 250 molecules.
      [32m✓ All goal molecules found.[0m
      [32m✓ All goal reactions found.[0m
        [32m✓ Target reaction successfully synthesized in 0.62s![0m
      Evaluating reaction mnc_238 (238/500)...
[Problem → Reactions] Found 663 reactions, 250 molecules.
      [32m✓ All goal molecules found.[0m
      [32m✓ All goal reactions found.[0m
        [32m✓ Target reaction successfully synthesized in 1.42s![0m
      Evaluating reaction mnc_239 (239/500)...
[Problem → Reactions] Found 221 reactions, 250 molecules.
      [32m✓ All goal molecules found.[0m
      [32m✓ All goal reactions found.[0m
        [32m✓ Target reaction successfully synthesized in 0.43s![0m
      Evaluating reaction mnc_240 (240/500)...
[Problem → Reactions] Found 597 reactions, 250 molecules.
      [32m✓ All goal molecules found.[0m
      [32m✓ All goal reactions found.[0m
        [32m✓ Target reaction successfully synthesized in 0.94s![0m
      Evaluating reaction mnc_241 (241/500)...
[Problem → Reactions] Found 608 reactions, 250 molecules.
      [32m✓ All goal molecules found.[0m
      [32m✓ All goal reactions found.[0m
        [32m✓ Target reaction successfully synthesized in 0.94s![0m
      Evaluating reaction mnc_242 (242/500)...
[Problem → Reactions] Found 5385 reactions, 250 molecules.
      [32m✓ All goal molecules found.[0m
      [32m✓ All goal reactions found.[0m
        [32m✓ Target reaction successfully synthesized in 7.09s![0m
      Evaluating reaction mnc_243 (243/500)...
[Problem → Reactions] Found 30000 reactions, 250 molecules.
      [32m✓ All goal molecules found.[0m
      [31m✗ Missing goal reactions.[0m
        [31m✗ Synthesis failed or timed out in 64.39s.[0m
      Evaluating reaction mnc_244 (244/500)...
[Problem → Reactions] Found 363 reactions, 250 molecules.
      [32m✓ All goal molecules found.[0m
      [32m✓ All goal reactions found.[0m
        [32m✓ Target reaction successfully synthesized in 0.93s![0m
      Evaluating reaction mnc_245 (245/500)...
[Problem → Reactions] Found 573 reactions, 250 molecules.
      [32m✓ All goal molecules found.[0m
      [32m✓ All goal reactions found.[0m
        [32m✓ Target reaction successfully synthesized in 0.95s![0m
      Evaluating reaction mnc_246 (246/500)...
[Problem → Reactions] Found 2046 reactions, 250 molecules.
      [32m✓ All goal molecules found.[0m
      [32m✓ All goal reactions found.[0m
        [32m✓ Target reaction successfully synthesized in 4.93s![0m
      Evaluating reaction mnc_247 (247/500)...
[Problem → Reactions] Found 237 reactions, 250 molecules.
      [32m✓ All goal molecules found.[0m
      [32m✓ All goal reactions found.[0m
        [32m✓ Target reaction successfully synthesized in 1.69s![0m
      Evaluating reaction mnc_248 (248/500)...
        [31m✗ Skipped reaction synthesis (missing molecule synthesis subproblem failed).[0m
      Evaluating reaction mnc_249 (249/500)...
[Problem → Reactions] Found 927 reactions, 250 molecules.
      [32m✓ All goal molecules found.[0m
      [32m✓ All goal reactions found.[0m
        [32m✓ Target reaction successfully synthesized in 2.35s![0m
      Evaluating reaction mnc_250 (250/500)...
[Problem → Reactions] Found 221 reactions, 250 molecules.
      [32m✓ All goal molecules found.[0m
      [32m✓ All goal reactions found.[0m
        [32m✓ Target reaction successfully synthesized in 0.36s![0m
      Evaluating reaction mnc_251 (251/500)...
[Problem → Reactions] Found 1063 reactions, 250 molecules.
      [32m✓ All goal molecules found.[0m
      [32m✓ All goal reactions found.[0m
        [32m✓ Target reaction successfully synthesized in 4.47s![0m
      Evaluating reaction mnc_252 (252/500)...
[Problem → Reactions] Found 621 reactions, 250 molecules.
      [32m✓ All goal molecules found.[0m
      [32m✓ All goal reactions found.[0m
        [32m✓ Target reaction successfully synthesized in 0.98s![0m
      Evaluating reaction mnc_253 (253/500)...
[Problem → Reactions] Found 206 reactions, 250 molecules.
      [32m✓ All goal molecules found.[0m
      [32m✓ All goal reactions found.[0m
        [32m✓ Target reaction successfully synthesized in 0.92s![0m
      Evaluating reaction mnc_254 (254/500)...
[Problem → Reactions] Found 320 reactions, 250 molecules.
      [32m✓ All goal molecules found.[0m
      [32m✓ All goal reactions found.[0m
        [32m✓ Target reaction successfully synthesized in 0.49s![0m
      Evaluating reaction mnc_255 (255/500)...
[Problem → Reactions] Found 326 reactions, 250 molecules.
      [32m✓ All goal molecules found.[0m
      [32m✓ All goal reactions found.[0m
        [32m✓ Target reaction successfully synthesized in 1.55s![0m
      Evaluating reaction mnc_256 (256/500)...
[Problem → Reactions] Found 203 reactions, 250 molecules.
      [32m✓ All goal molecules found.[0m
      [32m✓ All goal reactions found.[0m
        [32m✓ Target reaction successfully synthesized in 0.52s![0m
      Evaluating reaction mnc_257 (257/500)...
[Problem → Reactions] Found 207 reactions, 250 molecules.
      [32m✓ All goal molecules found.[0m
      [32m✓ All goal reactions found.[0m
        [32m✓ Target reaction successfully synthesized in 0.54s![0m
      Evaluating reaction mnc_258 (258/500)...
[Problem → Reactions] Found 203 reactions, 250 molecules.
      [32m✓ All goal molecules found.[0m
      [32m✓ All goal reactions found.[0m
        [32m✓ Target reaction successfully synthesized in 0.73s![0m
      Evaluating reaction mnc_259 (259/500)...
[Problem → Reactions] Found 149 reactions, 250 molecules.
      [32m✓ All goal molecules found.[0m
      [32m✓ All goal reactions found.[0m
        [32m✓ Target reaction successfully synthesized in 0.39s![0m
      Evaluating reaction mnc_260 (260/500)...
[Problem → Reactions] Found 981 reactions, 250 molecules.
      [32m✓ All goal molecules found.[0m
      [32m✓ All goal reactions found.[0m
        [32m✓ Target reaction successfully synthesized in 2.07s![0m
      Evaluating reaction mnc_261 (261/500)...
[Problem → Reactions] Found 206 reactions, 250 molecules.
      [32m✓ All goal molecules found.[0m
      [32m✓ All goal reactions found.[0m
        [32m✓ Target reaction successfully synthesized in 0.7s![0m
      Evaluating reaction mnc_262 (262/500)...
[Problem → Reactions] Found 377 reactions, 250 molecules.
      [32m✓ All goal molecules found.[0m
      [32m✓ All goal reactions found.[0m
        [32m✓ Target reaction successfully synthesized in 0.66s![0m
      Evaluating reaction mnc_263 (263/500)...
[Problem → Reactions] Found 269 reactions, 250 molecules.
      [32m✓ All goal molecules found.[0m
      [32m✓ All goal reactions found.[0m
        [32m✓ Target reaction successfully synthesized in 0.43s![0m
      Evaluating reaction mnc_264 (264/500)...
[Problem → Reactions] Found 206 reactions, 250 molecules.
      [32m✓ All goal molecules found.[0m
      [32m✓ All goal reactions found.[0m
        [32m✓ Target reaction successfully synthesized in 0.54s![0m
      Evaluating reaction mnc_265 (265/500)...
[Problem → Reactions] Found 339 reactions, 250 molecules.
      [32m✓ All goal molecules found.[0m
      [32m✓ All goal reactions found.[0m
        [32m✓ Target reaction successfully synthesized in 1.05s![0m
      Evaluating reaction mnc_266 (266/500)...
[Problem → Reactions] Found 206 reactions, 250 molecules.
      [32m✓ All goal molecules found.[0m
      [32m✓ All goal reactions found.[0m
        [32m✓ Target reaction successfully synthesized in 0.64s![0m
      Evaluating reaction mnc_267 (267/500)...
[Problem → Reactions] Found 2046 reactions, 250 molecules.
      [32m✓ All goal molecules found.[0m
      [32m✓ All goal reactions found.[0m
        [32m✓ Target reaction successfully synthesized in 4.98s![0m
      Evaluating reaction mnc_268 (268/500)...
[Problem → Reactions] Found 621 reactions, 250 molecules.
      [32m✓ All goal molecules found.[0m
      [32m✓ All goal reactions found.[0m
        [32m✓ Target reaction successfully synthesized in 0.98s![0m
      Evaluating reaction mnc_269 (269/500)...
[Problem → Reactions] Found 30000 reactions, 250 molecules.
      [32m✓ All goal molecules found.[0m
      [31m✗ Missing goal reactions.[0m
        [31m✗ Synthesis failed or timed out in 61.33s.[0m
      Evaluating reaction mnc_270 (270/500)...
[Problem → Reactions] Found 30000 reactions, 250 molecules.
      [32m✓ All goal molecules found.[0m
      [31m✗ Missing goal reactions.[0m
        [31m✗ Synthesis failed or timed out in 64.22s.[0m
      Evaluating reaction mnc_271 (271/500)...
[Problem → Reactions] Found 203 reactions, 250 molecules.
      [32m✓ All goal molecules found.[0m
      [32m✓ All goal reactions found.[0m
        [32m✓ Target reaction successfully synthesized in 0.57s![0m
      Evaluating reaction mnc_272 (272/500)...
[Problem → Reactions] Found 621 reactions, 250 molecules.
      [32m✓ All goal molecules found.[0m
      [32m✓ All goal reactions found.[0m
        [32m✓ Target reaction successfully synthesized in 0.86s![0m
      Evaluating reaction mnc_273 (273/500)...
[Problem → Reactions] Found 207 reactions, 250 molecules.
      [32m✓ All goal molecules found.[0m
      [32m✓ All goal reactions found.[0m
        [32m✓ Target reaction successfully synthesized in 0.62s![0m
      Evaluating reaction mnc_274 (274/500)...
[Problem → Reactions] Found 170 reactions, 250 molecules.
      [32m✓ All goal molecules found.[0m
      [32m✓ All goal reactions found.[0m
        [32m✓ Target reaction successfully synthesized in 0.53s![0m
      Evaluating reaction mnc_275 (275/500)...
[Problem → Reactions] Found 621 reactions, 250 molecules.
      [32m✓ All goal molecules found.[0m
      [32m✓ All goal reactions found.[0m
        [32m✓ Target reaction successfully synthesized in 0.86s![0m
      Evaluating reaction mnc_276 (276/500)...
[Problem → Reactions] Found 237 reactions, 250 molecules.
      [32m✓ All goal molecules found.[0m
      [32m✓ All goal reactions found.[0m
        [32m✓ Target reaction successfully synthesized in 1.28s![0m
      Evaluating reaction mnc_277 (277/500)...
[Problem → Reactions] Found 621 reactions, 250 molecules.
      [32m✓ All goal molecules found.[0m
      [32m✓ All goal reactions found.[0m
        [32m✓ Target reaction successfully synthesized in 0.93s![0m
      Evaluating reaction mnc_278 (278/500)...
[Problem → Reactions] Found 1235 reactions, 250 molecules.
      [32m✓ All goal molecules found.[0m
      [32m✓ All goal reactions found.[0m
        [32m✓ Target reaction successfully synthesized in 1.81s![0m
      Evaluating reaction mnc_279 (279/500)...
[Problem → Reactions] Found 149 reactions, 250 molecules.
      [32m✓ All goal molecules found.[0m
      [32m✓ All goal reactions found.[0m
        [32m✓ Target reaction successfully synthesized in 0.39s![0m
      Evaluating reaction mnc_280 (280/500)...
[Problem → Reactions] Found 621 reactions, 250 molecules.
      [32m✓ All goal molecules found.[0m
      [32m✓ All goal reactions found.[0m
        [32m✓ Target reaction successfully synthesized in 0.96s![0m
      Evaluating reaction mnc_281 (281/500)...
[Problem → Reactions] Found 209 reactions, 250 molecules.
      [32m✓ All goal molecules found.[0m
      [32m✓ All goal reactions found.[0m
        [32m✓ Target reaction successfully synthesized in 0.67s![0m
      Evaluating reaction mnc_282 (282/500)...
[Problem → Reactions] Found 377 reactions, 250 molecules.
      [32m✓ All goal molecules found.[0m
      [32m✓ All goal reactions found.[0m
        [32m✓ Target reaction successfully synthesized in 0.76s![0m
      Evaluating reaction mnc_283 (283/500)...
[Problem → Reactions] Found 608 reactions, 250 molecules.
      [32m✓ All goal molecules found.[0m
      [32m✓ All goal reactions found.[0m
        [32m✓ Target reaction successfully synthesized in 0.96s![0m
      Evaluating reaction mnc_284 (284/500)...
[Problem → Reactions] Found 621 reactions, 250 molecules.
      [32m✓ All goal molecules found.[0m
      [32m✓ All goal reactions found.[0m
        [32m✓ Target reaction successfully synthesized in 0.95s![0m
      Evaluating reaction mnc_285 (285/500)...
[Problem → Reactions] Found 939 reactions, 250 molecules.
      [32m✓ All goal molecules found.[0m
      [32m✓ All goal reactions found.[0m
        [32m✓ Target reaction successfully synthesized in 1.35s![0m
      Evaluating reaction mnc_286 (286/500)...
[Problem → Reactions] Found 1064 reactions, 250 molecules.
      [32m✓ All goal molecules found.[0m
      [32m✓ All goal reactions found.[0m
        [32m✓ Target reaction successfully synthesized in 4.6s![0m
      Evaluating reaction mnc_287 (287/500)...
[Problem → Reactions] Found 237 reactions, 250 molecules.
      [32m✓ All goal molecules found.[0m
      [32m✓ All goal reactions found.[0m
        [32m✓ Target reaction successfully synthesized in 2.35s![0m
      Evaluating reaction mnc_288 (288/500)...
[Problem → Reactions] Found 30000 reactions, 250 molecules.
      [32m✓ All goal molecules found.[0m
      [31m✗ Missing goal reactions.[0m
        [31m✗ Synthesis failed or timed out in 63.66s.[0m
      Evaluating reaction mnc_289 (289/500)...
[Problem → Reactions] Found 30000 reactions, 250 molecules.
      [32m✓ All goal molecules found.[0m
      [31m✗ Missing goal reactions.[0m
        [31m✗ Synthesis failed or timed out in 58.25s.[0m
      Evaluating reaction mnc_290 (290/500)...
[Problem → Reactions] Found 203 reactions, 250 molecules.
      [32m✓ All goal molecules found.[0m
      [32m✓ All goal reactions found.[0m
        [32m✓ Target reaction successfully synthesized in 0.53s![0m
      Evaluating reaction mnc_291 (291/500)...
[Problem → Reactions] Found 203 reactions, 250 molecules.
      [32m✓ All goal molecules found.[0m
      [32m✓ All goal reactions found.[0m
        [32m✓ Target reaction successfully synthesized in 0.58s![0m
      Evaluating reaction mnc_292 (292/500)...
        [31m✗ Skipped reaction synthesis (missing molecule synthesis subproblem failed).[0m
      Evaluating reaction mnc_293 (293/500)...
[Problem → Reactions] Found 573 reactions, 250 molecules.
      [32m✓ All goal molecules found.[0m
      [32m✓ All goal reactions found.[0m
        [32m✓ Target reaction successfully synthesized in 0.93s![0m
      Evaluating reaction mnc_294 (294/500)...
[Problem → Reactions] Found 1057 reactions, 250 molecules.
      [32m✓ All goal molecules found.[0m
      [32m✓ All goal reactions found.[0m
        [32m✓ Target reaction successfully synthesized in 4.77s![0m
      Evaluating reaction mnc_295 (295/500)...
[Problem → Reactions] Found 339 reactions, 250 molecules.
      [32m✓ All goal molecules found.[0m
      [32m✓ All goal reactions found.[0m
        [32m✓ Target reaction successfully synthesized in 1.1s![0m
      Evaluating reaction mnc_296 (296/500)...
[Problem → Reactions] Found 903 reactions, 250 molecules.
      [32m✓ All goal molecules found.[0m
      [32m✓ All goal reactions found.[0m
        [32m✓ Target reaction successfully synthesized in 2.48s![0m
      Evaluating reaction mnc_297 (297/500)...
[Problem → Reactions] Found 939 reactions, 250 molecules.
      [32m✓ All goal molecules found.[0m
      [32m✓ All goal reactions found.[0m
        [32m✓ Target reaction successfully synthesized in 2.36s![0m
      Evaluating reaction mnc_298 (298/500)...
[Problem → Reactions] Found 209 reactions, 250 molecules.
      [32m✓ All goal molecules found.[0m
      [32m✓ All goal reactions found.[0m
        [32m✓ Target reaction successfully synthesized in 0.4s![0m
      Evaluating reaction mnc_299 (299/500)...
[Problem → Reactions] Found 149 reactions, 250 molecules.
      [32m✓ All goal molecules found.[0m
      [32m✓ All goal reactions found.[0m
        [32m✓ Target reaction successfully synthesized in 0.5s![0m
      Evaluating reaction mnc_300 (300/500)...
[Problem → Reactions] Found 30000 reactions, 250 molecules.
      [32m✓ All goal molecules found.[0m
      [31m✗ Missing goal reactions.[0m
        [31m✗ Synthesis failed or timed out in 56.54s.[0m
      Evaluating reaction mnc_301 (301/500)...
[Problem → Reactions] Found 255 reactions, 250 molecules.
      [32m✓ All goal molecules found.[0m
      [32m✓ All goal reactions found.[0m
        [32m✓ Target reaction successfully synthesized in 0.42s![0m
      Evaluating reaction mnc_302 (302/500)...
[Problem → Reactions] Found 465 reactions, 250 molecules.
      [32m✓ All goal molecules found.[0m
      [32m✓ All goal reactions found.[0m
        [32m✓ Target reaction successfully synthesized in 1.05s![0m
      Evaluating reaction mnc_303 (303/500)...
[Problem → Reactions] Found 140 reactions, 250 molecules.
      [32m✓ All goal molecules found.[0m
      [32m✓ All goal reactions found.[0m
        [32m✓ Target reaction successfully synthesized in 0.39s![0m
      Evaluating reaction mnc_304 (304/500)...
[Problem → Reactions] Found 335 reactions, 250 molecules.
      [32m✓ All goal molecules found.[0m
      [32m✓ All goal reactions found.[0m
        [32m✓ Target reaction successfully synthesized in 0.42s![0m
      Evaluating reaction mnc_305 (305/500)...
[Problem → Reactions] Found 128 reactions, 250 molecules.
      [32m✓ All goal molecules found.[0m
      [32m✓ All goal reactions found.[0m
        [32m✓ Target reaction successfully synthesized in 0.32s![0m
      Evaluating reaction mnc_306 (306/500)...
[Problem → Reactions] Found 30000 reactions, 250 molecules.
      [32m✓ All goal molecules found.[0m
      [31m✗ Missing goal reactions.[0m
        [31m✗ Synthesis failed or timed out in 64.11s.[0m
      Evaluating reaction mnc_307 (307/500)...
[Problem → Reactions] Found 2046 reactions, 250 molecules.
      [32m✓ All goal molecules found.[0m
      [32m✓ All goal reactions found.[0m
        [32m✓ Target reaction successfully synthesized in 3.74s![0m
      Evaluating reaction mnc_308 (308/500)...
[Problem → Reactions] Found 621 reactions, 250 molecules.
      [32m✓ All goal molecules found.[0m
      [32m✓ All goal reactions found.[0m
        [32m✓ Target reaction successfully synthesized in 0.98s![0m
      Evaluating reaction mnc_309 (309/500)...
[Problem → Reactions] Found 203 reactions, 250 molecules.
      [32m✓ All goal molecules found.[0m
      [32m✓ All goal reactions found.[0m
        [32m✓ Target reaction successfully synthesized in 1.65s![0m
      Evaluating reaction mnc_310 (310/500)...
[Problem → Reactions] Found 206 reactions, 250 molecules.
      [32m✓ All goal molecules found.[0m
      [32m✓ All goal reactions found.[0m
        [32m✓ Target reaction successfully synthesized in 0.55s![0m
      Evaluating reaction mnc_311 (311/500)...
[Problem → Reactions] Found 129 reactions, 250 molecules.
      [32m✓ All goal molecules found.[0m
      [32m✓ All goal reactions found.[0m
        [32m✓ Target reaction successfully synthesized in 0.43s![0m
      Evaluating reaction mnc_312 (312/500)...
[Problem → Reactions] Found 1068 reactions, 250 molecules.
      [32m✓ All goal molecules found.[0m
      [32m✓ All goal reactions found.[0m
        [32m✓ Target reaction successfully synthesized in 4.54s![0m
      Evaluating reaction mnc_313 (313/500)...
[Problem → Reactions] Found 221 reactions, 250 molecules.
      [32m✓ All goal molecules found.[0m
      [32m✓ All goal reactions found.[0m
        [32m✓ Target reaction successfully synthesized in 0.64s![0m
      Evaluating reaction mnc_314 (314/500)...
[Problem → Reactions] Found 608 reactions, 250 molecules.
      [32m✓ All goal molecules found.[0m
      [32m✓ All goal reactions found.[0m
        [32m✓ Target reaction successfully synthesized in 2.01s![0m
      Evaluating reaction mnc_315 (315/500)...
[Problem → Reactions] Found 914 reactions, 250 molecules.
      [32m✓ All goal molecules found.[0m
      [32m✓ All goal reactions found.[0m
        [32m✓ Target reaction successfully synthesized in 1.27s![0m
      Evaluating reaction mnc_316 (316/500)...
[Problem → Reactions] Found 320 reactions, 250 molecules.
      [32m✓ All goal molecules found.[0m
      [32m✓ All goal reactions found.[0m
        [32m✓ Target reaction successfully synthesized in 0.67s![0m
      Evaluating reaction mnc_317 (317/500)...
[Problem → Reactions] Found 311 reactions, 250 molecules.
      [32m✓ All goal molecules found.[0m
      [32m✓ All goal reactions found.[0m
        [32m✓ Target reaction successfully synthesized in 0.44s![0m
      Evaluating reaction mnc_318 (318/500)...
        [31m✗ Skipped reaction synthesis (missing molecule synthesis subproblem failed).[0m
      Evaluating reaction mnc_319 (319/500)...
[Problem → Reactions] Found 939 reactions, 250 molecules.
      [32m✓ All goal molecules found.[0m
      [32m✓ All goal reactions found.[0m
        [32m✓ Target reaction successfully synthesized in 1.43s![0m
      Evaluating reaction mnc_320 (320/500)...
[Problem → Reactions] Found 203 reactions, 250 molecules.
      [32m✓ All goal molecules found.[0m
      [32m✓ All goal reactions found.[0m
        [32m✓ Target reaction successfully synthesized in 0.53s![0m
      Evaluating reaction mnc_321 (321/500)...
[Problem → Reactions] Found 939 reactions, 250 molecules.
      [32m✓ All goal molecules found.[0m
      [32m✓ All goal reactions found.[0m
        [32m✓ Target reaction successfully synthesized in 1.4s![0m
      Evaluating reaction mnc_322 (322/500)...
[Problem → Reactions] Found 1982 reactions, 250 molecules.
      [32m✓ All goal molecules found.[0m
      [32m✓ All goal reactions found.[0m
        [32m✓ Target reaction successfully synthesized in 1.55s![0m
      Evaluating reaction mnc_323 (323/500)...
[Problem → Reactions] Found 159 reactions, 250 molecules.
      [32m✓ All goal molecules found.[0m
      [32m✓ All goal reactions found.[0m
        [32m✓ Target reaction successfully synthesized in 0.44s![0m
      Evaluating reaction mnc_324 (324/500)...
[Problem → Reactions] Found 939 reactions, 250 molecules.
      [32m✓ All goal molecules found.[0m
      [32m✓ All goal reactions found.[0m
        [32m✓ Target reaction successfully synthesized in 1.34s![0m
      Evaluating reaction mnc_325 (325/500)...
[Problem → Reactions] Found 621 reactions, 250 molecules.
      [32m✓ All goal molecules found.[0m
      [32m✓ All goal reactions found.[0m
        [32m✓ Target reaction successfully synthesized in 0.93s![0m
      Evaluating reaction mnc_326 (326/500)...
[Problem → Reactions] Found 30000 reactions, 250 molecules.
      [32m✓ All goal molecules found.[0m
      [31m✗ Missing goal reactions.[0m
        [31m✗ Synthesis failed or timed out in 59.22s.[0m
      Evaluating reaction mnc_327 (327/500)...
[Problem → Reactions] Found 938 reactions, 250 molecules.
      [32m✓ All goal molecules found.[0m
      [32m✓ All goal reactions found.[0m
        [32m✓ Target reaction successfully synthesized in 1.31s![0m
      Evaluating reaction mnc_328 (328/500)...
[Problem → Reactions] Found 573 reactions, 250 molecules.
      [32m✓ All goal molecules found.[0m
      [32m✓ All goal reactions found.[0m
        [32m✓ Target reaction successfully synthesized in 0.97s![0m
      Evaluating reaction mnc_329 (329/500)...
[Problem → Reactions] Found 149 reactions, 250 molecules.
      [32m✓ All goal molecules found.[0m
      [32m✓ All goal reactions found.[0m
        [32m✓ Target reaction successfully synthesized in 0.39s![0m
      Evaluating reaction mnc_330 (330/500)...
[Problem → Reactions] Found 2178 reactions, 250 molecules.
      [32m✓ All goal molecules found.[0m
      [32m✓ All goal reactions found.[0m
        [32m✓ Target reaction successfully synthesized in 3.38s![0m
      Evaluating reaction mnc_331 (331/500)...
[Problem → Reactions] Found 621 reactions, 250 molecules.
      [32m✓ All goal molecules found.[0m
      [32m✓ All goal reactions found.[0m
        [32m✓ Target reaction successfully synthesized in 0.97s![0m
      Evaluating reaction mnc_332 (332/500)...
[Problem → Reactions] Found 621 reactions, 250 molecules.
      [32m✓ All goal molecules found.[0m
      [32m✓ All goal reactions found.[0m
        [32m✓ Target reaction successfully synthesized in 0.99s![0m
      Evaluating reaction mnc_333 (333/500)...
[Problem → Reactions] Found 981 reactions, 250 molecules.
      [32m✓ All goal molecules found.[0m
      [32m✓ All goal reactions found.[0m
        [32m✓ Target reaction successfully synthesized in 2.1s![0m
      Evaluating reaction mnc_334 (334/500)...
[Problem → Reactions] Found 135 reactions, 250 molecules.
      [32m✓ All goal molecules found.[0m
      [32m✓ All goal reactions found.[0m
        [32m✓ Target reaction successfully synthesized in 0.38s![0m
      Evaluating reaction mnc_335 (335/500)...
[Problem → Reactions] Found 335 reactions, 250 molecules.
      [32m✓ All goal molecules found.[0m
      [32m✓ All goal reactions found.[0m
        [32m✓ Target reaction successfully synthesized in 0.44s![0m
      Evaluating reaction mnc_336 (336/500)...
[Problem → Reactions] Found 320 reactions, 250 molecules.
      [32m✓ All goal molecules found.[0m
      [32m✓ All goal reactions found.[0m
        [32m✓ Target reaction successfully synthesized in 0.45s![0m
      Evaluating reaction mnc_337 (337/500)...
[Problem → Reactions] Found 135 reactions, 250 molecules.
      [32m✓ All goal molecules found.[0m
      [32m✓ All goal reactions found.[0m
        [32m✓ Target reaction successfully synthesized in 0.38s![0m
      Evaluating reaction mnc_338 (338/500)...
[Problem → Reactions] Found 935 reactions, 250 molecules.
      [32m✓ All goal molecules found.[0m
      [32m✓ All goal reactions found.[0m
        [32m✓ Target reaction successfully synthesized in 1.33s![0m
      Evaluating reaction mnc_339 (339/500)...
[Problem → Reactions] Found 593 reactions, 250 molecules.
      [32m✓ All goal molecules found.[0m
      [32m✓ All goal reactions found.[0m
        [32m✓ Target reaction successfully synthesized in 4.5s![0m
      Evaluating reaction mnc_340 (340/500)...
[Problem → Reactions] Found 1801 reactions, 250 molecules.
      [32m✓ All goal molecules found.[0m
      [32m✓ All goal reactions found.[0m
        [32m✓ Target reaction successfully synthesized in 7.11s![0m
      Evaluating reaction mnc_341 (341/500)...
[Problem → Reactions] Found 603 reactions, 250 molecules.
      [32m✓ All goal molecules found.[0m
      [32m✓ All goal reactions found.[0m
        [32m✓ Target reaction successfully synthesized in 0.89s![0m
      Evaluating reaction mnc_342 (342/500)...
        [31m✗ Skipped reaction synthesis (missing molecule synthesis subproblem failed).[0m
      Evaluating reaction mnc_343 (343/500)...
[Problem → Reactions] Found 939 reactions, 250 molecules.
      [32m✓ All goal molecules found.[0m
      [32m✓ All goal reactions found.[0m
        [32m✓ Target reaction successfully synthesized in 1.43s![0m
      Evaluating reaction mnc_344 (344/500)...
[Problem → Reactions] Found 203 reactions, 250 molecules.
      [32m✓ All goal molecules found.[0m
      [32m✓ All goal reactions found.[0m
        [32m✓ Target reaction successfully synthesized in 0.53s![0m
      Evaluating reaction mnc_345 (345/500)...
[Problem → Reactions] Found 939 reactions, 250 molecules.
      [32m✓ All goal molecules found.[0m
      [32m✓ All goal reactions found.[0m
        [32m✓ Target reaction successfully synthesized in 1.38s![0m
      Evaluating reaction mnc_346 (346/500)...
[Problem → Reactions] Found 431 reactions, 250 molecules.
      [32m✓ All goal molecules found.[0m
      [32m✓ All goal reactions found.[0m
        [32m✓ Target reaction successfully synthesized in 1.09s![0m
      Evaluating reaction mnc_347 (347/500)...
[Problem → Reactions] Found 149 reactions, 250 molecules.
      [32m✓ All goal molecules found.[0m
      [32m✓ All goal reactions found.[0m
        [32m✓ Target reaction successfully synthesized in 0.5s![0m
      Evaluating reaction mnc_348 (348/500)...
[Problem → Reactions] Found 593 reactions, 250 molecules.
      [32m✓ All goal molecules found.[0m
      [32m✓ All goal reactions found.[0m
        [32m✓ Target reaction successfully synthesized in 0.73s![0m
      Evaluating reaction mnc_349 (349/500)...
[Problem → Reactions] Found 623 reactions, 250 molecules.
      [32m✓ All goal molecules found.[0m
      [32m✓ All goal reactions found.[0m
        [32m✓ Target reaction successfully synthesized in 0.95s![0m
      Evaluating reaction mnc_350 (350/500)...
[Problem → Reactions] Found 237 reactions, 250 molecules.
      [32m✓ All goal molecules found.[0m
      [32m✓ All goal reactions found.[0m
        [32m✓ Target reaction successfully synthesized in 1.31s![0m
      Evaluating reaction mnc_351 (351/500)...
[Problem → Reactions] Found 465 reactions, 250 molecules.
      [32m✓ All goal molecules found.[0m
      [32m✓ All goal reactions found.[0m
        [32m✓ Target reaction successfully synthesized in 1.05s![0m
      Evaluating reaction mnc_352 (352/500)...
[Problem → Reactions] Found 30000 reactions, 250 molecules.
      [32m✓ All goal molecules found.[0m
      [31m✗ Missing goal reactions.[0m
        [31m✗ Synthesis failed or timed out in 69.93s.[0m
      Evaluating reaction mnc_353 (353/500)...
[Problem → Reactions] Found 30000 reactions, 250 molecules.
      [32m✓ All goal molecules found.[0m
      [31m✗ Missing goal reactions.[0m
        [31m✗ Synthesis failed or timed out in 61.81s.[0m
      Evaluating reaction mnc_354 (354/500)...
[Problem → Reactions] Found 203 reactions, 250 molecules.
      [32m✓ All goal molecules found.[0m
      [32m✓ All goal reactions found.[0m
        [32m✓ Target reaction successfully synthesized in 0.56s![0m
      Evaluating reaction mnc_355 (355/500)...
[Problem → Reactions] Found 209 reactions, 250 molecules.
      [32m✓ All goal molecules found.[0m
      [32m✓ All goal reactions found.[0m
        [32m✓ Target reaction successfully synthesized in 0.54s![0m
      Evaluating reaction mnc_356 (356/500)...
[Problem → Reactions] Found 612 reactions, 250 molecules.
      [32m✓ All goal molecules found.[0m
      [32m✓ All goal reactions found.[0m
        [32m✓ Target reaction successfully synthesized in 1.02s![0m
      Evaluating reaction mnc_357 (357/500)...
[Problem → Reactions] Found 621 reactions, 250 molecules.
      [32m✓ All goal molecules found.[0m
      [32m✓ All goal reactions found.[0m
        [32m✓ Target reaction successfully synthesized in 0.97s![0m
      Evaluating reaction mnc_358 (358/500)...
[Problem → Reactions] Found 95 reactions, 250 molecules.
      [32m✓ All goal molecules found.[0m
      [32m✓ All goal reactions found.[0m
        [32m✓ Target reaction successfully synthesized in 0.33s![0m
      Evaluating reaction mnc_359 (359/500)...
[Problem → Reactions] Found 621 reactions, 250 molecules.
      [32m✓ All goal molecules found.[0m
      [32m✓ All goal reactions found.[0m
        [32m✓ Target reaction successfully synthesized in 0.97s![0m
      Evaluating reaction mnc_360 (360/500)...
[Problem → Reactions] Found 243 reactions, 250 molecules.
      [32m✓ All goal molecules found.[0m
      [32m✓ All goal reactions found.[0m
        [32m✓ Target reaction successfully synthesized in 0.61s![0m
      Evaluating reaction mnc_361 (361/500)...
[Problem → Reactions] Found 1982 reactions, 250 molecules.
      [32m✓ All goal molecules found.[0m
      [32m✓ All goal reactions found.[0m
        [32m✓ Target reaction successfully synthesized in 1.59s![0m
      Evaluating reaction mnc_362 (362/500)...
[Problem → Reactions] Found 30000 reactions, 250 molecules.
      [32m✓ All goal molecules found.[0m
      [31m✗ Missing goal reactions.[0m
        [31m✗ Synthesis failed or timed out in 72.74s.[0m
      Evaluating reaction mnc_363 (363/500)...
[Problem → Reactions] Found 335 reactions, 250 molecules.
      [32m✓ All goal molecules found.[0m
      [32m✓ All goal reactions found.[0m
        [32m✓ Target reaction successfully synthesized in 0.36s![0m
      Evaluating reaction mnc_364 (364/500)...
[Problem → Reactions] Found 237 reactions, 250 molecules.
      [32m✓ All goal molecules found.[0m
      [32m✓ All goal reactions found.[0m
        [32m✓ Target reaction successfully synthesized in 1.23s![0m
      Evaluating reaction mnc_365 (365/500)...
[Problem → Reactions] Found 621 reactions, 250 molecules.
      [32m✓ All goal molecules found.[0m
      [32m✓ All goal reactions found.[0m
        [32m✓ Target reaction successfully synthesized in 0.95s![0m
      Evaluating reaction mnc_366 (366/500)...
[Problem → Reactions] Found 621 reactions, 250 molecules.
      [32m✓ All goal molecules found.[0m
      [32m✓ All goal reactions found.[0m
        [32m✓ Target reaction successfully synthesized in 0.95s![0m
      Evaluating reaction mnc_367 (367/500)...
[Problem → Reactions] Found 135 reactions, 250 molecules.
      [32m✓ All goal molecules found.[0m
      [32m✓ All goal reactions found.[0m
        [32m✓ Target reaction successfully synthesized in 0.38s![0m
      Evaluating reaction mnc_368 (368/500)...
[Problem → Reactions] Found 573 reactions, 250 molecules.
      [32m✓ All goal molecules found.[0m
      [32m✓ All goal reactions found.[0m
        [32m✓ Target reaction successfully synthesized in 0.93s![0m
      Evaluating reaction mnc_369 (369/500)...
[Problem → Reactions] Found 30000 reactions, 250 molecules.
      [32m✓ All goal molecules found.[0m
      [31m✗ Missing goal reactions.[0m
        [31m✗ Synthesis failed or timed out in 56.25s.[0m
      Evaluating reaction mnc_370 (370/500)...
[Problem → Reactions] Found 140 reactions, 250 molecules.
      [32m✓ All goal molecules found.[0m
      [32m✓ All goal reactions found.[0m
        [32m✓ Target reaction successfully synthesized in 0.38s![0m
      Evaluating reaction mnc_371 (371/500)...
[Problem → Reactions] Found 621 reactions, 250 molecules.
      [32m✓ All goal molecules found.[0m
      [32m✓ All goal reactions found.[0m
        [32m✓ Target reaction successfully synthesized in 0.89s![0m
      Evaluating reaction mnc_372 (372/500)...
[Problem → Reactions] Found 30000 reactions, 250 molecules.
      [32m✓ All goal molecules found.[0m
      [31m✗ Missing goal reactions.[0m
        [31m✗ Synthesis failed or timed out in 65.75s.[0m
      Evaluating reaction mnc_373 (373/500)...
[Problem → Reactions] Found 320 reactions, 250 molecules.
      [32m✓ All goal molecules found.[0m
      [32m✓ All goal reactions found.[0m
        [32m✓ Target reaction successfully synthesized in 0.46s![0m
      Evaluating reaction mnc_374 (374/500)...
[Problem → Reactions] Found 621 reactions, 250 molecules.
      [32m✓ All goal molecules found.[0m
      [32m✓ All goal reactions found.[0m
        [32m✓ Target reaction successfully synthesized in 0.91s![0m
      Evaluating reaction mnc_375 (375/500)...
[Problem → Reactions] Found 950 reactions, 250 molecules.
      [32m✓ All goal molecules found.[0m
      [32m✓ All goal reactions found.[0m
        [32m✓ Target reaction successfully synthesized in 1.45s![0m
      Evaluating reaction mnc_376 (376/500)...
[Problem → Reactions] Found 203 reactions, 250 molecules.
      [32m✓ All goal molecules found.[0m
      [32m✓ All goal reactions found.[0m
        [32m✓ Target reaction successfully synthesized in 0.53s![0m
      Evaluating reaction mnc_377 (377/500)...
[Problem → Reactions] Found 981 reactions, 250 molecules.
      [32m✓ All goal molecules found.[0m
      [32m✓ All goal reactions found.[0m
        [32m✓ Target reaction successfully synthesized in 2.07s![0m
      Evaluating reaction mnc_378 (378/500)...
[Problem → Reactions] Found 1295 reactions, 250 molecules.
      [32m✓ All goal molecules found.[0m
      [32m✓ All goal reactions found.[0m
        [32m✓ Target reaction successfully synthesized in 1.86s![0m
      Evaluating reaction mnc_379 (379/500)...
[Problem → Reactions] Found 579 reactions, 250 molecules.
      [32m✓ All goal molecules found.[0m
      [32m✓ All goal reactions found.[0m
        [32m✓ Target reaction successfully synthesized in 0.99s![0m
      Evaluating reaction mnc_380 (380/500)...
[Problem → Reactions] Found 320 reactions, 250 molecules.
      [32m✓ All goal molecules found.[0m
      [32m✓ All goal reactions found.[0m
        [32m✓ Target reaction successfully synthesized in 0.47s![0m
      Evaluating reaction mnc_381 (381/500)...
[Problem → Reactions] Found 431 reactions, 250 molecules.
      [32m✓ All goal molecules found.[0m
      [32m✓ All goal reactions found.[0m
        [32m✓ Target reaction successfully synthesized in 1.11s![0m
      Evaluating reaction mnc_382 (382/500)...
        [31m✗ Skipped reaction synthesis (missing molecule synthesis subproblem failed).[0m
      Evaluating reaction mnc_383 (383/500)...
[Problem → Reactions] Found 927 reactions, 250 molecules.
      [32m✓ All goal molecules found.[0m
      [32m✓ All goal reactions found.[0m
        [32m✓ Target reaction successfully synthesized in 1.31s![0m
      Evaluating reaction mnc_384 (384/500)...
[Problem → Reactions] Found 621 reactions, 250 molecules.
      [32m✓ All goal molecules found.[0m
      [32m✓ All goal reactions found.[0m
        [32m✓ Target reaction successfully synthesized in 0.94s![0m
      Evaluating reaction mnc_385 (385/500)...
        [31m✗ Skipped reaction synthesis (missing molecule synthesis subproblem failed).[0m
      Evaluating reaction mnc_386 (386/500)...
[Problem → Reactions] Found 549 reactions, 250 molecules.
      [32m✓ All goal molecules found.[0m
      [32m✓ All goal reactions found.[0m
        [32m✓ Target reaction successfully synthesized in 0.51s![0m
      Evaluating reaction mnc_387 (387/500)...
[Problem → Reactions] Found 1053 reactions, 250 molecules.
      [32m✓ All goal molecules found.[0m
      [32m✓ All goal reactions found.[0m
        [32m✓ Target reaction successfully synthesized in 4.65s![0m
      Evaluating reaction mnc_388 (388/500)...
[Problem → Reactions] Found 939 reactions, 250 molecules.
      [32m✓ All goal molecules found.[0m
      [32m✓ All goal reactions found.[0m
        [32m✓ Target reaction successfully synthesized in 2.49s![0m
      Evaluating reaction mnc_389 (389/500)...
[Problem → Reactions] Found 335 reactions, 250 molecules.
      [32m✓ All goal molecules found.[0m
      [32m✓ All goal reactions found.[0m
        [32m✓ Target reaction successfully synthesized in 0.32s![0m
      Evaluating reaction mnc_390 (390/500)...
[Problem → Reactions] Found 30000 reactions, 250 molecules.
      [32m✓ All goal molecules found.[0m
      [31m✗ Missing goal reactions.[0m
        [31m✗ Synthesis failed or timed out in 53.94s.[0m
      Evaluating reaction mnc_391 (391/500)...
[Problem → Reactions] Found 227 reactions, 250 molecules.
      [32m✓ All goal molecules found.[0m
      [32m✓ All goal reactions found.[0m
        [32m✓ Target reaction successfully synthesized in 0.35s![0m
      Evaluating reaction mnc_392 (392/500)...
[Problem → Reactions] Found 621 reactions, 250 molecules.
      [32m✓ All goal molecules found.[0m
      [32m✓ All goal reactions found.[0m
        [32m✓ Target reaction successfully synthesized in 0.93s![0m
      Evaluating reaction mnc_393 (393/500)...
[Problem → Reactions] Found 1064 reactions, 250 molecules.
      [32m✓ All goal molecules found.[0m
      [32m✓ All goal reactions found.[0m
        [32m✓ Target reaction successfully synthesized in 4.44s![0m
      Evaluating reaction mnc_394 (394/500)...
[Problem → Reactions] Found 621 reactions, 250 molecules.
      [32m✓ All goal molecules found.[0m
      [32m✓ All goal reactions found.[0m
        [32m✓ Target reaction successfully synthesized in 0.99s![0m
      Evaluating reaction mnc_395 (395/500)...
[Problem → Reactions] Found 939 reactions, 250 molecules.
      [32m✓ All goal molecules found.[0m
      [32m✓ All goal reactions found.[0m
        [32m✓ Target reaction successfully synthesized in 1.71s![0m
      Evaluating reaction mnc_396 (396/500)...
[Problem → Reactions] Found 903 reactions, 250 molecules.
      [32m✓ All goal molecules found.[0m
      [32m✓ All goal reactions found.[0m
        [32m✓ Target reaction successfully synthesized in 3.09s![0m
      Evaluating reaction mnc_397 (397/500)...
[Problem → Reactions] Found 621 reactions, 250 molecules.
      [32m✓ All goal molecules found.[0m
      [32m✓ All goal reactions found.[0m
        [32m✓ Target reaction successfully synthesized in 0.87s![0m
      Evaluating reaction mnc_398 (398/500)...
[Problem → Reactions] Found 206 reactions, 250 molecules.
      [32m✓ All goal molecules found.[0m
      [32m✓ All goal reactions found.[0m
        [32m✓ Target reaction successfully synthesized in 0.73s![0m
      Evaluating reaction mnc_399 (399/500)...
[Problem → Reactions] Found 41 reactions, 250 molecules.
      [32m✓ All goal molecules found.[0m
      [32m✓ All goal reactions found.[0m
        [32m✓ Target reaction successfully synthesized in 0.36s![0m
      Evaluating reaction mnc_400 (400/500)...
[Problem → Reactions] Found 287 reactions, 250 molecules.
      [32m✓ All goal molecules found.[0m
      [32m✓ All goal reactions found.[0m
        [32m✓ Target reaction successfully synthesized in 0.39s![0m
      Evaluating reaction mnc_401 (401/500)...
[Problem → Reactions] Found 237 reactions, 250 molecules.
      [32m✓ All goal molecules found.[0m
      [32m✓ All goal reactions found.[0m
        [32m✓ Target reaction successfully synthesized in 1.31s![0m
      Evaluating reaction mnc_402 (402/500)...
[Problem → Reactions] Found 574 reactions, 250 molecules.
      [32m✓ All goal molecules found.[0m
      [32m✓ All goal reactions found.[0m
        [32m✓ Target reaction successfully synthesized in 0.66s![0m
      Evaluating reaction mnc_403 (403/500)...
[Problem → Reactions] Found 206 reactions, 250 molecules.
      [32m✓ All goal molecules found.[0m
      [32m✓ All goal reactions found.[0m
        [32m✓ Target reaction successfully synthesized in 0.54s![0m
      Evaluating reaction mnc_404 (404/500)...
[Problem → Reactions] Found 135 reactions, 250 molecules.
      [32m✓ All goal molecules found.[0m
      [32m✓ All goal reactions found.[0m
        [32m✓ Target reaction successfully synthesized in 0.37s![0m
      Evaluating reaction mnc_405 (405/500)...
[Problem → Reactions] Found 593 reactions, 250 molecules.
      [32m✓ All goal molecules found.[0m
      [32m✓ All goal reactions found.[0m
        [32m✓ Target reaction successfully synthesized in 0.83s![0m
      Evaluating reaction mnc_406 (406/500)...
[Problem → Reactions] Found 2046 reactions, 250 molecules.
      [32m✓ All goal molecules found.[0m
      [32m✓ All goal reactions found.[0m
        [32m✓ Target reaction successfully synthesized in 4.84s![0m
      Evaluating reaction mnc_407 (407/500)...
[Problem → Reactions] Found 597 reactions, 250 molecules.
      [32m✓ All goal molecules found.[0m
      [32m✓ All goal reactions found.[0m
        [32m✓ Target reaction successfully synthesized in 0.98s![0m
      Evaluating reaction mnc_408 (408/500)...
[Problem → Reactions] Found 335 reactions, 250 molecules.
      [32m✓ All goal molecules found.[0m
      [32m✓ All goal reactions found.[0m
        [32m✓ Target reaction successfully synthesized in 0.66s![0m
      Evaluating reaction mnc_409 (409/500)...
[Problem → Reactions] Found 227 reactions, 250 molecules.
      [32m✓ All goal molecules found.[0m
      [32m✓ All goal reactions found.[0m
        [32m✓ Target reaction successfully synthesized in 0.37s![0m
      Evaluating reaction mnc_410 (410/500)...
[Problem → Reactions] Found 203 reactions, 250 molecules.
      [32m✓ All goal molecules found.[0m
      [32m✓ All goal reactions found.[0m
        [32m✓ Target reaction successfully synthesized in 1.58s![0m
      Evaluating reaction mnc_411 (411/500)...
[Problem → Reactions] Found 30000 reactions, 250 molecules.
      [32m✓ All goal molecules found.[0m
      [31m✗ Missing goal reactions.[0m
        [31m✗ Synthesis failed or timed out in 65.38s.[0m
      Evaluating reaction mnc_412 (412/500)...
[Problem → Reactions] Found 1999 reactions, 250 molecules.
      [32m✓ All goal molecules found.[0m
      [32m✓ All goal reactions found.[0m
        [32m✓ Target reaction successfully synthesized in 5.27s![0m
      Evaluating reaction mnc_413 (413/500)...
[Problem → Reactions] Found 431 reactions, 250 molecules.
      [32m✓ All goal molecules found.[0m
      [32m✓ All goal reactions found.[0m
        [32m✓ Target reaction successfully synthesized in 1.15s![0m
      Evaluating reaction mnc_414 (414/500)...
[Problem → Reactions] Found 210 reactions, 250 molecules.
      [32m✓ All goal molecules found.[0m
      [32m✓ All goal reactions found.[0m
        [32m✓ Target reaction successfully synthesized in 0.64s![0m
      Evaluating reaction mnc_415 (415/500)...
[Problem → Reactions] Found 981 reactions, 250 molecules.
      [32m✓ All goal molecules found.[0m
      [32m✓ All goal reactions found.[0m
        [32m✓ Target reaction successfully synthesized in 3.49s![0m
      Evaluating reaction mnc_416 (416/500)...
[Problem → Reactions] Found 621 reactions, 250 molecules.
      [32m✓ All goal molecules found.[0m
      [32m✓ All goal reactions found.[0m
        [32m✓ Target reaction successfully synthesized in 0.89s![0m
      Evaluating reaction mnc_417 (417/500)...
[Problem → Reactions] Found 914 reactions, 250 molecules.
      [32m✓ All goal molecules found.[0m
      [32m✓ All goal reactions found.[0m
        [32m✓ Target reaction successfully synthesized in 1.46s![0m
      Evaluating reaction mnc_418 (418/500)...
        [31m✗ Skipped reaction synthesis (missing molecule synthesis subproblem failed).[0m
      Evaluating reaction mnc_419 (419/500)...
[Problem → Reactions] Found 377 reactions, 250 molecules.
      [32m✓ All goal molecules found.[0m
      [32m✓ All goal reactions found.[0m
        [32m✓ Target reaction successfully synthesized in 0.71s![0m
      Evaluating reaction mnc_420 (420/500)...
[Problem → Reactions] Found 30000 reactions, 250 molecules.
      [32m✓ All goal molecules found.[0m
      [31m✗ Missing goal reactions.[0m
        [31m✗ Synthesis failed or timed out in 64.43s.[0m
      Evaluating reaction mnc_421 (421/500)...
[Problem → Reactions] Found 30000 reactions, 250 molecules.
      [32m✓ All goal molecules found.[0m
      [31m✗ Missing goal reactions.[0m
        [31m✗ Synthesis failed or timed out in 64.89s.[0m
      Evaluating reaction mnc_422 (422/500)...
[Problem → Reactions] Found 728 reactions, 250 molecules.
      [32m✓ All goal molecules found.[0m
      [32m✓ All goal reactions found.[0m
        [32m✓ Target reaction successfully synthesized in 0.55s![0m
      Evaluating reaction mnc_423 (423/500)...
[Problem → Reactions] Found 621 reactions, 250 molecules.
      [32m✓ All goal molecules found.[0m
      [32m✓ All goal reactions found.[0m
        [32m✓ Target reaction successfully synthesized in 0.95s![0m
      Evaluating reaction mnc_424 (424/500)...
        [31m✗ Skipped reaction synthesis (missing molecule synthesis subproblem failed).[0m
      Evaluating reaction mnc_425 (425/500)...
[Problem → Reactions] Found 206 reactions, 250 molecules.
      [32m✓ All goal molecules found.[0m
      [32m✓ All goal reactions found.[0m
        [32m✓ Target reaction successfully synthesized in 0.54s![0m
      Evaluating reaction mnc_426 (426/500)...
[Problem → Reactions] Found 621 reactions, 250 molecules.
      [32m✓ All goal molecules found.[0m
      [32m✓ All goal reactions found.[0m
        [32m✓ Target reaction successfully synthesized in 0.94s![0m
      Evaluating reaction mnc_427 (427/500)...
[Problem → Reactions] Found 269 reactions, 250 molecules.
      [32m✓ All goal molecules found.[0m
      [32m✓ All goal reactions found.[0m
        [32m✓ Target reaction successfully synthesized in 1.36s![0m
      Evaluating reaction mnc_428 (428/500)...
[Problem → Reactions] Found 203 reactions, 250 molecules.
      [32m✓ All goal molecules found.[0m
      [32m✓ All goal reactions found.[0m
        [32m✓ Target reaction successfully synthesized in 0.53s![0m
      Evaluating reaction mnc_429 (429/500)...
[Problem → Reactions] Found 525 reactions, 250 molecules.
      [32m✓ All goal molecules found.[0m
      [32m✓ All goal reactions found.[0m
        [32m✓ Target reaction successfully synthesized in 0.97s![0m
      Evaluating reaction mnc_430 (430/500)...
        [31m✗ Skipped reaction synthesis (missing molecule synthesis subproblem failed).[0m
      Evaluating reaction mnc_431 (431/500)...
[Problem → Reactions] Found 981 reactions, 250 molecules.
      [32m✓ All goal molecules found.[0m
      [32m✓ All goal reactions found.[0m
        [32m✓ Target reaction successfully synthesized in 2.07s![0m
      Evaluating reaction mnc_432 (432/500)...
[Problem → Reactions] Found 573 reactions, 250 molecules.
      [32m✓ All goal molecules found.[0m
      [32m✓ All goal reactions found.[0m
        [32m✓ Target reaction successfully synthesized in 0.98s![0m
      Evaluating reaction mnc_433 (433/500)...
[Problem → Reactions] Found 621 reactions, 250 molecules.
      [32m✓ All goal molecules found.[0m
      [32m✓ All goal reactions found.[0m
        [32m✓ Target reaction successfully synthesized in 0.99s![0m
      Evaluating reaction mnc_434 (434/500)...
[Problem → Reactions] Found 621 reactions, 250 molecules.
      [32m✓ All goal molecules found.[0m
      [32m✓ All goal reactions found.[0m
        [32m✓ Target reaction successfully synthesized in 0.96s![0m
      Evaluating reaction mnc_435 (435/500)...
[Problem → Reactions] Found 903 reactions, 250 molecules.
      [32m✓ All goal molecules found.[0m
      [32m✓ All goal reactions found.[0m
        [32m✓ Target reaction successfully synthesized in 2.06s![0m
      Evaluating reaction mnc_436 (436/500)...
        [31m✗ Skipped reaction synthesis (missing molecule synthesis subproblem failed).[0m
      Evaluating reaction mnc_437 (437/500)...
[Problem → Reactions] Found 981 reactions, 250 molecules.
      [32m✓ All goal molecules found.[0m
      [32m✓ All goal reactions found.[0m
        [32m✓ Target reaction successfully synthesized in 2.06s![0m
      Evaluating reaction mnc_438 (438/500)...
[Problem → Reactions] Found 237 reactions, 250 molecules.
      [32m✓ All goal molecules found.[0m
      [32m✓ All goal reactions found.[0m
        [32m✓ Target reaction successfully synthesized in 2.12s![0m
      Evaluating reaction mnc_439 (439/500)...
[Problem → Reactions] Found 203 reactions, 250 molecules.
      [32m✓ All goal molecules found.[0m
      [32m✓ All goal reactions found.[0m
        [32m✓ Target reaction successfully synthesized in 0.68s![0m
      Evaluating reaction mnc_440 (440/500)...
[Problem → Reactions] Found 2070 reactions, 250 molecules.
      [32m✓ All goal molecules found.[0m
      [32m✓ All goal reactions found.[0m
        [32m✓ Target reaction successfully synthesized in 5.23s![0m
      Evaluating reaction mnc_441 (441/500)...
        [31m✗ Skipped reaction synthesis (missing molecule synthesis subproblem failed).[0m
      Evaluating reaction mnc_442 (442/500)...
[Problem → Reactions] Found 609 reactions, 250 molecules.
      [32m✓ All goal molecules found.[0m
      [32m✓ All goal reactions found.[0m
        [32m✓ Target reaction successfully synthesized in 0.97s![0m
      Evaluating reaction mnc_443 (443/500)...
[Problem → Reactions] Found 206 reactions, 250 molecules.
      [32m✓ All goal molecules found.[0m
      [32m✓ All goal reactions found.[0m
        [32m✓ Target reaction successfully synthesized in 0.64s![0m
      Evaluating reaction mnc_444 (444/500)...
[Problem → Reactions] Found 623 reactions, 250 molecules.
      [32m✓ All goal molecules found.[0m
      [32m✓ All goal reactions found.[0m
        [32m✓ Target reaction successfully synthesized in 1.26s![0m
      Evaluating reaction mnc_445 (445/500)...
[Problem → Reactions] Found 2145 reactions, 250 molecules.
      [32m✓ All goal molecules found.[0m
      [32m✓ All goal reactions found.[0m
        [32m✓ Target reaction successfully synthesized in 4.42s![0m
      Evaluating reaction mnc_446 (446/500)...
[Problem → Reactions] Found 269 reactions, 250 molecules.
      [32m✓ All goal molecules found.[0m
      [32m✓ All goal reactions found.[0m
        [32m✓ Target reaction successfully synthesized in 0.32s![0m
      Evaluating reaction mnc_447 (447/500)...
        [31m✗ Skipped reaction synthesis (missing molecule synthesis subproblem failed).[0m
      Evaluating reaction mnc_448 (448/500)...
[Problem → Reactions] Found 621 reactions, 250 molecules.
      [32m✓ All goal molecules found.[0m
      [32m✓ All goal reactions found.[0m
        [32m✓ Target reaction successfully synthesized in 1.01s![0m
      Evaluating reaction mnc_449 (449/500)...
[Problem → Reactions] Found 939 reactions, 250 molecules.
      [32m✓ All goal molecules found.[0m
      [32m✓ All goal reactions found.[0m
        [32m✓ Target reaction successfully synthesized in 1.41s![0m
      Evaluating reaction mnc_450 (450/500)...
[Problem → Reactions] Found 149 reactions, 250 molecules.
      [32m✓ All goal molecules found.[0m
      [32m✓ All goal reactions found.[0m
        [32m✓ Target reaction successfully synthesized in 0.38s![0m
      Evaluating reaction mnc_451 (451/500)...
        [31m✗ Skipped reaction synthesis (missing molecule synthesis subproblem failed).[0m
      Evaluating reaction mnc_452 (452/500)...
[Problem → Reactions] Found 321 reactions, 250 molecules.
      [32m✓ All goal molecules found.[0m
      [32m✓ All goal reactions found.[0m
        [32m✓ Target reaction successfully synthesized in 0.57s![0m
      Evaluating reaction mnc_453 (453/500)...
[Problem → Reactions] Found 621 reactions, 250 molecules.
      [32m✓ All goal molecules found.[0m
      [32m✓ All goal reactions found.[0m
        [32m✓ Target reaction successfully synthesized in 0.96s![0m
      Evaluating reaction mnc_454 (454/500)...
[Problem → Reactions] Found 1058 reactions, 250 molecules.
      [32m✓ All goal molecules found.[0m
      [32m✓ All goal reactions found.[0m
        [32m✓ Target reaction successfully synthesized in 8.5s![0m
      Evaluating reaction mnc_455 (455/500)...
[Problem → Reactions] Found 2046 reactions, 250 molecules.
      [32m✓ All goal molecules found.[0m
      [32m✓ All goal reactions found.[0m
        [32m✓ Target reaction successfully synthesized in 6.43s![0m
      Evaluating reaction mnc_456 (456/500)...
[Problem → Reactions] Found 203 reactions, 250 molecules.
      [32m✓ All goal molecules found.[0m
      [32m✓ All goal reactions found.[0m
        [32m✓ Target reaction successfully synthesized in 0.56s![0m
      Evaluating reaction mnc_457 (457/500)...
[Problem → Reactions] Found 333 reactions, 250 molecules.
      [32m✓ All goal molecules found.[0m
      [32m✓ All goal reactions found.[0m
        [32m✓ Target reaction successfully synthesized in 0.57s![0m
      Evaluating reaction mnc_458 (458/500)...
[Problem → Reactions] Found 203 reactions, 250 molecules.
      [32m✓ All goal molecules found.[0m
      [32m✓ All goal reactions found.[0m
        [32m✓ Target reaction successfully synthesized in 0.61s![0m
      Evaluating reaction mnc_459 (459/500)...
        [31m✗ Skipped reaction synthesis (missing molecule synthesis subproblem failed).[0m
      Evaluating reaction mnc_460 (460/500)...
[Problem → Reactions] Found 573 reactions, 250 molecules.
      [32m✓ All goal molecules found.[0m
      [32m✓ All goal reactions found.[0m
        [32m✓ Target reaction successfully synthesized in 1.35s![0m
      Evaluating reaction mnc_461 (461/500)...
[Problem → Reactions] Found 149 reactions, 250 molecules.
      [32m✓ All goal molecules found.[0m
      [32m✓ All goal reactions found.[0m
        [32m✓ Target reaction successfully synthesized in 0.39s![0m
      Evaluating reaction mnc_462 (462/500)...
[Problem → Reactions] Found 206 reactions, 250 molecules.
      [32m✓ All goal molecules found.[0m
      [32m✓ All goal reactions found.[0m
        [32m✓ Target reaction successfully synthesized in 0.58s![0m
      Evaluating reaction mnc_463 (463/500)...
[Problem → Reactions] Found 377 reactions, 250 molecules.
      [32m✓ All goal molecules found.[0m
      [32m✓ All goal reactions found.[0m
        [32m✓ Target reaction successfully synthesized in 1.76s![0m
      Evaluating reaction mnc_464 (464/500)...
[Problem → Reactions] Found 952 reactions, 250 molecules.
      [32m✓ All goal molecules found.[0m
      [32m✓ All goal reactions found.[0m
        [32m✓ Target reaction successfully synthesized in 8.51s![0m
      Evaluating reaction mnc_465 (465/500)...
[Problem → Reactions] Found 129 reactions, 250 molecules.
      [32m✓ All goal molecules found.[0m
      [32m✓ All goal reactions found.[0m
        [32m✓ Target reaction successfully synthesized in 0.43s![0m
      Evaluating reaction mnc_466 (466/500)...
[Problem → Reactions] Found 329 reactions, 250 molecules.
      [32m✓ All goal molecules found.[0m
      [32m✓ All goal reactions found.[0m
        [32m✓ Target reaction successfully synthesized in 1.59s![0m
      Evaluating reaction mnc_467 (467/500)...
[Problem → Reactions] Found 203 reactions, 250 molecules.
      [32m✓ All goal molecules found.[0m
      [32m✓ All goal reactions found.[0m
        [32m✓ Target reaction successfully synthesized in 0.52s![0m
      Evaluating reaction mnc_468 (468/500)...
[Problem → Reactions] Found 30000 reactions, 250 molecules.
      [32m✓ All goal molecules found.[0m
      [31m✗ Missing goal reactions.[0m
        [31m✗ Synthesis failed or timed out in 53.78s.[0m
      Evaluating reaction mnc_469 (469/500)...
[Problem → Reactions] Found 30000 reactions, 250 molecules.
      [32m✓ All goal molecules found.[0m
      [31m✗ Missing goal reactions.[0m
        [31m✗ Synthesis failed or timed out in 63.69s.[0m
      Evaluating reaction mnc_470 (470/500)...
[Problem → Reactions] Found 1064 reactions, 250 molecules.
      [32m✓ All goal molecules found.[0m
      [32m✓ All goal reactions found.[0m
        [32m✓ Target reaction successfully synthesized in 4.43s![0m
      Evaluating reaction mnc_471 (471/500)...
[Problem → Reactions] Found 30000 reactions, 250 molecules.
      [32m✓ All goal molecules found.[0m
      [31m✗ Missing goal reactions.[0m
        [31m✗ Synthesis failed or timed out in 53.51s.[0m
      Evaluating reaction mnc_472 (472/500)...
[Problem → Reactions] Found 623 reactions, 250 molecules.
      [32m✓ All goal molecules found.[0m
      [32m✓ All goal reactions found.[0m
        [32m✓ Target reaction successfully synthesized in 0.92s![0m
      Evaluating reaction mnc_473 (473/500)...
[Problem → Reactions] Found 621 reactions, 250 molecules.
      [32m✓ All goal molecules found.[0m
      [32m✓ All goal reactions found.[0m
        [32m✓ Target reaction successfully synthesized in 0.98s![0m
      Evaluating reaction mnc_474 (474/500)...
[Problem → Reactions] Found 621 reactions, 250 molecules.
      [32m✓ All goal molecules found.[0m
      [32m✓ All goal reactions found.[0m
        [32m✓ Target reaction successfully synthesized in 0.85s![0m
      Evaluating reaction mnc_475 (475/500)...
[Problem → Reactions] Found 431 reactions, 250 molecules.
      [32m✓ All goal molecules found.[0m
      [32m✓ All goal reactions found.[0m
        [32m✓ Target reaction successfully synthesized in 1.08s![0m
      Evaluating reaction mnc_476 (476/500)...
[Problem → Reactions] Found 621 reactions, 250 molecules.
      [32m✓ All goal molecules found.[0m
      [32m✓ All goal reactions found.[0m
        [32m✓ Target reaction successfully synthesized in 1.0s![0m
      Evaluating reaction mnc_477 (477/500)...
[Problem → Reactions] Found 597 reactions, 250 molecules.
      [32m✓ All goal molecules found.[0m
      [32m✓ All goal reactions found.[0m
        [32m✓ Target reaction successfully synthesized in 0.95s![0m
      Evaluating reaction mnc_478 (478/500)...
[Problem → Reactions] Found 30000 reactions, 250 molecules.
      [32m✓ All goal molecules found.[0m
      [31m✗ Missing goal reactions.[0m
        [31m✗ Synthesis failed or timed out in 63.59s.[0m
      Evaluating reaction mnc_479 (479/500)...
[Problem → Reactions] Found 203 reactions, 250 molecules.
      [32m✓ All goal molecules found.[0m
      [32m✓ All goal reactions found.[0m
        [32m✓ Target reaction successfully synthesized in 0.53s![0m
      Evaluating reaction mnc_480 (480/500)...
[Problem → Reactions] Found 593 reactions, 250 molecules.
      [32m✓ All goal molecules found.[0m
      [32m✓ All goal reactions found.[0m
        [32m✓ Target reaction successfully synthesized in 0.86s![0m
      Evaluating reaction mnc_481 (481/500)...
[Problem → Reactions] Found 1226 reactions, 250 molecules.
      [32m✓ All goal molecules found.[0m
      [32m✓ All goal reactions found.[0m
        [32m✓ Target reaction successfully synthesized in 1.73s![0m
      Evaluating reaction mnc_482 (482/500)...
[Problem → Reactions] Found 347 reactions, 250 molecules.
      [32m✓ All goal molecules found.[0m
      [32m✓ All goal reactions found.[0m
        [32m✓ Target reaction successfully synthesized in 0.66s![0m
      Evaluating reaction mnc_483 (483/500)...
[Problem → Reactions] Found 30000 reactions, 250 molecules.
      [32m✓ All goal molecules found.[0m
      [31m✗ Missing goal reactions.[0m
        [31m✗ Synthesis failed or timed out in 64.05s.[0m
      Evaluating reaction mnc_484 (484/500)...
[Problem → Reactions] Found 621 reactions, 250 molecules.
      [32m✓ All goal molecules found.[0m
      [32m✓ All goal reactions found.[0m
        [32m✓ Target reaction successfully synthesized in 0.92s![0m
      Evaluating reaction mnc_485 (485/500)...
        [31m✗ Skipped reaction synthesis (missing molecule synthesis subproblem failed).[0m
      Evaluating reaction mnc_486 (486/500)...
[Problem → Reactions] Found 207 reactions, 250 molecules.
      [32m✓ All goal molecules found.[0m
      [32m✓ All goal reactions found.[0m
        [32m✓ Target reaction successfully synthesized in 0.53s![0m
      Evaluating reaction mnc_487 (487/500)...
[Problem → Reactions] Found 621 reactions, 250 molecules.
      [32m✓ All goal molecules found.[0m
      [32m✓ All goal reactions found.[0m
        [32m✓ Target reaction successfully synthesized in 0.96s![0m
      Evaluating reaction mnc_488 (488/500)...
[Problem → Reactions] Found 255 reactions, 250 molecules.
      [32m✓ All goal molecules found.[0m
      [32m✓ All goal reactions found.[0m
        [32m✓ Target reaction successfully synthesized in 0.48s![0m
      Evaluating reaction mnc_489 (489/500)...
[Problem → Reactions] Found 207 reactions, 250 molecules.
      [32m✓ All goal molecules found.[0m
      [32m✓ All goal reactions found.[0m
        [32m✓ Target reaction successfully synthesized in 0.53s![0m
      Evaluating reaction mnc_490 (490/500)...
[Problem → Reactions] Found 207 reactions, 250 molecules.
      [32m✓ All goal molecules found.[0m
      [32m✓ All goal reactions found.[0m
        [32m✓ Target reaction successfully synthesized in 0.6s![0m
      Evaluating reaction mnc_491 (491/500)...
[Problem → Reactions] Found 1981 reactions, 250 molecules.
      [32m✓ All goal molecules found.[0m
      [32m✓ All goal reactions found.[0m
        [32m✓ Target reaction successfully synthesized in 1.5s![0m
      Evaluating reaction mnc_492 (492/500)...
[Problem → Reactions] Found 209 reactions, 250 molecules.
      [32m✓ All goal molecules found.[0m
      [32m✓ All goal reactions found.[0m
        [32m✓ Target reaction successfully synthesized in 0.36s![0m
      Evaluating reaction mnc_493 (493/500)...
[Problem → Reactions] Found 597 reactions, 250 molecules.
      [32m✓ All goal molecules found.[0m
      [32m✓ All goal reactions found.[0m
        [32m✓ Target reaction successfully synthesized in 0.94s![0m
      Evaluating reaction mnc_494 (494/500)...
[Problem → Reactions] Found 320 reactions, 250 molecules.
      [32m✓ All goal molecules found.[0m
      [32m✓ All goal reactions found.[0m
        [32m✓ Target reaction successfully synthesized in 0.56s![0m
      Evaluating reaction mnc_495 (495/500)...
[Problem → Reactions] Found 939 reactions, 250 molecules.
      [32m✓ All goal molecules found.[0m
      [32m✓ All goal reactions found.[0m
        [32m✓ Target reaction successfully synthesized in 1.33s![0m
      Evaluating reaction mnc_496 (496/500)...
[Problem → Reactions] Found 2178 reactions, 250 molecules.
      [32m✓ All goal molecules found.[0m
      [32m✓ All goal reactions found.[0m
        [32m✓ Target reaction successfully synthesized in 3.46s![0m
      Evaluating reaction mnc_497 (497/500)...
[Problem → Reactions] Found 621 reactions, 250 molecules.
      [32m✓ All goal molecules found.[0m
      [32m✓ All goal reactions found.[0m
        [32m✓ Target reaction successfully synthesized in 0.98s![0m
      Evaluating reaction mnc_498 (498/500)...
[Problem → Reactions] Found 621 reactions, 250 molecules.
      [32m✓ All goal molecules found.[0m
      [32m✓ All goal reactions found.[0m
        [32m✓ Target reaction successfully synthesized in 1.05s![0m
      Evaluating reaction mnc_499 (499/500)...
[Problem → Reactions] Found 621 reactions, 250 molecules.
      [32m✓ All goal molecules found.[0m
      [32m✓ All goal reactions found.[0m
        [32m✓ Target reaction successfully synthesized in 0.85s![0m
      Evaluating reaction mnc_500 (500/500)...
[Problem → Reactions] Found 338 reactions, 250 molecules.
      [32m✓ All goal molecules found.[0m
      [32m✓ All goal reactions found.[0m
        [32m✓ Target reaction successfully synthesized in 1.82s![0m

      Synthesis Performance (Metric: none, Without fragments) on Tractable Subspace:
        - Evaluated runs: 500
        - Success rate:   86.8%
        - Average time:   1.4s

  [1mSimilarity Metric: tanimoto[0m
      Evaluating reaction mnc_1 (1/500)...
[Problem → Reactions] Found 275 reactions, 250 molecules.
      [32m✓ All goal molecules found.[0m
      [32m✓ All goal reactions found.[0m
        [32m✓ Target reaction successfully synthesized in 0.34s![0m
      Evaluating reaction mnc_2 (2/500)...
[Problem → Reactions] Found 1502 reactions, 250 molecules.
      [32m✓ All goal molecules found.[0m
      [32m✓ All goal reactions found.[0m
        [32m✓ Target reaction successfully synthesized in 5.47s![0m
      Evaluating reaction mnc_3 (3/500)...
[Problem → Reactions] Found 532 reactions, 250 molecules.
      [32m✓ All goal molecules found.[0m
      [32m✓ All goal reactions found.[0m
        [32m✓ Target reaction successfully synthesized in 5.6s![0m
      Evaluating reaction mnc_4 (4/500)...
[Problem → Reactions] Found 203 reactions, 250 molecules.
      [32m✓ All goal molecules found.[0m
      [32m✓ All goal reactions found.[0m
        [32m✓ Target reaction successfully synthesized in 1.53s![0m
      Evaluating reaction mnc_5 (5/500)...
        [31m✗ Skipped reaction synthesis (missing molecule synthesis subproblem failed).[0m
      Evaluating reaction mnc_6 (6/500)...
[Problem → Reactions] Found 379 reactions, 250 molecules.
      [32m✓ All goal molecules found.[0m
      [32m✓ All goal reactions found.[0m
        [32m✓ Target reaction successfully synthesized in 0.66s![0m
      Evaluating reaction mnc_7 (7/500)...
[Problem → Reactions] Found 203 reactions, 250 molecules.
      [32m✓ All goal molecules found.[0m
      [32m✓ All goal reactions found.[0m
        [32m✓ Target reaction successfully synthesized in 0.58s![0m
      Evaluating reaction mnc_8 (8/500)...
[Problem → Reactions] Found 231 reactions, 250 molecules.
      [32m✓ All goal molecules found.[0m
      [32m✓ All goal reactions found.[0m
        [32m✓ Target reaction successfully synthesized in 0.75s![0m
      Evaluating reaction mnc_9 (9/500)...
[Problem → Reactions] Found 939 reactions, 250 molecules.
      [32m✓ All goal molecules found.[0m
      [32m✓ All goal reactions found.[0m
        [32m✓ Target reaction successfully synthesized in 1.42s![0m
      Evaluating reaction mnc_10 (10/500)...
[Problem → Reactions] Found 3057 reactions, 250 molecules.
      [32m✓ All goal molecules found.[0m
      [32m✓ All goal reactions found.[0m
        [32m✓ Target reaction successfully synthesized in 2.39s![0m
      Evaluating reaction mnc_11 (11/500)...
[Problem → Reactions] Found 903 reactions, 250 molecules.
      [32m✓ All goal molecules found.[0m
      [32m✓ All goal reactions found.[0m
        [32m✓ Target reaction successfully synthesized in 1.96s![0m
      Evaluating reaction mnc_12 (12/500)...
[Problem → Reactions] Found 221 reactions, 250 molecules.
      [32m✓ All goal molecules found.[0m
      [32m✓ All goal reactions found.[0m
        [32m✓ Target reaction successfully synthesized in 0.47s![0m
      Evaluating reaction mnc_13 (13/500)...
[Problem → Reactions] Found 206 reactions, 250 molecules.
      [32m✓ All goal molecules found.[0m
      [32m✓ All goal reactions found.[0m
        [32m✓ Target reaction successfully synthesized in 0.54s![0m
      Evaluating reaction mnc_14 (14/500)...
[Problem → Reactions] Found 573 reactions, 250 molecules.
      [32m✓ All goal molecules found.[0m
      [32m✓ All goal reactions found.[0m
        [32m✓ Target reaction successfully synthesized in 0.99s![0m
      Evaluating reaction mnc_15 (15/500)...
[Problem → Reactions] Found 621 reactions, 250 molecules.
      [32m✓ All goal molecules found.[0m
      [32m✓ All goal reactions found.[0m
        [32m✓ Target reaction successfully synthesized in 0.98s![0m
      Evaluating reaction mnc_16 (16/500)...
[Problem → Reactions] Found 939 reactions, 250 molecules.
      [32m✓ All goal molecules found.[0m
      [32m✓ All goal reactions found.[0m
        [32m✓ Target reaction successfully synthesized in 1.36s![0m
      Evaluating reaction mnc_17 (17/500)...
[Problem → Reactions] Found 311 reactions, 250 molecules.
      [32m✓ All goal molecules found.[0m
      [32m✓ All goal reactions found.[0m
        [32m✓ Target reaction successfully synthesized in 0.45s![0m
      Evaluating reaction mnc_18 (18/500)...
[Problem → Reactions] Found 386 reactions, 250 molecules.
      [32m✓ All goal molecules found.[0m
      [32m✓ All goal reactions found.[0m
        [32m✓ Target reaction successfully synthesized in 1.76s![0m
      Evaluating reaction mnc_19 (19/500)...
[Problem → Reactions] Found 621 reactions, 250 molecules.
      [32m✓ All goal molecules found.[0m
      [32m✓ All goal reactions found.[0m
        [32m✓ Target reaction successfully synthesized in 0.96s![0m
      Evaluating reaction mnc_20 (20/500)...
[Problem → Reactions] Found 939 reactions, 250 molecules.
      [32m✓ All goal molecules found.[0m
      [32m✓ All goal reactions found.[0m
        [32m✓ Target reaction successfully synthesized in 1.37s![0m
      Evaluating reaction mnc_21 (21/500)...
[Problem → Reactions] Found 596 reactions, 250 molecules.
      [32m✓ All goal molecules found.[0m
      [32m✓ All goal reactions found.[0m
        [32m✓ Target reaction successfully synthesized in 0.96s![0m
      Evaluating reaction mnc_22 (22/500)...
[Problem → Reactions] Found 621 reactions, 250 molecules.
      [32m✓ All goal molecules found.[0m
      [32m✓ All goal reactions found.[0m
        [32m✓ Target reaction successfully synthesized in 0.94s![0m
      Evaluating reaction mnc_23 (23/500)...
[Problem → Reactions] Found 906 reactions, 250 molecules.
      [32m✓ All goal molecules found.[0m
      [32m✓ All goal reactions found.[0m
        [32m✓ Target reaction successfully synthesized in 5.63s![0m
      Evaluating reaction mnc_24 (24/500)...
[Problem → Reactions] Found 927 reactions, 250 molecules.
      [32m✓ All goal molecules found.[0m
      [32m✓ All goal reactions found.[0m
        [32m✓ Target reaction successfully synthesized in 1.35s![0m
      Evaluating reaction mnc_25 (25/500)...
[Problem → Reactions] Found 123 reactions, 250 molecules.
      [32m✓ All goal molecules found.[0m
      [32m✓ All goal reactions found.[0m
        [32m✓ Target reaction successfully synthesized in 0.39s![0m
      Evaluating reaction mnc_26 (26/500)...
[Problem → Reactions] Found 237 reactions, 250 molecules.
      [32m✓ All goal molecules found.[0m
      [32m✓ All goal reactions found.[0m
        [32m✓ Target reaction successfully synthesized in 1.28s![0m
      Evaluating reaction mnc_27 (27/500)...
[Problem → Reactions] Found 320 reactions, 250 molecules.
      [32m✓ All goal molecules found.[0m
      [32m✓ All goal reactions found.[0m
        [32m✓ Target reaction successfully synthesized in 0.58s![0m
      Evaluating reaction mnc_28 (28/500)...
[Problem → Reactions] Found 1456 reactions, 250 molecules.
      [32m✓ All goal molecules found.[0m
      [32m✓ All goal reactions found.[0m
        [32m✓ Target reaction successfully synthesized in 5.49s![0m
      Evaluating reaction mnc_29 (29/500)...
[Problem → Reactions] Found 237 reactions, 250 molecules.
      [32m✓ All goal molecules found.[0m
      [32m✓ All goal reactions found.[0m
        [32m✓ Target reaction successfully synthesized in 2.37s![0m
      Evaluating reaction mnc_30 (30/500)...
[Problem → Reactions] Found 621 reactions, 250 molecules.
      [32m✓ All goal molecules found.[0m
      [32m✓ All goal reactions found.[0m
        [32m✓ Target reaction successfully synthesized in 0.9s![0m
      Evaluating reaction mnc_31 (31/500)...
[Problem → Reactions] Found 621 reactions, 250 molecules.
      [32m✓ All goal molecules found.[0m
      [32m✓ All goal reactions found.[0m
        [32m✓ Target reaction successfully synthesized in 0.97s![0m
      Evaluating reaction mnc_32 (32/500)...
[Problem → Reactions] Found 980 reactions, 250 molecules.
      [32m✓ All goal molecules found.[0m
      [32m✓ All goal reactions found.[0m
        [32m✓ Target reaction successfully synthesized in 2.18s![0m
      Evaluating reaction mnc_33 (33/500)...
[Problem → Reactions] Found 386 reactions, 250 molecules.
      [32m✓ All goal molecules found.[0m
      [32m✓ All goal reactions found.[0m
        [32m✓ Target reaction successfully synthesized in 1.75s![0m
      Evaluating reaction mnc_34 (34/500)...
[Problem → Reactions] Found 663 reactions, 250 molecules.
      [32m✓ All goal molecules found.[0m
      [32m✓ All goal reactions found.[0m
        [32m✓ Target reaction successfully synthesized in 1.5s![0m
      Evaluating reaction mnc_35 (35/500)...
        [31m✗ Skipped reaction synthesis (missing molecule synthesis subproblem failed).[0m
      Evaluating reaction mnc_36 (36/500)...
[Problem → Reactions] Found 609 reactions, 250 molecules.
      [32m✓ All goal molecules found.[0m
      [32m✓ All goal reactions found.[0m
        [32m✓ Target reaction successfully synthesized in 0.94s![0m
      Evaluating reaction mnc_37 (37/500)...
[Problem → Reactions] Found 135 reactions, 250 molecules.
      [32m✓ All goal molecules found.[0m
      [32m✓ All goal reactions found.[0m
        [32m✓ Target reaction successfully synthesized in 0.47s![0m
      Evaluating reaction mnc_38 (38/500)...
[Problem → Reactions] Found 30000 reactions, 250 molecules.
      [32m✓ All goal molecules found.[0m
      [31m✗ Missing goal reactions.[0m
        [31m✗ Synthesis failed or timed out in 59.4s.[0m
      Evaluating reaction mnc_39 (39/500)...
[Problem → Reactions] Found 149 reactions, 250 molecules.
      [32m✓ All goal molecules found.[0m
      [32m✓ All goal reactions found.[0m
        [32m✓ Target reaction successfully synthesized in 0.39s![0m
      Evaluating reaction mnc_40 (40/500)...
[Problem → Reactions] Found 209 reactions, 250 molecules.
      [32m✓ All goal molecules found.[0m
      [32m✓ All goal reactions found.[0m
        [32m✓ Target reaction successfully synthesized in 0.4s![0m
      Evaluating reaction mnc_41 (41/500)...
[Problem → Reactions] Found 621 reactions, 250 molecules.
      [32m✓ All goal molecules found.[0m
      [32m✓ All goal reactions found.[0m
        [32m✓ Target reaction successfully synthesized in 0.93s![0m
      Evaluating reaction mnc_42 (42/500)...
        [31m✗ Skipped reaction synthesis (missing molecule synthesis subproblem failed).[0m
      Evaluating reaction mnc_43 (43/500)...
[Problem → Reactions] Found 206 reactions, 250 molecules.
      [32m✓ All goal molecules found.[0m
      [32m✓ All goal reactions found.[0m
        [32m✓ Target reaction successfully synthesized in 0.64s![0m
      Evaluating reaction mnc_44 (44/500)...
[Problem → Reactions] Found 609 reactions, 250 molecules.
      [32m✓ All goal molecules found.[0m
      [32m✓ All goal reactions found.[0m
        [32m✓ Target reaction successfully synthesized in 0.85s![0m
      Evaluating reaction mnc_45 (45/500)...
[Problem → Reactions] Found 621 reactions, 250 molecules.
      [32m✓ All goal molecules found.[0m
      [32m✓ All goal reactions found.[0m
        [32m✓ Target reaction successfully synthesized in 1.02s![0m
      Evaluating reaction mnc_46 (46/500)...
[Problem → Reactions] Found 309 reactions, 250 molecules.
      [32m✓ All goal molecules found.[0m
      [32m✓ All goal reactions found.[0m
        [32m✓ Target reaction successfully synthesized in 0.44s![0m
      Evaluating reaction mnc_47 (47/500)...
[Problem → Reactions] Found 981 reactions, 250 molecules.
      [32m✓ All goal molecules found.[0m
      [32m✓ All goal reactions found.[0m
        [32m✓ Target reaction successfully synthesized in 2.08s![0m
      Evaluating reaction mnc_48 (48/500)...
[Problem → Reactions] Found 231 reactions, 250 molecules.
      [32m✓ All goal molecules found.[0m
      [32m✓ All goal reactions found.[0m
        [32m✓ Target reaction successfully synthesized in 0.41s![0m
      Evaluating reaction mnc_49 (49/500)...
        [31m✗ Skipped reaction synthesis (missing molecule synthesis subproblem failed).[0m
      Evaluating reaction mnc_50 (50/500)...
[Problem → Reactions] Found 949 reactions, 250 molecules.
      [32m✓ All goal molecules found.[0m
      [32m✓ All goal reactions found.[0m
        [32m✓ Target reaction successfully synthesized in 1.49s![0m
      Evaluating reaction mnc_51 (51/500)...
[Problem → Reactions] Found 203 reactions, 250 molecules.
      [32m✓ All goal molecules found.[0m
      [32m✓ All goal reactions found.[0m
        [32m✓ Target reaction successfully synthesized in 0.53s![0m
      Evaluating reaction mnc_52 (52/500)...
[Problem → Reactions] Found 30000 reactions, 250 molecules.
      [32m✓ All goal molecules found.[0m
      [31m✗ Missing goal reactions.[0m
        [31m✗ Synthesis failed or timed out in 66.62s.[0m
      Evaluating reaction mnc_53 (53/500)...
[Problem → Reactions] Found 135 reactions, 250 molecules.
      [32m✓ All goal molecules found.[0m
      [32m✓ All goal reactions found.[0m
        [32m✓ Target reaction successfully synthesized in 0.37s![0m
      Evaluating reaction mnc_54 (54/500)...
[Problem → Reactions] Found 203 reactions, 250 molecules.
      [32m✓ All goal molecules found.[0m
      [32m✓ All goal reactions found.[0m
        [32m✓ Target reaction successfully synthesized in 0.6s![0m
      Evaluating reaction mnc_55 (55/500)...
[Problem → Reactions] Found 609 reactions, 250 molecules.
      [32m✓ All goal molecules found.[0m
      [32m✓ All goal reactions found.[0m
        [32m✓ Target reaction successfully synthesized in 0.96s![0m
      Evaluating reaction mnc_56 (56/500)...
[Problem → Reactions] Found 2804 reactions, 250 molecules.
      [32m✓ All goal molecules found.[0m
      [32m✓ All goal reactions found.[0m
        [32m✓ Target reaction successfully synthesized in 7.13s![0m
      Evaluating reaction mnc_57 (57/500)...
[Problem → Reactions] Found 206 reactions, 250 molecules.
      [32m✓ All goal molecules found.[0m
      [32m✓ All goal reactions found.[0m
        [32m✓ Target reaction successfully synthesized in 0.54s![0m
      Evaluating reaction mnc_58 (58/500)...
[Problem → Reactions] Found 206 reactions, 250 molecules.
      [32m✓ All goal molecules found.[0m
      [32m✓ All goal reactions found.[0m
        [32m✓ Target reaction successfully synthesized in 0.55s![0m
      Evaluating reaction mnc_59 (59/500)...
[Problem → Reactions] Found 603 reactions, 250 molecules.
      [32m✓ All goal molecules found.[0m
      [32m✓ All goal reactions found.[0m
        [32m✓ Target reaction successfully synthesized in 0.91s![0m
      Evaluating reaction mnc_60 (60/500)...
[Problem → Reactions] Found 30000 reactions, 250 molecules.
      [32m✓ All goal molecules found.[0m
      [31m✗ Missing goal reactions.[0m
        [31m✗ Synthesis failed or timed out in 58.49s.[0m
      Evaluating reaction mnc_61 (61/500)...
[Problem → Reactions] Found 320 reactions, 250 molecules.
      [32m✓ All goal molecules found.[0m
      [32m✓ All goal reactions found.[0m
        [32m✓ Target reaction successfully synthesized in 0.52s![0m
      Evaluating reaction mnc_62 (62/500)...
[Problem → Reactions] Found 320 reactions, 250 molecules.
      [32m✓ All goal molecules found.[0m
      [32m✓ All goal reactions found.[0m
        [32m✓ Target reaction successfully synthesized in 0.45s![0m
      Evaluating reaction mnc_63 (63/500)...
[Problem → Reactions] Found 621 reactions, 250 molecules.
      [32m✓ All goal molecules found.[0m
      [32m✓ All goal reactions found.[0m
        [32m✓ Target reaction successfully synthesized in 0.99s![0m
      Evaluating reaction mnc_64 (64/500)...
[Problem → Reactions] Found 203 reactions, 250 molecules.
      [32m✓ All goal molecules found.[0m
      [32m✓ All goal reactions found.[0m
        [32m✓ Target reaction successfully synthesized in 0.52s![0m
      Evaluating reaction mnc_65 (65/500)...
[Problem → Reactions] Found 567 reactions, 250 molecules.
      [32m✓ All goal molecules found.[0m
      [32m✓ All goal reactions found.[0m
        [32m✓ Target reaction successfully synthesized in 0.52s![0m
      Evaluating reaction mnc_66 (66/500)...
[Problem → Reactions] Found 939 reactions, 250 molecules.
      [32m✓ All goal molecules found.[0m
      [32m✓ All goal reactions found.[0m
        [32m✓ Target reaction successfully synthesized in 1.35s![0m
      Evaluating reaction mnc_67 (67/500)...
[Problem → Reactions] Found 949 reactions, 250 molecules.
      [32m✓ All goal molecules found.[0m
      [32m✓ All goal reactions found.[0m
        [32m✓ Target reaction successfully synthesized in 1.34s![0m
      Evaluating reaction mnc_68 (68/500)...
[Problem → Reactions] Found 339 reactions, 250 molecules.
      [32m✓ All goal molecules found.[0m
      [32m✓ All goal reactions found.[0m
        [32m✓ Target reaction successfully synthesized in 1.04s![0m
      Evaluating reaction mnc_69 (69/500)...
[Problem → Reactions] Found 980 reactions, 250 molecules.
      [32m✓ All goal molecules found.[0m
      [32m✓ All goal reactions found.[0m
        [32m✓ Target reaction successfully synthesized in 2.17s![0m
      Evaluating reaction mnc_70 (70/500)...
[Problem → Reactions] Found 237 reactions, 250 molecules.
      [32m✓ All goal molecules found.[0m
      [32m✓ All goal reactions found.[0m
        [32m✓ Target reaction successfully synthesized in 1.24s![0m
      Evaluating reaction mnc_71 (71/500)...
[Problem → Reactions] Found 135 reactions, 250 molecules.
      [32m✓ All goal molecules found.[0m
      [32m✓ All goal reactions found.[0m
        [32m✓ Target reaction successfully synthesized in 0.39s![0m
      Evaluating reaction mnc_72 (72/500)...
[Problem → Reactions] Found 206 reactions, 250 molecules.
      [32m✓ All goal molecules found.[0m
      [32m✓ All goal reactions found.[0m
        [32m✓ Target reaction successfully synthesized in 0.63s![0m
      Evaluating reaction mnc_73 (73/500)...
[Problem → Reactions] Found 227 reactions, 250 molecules.
      [32m✓ All goal molecules found.[0m
      [32m✓ All goal reactions found.[0m
        [32m✓ Target reaction successfully synthesized in 0.35s![0m
      Evaluating reaction mnc_74 (74/500)...
[Problem → Reactions] Found 335 reactions, 250 molecules.
      [32m✓ All goal molecules found.[0m
      [32m✓ All goal reactions found.[0m
        [32m✓ Target reaction successfully synthesized in 0.4s![0m
      Evaluating reaction mnc_75 (75/500)...
[Problem → Reactions] Found 269 reactions, 250 molecules.
      [32m✓ All goal molecules found.[0m
      [32m✓ All goal reactions found.[0m
        [32m✓ Target reaction successfully synthesized in 1.27s![0m
      Evaluating reaction mnc_76 (76/500)...
[Problem → Reactions] Found 237 reactions, 250 molecules.
      [32m✓ All goal molecules found.[0m
      [32m✓ All goal reactions found.[0m
        [32m✓ Target reaction successfully synthesized in 1.29s![0m
      Evaluating reaction mnc_77 (77/500)...
[Problem → Reactions] Found 914 reactions, 250 molecules.
      [32m✓ All goal molecules found.[0m
      [32m✓ All goal reactions found.[0m
        [32m✓ Target reaction successfully synthesized in 1.32s![0m
      Evaluating reaction mnc_78 (78/500)...
[Problem → Reactions] Found 320 reactions, 250 molecules.
      [32m✓ All goal molecules found.[0m
      [32m✓ All goal reactions found.[0m
        [32m✓ Target reaction successfully synthesized in 0.56s![0m
      Evaluating reaction mnc_79 (79/500)...
[Problem → Reactions] Found 203 reactions, 250 molecules.
      [32m✓ All goal molecules found.[0m
      [32m✓ All goal reactions found.[0m
        [32m✓ Target reaction successfully synthesized in 0.52s![0m
      Evaluating reaction mnc_80 (80/500)...
[Problem → Reactions] Found 3030 reactions, 250 molecules.
      [32m✓ All goal molecules found.[0m
      [32m✓ All goal reactions found.[0m
        [32m✓ Target reaction successfully synthesized in 7.1s![0m
      Evaluating reaction mnc_81 (81/500)...
[Problem → Reactions] Found 1626 reactions, 250 molecules.
      [32m✓ All goal molecules found.[0m
      [32m✓ All goal reactions found.[0m
        [32m✓ Target reaction successfully synthesized in 5.35s![0m
      Evaluating reaction mnc_82 (82/500)...
        [31m✗ Skipped reaction synthesis (missing molecule synthesis subproblem failed).[0m
      Evaluating reaction mnc_83 (83/500)...
[Problem → Reactions] Found 1227 reactions, 250 molecules.
      [32m✓ All goal molecules found.[0m
      [32m✓ All goal reactions found.[0m
        [32m✓ Target reaction successfully synthesized in 2.8s![0m
      Evaluating reaction mnc_84 (84/500)...
[Problem → Reactions] Found 255 reactions, 250 molecules.
      [32m✓ All goal molecules found.[0m
      [32m✓ All goal reactions found.[0m
        [32m✓ Target reaction successfully synthesized in 0.55s![0m
      Evaluating reaction mnc_85 (85/500)...
[Problem → Reactions] Found 939 reactions, 250 molecules.
      [32m✓ All goal molecules found.[0m
      [32m✓ All goal reactions found.[0m
        [32m✓ Target reaction successfully synthesized in 1.42s![0m
      Evaluating reaction mnc_86 (86/500)...
[Problem → Reactions] Found 621 reactions, 250 molecules.
      [32m✓ All goal molecules found.[0m
      [32m✓ All goal reactions found.[0m
        [32m✓ Target reaction successfully synthesized in 0.86s![0m
      Evaluating reaction mnc_87 (87/500)...
[Problem → Reactions] Found 939 reactions, 250 molecules.
      [32m✓ All goal molecules found.[0m
      [32m✓ All goal reactions found.[0m
        [32m✓ Target reaction successfully synthesized in 1.39s![0m
      Evaluating reaction mnc_88 (88/500)...
[Problem → Reactions] Found 621 reactions, 250 molecules.
      [32m✓ All goal molecules found.[0m
      [32m✓ All goal reactions found.[0m
        [32m✓ Target reaction successfully synthesized in 0.95s![0m
      Evaluating reaction mnc_89 (89/500)...
[Problem → Reactions] Found 206 reactions, 250 molecules.
      [32m✓ All goal molecules found.[0m
      [32m✓ All goal reactions found.[0m
        [32m✓ Target reaction successfully synthesized in 0.65s![0m
      Evaluating reaction mnc_90 (90/500)...
[Problem → Reactions] Found 230 reactions, 250 molecules.
      [32m✓ All goal molecules found.[0m
      [32m✓ All goal reactions found.[0m
        [32m✓ Target reaction successfully synthesized in 0.37s![0m
      Evaluating reaction mnc_91 (91/500)...
        [31m✗ Skipped reaction synthesis (missing molecule synthesis subproblem failed).[0m
      Evaluating reaction mnc_92 (92/500)...
[Problem → Reactions] Found 309 reactions, 250 molecules.
      [32m✓ All goal molecules found.[0m
      [32m✓ All goal reactions found.[0m
        [32m✓ Target reaction successfully synthesized in 0.53s![0m
      Evaluating reaction mnc_93 (93/500)...
[Problem → Reactions] Found 411 reactions, 250 molecules.
      [32m✓ All goal molecules found.[0m
      [32m✓ All goal reactions found.[0m
        [32m✓ Target reaction successfully synthesized in 0.45s![0m
      Evaluating reaction mnc_94 (94/500)...
[Problem → Reactions] Found 335 reactions, 250 molecules.
      [32m✓ All goal molecules found.[0m
      [32m✓ All goal reactions found.[0m
        [32m✓ Target reaction successfully synthesized in 0.39s![0m
      Evaluating reaction mnc_95 (95/500)...
        [31m✗ Skipped reaction synthesis (missing molecule synthesis subproblem failed).[0m
      Evaluating reaction mnc_96 (96/500)...
[Problem → Reactions] Found 593 reactions, 250 molecules.
      [32m✓ All goal molecules found.[0m
      [32m✓ All goal reactions found.[0m
        [32m✓ Target reaction successfully synthesized in 0.81s![0m
      Evaluating reaction mnc_97 (97/500)...
[Problem → Reactions] Found 2971 reactions, 250 molecules.
      [32m✓ All goal molecules found.[0m
      [32m✓ All goal reactions found.[0m
        [32m✓ Target reaction successfully synthesized in 2.36s![0m
      Evaluating reaction mnc_98 (98/500)...
[Problem → Reactions] Found 604 reactions, 250 molecules.
      [32m✓ All goal molecules found.[0m
      [32m✓ All goal reactions found.[0m
        [32m✓ Target reaction successfully synthesized in 4.17s![0m
      Evaluating reaction mnc_99 (99/500)...
[Problem → Reactions] Found 621 reactions, 250 molecules.
      [32m✓ All goal molecules found.[0m
      [32m✓ All goal reactions found.[0m
        [32m✓ Target reaction successfully synthesized in 0.99s![0m
      Evaluating reaction mnc_100 (100/500)...
[Problem → Reactions] Found 663 reactions, 250 molecules.
      [32m✓ All goal molecules found.[0m
      [32m✓ All goal reactions found.[0m
        [32m✓ Target reaction successfully synthesized in 1.86s![0m
      Evaluating reaction mnc_101 (101/500)...
[Problem → Reactions] Found 465 reactions, 250 molecules.
      [32m✓ All goal molecules found.[0m
      [32m✓ All goal reactions found.[0m
        [32m✓ Target reaction successfully synthesized in 2.09s![0m
      Evaluating reaction mnc_102 (102/500)...
[Problem → Reactions] Found 30000 reactions, 250 molecules.
      [32m✓ All goal molecules found.[0m
      [31m✗ Missing goal reactions.[0m
        [31m✗ Synthesis failed or timed out in 63.68s.[0m
      Evaluating reaction mnc_103 (103/500)...
[Problem → Reactions] Found 30000 reactions, 250 molecules.
      [32m✓ All goal molecules found.[0m
      [31m✗ Missing goal reactions.[0m
        [31m✗ Synthesis failed or timed out in 71.23s.[0m
      Evaluating reaction mnc_104 (104/500)...
[Problem → Reactions] Found 206 reactions, 250 molecules.
      [32m✓ All goal molecules found.[0m
      [32m✓ All goal reactions found.[0m
        [32m✓ Target reaction successfully synthesized in 0.63s![0m
      Evaluating reaction mnc_105 (105/500)...
[Problem → Reactions] Found 221 reactions, 250 molecules.
      [32m✓ All goal molecules found.[0m
      [32m✓ All goal reactions found.[0m
        [32m✓ Target reaction successfully synthesized in 0.37s![0m
      Evaluating reaction mnc_106 (106/500)...
[Problem → Reactions] Found 135 reactions, 250 molecules.
      [32m✓ All goal molecules found.[0m
      [32m✓ All goal reactions found.[0m
        [32m✓ Target reaction successfully synthesized in 0.39s![0m
      Evaluating reaction mnc_107 (107/500)...
[Problem → Reactions] Found 609 reactions, 250 molecules.
      [32m✓ All goal molecules found.[0m
      [32m✓ All goal reactions found.[0m
        [32m✓ Target reaction successfully synthesized in 1.04s![0m
      Evaluating reaction mnc_108 (108/500)...
[Problem → Reactions] Found 209 reactions, 250 molecules.
      [32m✓ All goal molecules found.[0m
      [32m✓ All goal reactions found.[0m
        [32m✓ Target reaction successfully synthesized in 0.37s![0m
      Evaluating reaction mnc_109 (109/500)...
[Problem → Reactions] Found 621 reactions, 250 molecules.
      [32m✓ All goal molecules found.[0m
      [32m✓ All goal reactions found.[0m
        [32m✓ Target reaction successfully synthesized in 1.0s![0m
      Evaluating reaction mnc_110 (110/500)...
[Problem → Reactions] Found 621 reactions, 250 molecules.
      [32m✓ All goal molecules found.[0m
      [32m✓ All goal reactions found.[0m
        [32m✓ Target reaction successfully synthesized in 1.0s![0m
      Evaluating reaction mnc_111 (111/500)...
[Problem → Reactions] Found 320 reactions, 250 molecules.
      [32m✓ All goal molecules found.[0m
      [32m✓ All goal reactions found.[0m
        [32m✓ Target reaction successfully synthesized in 0.49s![0m
      Evaluating reaction mnc_112 (112/500)...
[Problem → Reactions] Found 596 reactions, 250 molecules.
      [32m✓ All goal molecules found.[0m
      [32m✓ All goal reactions found.[0m
        [32m✓ Target reaction successfully synthesized in 1.07s![0m
      Evaluating reaction mnc_113 (113/500)...
[Problem → Reactions] Found 949 reactions, 250 molecules.
      [32m✓ All goal molecules found.[0m
      [32m✓ All goal reactions found.[0m
        [32m✓ Target reaction successfully synthesized in 1.4s![0m
      Evaluating reaction mnc_114 (114/500)...
[Problem → Reactions] Found 30000 reactions, 250 molecules.
      [32m✓ All goal molecules found.[0m
      [31m✗ Missing goal reactions.[0m
        [31m✗ Synthesis failed or timed out in 59.32s.[0m
      Evaluating reaction mnc_115 (115/500)...
[Problem → Reactions] Found 377 reactions, 250 molecules.
      [32m✓ All goal molecules found.[0m
      [32m✓ All goal reactions found.[0m
        [32m✓ Target reaction successfully synthesized in 0.69s![0m
      Evaluating reaction mnc_116 (116/500)...
[Problem → Reactions] Found 609 reactions, 250 molecules.
      [32m✓ All goal molecules found.[0m
      [32m✓ All goal reactions found.[0m
        [32m✓ Target reaction successfully synthesized in 1.44s![0m
      Evaluating reaction mnc_117 (117/500)...
[Problem → Reactions] Found 95 reactions, 250 molecules.
      [32m✓ All goal molecules found.[0m
      [32m✓ All goal reactions found.[0m
        [32m✓ Target reaction successfully synthesized in 0.36s![0m
      Evaluating reaction mnc_118 (118/500)...
[Problem → Reactions] Found 209 reactions, 250 molecules.
      [32m✓ All goal molecules found.[0m
      [32m✓ All goal reactions found.[0m
        [32m✓ Target reaction successfully synthesized in 0.37s![0m
      Evaluating reaction mnc_119 (119/500)...
[Problem → Reactions] Found 237 reactions, 250 molecules.
      [32m✓ All goal molecules found.[0m
      [32m✓ All goal reactions found.[0m
        [32m✓ Target reaction successfully synthesized in 1.75s![0m
      Evaluating reaction mnc_120 (120/500)...
[Problem → Reactions] Found 135 reactions, 250 molecules.
      [32m✓ All goal molecules found.[0m
      [32m✓ All goal reactions found.[0m
        [32m✓ Target reaction successfully synthesized in 0.63s![0m
      Evaluating reaction mnc_121 (121/500)...
[Problem → Reactions] Found 255 reactions, 250 molecules.
      [32m✓ All goal molecules found.[0m
      [32m✓ All goal reactions found.[0m
        [32m✓ Target reaction successfully synthesized in 0.57s![0m
      Evaluating reaction mnc_122 (122/500)...
        [31m✗ Skipped reaction synthesis (missing molecule synthesis subproblem failed).[0m
      Evaluating reaction mnc_123 (123/500)...
[Problem → Reactions] Found 1914 reactions, 250 molecules.
      [32m✓ All goal molecules found.[0m
      [32m✓ All goal reactions found.[0m
        [32m✓ Target reaction successfully synthesized in 6.12s![0m
      Evaluating reaction mnc_124 (124/500)...
[Problem → Reactions] Found 335 reactions, 250 molecules.
      [32m✓ All goal molecules found.[0m
      [32m✓ All goal reactions found.[0m
        [32m✓ Target reaction successfully synthesized in 0.43s![0m
      Evaluating reaction mnc_125 (125/500)...
[Problem → Reactions] Found 135 reactions, 250 molecules.
      [32m✓ All goal molecules found.[0m
      [32m✓ All goal reactions found.[0m
        [32m✓ Target reaction successfully synthesized in 1.92s![0m
      Evaluating reaction mnc_126 (126/500)...
        [31m✗ Skipped reaction synthesis (missing molecule synthesis subproblem failed).[0m
      Evaluating reaction mnc_127 (127/500)...
[Problem → Reactions] Found 596 reactions, 250 molecules.
      [32m✓ All goal molecules found.[0m
      [32m✓ All goal reactions found.[0m
        [32m✓ Target reaction successfully synthesized in 0.98s![0m
      Evaluating reaction mnc_128 (128/500)...
[Problem → Reactions] Found 3003 reactions, 250 molecules.
      [32m✓ All goal molecules found.[0m
      [32m✓ All goal reactions found.[0m
        [32m✓ Target reaction successfully synthesized in 3.44s![0m
      Evaluating reaction mnc_129 (129/500)...
[Problem → Reactions] Found 599 reactions, 250 molecules.
      [32m✓ All goal molecules found.[0m
      [32m✓ All goal reactions found.[0m
        [32m✓ Target reaction successfully synthesized in 5.31s![0m
      Evaluating reaction mnc_130 (130/500)...
[Problem → Reactions] Found 227 reactions, 250 molecules.
      [32m✓ All goal molecules found.[0m
      [32m✓ All goal reactions found.[0m
        [32m✓ Target reaction successfully synthesized in 0.5s![0m
      Evaluating reaction mnc_131 (131/500)...
[Problem → Reactions] Found 938 reactions, 250 molecules.
      [32m✓ All goal molecules found.[0m
      [32m✓ All goal reactions found.[0m
        [32m✓ Target reaction successfully synthesized in 2.05s![0m
      Evaluating reaction mnc_132 (132/500)...
[Problem → Reactions] Found 621 reactions, 250 molecules.
      [32m✓ All goal molecules found.[0m
      [32m✓ All goal reactions found.[0m
        [32m✓ Target reaction successfully synthesized in 2.38s![0m
      Evaluating reaction mnc_133 (133/500)...
[Problem → Reactions] Found 621 reactions, 250 molecules.
      [32m✓ All goal molecules found.[0m
      [32m✓ All goal reactions found.[0m
        [32m✓ Target reaction successfully synthesized in 1.07s![0m
      Evaluating reaction mnc_134 (134/500)...
[Problem → Reactions] Found 363 reactions, 250 molecules.
      [32m✓ All goal molecules found.[0m
      [32m✓ All goal reactions found.[0m
        [32m✓ Target reaction successfully synthesized in 1.5s![0m
      Evaluating reaction mnc_135 (135/500)...
[Problem → Reactions] Found 981 reactions, 250 molecules.
      [32m✓ All goal molecules found.[0m
      [32m✓ All goal reactions found.[0m
        [32m✓ Target reaction successfully synthesized in 2.41s![0m
      Evaluating reaction mnc_136 (136/500)...
[Problem → Reactions] Found 170 reactions, 250 molecules.
      [32m✓ All goal molecules found.[0m
      [32m✓ All goal reactions found.[0m
        [32m✓ Target reaction successfully synthesized in 0.58s![0m
      Evaluating reaction mnc_137 (137/500)...
[Problem → Reactions] Found 149 reactions, 250 molecules.
      [32m✓ All goal molecules found.[0m
      [32m✓ All goal reactions found.[0m
        [32m✓ Target reaction successfully synthesized in 0.57s![0m
      Evaluating reaction mnc_138 (138/500)...
[Problem → Reactions] Found 621 reactions, 250 molecules.
      [32m✓ All goal molecules found.[0m
      [32m✓ All goal reactions found.[0m
        [32m✓ Target reaction successfully synthesized in 0.92s![0m
      Evaluating reaction mnc_139 (139/500)...
[Problem → Reactions] Found 914 reactions, 250 molecules.
      [32m✓ All goal molecules found.[0m
      [32m✓ All goal reactions found.[0m
        [32m✓ Target reaction successfully synthesized in 1.64s![0m
      Evaluating reaction mnc_140 (140/500)...
[Problem → Reactions] Found 927 reactions, 250 molecules.
      [32m✓ All goal molecules found.[0m
      [32m✓ All goal reactions found.[0m
        [32m✓ Target reaction successfully synthesized in 1.55s![0m
      Evaluating reaction mnc_141 (141/500)...
[Problem → Reactions] Found 1227 reactions, 250 molecules.
      [32m✓ All goal molecules found.[0m
      [32m✓ All goal reactions found.[0m
        [32m✓ Target reaction successfully synthesized in 2.08s![0m
      Evaluating reaction mnc_142 (142/500)...
[Problem → Reactions] Found 621 reactions, 250 molecules.
      [32m✓ All goal molecules found.[0m
      [32m✓ All goal reactions found.[0m
        [32m✓ Target reaction successfully synthesized in 1.09s![0m
      Evaluating reaction mnc_143 (143/500)...
[Problem → Reactions] Found 938 reactions, 250 molecules.
      [32m✓ All goal molecules found.[0m
      [32m✓ All goal reactions found.[0m
        [32m✓ Target reaction successfully synthesized in 1.53s![0m
      Evaluating reaction mnc_144 (144/500)...
[Problem → Reactions] Found 237 reactions, 250 molecules.
      [32m✓ All goal molecules found.[0m
      [32m✓ All goal reactions found.[0m
        [32m✓ Target reaction successfully synthesized in 1.44s![0m
      Evaluating reaction mnc_145 (145/500)...
[Problem → Reactions] Found 949 reactions, 250 molecules.
      [32m✓ All goal molecules found.[0m
      [32m✓ All goal reactions found.[0m
        [32m✓ Target reaction successfully synthesized in 1.45s![0m
      Evaluating reaction mnc_146 (146/500)...
[Problem → Reactions] Found 573 reactions, 250 molecules.
      [32m✓ All goal molecules found.[0m
      [32m✓ All goal reactions found.[0m
        [32m✓ Target reaction successfully synthesized in 1.01s![0m
      Evaluating reaction mnc_147 (147/500)...
[Problem → Reactions] Found 593 reactions, 250 molecules.
      [32m✓ All goal molecules found.[0m
      [32m✓ All goal reactions found.[0m
        [32m✓ Target reaction successfully synthesized in 0.99s![0m
      Evaluating reaction mnc_148 (148/500)...
[Problem → Reactions] Found 3051 reactions, 250 molecules.
      [32m✓ All goal molecules found.[0m
      [32m✓ All goal reactions found.[0m
        [32m✓ Target reaction successfully synthesized in 4.38s![0m
      Evaluating reaction mnc_149 (149/500)...
[Problem → Reactions] Found 914 reactions, 250 molecules.
      [32m✓ All goal molecules found.[0m
      [32m✓ All goal reactions found.[0m
        [32m✓ Target reaction successfully synthesized in 1.56s![0m
      Evaluating reaction mnc_150 (150/500)...
[Problem → Reactions] Found 621 reactions, 250 molecules.
      [32m✓ All goal molecules found.[0m
      [32m✓ All goal reactions found.[0m
        [32m✓ Target reaction successfully synthesized in 1.14s![0m
      Evaluating reaction mnc_151 (151/500)...
[Problem → Reactions] Found 269 reactions, 250 molecules.
      [32m✓ All goal molecules found.[0m
      [32m✓ All goal reactions found.[0m
        [32m✓ Target reaction successfully synthesized in 0.39s![0m
      Evaluating reaction mnc_152 (152/500)...
[Problem → Reactions] Found 621 reactions, 250 molecules.
      [32m✓ All goal molecules found.[0m
      [32m✓ All goal reactions found.[0m
        [32m✓ Target reaction successfully synthesized in 1.19s![0m
      Evaluating reaction mnc_153 (153/500)...
[Problem → Reactions] Found 2178 reactions, 250 molecules.
      [32m✓ All goal molecules found.[0m
      [32m✓ All goal reactions found.[0m
        [32m✓ Target reaction successfully synthesized in 3.73s![0m
      Evaluating reaction mnc_154 (154/500)...
[Problem → Reactions] Found 603 reactions, 250 molecules.
      [32m✓ All goal molecules found.[0m
      [32m✓ All goal reactions found.[0m
        [32m✓ Target reaction successfully synthesized in 0.97s![0m
      Evaluating reaction mnc_155 (155/500)...
[Problem → Reactions] Found 320 reactions, 250 molecules.
      [32m✓ All goal molecules found.[0m
      [32m✓ All goal reactions found.[0m
        [32m✓ Target reaction successfully synthesized in 0.64s![0m
      Evaluating reaction mnc_156 (156/500)...
[Problem → Reactions] Found 237 reactions, 250 molecules.
      [32m✓ All goal molecules found.[0m
      [32m✓ All goal reactions found.[0m
        [32m✓ Target reaction successfully synthesized in 1.38s![0m
      Evaluating reaction mnc_157 (157/500)...
[Problem → Reactions] Found 203 reactions, 250 molecules.
      [32m✓ All goal molecules found.[0m
      [32m✓ All goal reactions found.[0m
        [32m✓ Target reaction successfully synthesized in 0.56s![0m
      Evaluating reaction mnc_158 (158/500)...
[Problem → Reactions] Found 596 reactions, 250 molecules.
      [32m✓ All goal molecules found.[0m
      [32m✓ All goal reactions found.[0m
        [32m✓ Target reaction successfully synthesized in 1.01s![0m
      Evaluating reaction mnc_159 (159/500)...
[Problem → Reactions] Found 30000 reactions, 250 molecules.
      [32m✓ All goal molecules found.[0m
      [31m✗ Missing goal reactions.[0m
        [31m✗ Synthesis failed or timed out in 74.38s.[0m
      Evaluating reaction mnc_160 (160/500)...
[Problem → Reactions] Found 237 reactions, 250 molecules.
      [32m✓ All goal molecules found.[0m
      [32m✓ All goal reactions found.[0m
        [32m✓ Target reaction successfully synthesized in 1.45s![0m
      Evaluating reaction mnc_161 (161/500)...
        [31m✗ Skipped reaction synthesis (missing molecule synthesis subproblem failed).[0m
      Evaluating reaction mnc_162 (162/500)...
[Problem → Reactions] Found 335 reactions, 250 molecules.
      [32m✓ All goal molecules found.[0m
      [32m✓ All goal reactions found.[0m
        [32m✓ Target reaction successfully synthesized in 0.35s![0m
      Evaluating reaction mnc_163 (163/500)...
        [31m✗ Skipped reaction synthesis (missing molecule synthesis subproblem failed).[0m
      Evaluating reaction mnc_164 (164/500)...
[Problem → Reactions] Found 914 reactions, 250 molecules.
      [32m✓ All goal molecules found.[0m
      [32m✓ All goal reactions found.[0m
        [32m✓ Target reaction successfully synthesized in 1.68s![0m
      Evaluating reaction mnc_165 (165/500)...
[Problem → Reactions] Found 221 reactions, 250 molecules.
      [32m✓ All goal molecules found.[0m
      [32m✓ All goal reactions found.[0m
        [32m✓ Target reaction successfully synthesized in 0.38s![0m
      Evaluating reaction mnc_166 (166/500)...
        [31m✗ Skipped reaction synthesis (missing molecule synthesis subproblem failed).[0m
      Evaluating reaction mnc_167 (167/500)...
        [31m✗ Skipped reaction synthesis (missing molecule synthesis subproblem failed).[0m
      Evaluating reaction mnc_168 (168/500)...
[Problem → Reactions] Found 203 reactions, 250 molecules.
      [32m✓ All goal molecules found.[0m
      [32m✓ All goal reactions found.[0m
        [32m✓ Target reaction successfully synthesized in 0.72s![0m
      Evaluating reaction mnc_169 (169/500)...
[Problem → Reactions] Found 573 reactions, 250 molecules.
      [32m✓ All goal molecules found.[0m
      [32m✓ All goal reactions found.[0m
        [32m✓ Target reaction successfully synthesized in 0.91s![0m
      Evaluating reaction mnc_170 (170/500)...
[Problem → Reactions] Found 851 reactions, 250 molecules.
      [32m✓ All goal molecules found.[0m
      [32m✓ All goal reactions found.[0m
        [32m✓ Target reaction successfully synthesized in 1.03s![0m
      Evaluating reaction mnc_171 (171/500)...
[Problem → Reactions] Found 3038 reactions, 250 molecules.
      [32m✓ All goal molecules found.[0m
      [32m✓ All goal reactions found.[0m
        [32m✓ Target reaction successfully synthesized in 8.26s![0m
      Evaluating reaction mnc_172 (172/500)...
[Problem → Reactions] Found 30000 reactions, 250 molecules.
      [32m✓ All goal molecules found.[0m
      [31m✗ Missing goal reactions.[0m
        [31m✗ Synthesis failed or timed out in 69.84s.[0m
      Evaluating reaction mnc_173 (173/500)...
[Problem → Reactions] Found 2900 reactions, 250 molecules.
      [32m✓ All goal molecules found.[0m
      [32m✓ All goal reactions found.[0m
        [32m✓ Target reaction successfully synthesized in 7.43s![0m
      Evaluating reaction mnc_174 (174/500)...
[Problem → Reactions] Found 149 reactions, 250 molecules.
      [32m✓ All goal molecules found.[0m
      [32m✓ All goal reactions found.[0m
        [32m✓ Target reaction successfully synthesized in 0.44s![0m
      Evaluating reaction mnc_175 (175/500)...
[Problem → Reactions] Found 215 reactions, 250 molecules.
      [32m✓ All goal molecules found.[0m
      [32m✓ All goal reactions found.[0m
        [32m✓ Target reaction successfully synthesized in 1.8s![0m
      Evaluating reaction mnc_176 (176/500)...
        [31m✗ Skipped reaction synthesis (missing molecule synthesis subproblem failed).[0m
      Evaluating reaction mnc_177 (177/500)...
[Problem → Reactions] Found 140 reactions, 250 molecules.
      [32m✓ All goal molecules found.[0m
      [32m✓ All goal reactions found.[0m
        [32m✓ Target reaction successfully synthesized in 0.45s![0m
      Evaluating reaction mnc_178 (178/500)...
[Problem → Reactions] Found 237 reactions, 250 molecules.
      [32m✓ All goal molecules found.[0m
      [32m✓ All goal reactions found.[0m
        [32m✓ Target reaction successfully synthesized in 1.58s![0m
      Evaluating reaction mnc_179 (179/500)...
[Problem → Reactions] Found 30000 reactions, 250 molecules.
      [32m✓ All goal molecules found.[0m
      [31m✗ Missing goal reactions.[0m
        [31m✗ Synthesis failed or timed out in 63.98s.[0m
      Evaluating reaction mnc_180 (180/500)...
[Problem → Reactions] Found 237 reactions, 250 molecules.
      [32m✓ All goal molecules found.[0m
      [32m✓ All goal reactions found.[0m
        [32m✓ Target reaction successfully synthesized in 1.26s![0m
      Evaluating reaction mnc_181 (181/500)...
[Problem → Reactions] Found 237 reactions, 250 molecules.
      [32m✓ All goal molecules found.[0m
      [32m✓ All goal reactions found.[0m
        [32m✓ Target reaction successfully synthesized in 1.34s![0m
      Evaluating reaction mnc_182 (182/500)...
[Problem → Reactions] Found 939 reactions, 250 molecules.
      [32m✓ All goal molecules found.[0m
      [32m✓ All goal reactions found.[0m
        [32m✓ Target reaction successfully synthesized in 1.44s![0m
      Evaluating reaction mnc_183 (183/500)...
[Problem → Reactions] Found 621 reactions, 250 molecules.
      [32m✓ All goal molecules found.[0m
      [32m✓ All goal reactions found.[0m
        [32m✓ Target reaction successfully synthesized in 1.02s![0m
      Evaluating reaction mnc_184 (184/500)...
        [31m✗ Skipped reaction synthesis (missing molecule synthesis subproblem failed).[0m
      Evaluating reaction mnc_185 (185/500)...
[Problem → Reactions] Found 1066 reactions, 250 molecules.
      [32m✓ All goal molecules found.[0m
      [32m✓ All goal reactions found.[0m
        [32m✓ Target reaction successfully synthesized in 8.88s![0m
      Evaluating reaction mnc_186 (186/500)...
[Problem → Reactions] Found 903 reactions, 250 molecules.
      [32m✓ All goal molecules found.[0m
      [32m✓ All goal reactions found.[0m
        [32m✓ Target reaction successfully synthesized in 2.48s![0m
      Evaluating reaction mnc_187 (187/500)...
        [31m✗ Skipped reaction synthesis (missing molecule synthesis subproblem failed).[0m
      Evaluating reaction mnc_188 (188/500)...
[Problem → Reactions] Found 309 reactions, 250 molecules.
      [32m✓ All goal molecules found.[0m
      [32m✓ All goal reactions found.[0m
        [32m✓ Target reaction successfully synthesized in 0.51s![0m
      Evaluating reaction mnc_189 (189/500)...
[Problem → Reactions] Found 950 reactions, 250 molecules.
      [32m✓ All goal molecules found.[0m
      [32m✓ All goal reactions found.[0m
        [32m✓ Target reaction successfully synthesized in 2.56s![0m
      Evaluating reaction mnc_190 (190/500)...
[Problem → Reactions] Found 2177 reactions, 250 molecules.
      [32m✓ All goal molecules found.[0m
      [32m✓ All goal reactions found.[0m
        [32m✓ Target reaction successfully synthesized in 3.82s![0m
      Evaluating reaction mnc_191 (191/500)...
[Problem → Reactions] Found 621 reactions, 250 molecules.
      [32m✓ All goal molecules found.[0m
      [32m✓ All goal reactions found.[0m
        [32m✓ Target reaction successfully synthesized in 0.9s![0m
      Evaluating reaction mnc_192 (192/500)...
[Problem → Reactions] Found 939 reactions, 250 molecules.
      [32m✓ All goal molecules found.[0m
      [32m✓ All goal reactions found.[0m
        [32m✓ Target reaction successfully synthesized in 1.53s![0m
      Evaluating reaction mnc_193 (193/500)...
[Problem → Reactions] Found 624 reactions, 250 molecules.
      [32m✓ All goal molecules found.[0m
      [32m✓ All goal reactions found.[0m
        [32m✓ Target reaction successfully synthesized in 1.09s![0m
      Evaluating reaction mnc_194 (194/500)...
[Problem → Reactions] Found 30000 reactions, 250 molecules.
      [32m✓ All goal molecules found.[0m
      [31m✗ Missing goal reactions.[0m
        [31m✗ Synthesis failed or timed out in 76.33s.[0m
      Evaluating reaction mnc_195 (195/500)...
[Problem → Reactions] Found 329 reactions, 250 molecules.
      [32m✓ All goal molecules found.[0m
      [32m✓ All goal reactions found.[0m
        [32m✓ Target reaction successfully synthesized in 0.51s![0m
      Evaluating reaction mnc_196 (196/500)...
[Problem → Reactions] Found 593 reactions, 250 molecules.
      [32m✓ All goal molecules found.[0m
      [32m✓ All goal reactions found.[0m
        [32m✓ Target reaction successfully synthesized in 0.84s![0m
      Evaluating reaction mnc_197 (197/500)...
[Problem → Reactions] Found 1072 reactions, 250 molecules.
      [32m✓ All goal molecules found.[0m
      [32m✓ All goal reactions found.[0m
        [32m✓ Target reaction successfully synthesized in 8.76s![0m
      Evaluating reaction mnc_198 (198/500)...
[Problem → Reactions] Found 206 reactions, 250 molecules.
      [32m✓ All goal molecules found.[0m
      [32m✓ All goal reactions found.[0m
        [32m✓ Target reaction successfully synthesized in 0.59s![0m
      Evaluating reaction mnc_199 (199/500)...
[Problem → Reactions] Found 621 reactions, 250 molecules.
      [32m✓ All goal molecules found.[0m
      [32m✓ All goal reactions found.[0m
        [32m✓ Target reaction successfully synthesized in 1.06s![0m
      Evaluating reaction mnc_200 (200/500)...
[Problem → Reactions] Found 206 reactions, 250 molecules.
      [32m✓ All goal molecules found.[0m
      [32m✓ All goal reactions found.[0m
        [32m✓ Target reaction successfully synthesized in 1.08s![0m
      Evaluating reaction mnc_201 (201/500)...
[Problem → Reactions] Found 927 reactions, 250 molecules.
      [32m✓ All goal molecules found.[0m
      [32m✓ All goal reactions found.[0m
        [32m✓ Target reaction successfully synthesized in 1.36s![0m
      Evaluating reaction mnc_202 (202/500)...
[Problem → Reactions] Found 981 reactions, 250 molecules.
      [32m✓ All goal molecules found.[0m
      [32m✓ All goal reactions found.[0m
        [32m✓ Target reaction successfully synthesized in 3.83s![0m
      Evaluating reaction mnc_203 (203/500)...
[Problem → Reactions] Found 611 reactions, 250 molecules.
      [32m✓ All goal molecules found.[0m
      [32m✓ All goal reactions found.[0m
        [32m✓ Target reaction successfully synthesized in 0.93s![0m
      Evaluating reaction mnc_204 (204/500)...
[Problem → Reactions] Found 237 reactions, 250 molecules.
      [32m✓ All goal molecules found.[0m
      [32m✓ All goal reactions found.[0m
        [32m✓ Target reaction successfully synthesized in 1.41s![0m
      Evaluating reaction mnc_205 (205/500)...
[Problem → Reactions] Found 621 reactions, 250 molecules.
      [32m✓ All goal molecules found.[0m
      [32m✓ All goal reactions found.[0m
        [32m✓ Target reaction successfully synthesized in 1.15s![0m
      Evaluating reaction mnc_206 (206/500)...
[Problem → Reactions] Found 237 reactions, 250 molecules.
      [32m✓ All goal molecules found.[0m
      [32m✓ All goal reactions found.[0m
        [32m✓ Target reaction successfully synthesized in 1.46s![0m
      Evaluating reaction mnc_207 (207/500)...
[Problem → Reactions] Found 320 reactions, 250 molecules.
      [32m✓ All goal molecules found.[0m
      [32m✓ All goal reactions found.[0m
        [32m✓ Target reaction successfully synthesized in 0.55s![0m
      Evaluating reaction mnc_208 (208/500)...
[Problem → Reactions] Found 135 reactions, 250 molecules.
      [32m✓ All goal molecules found.[0m
      [32m✓ All goal reactions found.[0m
        [32m✓ Target reaction successfully synthesized in 0.41s![0m
      Evaluating reaction mnc_209 (209/500)...
[Problem → Reactions] Found 981 reactions, 250 molecules.
      [32m✓ All goal molecules found.[0m
      [32m✓ All goal reactions found.[0m
        [32m✓ Target reaction successfully synthesized in 2.35s![0m
      Evaluating reaction mnc_210 (210/500)...
[Problem → Reactions] Found 207 reactions, 250 molecules.
      [32m✓ All goal molecules found.[0m
      [32m✓ All goal reactions found.[0m
        [32m✓ Target reaction successfully synthesized in 0.58s![0m
      Evaluating reaction mnc_211 (211/500)...
[Problem → Reactions] Found 2784 reactions, 250 molecules.
      [32m✓ All goal molecules found.[0m
      [32m✓ All goal reactions found.[0m
        [32m✓ Target reaction successfully synthesized in 4.1s![0m
      Evaluating reaction mnc_212 (212/500)...
[Problem → Reactions] Found 573 reactions, 250 molecules.
      [32m✓ All goal molecules found.[0m
      [32m✓ All goal reactions found.[0m
        [32m✓ Target reaction successfully synthesized in 1.07s![0m
      Evaluating reaction mnc_213 (213/500)...
[Problem → Reactions] Found 621 reactions, 250 molecules.
      [32m✓ All goal molecules found.[0m
      [32m✓ All goal reactions found.[0m
        [32m✓ Target reaction successfully synthesized in 1.12s![0m
      Evaluating reaction mnc_214 (214/500)...
        [31m✗ Skipped reaction synthesis (missing molecule synthesis subproblem failed).[0m
      Evaluating reaction mnc_215 (215/500)...
[Problem → Reactions] Found 206 reactions, 250 molecules.
      [32m✓ All goal molecules found.[0m
      [32m✓ All goal reactions found.[0m
        [32m✓ Target reaction successfully synthesized in 0.61s![0m
      Evaluating reaction mnc_216 (216/500)...
[Problem → Reactions] Found 573 reactions, 250 molecules.
      [32m✓ All goal molecules found.[0m
      [32m✓ All goal reactions found.[0m
        [32m✓ Target reaction successfully synthesized in 1.09s![0m
      Evaluating reaction mnc_217 (217/500)...
[Problem → Reactions] Found 237 reactions, 250 molecules.
      [32m✓ All goal molecules found.[0m
      [32m✓ All goal reactions found.[0m
        [32m✓ Target reaction successfully synthesized in 1.31s![0m
      Evaluating reaction mnc_218 (218/500)...
[Problem → Reactions] Found 3106 reactions, 250 molecules.
      [32m✓ All goal molecules found.[0m
      [32m✓ All goal reactions found.[0m
        [32m✓ Target reaction successfully synthesized in 7.81s![0m
      Evaluating reaction mnc_219 (219/500)...
[Problem → Reactions] Found 621 reactions, 250 molecules.
      [32m✓ All goal molecules found.[0m
      [32m✓ All goal reactions found.[0m
        [32m✓ Target reaction successfully synthesized in 0.9s![0m
      Evaluating reaction mnc_220 (220/500)...
[Problem → Reactions] Found 2070 reactions, 250 molecules.
      [32m✓ All goal molecules found.[0m
      [32m✓ All goal reactions found.[0m
        [32m✓ Target reaction successfully synthesized in 5.86s![0m
      Evaluating reaction mnc_221 (221/500)...
[Problem → Reactions] Found 593 reactions, 250 molecules.
      [32m✓ All goal molecules found.[0m
      [32m✓ All goal reactions found.[0m
        [32m✓ Target reaction successfully synthesized in 0.87s![0m
      Evaluating reaction mnc_222 (222/500)...
[Problem → Reactions] Found 596 reactions, 250 molecules.
      [32m✓ All goal molecules found.[0m
      [32m✓ All goal reactions found.[0m
        [32m✓ Target reaction successfully synthesized in 1.13s![0m
      Evaluating reaction mnc_223 (223/500)...
[Problem → Reactions] Found 215 reactions, 250 molecules.
      [32m✓ All goal molecules found.[0m
      [32m✓ All goal reactions found.[0m
        [32m✓ Target reaction successfully synthesized in 1.03s![0m
      Evaluating reaction mnc_224 (224/500)...
[Problem → Reactions] Found 621 reactions, 250 molecules.
      [32m✓ All goal molecules found.[0m
      [32m✓ All goal reactions found.[0m
        [32m✓ Target reaction successfully synthesized in 0.99s![0m
      Evaluating reaction mnc_225 (225/500)...
[Problem → Reactions] Found 206 reactions, 250 molecules.
      [32m✓ All goal molecules found.[0m
      [32m✓ All goal reactions found.[0m
        [32m✓ Target reaction successfully synthesized in 1.72s![0m
      Evaluating reaction mnc_226 (226/500)...
[Problem → Reactions] Found 140 reactions, 250 molecules.
      [32m✓ All goal molecules found.[0m
      [32m✓ All goal reactions found.[0m
        [32m✓ Target reaction successfully synthesized in 0.41s![0m
      Evaluating reaction mnc_227 (227/500)...
[Problem → Reactions] Found 932 reactions, 250 molecules.
      [32m✓ All goal molecules found.[0m
      [32m✓ All goal reactions found.[0m
        [32m✓ Target reaction successfully synthesized in 1.47s![0m
      Evaluating reaction mnc_228 (228/500)...
[Problem → Reactions] Found 621 reactions, 250 molecules.
      [32m✓ All goal molecules found.[0m
      [32m✓ All goal reactions found.[0m
        [32m✓ Target reaction successfully synthesized in 1.07s![0m
      Evaluating reaction mnc_229 (229/500)...
        [31m✗ Skipped reaction synthesis (missing molecule synthesis subproblem failed).[0m
      Evaluating reaction mnc_230 (230/500)...
[Problem → Reactions] Found 593 reactions, 250 molecules.
      [32m✓ All goal molecules found.[0m
      [32m✓ All goal reactions found.[0m
        [32m✓ Target reaction successfully synthesized in 0.78s![0m
      Evaluating reaction mnc_231 (231/500)...
[Problem → Reactions] Found 621 reactions, 250 molecules.
      [32m✓ All goal molecules found.[0m
      [32m✓ All goal reactions found.[0m
        [32m✓ Target reaction successfully synthesized in 1.04s![0m
      Evaluating reaction mnc_232 (232/500)...
[Problem → Reactions] Found 203 reactions, 250 molecules.
      [32m✓ All goal molecules found.[0m
      [32m✓ All goal reactions found.[0m
        [32m✓ Target reaction successfully synthesized in 0.69s![0m
      Evaluating reaction mnc_233 (233/500)...
[Problem → Reactions] Found 135 reactions, 250 molecules.
      [32m✓ All goal molecules found.[0m
      [32m✓ All goal reactions found.[0m
        [32m✓ Target reaction successfully synthesized in 0.15s![0m
      Evaluating reaction mnc_234 (234/500)...
[Problem → Reactions] Found 221 reactions, 250 molecules.
      [32m✓ All goal molecules found.[0m
      [32m✓ All goal reactions found.[0m
        [32m✓ Target reaction successfully synthesized in 0.39s![0m
      Evaluating reaction mnc_235 (235/500)...
        [31m✗ Skipped reaction synthesis (missing molecule synthesis subproblem failed).[0m
      Evaluating reaction mnc_236 (236/500)...
[Problem → Reactions] Found 203 reactions, 250 molecules.
      [32m✓ All goal molecules found.[0m
      [32m✓ All goal reactions found.[0m
        [32m✓ Target reaction successfully synthesized in 0.66s![0m
      Evaluating reaction mnc_237 (237/500)...
[Problem → Reactions] Found 203 reactions, 250 molecules.
      [32m✓ All goal molecules found.[0m
      [32m✓ All goal reactions found.[0m
        [32m✓ Target reaction successfully synthesized in 0.55s![0m
      Evaluating reaction mnc_238 (238/500)...
[Problem → Reactions] Found 663 reactions, 250 molecules.
      [32m✓ All goal molecules found.[0m
      [32m✓ All goal reactions found.[0m
        [32m✓ Target reaction successfully synthesized in 1.64s![0m
      Evaluating reaction mnc_239 (239/500)...
[Problem → Reactions] Found 221 reactions, 250 molecules.
      [32m✓ All goal molecules found.[0m
      [32m✓ All goal reactions found.[0m
        [32m✓ Target reaction successfully synthesized in 0.37s![0m
      Evaluating reaction mnc_240 (240/500)...
[Problem → Reactions] Found 597 reactions, 250 molecules.
      [32m✓ All goal molecules found.[0m
      [32m✓ All goal reactions found.[0m
        [32m✓ Target reaction successfully synthesized in 1.01s![0m
      Evaluating reaction mnc_241 (241/500)...
[Problem → Reactions] Found 608 reactions, 250 molecules.
      [32m✓ All goal molecules found.[0m
      [32m✓ All goal reactions found.[0m
        [32m✓ Target reaction successfully synthesized in 1.03s![0m
      Evaluating reaction mnc_242 (242/500)...
[Problem → Reactions] Found 7282 reactions, 250 molecules.
      [32m✓ All goal molecules found.[0m
      [32m✓ All goal reactions found.[0m
        [32m✓ Target reaction successfully synthesized in 10.71s![0m
      Evaluating reaction mnc_243 (243/500)...
[Problem → Reactions] Found 30000 reactions, 250 molecules.
      [32m✓ All goal molecules found.[0m
      [31m✗ Missing goal reactions.[0m
        [31m✗ Synthesis failed or timed out in 70.49s.[0m
      Evaluating reaction mnc_244 (244/500)...
[Problem → Reactions] Found 363 reactions, 250 molecules.
      [32m✓ All goal molecules found.[0m
      [32m✓ All goal reactions found.[0m
        [32m✓ Target reaction successfully synthesized in 1.01s![0m
      Evaluating reaction mnc_245 (245/500)...
[Problem → Reactions] Found 573 reactions, 250 molecules.
      [32m✓ All goal molecules found.[0m
      [32m✓ All goal reactions found.[0m
        [32m✓ Target reaction successfully synthesized in 1.04s![0m
      Evaluating reaction mnc_246 (246/500)...
[Problem → Reactions] Found 3168 reactions, 250 molecules.
      [32m✓ All goal molecules found.[0m
      [32m✓ All goal reactions found.[0m
        [32m✓ Target reaction successfully synthesized in 8.02s![0m
      Evaluating reaction mnc_247 (247/500)...
[Problem → Reactions] Found 237 reactions, 250 molecules.
      [32m✓ All goal molecules found.[0m
      [32m✓ All goal reactions found.[0m
        [32m✓ Target reaction successfully synthesized in 1.27s![0m
      Evaluating reaction mnc_248 (248/500)...
        [31m✗ Skipped reaction synthesis (missing molecule synthesis subproblem failed).[0m
      Evaluating reaction mnc_249 (249/500)...
[Problem → Reactions] Found 927 reactions, 250 molecules.
      [32m✓ All goal molecules found.[0m
      [32m✓ All goal reactions found.[0m
        [32m✓ Target reaction successfully synthesized in 1.5s![0m
      Evaluating reaction mnc_250 (250/500)...
[Problem → Reactions] Found 221 reactions, 250 molecules.
      [32m✓ All goal molecules found.[0m
      [32m✓ All goal reactions found.[0m
        [32m✓ Target reaction successfully synthesized in 0.38s![0m
      Evaluating reaction mnc_251 (251/500)...
[Problem → Reactions] Found 1063 reactions, 250 molecules.
      [32m✓ All goal molecules found.[0m
      [32m✓ All goal reactions found.[0m
        [32m✓ Target reaction successfully synthesized in 5.01s![0m
      Evaluating reaction mnc_252 (252/500)...
[Problem → Reactions] Found 621 reactions, 250 molecules.
      [32m✓ All goal molecules found.[0m
      [32m✓ All goal reactions found.[0m
        [32m✓ Target reaction successfully synthesized in 1.03s![0m
      Evaluating reaction mnc_253 (253/500)...
[Problem → Reactions] Found 206 reactions, 250 molecules.
      [32m✓ All goal molecules found.[0m
      [32m✓ All goal reactions found.[0m
        [32m✓ Target reaction successfully synthesized in 1.06s![0m
      Evaluating reaction mnc_254 (254/500)...
[Problem → Reactions] Found 320 reactions, 250 molecules.
      [32m✓ All goal molecules found.[0m
      [32m✓ All goal reactions found.[0m
        [32m✓ Target reaction successfully synthesized in 0.49s![0m
      Evaluating reaction mnc_255 (255/500)...
[Problem → Reactions] Found 326 reactions, 250 molecules.
      [32m✓ All goal molecules found.[0m
      [32m✓ All goal reactions found.[0m
        [32m✓ Target reaction successfully synthesized in 0.52s![0m
      Evaluating reaction mnc_256 (256/500)...
[Problem → Reactions] Found 203 reactions, 250 molecules.
      [32m✓ All goal molecules found.[0m
      [32m✓ All goal reactions found.[0m
        [32m✓ Target reaction successfully synthesized in 1.74s![0m
      Evaluating reaction mnc_257 (257/500)...
[Problem → Reactions] Found 207 reactions, 250 molecules.
      [32m✓ All goal molecules found.[0m
      [32m✓ All goal reactions found.[0m
        [32m✓ Target reaction successfully synthesized in 0.56s![0m
      Evaluating reaction mnc_258 (258/500)...
[Problem → Reactions] Found 203 reactions, 250 molecules.
      [32m✓ All goal molecules found.[0m
      [32m✓ All goal reactions found.[0m
        [32m✓ Target reaction successfully synthesized in 0.58s![0m
      Evaluating reaction mnc_259 (259/500)...
[Problem → Reactions] Found 149 reactions, 250 molecules.
      [32m✓ All goal molecules found.[0m
      [32m✓ All goal reactions found.[0m
        [32m✓ Target reaction successfully synthesized in 0.47s![0m
      Evaluating reaction mnc_260 (260/500)...
[Problem → Reactions] Found 981 reactions, 250 molecules.
      [32m✓ All goal molecules found.[0m
      [32m✓ All goal reactions found.[0m
        [32m✓ Target reaction successfully synthesized in 2.31s![0m
      Evaluating reaction mnc_261 (261/500)...
[Problem → Reactions] Found 206 reactions, 250 molecules.
      [32m✓ All goal molecules found.[0m
      [32m✓ All goal reactions found.[0m
        [32m✓ Target reaction successfully synthesized in 0.6s![0m
      Evaluating reaction mnc_262 (262/500)...
[Problem → Reactions] Found 377 reactions, 250 molecules.
      [32m✓ All goal molecules found.[0m
      [32m✓ All goal reactions found.[0m
        [32m✓ Target reaction successfully synthesized in 0.83s![0m
      Evaluating reaction mnc_263 (263/500)...
[Problem → Reactions] Found 269 reactions, 250 molecules.
      [32m✓ All goal molecules found.[0m
      [32m✓ All goal reactions found.[0m
        [32m✓ Target reaction successfully synthesized in 0.34s![0m
      Evaluating reaction mnc_264 (264/500)...
[Problem → Reactions] Found 206 reactions, 250 molecules.
      [32m✓ All goal molecules found.[0m
      [32m✓ All goal reactions found.[0m
        [32m✓ Target reaction successfully synthesized in 0.73s![0m
      Evaluating reaction mnc_265 (265/500)...
[Problem → Reactions] Found 339 reactions, 250 molecules.
      [32m✓ All goal molecules found.[0m
      [32m✓ All goal reactions found.[0m
        [32m✓ Target reaction successfully synthesized in 1.16s![0m
      Evaluating reaction mnc_266 (266/500)...
[Problem → Reactions] Found 206 reactions, 250 molecules.
      [32m✓ All goal molecules found.[0m
      [32m✓ All goal reactions found.[0m
        [32m✓ Target reaction successfully synthesized in 0.57s![0m
      Evaluating reaction mnc_267 (267/500)...
[Problem → Reactions] Found 3108 reactions, 250 molecules.
      [32m✓ All goal molecules found.[0m
      [32m✓ All goal reactions found.[0m
        [32m✓ Target reaction successfully synthesized in 7.84s![0m
      Evaluating reaction mnc_268 (268/500)...
[Problem → Reactions] Found 621 reactions, 250 molecules.
      [32m✓ All goal molecules found.[0m
      [32m✓ All goal reactions found.[0m
        [32m✓ Target reaction successfully synthesized in 0.89s![0m
      Evaluating reaction mnc_269 (269/500)...
[Problem → Reactions] Found 30000 reactions, 250 molecules.
      [32m✓ All goal molecules found.[0m
      [31m✗ Missing goal reactions.[0m
        [31m✗ Synthesis failed or timed out in 63.78s.[0m
      Evaluating reaction mnc_270 (270/500)...
[Problem → Reactions] Found 30000 reactions, 250 molecules.
      [32m✓ All goal molecules found.[0m
      [31m✗ Missing goal reactions.[0m
        [31m✗ Synthesis failed or timed out in 72.94s.[0m
      Evaluating reaction mnc_271 (271/500)...
[Problem → Reactions] Found 203 reactions, 250 molecules.
      [32m✓ All goal molecules found.[0m
      [32m✓ All goal reactions found.[0m
        [32m✓ Target reaction successfully synthesized in 0.57s![0m
      Evaluating reaction mnc_272 (272/500)...
[Problem → Reactions] Found 621 reactions, 250 molecules.
      [32m✓ All goal molecules found.[0m
      [32m✓ All goal reactions found.[0m
        [32m✓ Target reaction successfully synthesized in 0.99s![0m
      Evaluating reaction mnc_273 (273/500)...
[Problem → Reactions] Found 207 reactions, 250 molecules.
      [32m✓ All goal molecules found.[0m
      [32m✓ All goal reactions found.[0m
        [32m✓ Target reaction successfully synthesized in 0.57s![0m
      Evaluating reaction mnc_274 (274/500)...
[Problem → Reactions] Found 170 reactions, 250 molecules.
      [32m✓ All goal molecules found.[0m
      [32m✓ All goal reactions found.[0m
        [32m✓ Target reaction successfully synthesized in 0.57s![0m
      Evaluating reaction mnc_275 (275/500)...
[Problem → Reactions] Found 621 reactions, 250 molecules.
      [32m✓ All goal molecules found.[0m
      [32m✓ All goal reactions found.[0m
        [32m✓ Target reaction successfully synthesized in 0.97s![0m
      Evaluating reaction mnc_276 (276/500)...
[Problem → Reactions] Found 237 reactions, 250 molecules.
      [32m✓ All goal molecules found.[0m
      [32m✓ All goal reactions found.[0m
        [32m✓ Target reaction successfully synthesized in 1.34s![0m
      Evaluating reaction mnc_277 (277/500)...
[Problem → Reactions] Found 621 reactions, 250 molecules.
      [32m✓ All goal molecules found.[0m
      [32m✓ All goal reactions found.[0m
        [32m✓ Target reaction successfully synthesized in 1.0s![0m
      Evaluating reaction mnc_278 (278/500)...
[Problem → Reactions] Found 1235 reactions, 250 molecules.
      [32m✓ All goal molecules found.[0m
      [32m✓ All goal reactions found.[0m
        [32m✓ Target reaction successfully synthesized in 1.91s![0m
      Evaluating reaction mnc_279 (279/500)...
[Problem → Reactions] Found 149 reactions, 250 molecules.
      [32m✓ All goal molecules found.[0m
      [32m✓ All goal reactions found.[0m
        [32m✓ Target reaction successfully synthesized in 0.41s![0m
      Evaluating reaction mnc_280 (280/500)...
[Problem → Reactions] Found 621 reactions, 250 molecules.
      [32m✓ All goal molecules found.[0m
      [32m✓ All goal reactions found.[0m
        [32m✓ Target reaction successfully synthesized in 1.03s![0m
      Evaluating reaction mnc_281 (281/500)...
[Problem → Reactions] Found 209 reactions, 250 molecules.
      [32m✓ All goal molecules found.[0m
      [32m✓ All goal reactions found.[0m
        [32m✓ Target reaction successfully synthesized in 0.76s![0m
      Evaluating reaction mnc_282 (282/500)...
[Problem → Reactions] Found 377 reactions, 250 molecules.
      [32m✓ All goal molecules found.[0m
      [32m✓ All goal reactions found.[0m
        [32m✓ Target reaction successfully synthesized in 0.69s![0m
      Evaluating reaction mnc_283 (283/500)...
[Problem → Reactions] Found 608 reactions, 250 molecules.
      [32m✓ All goal molecules found.[0m
      [32m✓ All goal reactions found.[0m
        [32m✓ Target reaction successfully synthesized in 1.01s![0m
      Evaluating reaction mnc_284 (284/500)...
[Problem → Reactions] Found 621 reactions, 250 molecules.
      [32m✓ All goal molecules found.[0m
      [32m✓ All goal reactions found.[0m
        [32m✓ Target reaction successfully synthesized in 0.98s![0m
      Evaluating reaction mnc_285 (285/500)...
[Problem → Reactions] Found 939 reactions, 250 molecules.
      [32m✓ All goal molecules found.[0m
      [32m✓ All goal reactions found.[0m
        [32m✓ Target reaction successfully synthesized in 1.49s![0m
      Evaluating reaction mnc_286 (286/500)...
[Problem → Reactions] Found 1518 reactions, 250 molecules.
      [32m✓ All goal molecules found.[0m
      [32m✓ All goal reactions found.[0m
        [32m✓ Target reaction successfully synthesized in 6.67s![0m
      Evaluating reaction mnc_287 (287/500)...
[Problem → Reactions] Found 237 reactions, 250 molecules.
      [32m✓ All goal molecules found.[0m
      [32m✓ All goal reactions found.[0m
        [32m✓ Target reaction successfully synthesized in 1.26s![0m
      Evaluating reaction mnc_288 (288/500)...
[Problem → Reactions] Found 30000 reactions, 250 molecules.
      [32m✓ All goal molecules found.[0m
      [31m✗ Missing goal reactions.[0m
        [31m✗ Synthesis failed or timed out in 77.35s.[0m
      Evaluating reaction mnc_289 (289/500)...
[Problem → Reactions] Found 30000 reactions, 250 molecules.
      [32m✓ All goal molecules found.[0m
      [31m✗ Missing goal reactions.[0m
        [31m✗ Synthesis failed or timed out in 65.7s.[0m
      Evaluating reaction mnc_290 (290/500)...
[Problem → Reactions] Found 203 reactions, 250 molecules.
      [32m✓ All goal molecules found.[0m
      [32m✓ All goal reactions found.[0m
        [32m✓ Target reaction successfully synthesized in 0.58s![0m
      Evaluating reaction mnc_291 (291/500)...
[Problem → Reactions] Found 203 reactions, 250 molecules.
      [32m✓ All goal molecules found.[0m
      [32m✓ All goal reactions found.[0m
        [32m✓ Target reaction successfully synthesized in 0.67s![0m
      Evaluating reaction mnc_292 (292/500)...
        [31m✗ Skipped reaction synthesis (missing molecule synthesis subproblem failed).[0m
      Evaluating reaction mnc_293 (293/500)...
[Problem → Reactions] Found 573 reactions, 250 molecules.
      [32m✓ All goal molecules found.[0m
      [32m✓ All goal reactions found.[0m
        [32m✓ Target reaction successfully synthesized in 1.06s![0m
      Evaluating reaction mnc_294 (294/500)...
[Problem → Reactions] Found 1478 reactions, 250 molecules.
      [32m✓ All goal molecules found.[0m
      [32m✓ All goal reactions found.[0m
        [32m✓ Target reaction successfully synthesized in 5.87s![0m
      Evaluating reaction mnc_295 (295/500)...
[Problem → Reactions] Found 339 reactions, 250 molecules.
      [32m✓ All goal molecules found.[0m
      [32m✓ All goal reactions found.[0m
        [32m✓ Target reaction successfully synthesized in 2.53s![0m
      Evaluating reaction mnc_296 (296/500)...
[Problem → Reactions] Found 903 reactions, 250 molecules.
      [32m✓ All goal molecules found.[0m
      [32m✓ All goal reactions found.[0m
        [32m✓ Target reaction successfully synthesized in 2.42s![0m
      Evaluating reaction mnc_297 (297/500)...
[Problem → Reactions] Found 939 reactions, 250 molecules.
      [32m✓ All goal molecules found.[0m
      [32m✓ All goal reactions found.[0m
        [32m✓ Target reaction successfully synthesized in 1.71s![0m
      Evaluating reaction mnc_298 (298/500)...
[Problem → Reactions] Found 209 reactions, 250 molecules.
      [32m✓ All goal molecules found.[0m
      [32m✓ All goal reactions found.[0m
        [32m✓ Target reaction successfully synthesized in 0.38s![0m
      Evaluating reaction mnc_299 (299/500)...
[Problem → Reactions] Found 149 reactions, 250 molecules.
      [32m✓ All goal molecules found.[0m
      [32m✓ All goal reactions found.[0m
        [32m✓ Target reaction successfully synthesized in 0.41s![0m
      Evaluating reaction mnc_300 (300/500)...
[Problem → Reactions] Found 30000 reactions, 250 molecules.
      [32m✓ All goal molecules found.[0m
      [31m✗ Missing goal reactions.[0m
        [31m✗ Synthesis failed or timed out in 69.26s.[0m
      Evaluating reaction mnc_301 (301/500)...
[Problem → Reactions] Found 255 reactions, 250 molecules.
      [32m✓ All goal molecules found.[0m
      [32m✓ All goal reactions found.[0m
        [32m✓ Target reaction successfully synthesized in 0.46s![0m
      Evaluating reaction mnc_302 (302/500)...
[Problem → Reactions] Found 465 reactions, 250 molecules.
      [32m✓ All goal molecules found.[0m
      [32m✓ All goal reactions found.[0m
        [32m✓ Target reaction successfully synthesized in 1.34s![0m
      Evaluating reaction mnc_303 (303/500)...
[Problem → Reactions] Found 140 reactions, 250 molecules.
      [32m✓ All goal molecules found.[0m
      [32m✓ All goal reactions found.[0m
        [32m✓ Target reaction successfully synthesized in 0.53s![0m
      Evaluating reaction mnc_304 (304/500)...
[Problem → Reactions] Found 335 reactions, 250 molecules.
      [32m✓ All goal molecules found.[0m
      [32m✓ All goal reactions found.[0m
        [32m✓ Target reaction successfully synthesized in 0.36s![0m
      Evaluating reaction mnc_305 (305/500)...
[Problem → Reactions] Found 128 reactions, 250 molecules.
      [32m✓ All goal molecules found.[0m
      [32m✓ All goal reactions found.[0m
        [32m✓ Target reaction successfully synthesized in 0.49s![0m
      Evaluating reaction mnc_306 (306/500)...
[Problem → Reactions] Found 30000 reactions, 250 molecules.
      [32m✓ All goal molecules found.[0m
      [31m✗ Missing goal reactions.[0m
        [31m✗ Synthesis failed or timed out in 81.17s.[0m
      Evaluating reaction mnc_307 (307/500)...
[Problem → Reactions] Found 2880 reactions, 250 molecules.
      [32m✓ All goal molecules found.[0m
      [32m✓ All goal reactions found.[0m
        [32m✓ Target reaction successfully synthesized in 7.59s![0m
      Evaluating reaction mnc_308 (308/500)...
[Problem → Reactions] Found 621 reactions, 250 molecules.
      [32m✓ All goal molecules found.[0m
      [32m✓ All goal reactions found.[0m
        [32m✓ Target reaction successfully synthesized in 0.97s![0m
      Evaluating reaction mnc_309 (309/500)...
[Problem → Reactions] Found 203 reactions, 250 molecules.
      [32m✓ All goal molecules found.[0m
      [32m✓ All goal reactions found.[0m
        [32m✓ Target reaction successfully synthesized in 0.66s![0m
      Evaluating reaction mnc_310 (310/500)...
[Problem → Reactions] Found 206 reactions, 250 molecules.
      [32m✓ All goal molecules found.[0m
      [32m✓ All goal reactions found.[0m
        [32m✓ Target reaction successfully synthesized in 0.74s![0m
      Evaluating reaction mnc_311 (311/500)...
[Problem → Reactions] Found 129 reactions, 250 molecules.
      [32m✓ All goal molecules found.[0m
      [32m✓ All goal reactions found.[0m
        [32m✓ Target reaction successfully synthesized in 0.41s![0m
      Evaluating reaction mnc_312 (312/500)...
[Problem → Reactions] Found 1508 reactions, 250 molecules.
      [32m✓ All goal molecules found.[0m
      [32m✓ All goal reactions found.[0m
        [32m✓ Target reaction successfully synthesized in 6.47s![0m
      Evaluating reaction mnc_313 (313/500)...
[Problem → Reactions] Found 221 reactions, 250 molecules.
      [32m✓ All goal molecules found.[0m
      [32m✓ All goal reactions found.[0m
        [32m✓ Target reaction successfully synthesized in 0.76s![0m
      Evaluating reaction mnc_314 (314/500)...
[Problem → Reactions] Found 608 reactions, 250 molecules.
      [32m✓ All goal molecules found.[0m
      [32m✓ All goal reactions found.[0m
        [32m✓ Target reaction successfully synthesized in 1.08s![0m
      Evaluating reaction mnc_315 (315/500)...
[Problem → Reactions] Found 914 reactions, 250 molecules.
      [32m✓ All goal molecules found.[0m
      [32m✓ All goal reactions found.[0m
        [32m✓ Target reaction successfully synthesized in 2.68s![0m
      Evaluating reaction mnc_316 (316/500)...
[Problem → Reactions] Found 320 reactions, 250 molecules.
      [32m✓ All goal molecules found.[0m
      [32m✓ All goal reactions found.[0m
        [32m✓ Target reaction successfully synthesized in 0.75s![0m
      Evaluating reaction mnc_317 (317/500)...
[Problem → Reactions] Found 311 reactions, 250 molecules.
      [32m✓ All goal molecules found.[0m
      [32m✓ All goal reactions found.[0m
        [32m✓ Target reaction successfully synthesized in 0.57s![0m
      Evaluating reaction mnc_318 (318/500)...
        [31m✗ Skipped reaction synthesis (missing molecule synthesis subproblem failed).[0m
      Evaluating reaction mnc_319 (319/500)...
[Problem → Reactions] Found 939 reactions, 250 molecules.
      [32m✓ All goal molecules found.[0m
      [32m✓ All goal reactions found.[0m
        [32m✓ Target reaction successfully synthesized in 1.53s![0m
      Evaluating reaction mnc_320 (320/500)...
[Problem → Reactions] Found 203 reactions, 250 molecules.
      [32m✓ All goal molecules found.[0m
      [32m✓ All goal reactions found.[0m
        [32m✓ Target reaction successfully synthesized in 0.56s![0m
      Evaluating reaction mnc_321 (321/500)...
[Problem → Reactions] Found 939 reactions, 250 molecules.
      [32m✓ All goal molecules found.[0m
      [32m✓ All goal reactions found.[0m
        [32m✓ Target reaction successfully synthesized in 1.5s![0m
      Evaluating reaction mnc_322 (322/500)...
[Problem → Reactions] Found 1982 reactions, 250 molecules.
      [32m✓ All goal molecules found.[0m
      [32m✓ All goal reactions found.[0m
        [32m✓ Target reaction successfully synthesized in 1.66s![0m
      Evaluating reaction mnc_323 (323/500)...
[Problem → Reactions] Found 159 reactions, 250 molecules.
      [32m✓ All goal molecules found.[0m
      [32m✓ All goal reactions found.[0m
        [32m✓ Target reaction successfully synthesized in 0.47s![0m
      Evaluating reaction mnc_324 (324/500)...
[Problem → Reactions] Found 939 reactions, 250 molecules.
      [32m✓ All goal molecules found.[0m
      [32m✓ All goal reactions found.[0m
        [32m✓ Target reaction successfully synthesized in 1.44s![0m
      Evaluating reaction mnc_325 (325/500)...
[Problem → Reactions] Found 621 reactions, 250 molecules.
      [32m✓ All goal molecules found.[0m
      [32m✓ All goal reactions found.[0m
        [32m✓ Target reaction successfully synthesized in 1.02s![0m
      Evaluating reaction mnc_326 (326/500)...
[Problem → Reactions] Found 30000 reactions, 250 molecules.
      [32m✓ All goal molecules found.[0m
      [31m✗ Missing goal reactions.[0m
        [31m✗ Synthesis failed or timed out in 70.1s.[0m
      Evaluating reaction mnc_327 (327/500)...
[Problem → Reactions] Found 938 reactions, 250 molecules.
      [32m✓ All goal molecules found.[0m
      [32m✓ All goal reactions found.[0m
        [32m✓ Target reaction successfully synthesized in 1.42s![0m
      Evaluating reaction mnc_328 (328/500)...
[Problem → Reactions] Found 573 reactions, 250 molecules.
      [32m✓ All goal molecules found.[0m
      [32m✓ All goal reactions found.[0m
        [32m✓ Target reaction successfully synthesized in 1.06s![0m
      Evaluating reaction mnc_329 (329/500)...
[Problem → Reactions] Found 149 reactions, 250 molecules.
      [32m✓ All goal molecules found.[0m
      [32m✓ All goal reactions found.[0m
        [32m✓ Target reaction successfully synthesized in 0.41s![0m
      Evaluating reaction mnc_330 (330/500)...
[Problem → Reactions] Found 2178 reactions, 250 molecules.
      [32m✓ All goal molecules found.[0m
      [32m✓ All goal reactions found.[0m
        [32m✓ Target reaction successfully synthesized in 3.68s![0m
      Evaluating reaction mnc_331 (331/500)...
[Problem → Reactions] Found 621 reactions, 250 molecules.
      [32m✓ All goal molecules found.[0m
      [32m✓ All goal reactions found.[0m
        [32m✓ Target reaction successfully synthesized in 1.08s![0m
      Evaluating reaction mnc_332 (332/500)...
[Problem → Reactions] Found 621 reactions, 250 molecules.
      [32m✓ All goal molecules found.[0m
      [32m✓ All goal reactions found.[0m
        [32m✓ Target reaction successfully synthesized in 0.91s![0m
      Evaluating reaction mnc_333 (333/500)...
[Problem → Reactions] Found 981 reactions, 250 molecules.
      [32m✓ All goal molecules found.[0m
      [32m✓ All goal reactions found.[0m
        [32m✓ Target reaction successfully synthesized in 2.27s![0m
      Evaluating reaction mnc_334 (334/500)...
[Problem → Reactions] Found 135 reactions, 250 molecules.
      [32m✓ All goal molecules found.[0m
      [32m✓ All goal reactions found.[0m
        [32m✓ Target reaction successfully synthesized in 0.39s![0m
      Evaluating reaction mnc_335 (335/500)...
[Problem → Reactions] Found 335 reactions, 250 molecules.
      [32m✓ All goal molecules found.[0m
      [32m✓ All goal reactions found.[0m
        [32m✓ Target reaction successfully synthesized in 0.48s![0m
      Evaluating reaction mnc_336 (336/500)...
[Problem → Reactions] Found 320 reactions, 250 molecules.
      [32m✓ All goal molecules found.[0m
      [32m✓ All goal reactions found.[0m
        [32m✓ Target reaction successfully synthesized in 0.49s![0m
      Evaluating reaction mnc_337 (337/500)...
[Problem → Reactions] Found 135 reactions, 250 molecules.
      [32m✓ All goal molecules found.[0m
      [32m✓ All goal reactions found.[0m
        [32m✓ Target reaction successfully synthesized in 0.54s![0m
      Evaluating reaction mnc_338 (338/500)...
[Problem → Reactions] Found 935 reactions, 250 molecules.
      [32m✓ All goal molecules found.[0m
      [32m✓ All goal reactions found.[0m
        [32m✓ Target reaction successfully synthesized in 1.42s![0m
      Evaluating reaction mnc_339 (339/500)...
[Problem → Reactions] Found 884 reactions, 250 molecules.
      [32m✓ All goal molecules found.[0m
      [32m✓ All goal reactions found.[0m
        [32m✓ Target reaction successfully synthesized in 7.18s![0m
      Evaluating reaction mnc_340 (340/500)...
[Problem → Reactions] Found 1801 reactions, 250 molecules.
      [32m✓ All goal molecules found.[0m
      [32m✓ All goal reactions found.[0m
        [32m✓ Target reaction successfully synthesized in 7.12s![0m
      Evaluating reaction mnc_341 (341/500)...
[Problem → Reactions] Found 603 reactions, 250 molecules.
      [32m✓ All goal molecules found.[0m
      [32m✓ All goal reactions found.[0m
        [32m✓ Target reaction successfully synthesized in 0.81s![0m
      Evaluating reaction mnc_342 (342/500)...
        [31m✗ Skipped reaction synthesis (missing molecule synthesis subproblem failed).[0m
      Evaluating reaction mnc_343 (343/500)...
[Problem → Reactions] Found 939 reactions, 250 molecules.
      [32m✓ All goal molecules found.[0m
      [32m✓ All goal reactions found.[0m
        [32m✓ Target reaction successfully synthesized in 1.58s![0m
      Evaluating reaction mnc_344 (344/500)...
[Problem → Reactions] Found 203 reactions, 250 molecules.
      [32m✓ All goal molecules found.[0m
      [32m✓ All goal reactions found.[0m
        [32m✓ Target reaction successfully synthesized in 0.72s![0m
      Evaluating reaction mnc_345 (345/500)...
[Problem → Reactions] Found 939 reactions, 250 molecules.
      [32m✓ All goal molecules found.[0m
      [32m✓ All goal reactions found.[0m
        [32m✓ Target reaction successfully synthesized in 1.51s![0m
      Evaluating reaction mnc_346 (346/500)...
[Problem → Reactions] Found 431 reactions, 250 molecules.
      [32m✓ All goal molecules found.[0m
      [32m✓ All goal reactions found.[0m
        [32m✓ Target reaction successfully synthesized in 1.18s![0m
      Evaluating reaction mnc_347 (347/500)...
[Problem → Reactions] Found 149 reactions, 250 molecules.
      [32m✓ All goal molecules found.[0m
      [32m✓ All goal reactions found.[0m
        [32m✓ Target reaction successfully synthesized in 0.42s![0m
      Evaluating reaction mnc_348 (348/500)...
[Problem → Reactions] Found 593 reactions, 250 molecules.
      [32m✓ All goal molecules found.[0m
      [32m✓ All goal reactions found.[0m
        [32m✓ Target reaction successfully synthesized in 0.98s![0m
      Evaluating reaction mnc_349 (349/500)...
[Problem → Reactions] Found 623 reactions, 250 molecules.
      [32m✓ All goal molecules found.[0m
      [32m✓ All goal reactions found.[0m
        [32m✓ Target reaction successfully synthesized in 1.05s![0m
      Evaluating reaction mnc_350 (350/500)...
[Problem → Reactions] Found 237 reactions, 250 molecules.
      [32m✓ All goal molecules found.[0m
      [32m✓ All goal reactions found.[0m
        [32m✓ Target reaction successfully synthesized in 1.31s![0m
      Evaluating reaction mnc_351 (351/500)...
[Problem → Reactions] Found 465 reactions, 250 molecules.
      [32m✓ All goal molecules found.[0m
      [32m✓ All goal reactions found.[0m
        [32m✓ Target reaction successfully synthesized in 1.35s![0m
      Evaluating reaction mnc_352 (352/500)...
[Problem → Reactions] Found 30000 reactions, 250 molecules.
      [32m✓ All goal molecules found.[0m
      [31m✗ Missing goal reactions.[0m
        [31m✗ Synthesis failed or timed out in 67.82s.[0m
      Evaluating reaction mnc_353 (353/500)...
[Problem → Reactions] Found 30000 reactions, 250 molecules.
      [32m✓ All goal molecules found.[0m
      [31m✗ Missing goal reactions.[0m
        [31m✗ Synthesis failed or timed out in 71.33s.[0m
      Evaluating reaction mnc_354 (354/500)...
[Problem → Reactions] Found 203 reactions, 250 molecules.
      [32m✓ All goal molecules found.[0m
      [32m✓ All goal reactions found.[0m
        [32m✓ Target reaction successfully synthesized in 0.6s![0m
      Evaluating reaction mnc_355 (355/500)...
[Problem → Reactions] Found 209 reactions, 250 molecules.
      [32m✓ All goal molecules found.[0m
      [32m✓ All goal reactions found.[0m
        [32m✓ Target reaction successfully synthesized in 0.55s![0m
      Evaluating reaction mnc_356 (356/500)...
[Problem → Reactions] Found 612 reactions, 250 molecules.
      [32m✓ All goal molecules found.[0m
      [32m✓ All goal reactions found.[0m
        [32m✓ Target reaction successfully synthesized in 1.02s![0m
      Evaluating reaction mnc_357 (357/500)...
[Problem → Reactions] Found 621 reactions, 250 molecules.
      [32m✓ All goal molecules found.[0m
      [32m✓ All goal reactions found.[0m
        [32m✓ Target reaction successfully synthesized in 0.99s![0m
      Evaluating reaction mnc_358 (358/500)...
[Problem → Reactions] Found 95 reactions, 250 molecules.
      [32m✓ All goal molecules found.[0m
      [32m✓ All goal reactions found.[0m
        [32m✓ Target reaction successfully synthesized in 0.44s![0m
      Evaluating reaction mnc_359 (359/500)...
[Problem → Reactions] Found 621 reactions, 250 molecules.
      [32m✓ All goal molecules found.[0m
      [32m✓ All goal reactions found.[0m
        [32m✓ Target reaction successfully synthesized in 0.99s![0m
      Evaluating reaction mnc_360 (360/500)...
[Problem → Reactions] Found 243 reactions, 250 molecules.
      [32m✓ All goal molecules found.[0m
      [32m✓ All goal reactions found.[0m
        [32m✓ Target reaction successfully synthesized in 0.64s![0m
      Evaluating reaction mnc_361 (361/500)...
[Problem → Reactions] Found 1982 reactions, 250 molecules.
      [32m✓ All goal molecules found.[0m
      [32m✓ All goal reactions found.[0m
        [32m✓ Target reaction successfully synthesized in 1.64s![0m
      Evaluating reaction mnc_362 (362/500)...
[Problem → Reactions] Found 30000 reactions, 250 molecules.
      [32m✓ All goal molecules found.[0m
      [31m✗ Missing goal reactions.[0m
        [31m✗ Synthesis failed or timed out in 68.68s.[0m
      Evaluating reaction mnc_363 (363/500)...
[Problem → Reactions] Found 335 reactions, 250 molecules.
      [32m✓ All goal molecules found.[0m
      [32m✓ All goal reactions found.[0m
        [32m✓ Target reaction successfully synthesized in 0.34s![0m
      Evaluating reaction mnc_364 (364/500)...
[Problem → Reactions] Found 237 reactions, 250 molecules.
      [32m✓ All goal molecules found.[0m
      [32m✓ All goal reactions found.[0m
        [32m✓ Target reaction successfully synthesized in 1.3s![0m
      Evaluating reaction mnc_365 (365/500)...
[Problem → Reactions] Found 621 reactions, 250 molecules.
      [32m✓ All goal molecules found.[0m
      [32m✓ All goal reactions found.[0m
        [32m✓ Target reaction successfully synthesized in 1.02s![0m
      Evaluating reaction mnc_366 (366/500)...
[Problem → Reactions] Found 621 reactions, 250 molecules.
      [32m✓ All goal molecules found.[0m
      [32m✓ All goal reactions found.[0m
        [32m✓ Target reaction successfully synthesized in 1.0s![0m
      Evaluating reaction mnc_367 (367/500)...
[Problem → Reactions] Found 135 reactions, 250 molecules.
      [32m✓ All goal molecules found.[0m
      [32m✓ All goal reactions found.[0m
        [32m✓ Target reaction successfully synthesized in 0.39s![0m
      Evaluating reaction mnc_368 (368/500)...
[Problem → Reactions] Found 573 reactions, 250 molecules.
      [32m✓ All goal molecules found.[0m
      [32m✓ All goal reactions found.[0m
        [32m✓ Target reaction successfully synthesized in 0.97s![0m
      Evaluating reaction mnc_369 (369/500)...
[Problem → Reactions] Found 30000 reactions, 250 molecules.
      [32m✓ All goal molecules found.[0m
      [31m✗ Missing goal reactions.[0m
        [31m✗ Synthesis failed or timed out in 63.66s.[0m
      Evaluating reaction mnc_370 (370/500)...
[Problem → Reactions] Found 140 reactions, 250 molecules.
      [32m✓ All goal molecules found.[0m
      [32m✓ All goal reactions found.[0m
        [32m✓ Target reaction successfully synthesized in 0.46s![0m
      Evaluating reaction mnc_371 (371/500)...
[Problem → Reactions] Found 621 reactions, 250 molecules.
      [32m✓ All goal molecules found.[0m
      [32m✓ All goal reactions found.[0m
        [32m✓ Target reaction successfully synthesized in 0.92s![0m
      Evaluating reaction mnc_372 (372/500)...
[Problem → Reactions] Found 30000 reactions, 250 molecules.
      [32m✓ All goal molecules found.[0m
      [31m✗ Missing goal reactions.[0m
        [31m✗ Synthesis failed or timed out in 70.55s.[0m
      Evaluating reaction mnc_373 (373/500)...
[Problem → Reactions] Found 320 reactions, 250 molecules.
      [32m✓ All goal molecules found.[0m
      [32m✓ All goal reactions found.[0m
        [32m✓ Target reaction successfully synthesized in 0.54s![0m
      Evaluating reaction mnc_374 (374/500)...
[Problem → Reactions] Found 621 reactions, 250 molecules.
      [32m✓ All goal molecules found.[0m
      [32m✓ All goal reactions found.[0m
        [32m✓ Target reaction successfully synthesized in 1.01s![0m
      Evaluating reaction mnc_375 (375/500)...
[Problem → Reactions] Found 950 reactions, 250 molecules.
      [32m✓ All goal molecules found.[0m
      [32m✓ All goal reactions found.[0m
        [32m✓ Target reaction successfully synthesized in 1.46s![0m
      Evaluating reaction mnc_376 (376/500)...
[Problem → Reactions] Found 203 reactions, 250 molecules.
      [32m✓ All goal molecules found.[0m
      [32m✓ All goal reactions found.[0m
        [32m✓ Target reaction successfully synthesized in 0.56s![0m
      Evaluating reaction mnc_377 (377/500)...
[Problem → Reactions] Found 981 reactions, 250 molecules.
      [32m✓ All goal molecules found.[0m
      [32m✓ All goal reactions found.[0m
        [32m✓ Target reaction successfully synthesized in 2.27s![0m
      Evaluating reaction mnc_378 (378/500)...
[Problem → Reactions] Found 1295 reactions, 250 molecules.
      [32m✓ All goal molecules found.[0m
      [32m✓ All goal reactions found.[0m
        [32m✓ Target reaction successfully synthesized in 1.83s![0m
      Evaluating reaction mnc_379 (379/500)...
[Problem → Reactions] Found 579 reactions, 250 molecules.
      [32m✓ All goal molecules found.[0m
      [32m✓ All goal reactions found.[0m
        [32m✓ Target reaction successfully synthesized in 1.01s![0m
      Evaluating reaction mnc_380 (380/500)...
[Problem → Reactions] Found 320 reactions, 250 molecules.
      [32m✓ All goal molecules found.[0m
      [32m✓ All goal reactions found.[0m
        [32m✓ Target reaction successfully synthesized in 0.58s![0m
      Evaluating reaction mnc_381 (381/500)...
[Problem → Reactions] Found 431 reactions, 250 molecules.
      [32m✓ All goal molecules found.[0m
      [32m✓ All goal reactions found.[0m
        [32m✓ Target reaction successfully synthesized in 1.13s![0m
      Evaluating reaction mnc_382 (382/500)...
        [31m✗ Skipped reaction synthesis (missing molecule synthesis subproblem failed).[0m
      Evaluating reaction mnc_383 (383/500)...
[Problem → Reactions] Found 927 reactions, 250 molecules.
      [32m✓ All goal molecules found.[0m
      [32m✓ All goal reactions found.[0m
        [32m✓ Target reaction successfully synthesized in 1.45s![0m
      Evaluating reaction mnc_384 (384/500)...
[Problem → Reactions] Found 621 reactions, 250 molecules.
      [32m✓ All goal molecules found.[0m
      [32m✓ All goal reactions found.[0m
        [32m✓ Target reaction successfully synthesized in 0.91s![0m
      Evaluating reaction mnc_385 (385/500)...
        [31m✗ Skipped reaction synthesis (missing molecule synthesis subproblem failed).[0m
      Evaluating reaction mnc_386 (386/500)...
[Problem → Reactions] Found 549 reactions, 250 molecules.
      [32m✓ All goal molecules found.[0m
      [32m✓ All goal reactions found.[0m
        [32m✓ Target reaction successfully synthesized in 0.56s![0m
      Evaluating reaction mnc_387 (387/500)...
[Problem → Reactions] Found 1470 reactions, 250 molecules.
      [32m✓ All goal molecules found.[0m
      [32m✓ All goal reactions found.[0m
        [32m✓ Target reaction successfully synthesized in 6.67s![0m
      Evaluating reaction mnc_388 (388/500)...
[Problem → Reactions] Found 939 reactions, 250 molecules.
      [32m✓ All goal molecules found.[0m
      [32m✓ All goal reactions found.[0m
        [32m✓ Target reaction successfully synthesized in 1.49s![0m
      Evaluating reaction mnc_389 (389/500)...
[Problem → Reactions] Found 335 reactions, 250 molecules.
      [32m✓ All goal molecules found.[0m
      [32m✓ All goal reactions found.[0m
        [32m✓ Target reaction successfully synthesized in 0.34s![0m
      Evaluating reaction mnc_390 (390/500)...
[Problem → Reactions] Found 30000 reactions, 250 molecules.
      [32m✓ All goal molecules found.[0m
      [31m✗ Missing goal reactions.[0m
        [31m✗ Synthesis failed or timed out in 63.9s.[0m
      Evaluating reaction mnc_391 (391/500)...
[Problem → Reactions] Found 227 reactions, 250 molecules.
      [32m✓ All goal molecules found.[0m
      [32m✓ All goal reactions found.[0m
        [32m✓ Target reaction successfully synthesized in 0.38s![0m
      Evaluating reaction mnc_392 (392/500)...
[Problem → Reactions] Found 621 reactions, 250 molecules.
      [32m✓ All goal molecules found.[0m
      [32m✓ All goal reactions found.[0m
        [32m✓ Target reaction successfully synthesized in 1.0s![0m
      Evaluating reaction mnc_393 (393/500)...
[Problem → Reactions] Found 1454 reactions, 250 molecules.
      [32m✓ All goal molecules found.[0m
      [32m✓ All goal reactions found.[0m
        [32m✓ Target reaction successfully synthesized in 5.43s![0m
      Evaluating reaction mnc_394 (394/500)...
[Problem → Reactions] Found 621 reactions, 250 molecules.
      [32m✓ All goal molecules found.[0m
      [32m✓ All goal reactions found.[0m
        [32m✓ Target reaction successfully synthesized in 2.04s![0m
      Evaluating reaction mnc_395 (395/500)...
[Problem → Reactions] Found 939 reactions, 250 molecules.
      [32m✓ All goal molecules found.[0m
      [32m✓ All goal reactions found.[0m
        [32m✓ Target reaction successfully synthesized in 1.38s![0m
      Evaluating reaction mnc_396 (396/500)...
[Problem → Reactions] Found 903 reactions, 250 molecules.
      [32m✓ All goal molecules found.[0m
      [32m✓ All goal reactions found.[0m
        [32m✓ Target reaction successfully synthesized in 2.35s![0m
      Evaluating reaction mnc_397 (397/500)...
[Problem → Reactions] Found 621 reactions, 250 molecules.
      [32m✓ All goal molecules found.[0m
      [32m✓ All goal reactions found.[0m
        [32m✓ Target reaction successfully synthesized in 0.92s![0m
      Evaluating reaction mnc_398 (398/500)...
[Problem → Reactions] Found 206 reactions, 250 molecules.
      [32m✓ All goal molecules found.[0m
      [32m✓ All goal reactions found.[0m
        [32m✓ Target reaction successfully synthesized in 0.74s![0m
      Evaluating reaction mnc_399 (399/500)...
[Problem → Reactions] Found 41 reactions, 250 molecules.
      [32m✓ All goal molecules found.[0m
      [32m✓ All goal reactions found.[0m
        [32m✓ Target reaction successfully synthesized in 0.37s![0m
      Evaluating reaction mnc_400 (400/500)...
[Problem → Reactions] Found 287 reactions, 250 molecules.
      [32m✓ All goal molecules found.[0m
      [32m✓ All goal reactions found.[0m
        [32m✓ Target reaction successfully synthesized in 0.42s![0m
      Evaluating reaction mnc_401 (401/500)...
[Problem → Reactions] Found 237 reactions, 250 molecules.
      [32m✓ All goal molecules found.[0m
      [32m✓ All goal reactions found.[0m
        [32m✓ Target reaction successfully synthesized in 1.36s![0m
      Evaluating reaction mnc_402 (402/500)...
[Problem → Reactions] Found 574 reactions, 250 molecules.
      [32m✓ All goal molecules found.[0m
      [32m✓ All goal reactions found.[0m
        [32m✓ Target reaction successfully synthesized in 0.64s![0m
      Evaluating reaction mnc_403 (403/500)...
[Problem → Reactions] Found 206 reactions, 250 molecules.
      [32m✓ All goal molecules found.[0m
      [32m✓ All goal reactions found.[0m
        [32m✓ Target reaction successfully synthesized in 0.67s![0m
      Evaluating reaction mnc_404 (404/500)...
[Problem → Reactions] Found 135 reactions, 250 molecules.
      [32m✓ All goal molecules found.[0m
      [32m✓ All goal reactions found.[0m
        [32m✓ Target reaction successfully synthesized in 0.4s![0m
      Evaluating reaction mnc_405 (405/500)...
[Problem → Reactions] Found 593 reactions, 250 molecules.
      [32m✓ All goal molecules found.[0m
      [32m✓ All goal reactions found.[0m
        [32m✓ Target reaction successfully synthesized in 0.89s![0m
      Evaluating reaction mnc_406 (406/500)...
[Problem → Reactions] Found 3034 reactions, 250 molecules.
      [32m✓ All goal molecules found.[0m
      [32m✓ All goal reactions found.[0m
        [32m✓ Target reaction successfully synthesized in 7.7s![0m
      Evaluating reaction mnc_407 (407/500)...
[Problem → Reactions] Found 597 reactions, 250 molecules.
      [32m✓ All goal molecules found.[0m
      [32m✓ All goal reactions found.[0m
        [32m✓ Target reaction successfully synthesized in 0.89s![0m
      Evaluating reaction mnc_408 (408/500)...
[Problem → Reactions] Found 335 reactions, 250 molecules.
      [32m✓ All goal molecules found.[0m
      [32m✓ All goal reactions found.[0m
        [32m✓ Target reaction successfully synthesized in 0.45s![0m
      Evaluating reaction mnc_409 (409/500)...
[Problem → Reactions] Found 227 reactions, 250 molecules.
      [32m✓ All goal molecules found.[0m
      [32m✓ All goal reactions found.[0m
        [32m✓ Target reaction successfully synthesized in 0.37s![0m
      Evaluating reaction mnc_410 (410/500)...
[Problem → Reactions] Found 203 reactions, 250 molecules.
      [32m✓ All goal molecules found.[0m
      [32m✓ All goal reactions found.[0m
        [32m✓ Target reaction successfully synthesized in 0.57s![0m
      Evaluating reaction mnc_411 (411/500)...
[Problem → Reactions] Found 30000 reactions, 250 molecules.
      [32m✓ All goal molecules found.[0m
      [31m✗ Missing goal reactions.[0m
        [31m✗ Synthesis failed or timed out in 69.9s.[0m
      Evaluating reaction mnc_412 (412/500)...
[Problem → Reactions] Found 3002 reactions, 250 molecules.
      [32m✓ All goal molecules found.[0m
      [32m✓ All goal reactions found.[0m
        [32m✓ Target reaction successfully synthesized in 7.01s![0m
      Evaluating reaction mnc_413 (413/500)...
[Problem → Reactions] Found 431 reactions, 250 molecules.
      [32m✓ All goal molecules found.[0m
      [32m✓ All goal reactions found.[0m
        [32m✓ Target reaction successfully synthesized in 2.22s![0m
      Evaluating reaction mnc_414 (414/500)...
[Problem → Reactions] Found 210 reactions, 250 molecules.
      [32m✓ All goal molecules found.[0m
      [32m✓ All goal reactions found.[0m
        [32m✓ Target reaction successfully synthesized in 0.58s![0m
      Evaluating reaction mnc_415 (415/500)...
[Problem → Reactions] Found 981 reactions, 250 molecules.
      [32m✓ All goal molecules found.[0m
      [32m✓ All goal reactions found.[0m
        [32m✓ Target reaction successfully synthesized in 2.26s![0m
      Evaluating reaction mnc_416 (416/500)...
[Problem → Reactions] Found 621 reactions, 250 molecules.
      [32m✓ All goal molecules found.[0m
      [32m✓ All goal reactions found.[0m
        [32m✓ Target reaction successfully synthesized in 1.09s![0m
      Evaluating reaction mnc_417 (417/500)...
[Problem → Reactions] Found 914 reactions, 250 molecules.
      [32m✓ All goal molecules found.[0m
      [32m✓ All goal reactions found.[0m
        [32m✓ Target reaction successfully synthesized in 1.47s![0m
      Evaluating reaction mnc_418 (418/500)...
        [31m✗ Skipped reaction synthesis (missing molecule synthesis subproblem failed).[0m
      Evaluating reaction mnc_419 (419/500)...
[Problem → Reactions] Found 377 reactions, 250 molecules.
      [32m✓ All goal molecules found.[0m
      [32m✓ All goal reactions found.[0m
        [32m✓ Target reaction successfully synthesized in 0.84s![0m
      Evaluating reaction mnc_420 (420/500)...
[Problem → Reactions] Found 30000 reactions, 250 molecules.
      [32m✓ All goal molecules found.[0m
      [31m✗ Missing goal reactions.[0m
        [31m✗ Synthesis failed or timed out in 82.32s.[0m
      Evaluating reaction mnc_421 (421/500)...
[Problem → Reactions] Found 30000 reactions, 250 molecules.
      [32m✓ All goal molecules found.[0m
      [31m✗ Missing goal reactions.[0m
        [31m✗ Synthesis failed or timed out in 81.99s.[0m
      Evaluating reaction mnc_422 (422/500)...
[Problem → Reactions] Found 728 reactions, 250 molecules.
      [32m✓ All goal molecules found.[0m
      [32m✓ All goal reactions found.[0m
        [32m✓ Target reaction successfully synthesized in 0.59s![0m
      Evaluating reaction mnc_423 (423/500)...
[Problem → Reactions] Found 621 reactions, 250 molecules.
      [32m✓ All goal molecules found.[0m
      [32m✓ All goal reactions found.[0m
        [32m✓ Target reaction successfully synthesized in 1.02s![0m
      Evaluating reaction mnc_424 (424/500)...
        [31m✗ Skipped reaction synthesis (missing molecule synthesis subproblem failed).[0m
      Evaluating reaction mnc_425 (425/500)...
[Problem → Reactions] Found 206 reactions, 250 molecules.
      [32m✓ All goal molecules found.[0m
      [32m✓ All goal reactions found.[0m
        [32m✓ Target reaction successfully synthesized in 0.57s![0m
      Evaluating reaction mnc_426 (426/500)...
[Problem → Reactions] Found 621 reactions, 250 molecules.
      [32m✓ All goal molecules found.[0m
      [32m✓ All goal reactions found.[0m
        [32m✓ Target reaction successfully synthesized in 1.03s![0m
      Evaluating reaction mnc_427 (427/500)...
[Problem → Reactions] Found 269 reactions, 250 molecules.
      [32m✓ All goal molecules found.[0m
      [32m✓ All goal reactions found.[0m
        [32m✓ Target reaction successfully synthesized in 1.36s![0m
      Evaluating reaction mnc_428 (428/500)...
[Problem → Reactions] Found 203 reactions, 250 molecules.
      [32m✓ All goal molecules found.[0m
      [32m✓ All goal reactions found.[0m
        [32m✓ Target reaction successfully synthesized in 0.63s![0m
      Evaluating reaction mnc_429 (429/500)...
[Problem → Reactions] Found 525 reactions, 250 molecules.
      [32m✓ All goal molecules found.[0m
      [32m✓ All goal reactions found.[0m
        [32m✓ Target reaction successfully synthesized in 1.09s![0m
      Evaluating reaction mnc_430 (430/500)...
        [31m✗ Skipped reaction synthesis (missing molecule synthesis subproblem failed).[0m
      Evaluating reaction mnc_431 (431/500)...
[Problem → Reactions] Found 981 reactions, 250 molecules.
      [32m✓ All goal molecules found.[0m
      [32m✓ All goal reactions found.[0m
        [32m✓ Target reaction successfully synthesized in 2.78s![0m
      Evaluating reaction mnc_432 (432/500)...
[Problem → Reactions] Found 573 reactions, 250 molecules.
      [32m✓ All goal molecules found.[0m
      [32m✓ All goal reactions found.[0m
        [32m✓ Target reaction successfully synthesized in 1.25s![0m
      Evaluating reaction mnc_433 (433/500)...
[Problem → Reactions] Found 621 reactions, 250 molecules.
      [32m✓ All goal molecules found.[0m
      [32m✓ All goal reactions found.[0m
        [32m✓ Target reaction successfully synthesized in 0.92s![0m
      Evaluating reaction mnc_434 (434/500)...
[Problem → Reactions] Found 621 reactions, 250 molecules.
      [32m✓ All goal molecules found.[0m
      [32m✓ All goal reactions found.[0m
        [32m✓ Target reaction successfully synthesized in 1.27s![0m
      Evaluating reaction mnc_435 (435/500)...
[Problem → Reactions] Found 903 reactions, 250 molecules.
      [32m✓ All goal molecules found.[0m
      [32m✓ All goal reactions found.[0m
        [32m✓ Target reaction successfully synthesized in 2.58s![0m
      Evaluating reaction mnc_436 (436/500)...
        [31m✗ Skipped reaction synthesis (missing molecule synthesis subproblem failed).[0m
      Evaluating reaction mnc_437 (437/500)...
[Problem → Reactions] Found 981 reactions, 250 molecules.
      [32m✓ All goal molecules found.[0m
      [32m✓ All goal reactions found.[0m
        [32m✓ Target reaction successfully synthesized in 2.88s![0m
      Evaluating reaction mnc_438 (438/500)...
[Problem → Reactions] Found 237 reactions, 250 molecules.
      [32m✓ All goal molecules found.[0m
      [32m✓ All goal reactions found.[0m
        [32m✓ Target reaction successfully synthesized in 1.76s![0m
      Evaluating reaction mnc_439 (439/500)...
[Problem → Reactions] Found 203 reactions, 250 molecules.
      [32m✓ All goal molecules found.[0m
      [32m✓ All goal reactions found.[0m
        [32m✓ Target reaction successfully synthesized in 1.84s![0m
      Evaluating reaction mnc_440 (440/500)...
[Problem → Reactions] Found 2070 reactions, 250 molecules.
      [32m✓ All goal molecules found.[0m
      [32m✓ All goal reactions found.[0m
        [32m✓ Target reaction successfully synthesized in 7.07s![0m
      Evaluating reaction mnc_441 (441/500)...
        [31m✗ Skipped reaction synthesis (missing molecule synthesis subproblem failed).[0m
      Evaluating reaction mnc_442 (442/500)...
[Problem → Reactions] Found 609 reactions, 250 molecules.
      [32m✓ All goal molecules found.[0m
      [32m✓ All goal reactions found.[0m
        [32m✓ Target reaction successfully synthesized in 1.29s![0m
      Evaluating reaction mnc_443 (443/500)...
[Problem → Reactions] Found 206 reactions, 250 molecules.
      [32m✓ All goal molecules found.[0m
      [32m✓ All goal reactions found.[0m
        [32m✓ Target reaction successfully synthesized in 0.84s![0m
      Evaluating reaction mnc_444 (444/500)...
[Problem → Reactions] Found 623 reactions, 250 molecules.
      [32m✓ All goal molecules found.[0m
      [32m✓ All goal reactions found.[0m
        [32m✓ Target reaction successfully synthesized in 2.99s![0m
      Evaluating reaction mnc_445 (445/500)...
[Problem → Reactions] Found 2145 reactions, 250 molecules.
      [32m✓ All goal molecules found.[0m
      [32m✓ All goal reactions found.[0m
        [32m✓ Target reaction successfully synthesized in 3.79s![0m
      Evaluating reaction mnc_446 (446/500)...
[Problem → Reactions] Found 269 reactions, 250 molecules.
      [32m✓ All goal molecules found.[0m
      [32m✓ All goal reactions found.[0m
        [32m✓ Target reaction successfully synthesized in 0.79s![0m
      Evaluating reaction mnc_447 (447/500)...
        [31m✗ Skipped reaction synthesis (missing molecule synthesis subproblem failed).[0m
      Evaluating reaction mnc_448 (448/500)...
[Problem → Reactions] Found 621 reactions, 250 molecules.
      [32m✓ All goal molecules found.[0m
      [32m✓ All goal reactions found.[0m
        [32m✓ Target reaction successfully synthesized in 1.1s![0m
      Evaluating reaction mnc_449 (449/500)...
[Problem → Reactions] Found 939 reactions, 250 molecules.
      [32m✓ All goal molecules found.[0m
      [32m✓ All goal reactions found.[0m
        [32m✓ Target reaction successfully synthesized in 2.04s![0m
      Evaluating reaction mnc_450 (450/500)...
[Problem → Reactions] Found 149 reactions, 250 molecules.
      [32m✓ All goal molecules found.[0m
      [32m✓ All goal reactions found.[0m
        [32m✓ Target reaction successfully synthesized in 0.45s![0m
      Evaluating reaction mnc_451 (451/500)...
        [31m✗ Skipped reaction synthesis (missing molecule synthesis subproblem failed).[0m
      Evaluating reaction mnc_452 (452/500)...
[Problem → Reactions] Found 321 reactions, 250 molecules.
      [32m✓ All goal molecules found.[0m
      [32m✓ All goal reactions found.[0m
        [32m✓ Target reaction successfully synthesized in 0.62s![0m
      Evaluating reaction mnc_453 (453/500)...
[Problem → Reactions] Found 621 reactions, 250 molecules.
      [32m✓ All goal molecules found.[0m
      [32m✓ All goal reactions found.[0m
        [32m✓ Target reaction successfully synthesized in 1.27s![0m
      Evaluating reaction mnc_454 (454/500)...
[Problem → Reactions] Found 1058 reactions, 250 molecules.
      [32m✓ All goal molecules found.[0m
      [32m✓ All goal reactions found.[0m
        [32m✓ Target reaction successfully synthesized in 10.2s![0m
      Evaluating reaction mnc_455 (455/500)...
[Problem → Reactions] Found 3078 reactions, 250 molecules.
      [32m✓ All goal molecules found.[0m
      [32m✓ All goal reactions found.[0m
        [32m✓ Target reaction successfully synthesized in 10.8s![0m
      Evaluating reaction mnc_456 (456/500)...
[Problem → Reactions] Found 203 reactions, 250 molecules.
      [32m✓ All goal molecules found.[0m
      [32m✓ All goal reactions found.[0m
        [32m✓ Target reaction successfully synthesized in 0.57s![0m
      Evaluating reaction mnc_457 (457/500)...
[Problem → Reactions] Found 333 reactions, 250 molecules.
      [32m✓ All goal molecules found.[0m
      [32m✓ All goal reactions found.[0m
        [32m✓ Target reaction successfully synthesized in 0.61s![0m
      Evaluating reaction mnc_458 (458/500)...
[Problem → Reactions] Found 203 reactions, 250 molecules.
      [32m✓ All goal molecules found.[0m
      [32m✓ All goal reactions found.[0m
        [32m✓ Target reaction successfully synthesized in 0.71s![0m
      Evaluating reaction mnc_459 (459/500)...
        [31m✗ Skipped reaction synthesis (missing molecule synthesis subproblem failed).[0m
      Evaluating reaction mnc_460 (460/500)...
[Problem → Reactions] Found 573 reactions, 250 molecules.
      [32m✓ All goal molecules found.[0m
      [32m✓ All goal reactions found.[0m
        [32m✓ Target reaction successfully synthesized in 1.02s![0m
      Evaluating reaction mnc_461 (461/500)...
[Problem → Reactions] Found 149 reactions, 250 molecules.
      [32m✓ All goal molecules found.[0m
      [32m✓ All goal reactions found.[0m
        [32m✓ Target reaction successfully synthesized in 0.58s![0m
      Evaluating reaction mnc_462 (462/500)...
[Problem → Reactions] Found 206 reactions, 250 molecules.
      [32m✓ All goal molecules found.[0m
      [32m✓ All goal reactions found.[0m
        [32m✓ Target reaction successfully synthesized in 0.68s![0m
      Evaluating reaction mnc_463 (463/500)...
[Problem → Reactions] Found 377 reactions, 250 molecules.
      [32m✓ All goal molecules found.[0m
      [32m✓ All goal reactions found.[0m
        [32m✓ Target reaction successfully synthesized in 1.13s![0m
      Evaluating reaction mnc_464 (464/500)...
[Problem → Reactions] Found 952 reactions, 250 molecules.
      [32m✓ All goal molecules found.[0m
      [32m✓ All goal reactions found.[0m
        [32m✓ Target reaction successfully synthesized in 9.63s![0m
      Evaluating reaction mnc_465 (465/500)...
[Problem → Reactions] Found 129 reactions, 250 molecules.
      [32m✓ All goal molecules found.[0m
      [32m✓ All goal reactions found.[0m
        [32m✓ Target reaction successfully synthesized in 0.75s![0m
      Evaluating reaction mnc_466 (466/500)...
[Problem → Reactions] Found 329 reactions, 250 molecules.
      [32m✓ All goal molecules found.[0m
      [32m✓ All goal reactions found.[0m
        [32m✓ Target reaction successfully synthesized in 0.53s![0m
      Evaluating reaction mnc_467 (467/500)...
[Problem → Reactions] Found 203 reactions, 250 molecules.
      [32m✓ All goal molecules found.[0m
      [32m✓ All goal reactions found.[0m
        [32m✓ Target reaction successfully synthesized in 0.65s![0m
      Evaluating reaction mnc_468 (468/500)...
[Problem → Reactions] Found 30000 reactions, 250 molecules.
      [32m✓ All goal molecules found.[0m
      [31m✗ Missing goal reactions.[0m
        [31m✗ Synthesis failed or timed out in 69.89s.[0m
      Evaluating reaction mnc_469 (469/500)...
[Problem → Reactions] Found 30000 reactions, 250 molecules.
      [32m✓ All goal molecules found.[0m
      [31m✗ Missing goal reactions.[0m
        [31m✗ Synthesis failed or timed out in 79.79s.[0m
      Evaluating reaction mnc_470 (470/500)...
[Problem → Reactions] Found 1510 reactions, 250 molecules.
      [32m✓ All goal molecules found.[0m
      [32m✓ All goal reactions found.[0m
        [32m✓ Target reaction successfully synthesized in 5.43s![0m
      Evaluating reaction mnc_471 (471/500)...
[Problem → Reactions] Found 30000 reactions, 250 molecules.
      [32m✓ All goal molecules found.[0m
      [31m✗ Missing goal reactions.[0m
        [31m✗ Synthesis failed or timed out in 65.33s.[0m
      Evaluating reaction mnc_472 (472/500)...
[Problem → Reactions] Found 623 reactions, 250 molecules.
      [32m✓ All goal molecules found.[0m
      [32m✓ All goal reactions found.[0m
        [32m✓ Target reaction successfully synthesized in 1.02s![0m
      Evaluating reaction mnc_473 (473/500)...
[Problem → Reactions] Found 621 reactions, 250 molecules.
      [32m✓ All goal molecules found.[0m
      [32m✓ All goal reactions found.[0m
        [32m✓ Target reaction successfully synthesized in 1.08s![0m
      Evaluating reaction mnc_474 (474/500)...
[Problem → Reactions] Found 621 reactions, 250 molecules.
      [32m✓ All goal molecules found.[0m
      [32m✓ All goal reactions found.[0m
        [32m✓ Target reaction successfully synthesized in 1.0s![0m
      Evaluating reaction mnc_475 (475/500)...
[Problem → Reactions] Found 431 reactions, 250 molecules.
      [32m✓ All goal molecules found.[0m
      [32m✓ All goal reactions found.[0m
        [32m✓ Target reaction successfully synthesized in 1.34s![0m
      Evaluating reaction mnc_476 (476/500)...
[Problem → Reactions] Found 621 reactions, 250 molecules.
      [32m✓ All goal molecules found.[0m
      [32m✓ All goal reactions found.[0m
        [32m✓ Target reaction successfully synthesized in 1.08s![0m
      Evaluating reaction mnc_477 (477/500)...
[Problem → Reactions] Found 597 reactions, 250 molecules.
      [32m✓ All goal molecules found.[0m
      [32m✓ All goal reactions found.[0m
        [32m✓ Target reaction successfully synthesized in 1.04s![0m
      Evaluating reaction mnc_478 (478/500)...
[Problem → Reactions] Found 30000 reactions, 250 molecules.
      [32m✓ All goal molecules found.[0m
      [31m✗ Missing goal reactions.[0m
        [31m✗ Synthesis failed or timed out in 70.03s.[0m
      Evaluating reaction mnc_479 (479/500)...
[Problem → Reactions] Found 203 reactions, 250 molecules.
      [32m✓ All goal molecules found.[0m
      [32m✓ All goal reactions found.[0m
        [32m✓ Target reaction successfully synthesized in 0.57s![0m
      Evaluating reaction mnc_480 (480/500)...
[Problem → Reactions] Found 593 reactions, 250 molecules.
      [32m✓ All goal molecules found.[0m
      [32m✓ All goal reactions found.[0m
        [32m✓ Target reaction successfully synthesized in 0.89s![0m
      Evaluating reaction mnc_481 (481/500)...
[Problem → Reactions] Found 1226 reactions, 250 molecules.
      [32m✓ All goal molecules found.[0m
      [32m✓ All goal reactions found.[0m
        [32m✓ Target reaction successfully synthesized in 1.95s![0m
      Evaluating reaction mnc_482 (482/500)...
[Problem → Reactions] Found 349 reactions, 250 molecules.
      [32m✓ All goal molecules found.[0m
      [32m✓ All goal reactions found.[0m
        [32m✓ Target reaction successfully synthesized in 4.99s![0m
      Evaluating reaction mnc_483 (483/500)...
[Problem → Reactions] Found 30000 reactions, 250 molecules.
      [32m✓ All goal molecules found.[0m
      [31m✗ Missing goal reactions.[0m
        [31m✗ Synthesis failed or timed out in 72.34s.[0m
      Evaluating reaction mnc_484 (484/500)...
[Problem → Reactions] Found 621 reactions, 250 molecules.
      [32m✓ All goal molecules found.[0m
      [32m✓ All goal reactions found.[0m
        [32m✓ Target reaction successfully synthesized in 0.99s![0m
      Evaluating reaction mnc_485 (485/500)...
        [31m✗ Skipped reaction synthesis (missing molecule synthesis subproblem failed).[0m
      Evaluating reaction mnc_486 (486/500)...
[Problem → Reactions] Found 207 reactions, 250 molecules.
      [32m✓ All goal molecules found.[0m
      [32m✓ All goal reactions found.[0m
        [32m✓ Target reaction successfully synthesized in 0.55s![0m
      Evaluating reaction mnc_487 (487/500)...
[Problem → Reactions] Found 621 reactions, 250 molecules.
      [32m✓ All goal molecules found.[0m
      [32m✓ All goal reactions found.[0m
        [32m✓ Target reaction successfully synthesized in 1.06s![0m
      Evaluating reaction mnc_488 (488/500)...
[Problem → Reactions] Found 255 reactions, 250 molecules.
      [32m✓ All goal molecules found.[0m
      [32m✓ All goal reactions found.[0m
        [32m✓ Target reaction successfully synthesized in 0.43s![0m
      Evaluating reaction mnc_489 (489/500)...
[Problem → Reactions] Found 207 reactions, 250 molecules.
      [32m✓ All goal molecules found.[0m
      [32m✓ All goal reactions found.[0m
        [32m✓ Target reaction successfully synthesized in 0.68s![0m
      Evaluating reaction mnc_490 (490/500)...
[Problem → Reactions] Found 207 reactions, 250 molecules.
      [32m✓ All goal molecules found.[0m
      [32m✓ All goal reactions found.[0m
        [32m✓ Target reaction successfully synthesized in 0.56s![0m
      Evaluating reaction mnc_491 (491/500)...
[Problem → Reactions] Found 2997 reactions, 250 molecules.
      [32m✓ All goal molecules found.[0m
      [32m✓ All goal reactions found.[0m
        [32m✓ Target reaction successfully synthesized in 2.68s![0m
      Evaluating reaction mnc_492 (492/500)...
[Problem → Reactions] Found 209 reactions, 250 molecules.
      [32m✓ All goal molecules found.[0m
      [32m✓ All goal reactions found.[0m
        [32m✓ Target reaction successfully synthesized in 0.39s![0m
      Evaluating reaction mnc_493 (493/500)...
[Problem → Reactions] Found 597 reactions, 250 molecules.
      [32m✓ All goal molecules found.[0m
      [32m✓ All goal reactions found.[0m
        [32m✓ Target reaction successfully synthesized in 0.99s![0m
      Evaluating reaction mnc_494 (494/500)...
[Problem → Reactions] Found 320 reactions, 250 molecules.
      [32m✓ All goal molecules found.[0m
      [32m✓ All goal reactions found.[0m
        [32m✓ Target reaction successfully synthesized in 0.58s![0m
      Evaluating reaction mnc_495 (495/500)...
[Problem → Reactions] Found 939 reactions, 250 molecules.
      [32m✓ All goal molecules found.[0m
      [32m✓ All goal reactions found.[0m
        [32m✓ Target reaction successfully synthesized in 1.42s![0m
      Evaluating reaction mnc_496 (496/500)...
[Problem → Reactions] Found 2178 reactions, 250 molecules.
      [32m✓ All goal molecules found.[0m
      [32m✓ All goal reactions found.[0m
        [32m✓ Target reaction successfully synthesized in 3.56s![0m
      Evaluating reaction mnc_497 (497/500)...
[Problem → Reactions] Found 621 reactions, 250 molecules.
      [32m✓ All goal molecules found.[0m
      [32m✓ All goal reactions found.[0m
        [32m✓ Target reaction successfully synthesized in 1.12s![0m
      Evaluating reaction mnc_498 (498/500)...
[Problem → Reactions] Found 621 reactions, 250 molecules.
      [32m✓ All goal molecules found.[0m
      [32m✓ All goal reactions found.[0m
        [32m✓ Target reaction successfully synthesized in 1.97s![0m
      Evaluating reaction mnc_499 (499/500)...
[Problem → Reactions] Found 621 reactions, 250 molecules.
      [32m✓ All goal molecules found.[0m
      [32m✓ All goal reactions found.[0m
        [32m✓ Target reaction successfully synthesized in 0.95s![0m
      Evaluating reaction mnc_500 (500/500)...
[Problem → Reactions] Found 338 reactions, 250 molecules.
      [32m✓ All goal molecules found.[0m
      [32m✓ All goal reactions found.[0m
        [32m✓ Target reaction successfully synthesized in 1.1s![0m

      Synthesis Performance (Metric: tanimoto, Without fragments) on Tractable Subspace:
        - Evaluated runs: 500
        - Success rate:   86.8%
        - Average time:   1.58s

=======================================================
✓ Benchmark results successfully recorded!
  - Run Folder:  /home/puzzl3dtur7le/Workspace/CRNSynthesizer/benchmark/results/2026-06-08_10-39-33
=======================================================
=======================================================
