
=======================================================
Running Automated SynRXN rbl/mbs Tractability Benchmark
=======================================================
Successfully loaded SynRXN rbl/mbs dataset with 491 records.
Scanning the first 491 records for parsability...

Classification Summary (first 491 records):
  ✓ Parsed:   491
  ✗ Failed parsing: 0

Performing JIT warm-up on the first parsed problem...
[Atoms → Molecules] Found 119 molecules.
      [32m✓ All goal molecules found.[0m
[Problem → Reactions] Found 7662 reactions, 250 molecules.
      [32m✓ All goal molecules found.[0m
      [32m✓ All goal reactions found.[0m
Warm-up complete.


Evaluating synthesis (stages molecules -> reactions only) on the first 491 parsed problems...

    [1m[With fragments][0m
    Running missing molecule synthesis subproblem (Atoms → Molecules)...
      Filtering reaction mbs_1 (1/491)...
[Atoms → Molecules] Found 119 molecules.
      [32m✓ All goal molecules found.[0m
        [32m✓ Missing molecule synthesis subproblem passed in 0.35s[0m
      Filtering reaction mbs_2 (2/491)...
[Atoms → Molecules] Found 132 molecules.
      [32m✓ All goal molecules found.[0m
        [32m✓ Missing molecule synthesis subproblem passed in 0.56s[0m
      Filtering reaction mbs_3 (3/491)...
[Atoms → Molecules] Found 24 molecules.
      [32m✓ All goal molecules found.[0m
        [32m✓ Missing molecule synthesis subproblem passed in 0.06s[0m
      Filtering reaction mbs_4 (4/491)...
[Atoms → Molecules] Found 3 molecules.
      [32m✓ All goal molecules found.[0m
        [32m✓ Missing molecule synthesis subproblem passed in 0.01s[0m
      Filtering reaction mbs_5 (5/491)...
[Atoms → Molecules] Found 70 molecules.
      [32m✓ All goal molecules found.[0m
        [32m✓ Missing molecule synthesis subproblem passed in 0.2s[0m
      Filtering reaction mbs_6 (6/491)...
[Atoms → Molecules] Found 22 molecules.
      [32m✓ All goal molecules found.[0m
        [32m✓ Missing molecule synthesis subproblem passed in 0.04s[0m
      Filtering reaction mbs_7 (7/491)...
[Atoms → Molecules] Found 31 molecules.
      [32m✓ All goal molecules found.[0m
        [32m✓ Missing molecule synthesis subproblem passed in 0.1s[0m
      Filtering reaction mbs_8 (8/491)...
[Atoms → Molecules] Found 250 molecules.
      [31m✗ Missing goal molecules.[0m
        [31m✗ Missing molecule synthesis subproblem failed in 0.84s[0m
      Filtering reaction mbs_9 (9/491)...
[Atoms → Molecules] Found 61 molecules.
      [32m✓ All goal molecules found.[0m
        [32m✓ Missing molecule synthesis subproblem passed in 0.1s[0m
      Filtering reaction mbs_10 (10/491)...
[Atoms → Molecules] Found 3 molecules.
      [32m✓ All goal molecules found.[0m
        [32m✓ Missing molecule synthesis subproblem passed in 0.01s[0m
      Filtering reaction mbs_11 (11/491)...
[Atoms → Molecules] Found 194 molecules.
      [32m✓ All goal molecules found.[0m
        [32m✓ Missing molecule synthesis subproblem passed in 0.39s[0m
      Filtering reaction mbs_12 (12/491)...
[Atoms → Molecules] Found 42 molecules.
      [32m✓ All goal molecules found.[0m
        [32m✓ Missing molecule synthesis subproblem passed in 0.09s[0m
      Filtering reaction mbs_13 (13/491)...
[Atoms → Molecules] Found 21 molecules.
      [32m✓ All goal molecules found.[0m
        [32m✓ Missing molecule synthesis subproblem passed in 0.1s[0m
      Filtering reaction mbs_14 (14/491)...
[Atoms → Molecules] Found 97 molecules.
      [32m✓ All goal molecules found.[0m
        [32m✓ Missing molecule synthesis subproblem passed in 0.17s[0m
      Filtering reaction mbs_15 (15/491)...
[Atoms → Molecules] Found 26 molecules.
      [32m✓ All goal molecules found.[0m
        [32m✓ Missing molecule synthesis subproblem passed in 0.06s[0m
      Filtering reaction mbs_16 (16/491)...
[Atoms → Molecules] Found 19 molecules.
      [32m✓ All goal molecules found.[0m
        [32m✓ Missing molecule synthesis subproblem passed in 0.04s[0m
      Filtering reaction mbs_17 (17/491)...
[Atoms → Molecules] Found 15 molecules.
      [32m✓ All goal molecules found.[0m
        [32m✓ Missing molecule synthesis subproblem passed in 0.07s[0m
      Filtering reaction mbs_18 (18/491)...
[Atoms → Molecules] Found 18 molecules.
      [32m✓ All goal molecules found.[0m
        [32m✓ Missing molecule synthesis subproblem passed in 0.03s[0m
      Filtering reaction mbs_19 (19/491)...
[Atoms → Molecules] Found 23 molecules.
      [32m✓ All goal molecules found.[0m
        [32m✓ Missing molecule synthesis subproblem passed in 0.04s[0m
      Filtering reaction mbs_20 (20/491)...
[Atoms → Molecules] Found 41 molecules.
      [32m✓ All goal molecules found.[0m
        [32m✓ Missing molecule synthesis subproblem passed in 0.15s[0m
      Filtering reaction mbs_21 (21/491)...
[Atoms → Molecules] Found 250 molecules.
      [31m✗ Missing goal molecules.[0m
        [31m✗ Missing molecule synthesis subproblem failed in 0.66s[0m
      Filtering reaction mbs_22 (22/491)...
[Atoms → Molecules] Found 29 molecules.
      [32m✓ All goal molecules found.[0m
        [32m✓ Missing molecule synthesis subproblem passed in 0.07s[0m
      Filtering reaction mbs_23 (23/491)...
[Atoms → Molecules] Found 17 molecules.
      [32m✓ All goal molecules found.[0m
        [32m✓ Missing molecule synthesis subproblem passed in 0.02s[0m
      Filtering reaction mbs_24 (24/491)...
[Atoms → Molecules] Found 3 molecules.
      [32m✓ All goal molecules found.[0m
        [32m✓ Missing molecule synthesis subproblem passed in 0.01s[0m
      Filtering reaction mbs_25 (25/491)...
[Atoms → Molecules] Found 38 molecules.
      [32m✓ All goal molecules found.[0m
        [32m✓ Missing molecule synthesis subproblem passed in 0.07s[0m
      Filtering reaction mbs_26 (26/491)...
[Atoms → Molecules] Found 3 molecules.
      [32m✓ All goal molecules found.[0m
        [32m✓ Missing molecule synthesis subproblem passed in 0.01s[0m
      Filtering reaction mbs_27 (27/491)...
[Atoms → Molecules] Found 3 molecules.
      [32m✓ All goal molecules found.[0m
        [32m✓ Missing molecule synthesis subproblem passed in 0.01s[0m
      Filtering reaction mbs_28 (28/491)...
[Atoms → Molecules] Found 171 molecules.
      [32m✓ All goal molecules found.[0m
        [32m✓ Missing molecule synthesis subproblem passed in 0.38s[0m
      Filtering reaction mbs_29 (29/491)...
[Atoms → Molecules] Found 46 molecules.
      [32m✓ All goal molecules found.[0m
        [32m✓ Missing molecule synthesis subproblem passed in 0.11s[0m
      Filtering reaction mbs_30 (30/491)...
[Atoms → Molecules] Found 78 molecules.
      [32m✓ All goal molecules found.[0m
        [32m✓ Missing molecule synthesis subproblem passed in 0.11s[0m
      Filtering reaction mbs_31 (31/491)...
[Atoms → Molecules] Found 97 molecules.
      [32m✓ All goal molecules found.[0m
        [32m✓ Missing molecule synthesis subproblem passed in 0.26s[0m
      Filtering reaction mbs_32 (32/491)...
[Atoms → Molecules] Found 45 molecules.
      [32m✓ All goal molecules found.[0m
        [32m✓ Missing molecule synthesis subproblem passed in 0.11s[0m
      Filtering reaction mbs_33 (33/491)...
[Atoms → Molecules] Found 47 molecules.
      [32m✓ All goal molecules found.[0m
        [32m✓ Missing molecule synthesis subproblem passed in 0.11s[0m
      Filtering reaction mbs_34 (34/491)...
[Atoms → Molecules] Found 250 molecules.
      [31m✗ Missing goal molecules.[0m
        [31m✗ Missing molecule synthesis subproblem failed in 1.25s[0m
      Filtering reaction mbs_35 (35/491)...
[Atoms → Molecules] Found 51 molecules.
      [32m✓ All goal molecules found.[0m
        [32m✓ Missing molecule synthesis subproblem passed in 0.1s[0m
      Filtering reaction mbs_36 (36/491)...
[Atoms → Molecules] Found 9 molecules.
      [32m✓ All goal molecules found.[0m
        [32m✓ Missing molecule synthesis subproblem passed in 0.02s[0m
      Filtering reaction mbs_37 (37/491)...
[Atoms → Molecules] Found 23 molecules.
      [32m✓ All goal molecules found.[0m
        [32m✓ Missing molecule synthesis subproblem passed in 0.03s[0m
      Filtering reaction mbs_38 (38/491)...
[Atoms → Molecules] Found 67 molecules.
      [32m✓ All goal molecules found.[0m
        [32m✓ Missing molecule synthesis subproblem passed in 0.22s[0m
      Filtering reaction mbs_39 (39/491)...
[Atoms → Molecules] Found 3 molecules.
      [32m✓ All goal molecules found.[0m
        [32m✓ Missing molecule synthesis subproblem passed in 0.01s[0m
      Filtering reaction mbs_40 (40/491)...
[Atoms → Molecules] Found 17 molecules.
      [32m✓ All goal molecules found.[0m
        [32m✓ Missing molecule synthesis subproblem passed in 0.03s[0m
      Filtering reaction mbs_41 (41/491)...
[Atoms → Molecules] Found 45 molecules.
      [32m✓ All goal molecules found.[0m
        [32m✓ Missing molecule synthesis subproblem passed in 0.19s[0m
      Filtering reaction mbs_42 (42/491)...
[Atoms → Molecules] Found 74 molecules.
      [32m✓ All goal molecules found.[0m
        [32m✓ Missing molecule synthesis subproblem passed in 0.11s[0m
      Filtering reaction mbs_43 (43/491)...
[Atoms → Molecules] Found 22 molecules.
      [32m✓ All goal molecules found.[0m
        [32m✓ Missing molecule synthesis subproblem passed in 0.05s[0m
      Filtering reaction mbs_44 (44/491)...
[Atoms → Molecules] Found 17 molecules.
      [32m✓ All goal molecules found.[0m
        [32m✓ Missing molecule synthesis subproblem passed in 0.03s[0m
      Filtering reaction mbs_45 (45/491)...
[Atoms → Molecules] Found 46 molecules.
      [32m✓ All goal molecules found.[0m
        [32m✓ Missing molecule synthesis subproblem passed in 0.13s[0m
      Filtering reaction mbs_46 (46/491)...
[Atoms → Molecules] Found 20 molecules.
      [32m✓ All goal molecules found.[0m
        [32m✓ Missing molecule synthesis subproblem passed in 0.06s[0m
      Filtering reaction mbs_47 (47/491)...
[Atoms → Molecules] Found 250 molecules.
      [31m✗ Missing goal molecules.[0m
        [31m✗ Missing molecule synthesis subproblem failed in 1.07s[0m
      Filtering reaction mbs_48 (48/491)...
[Atoms → Molecules] Found 37 molecules.
      [32m✓ All goal molecules found.[0m
        [32m✓ Missing molecule synthesis subproblem passed in 0.11s[0m
      Filtering reaction mbs_49 (49/491)...
[Atoms → Molecules] Found 26 molecules.
      [32m✓ All goal molecules found.[0m
        [32m✓ Missing molecule synthesis subproblem passed in 0.06s[0m
      Filtering reaction mbs_50 (50/491)...
[Atoms → Molecules] Found 32 molecules.
      [32m✓ All goal molecules found.[0m
        [32m✓ Missing molecule synthesis subproblem passed in 0.07s[0m
      Filtering reaction mbs_51 (51/491)...
[Atoms → Molecules] Found 7 molecules.
      [32m✓ All goal molecules found.[0m
        [32m✓ Missing molecule synthesis subproblem passed in 0.01s[0m
      Filtering reaction mbs_52 (52/491)...
[Atoms → Molecules] Found 49 molecules.
      [32m✓ All goal molecules found.[0m
        [32m✓ Missing molecule synthesis subproblem passed in 0.44s[0m
      Filtering reaction mbs_53 (53/491)...
[Atoms → Molecules] Found 14 molecules.
      [32m✓ All goal molecules found.[0m
        [32m✓ Missing molecule synthesis subproblem passed in 0.04s[0m
      Filtering reaction mbs_54 (54/491)...
[Atoms → Molecules] Found 225 molecules.
      [32m✓ All goal molecules found.[0m
        [32m✓ Missing molecule synthesis subproblem passed in 0.51s[0m
      Filtering reaction mbs_55 (55/491)...
[Atoms → Molecules] Found 40 molecules.
      [32m✓ All goal molecules found.[0m
        [32m✓ Missing molecule synthesis subproblem passed in 0.13s[0m
      Filtering reaction mbs_56 (56/491)...
[Atoms → Molecules] Found 17 molecules.
      [32m✓ All goal molecules found.[0m
        [32m✓ Missing molecule synthesis subproblem passed in 0.04s[0m
      Filtering reaction mbs_57 (57/491)...
[Atoms → Molecules] Found 31 molecules.
      [32m✓ All goal molecules found.[0m
        [32m✓ Missing molecule synthesis subproblem passed in 0.08s[0m
      Filtering reaction mbs_58 (58/491)...
[Atoms → Molecules] Found 250 molecules.
      [31m✗ Missing goal molecules.[0m
        [31m✗ Missing molecule synthesis subproblem failed in 0.96s[0m
      Filtering reaction mbs_59 (59/491)...
[Atoms → Molecules] Found 52 molecules.
      [32m✓ All goal molecules found.[0m
        [32m✓ Missing molecule synthesis subproblem passed in 0.08s[0m
      Filtering reaction mbs_60 (60/491)...
[Atoms → Molecules] Found 213 molecules.
      [32m✓ All goal molecules found.[0m
        [32m✓ Missing molecule synthesis subproblem passed in 0.49s[0m
      Filtering reaction mbs_61 (61/491)...
[Atoms → Molecules] Found 41 molecules.
      [32m✓ All goal molecules found.[0m
        [32m✓ Missing molecule synthesis subproblem passed in 0.11s[0m
      Filtering reaction mbs_62 (62/491)...
[Atoms → Molecules] Found 183 molecules.
      [32m✓ All goal molecules found.[0m
        [32m✓ Missing molecule synthesis subproblem passed in 0.7s[0m
      Filtering reaction mbs_63 (63/491)...
[Atoms → Molecules] Found 250 molecules.
      [31m✗ Missing goal molecules.[0m
        [31m✗ Missing molecule synthesis subproblem failed in 0.71s[0m
      Filtering reaction mbs_64 (64/491)...
[Atoms → Molecules] Found 45 molecules.
      [32m✓ All goal molecules found.[0m
        [32m✓ Missing molecule synthesis subproblem passed in 0.19s[0m
      Filtering reaction mbs_65 (65/491)...
[Atoms → Molecules] Found 27 molecules.
      [32m✓ All goal molecules found.[0m
        [32m✓ Missing molecule synthesis subproblem passed in 2.92s[0m
      Filtering reaction mbs_66 (66/491)...
[Atoms → Molecules] Found 250 molecules.
      [31m✗ Missing goal molecules.[0m
        [31m✗ Missing molecule synthesis subproblem failed in 0.36s[0m
      Filtering reaction mbs_67 (67/491)...
[Atoms → Molecules] Found 72 molecules.
      [32m✓ All goal molecules found.[0m
        [32m✓ Missing molecule synthesis subproblem passed in 0.15s[0m
      Filtering reaction mbs_68 (68/491)...
[Atoms → Molecules] Found 37 molecules.
      [32m✓ All goal molecules found.[0m
        [32m✓ Missing molecule synthesis subproblem passed in 0.09s[0m
      Filtering reaction mbs_69 (69/491)...
[Atoms → Molecules] Found 20 molecules.
      [32m✓ All goal molecules found.[0m
        [32m✓ Missing molecule synthesis subproblem passed in 0.05s[0m
      Filtering reaction mbs_70 (70/491)...
[Atoms → Molecules] Found 27 molecules.
      [32m✓ All goal molecules found.[0m
        [32m✓ Missing molecule synthesis subproblem passed in 0.06s[0m
      Filtering reaction mbs_71 (71/491)...
[Atoms → Molecules] Found 250 molecules.
      [31m✗ Missing goal molecules.[0m
        [31m✗ Missing molecule synthesis subproblem failed in 1.32s[0m
      Filtering reaction mbs_72 (72/491)...
[Atoms → Molecules] Found 53 molecules.
      [32m✓ All goal molecules found.[0m
        [32m✓ Missing molecule synthesis subproblem passed in 0.09s[0m
      Filtering reaction mbs_73 (73/491)...
[Atoms → Molecules] Found 17 molecules.
      [32m✓ All goal molecules found.[0m
        [32m✓ Missing molecule synthesis subproblem passed in 0.02s[0m
      Filtering reaction mbs_74 (74/491)...
[Atoms → Molecules] Found 28 molecules.
      [32m✓ All goal molecules found.[0m
        [32m✓ Missing molecule synthesis subproblem passed in 0.08s[0m
      Filtering reaction mbs_75 (75/491)...
[Atoms → Molecules] Found 250 molecules.
      [31m✗ Missing goal molecules.[0m
        [31m✗ Missing molecule synthesis subproblem failed in 2.02s[0m
      Filtering reaction mbs_76 (76/491)...
[Atoms → Molecules] Found 39 molecules.
      [32m✓ All goal molecules found.[0m
        [32m✓ Missing molecule synthesis subproblem passed in 0.1s[0m
      Filtering reaction mbs_77 (77/491)...
[Atoms → Molecules] Found 61 molecules.
      [32m✓ All goal molecules found.[0m
        [32m✓ Missing molecule synthesis subproblem passed in 0.18s[0m
      Filtering reaction mbs_78 (78/491)...
[Atoms → Molecules] Found 3 molecules.
      [32m✓ All goal molecules found.[0m
        [32m✓ Missing molecule synthesis subproblem passed in 0.01s[0m
      Filtering reaction mbs_79 (79/491)...
[Atoms → Molecules] Found 17 molecules.
      [32m✓ All goal molecules found.[0m
        [32m✓ Missing molecule synthesis subproblem passed in 0.04s[0m
      Filtering reaction mbs_80 (80/491)...
[Atoms → Molecules] Found 162 molecules.
      [32m✓ All goal molecules found.[0m
        [32m✓ Missing molecule synthesis subproblem passed in 0.39s[0m
      Filtering reaction mbs_81 (81/491)...
[Atoms → Molecules] Found 22 molecules.
      [32m✓ All goal molecules found.[0m
        [32m✓ Missing molecule synthesis subproblem passed in 0.04s[0m
      Filtering reaction mbs_82 (82/491)...
[Atoms → Molecules] Found 44 molecules.
      [32m✓ All goal molecules found.[0m
        [32m✓ Missing molecule synthesis subproblem passed in 0.13s[0m
      Filtering reaction mbs_83 (83/491)...
[Atoms → Molecules] Found 51 molecules.
      [32m✓ All goal molecules found.[0m
        [32m✓ Missing molecule synthesis subproblem passed in 0.27s[0m
      Filtering reaction mbs_84 (84/491)...
[Atoms → Molecules] Found 51 molecules.
      [32m✓ All goal molecules found.[0m
        [32m✓ Missing molecule synthesis subproblem passed in 0.21s[0m
      Filtering reaction mbs_85 (85/491)...
[Atoms → Molecules] Found 3 molecules.
      [32m✓ All goal molecules found.[0m
        [32m✓ Missing molecule synthesis subproblem passed in 0.01s[0m
      Filtering reaction mbs_86 (86/491)...
[Atoms → Molecules] Found 19 molecules.
      [32m✓ All goal molecules found.[0m
        [32m✓ Missing molecule synthesis subproblem passed in 0.06s[0m
      Filtering reaction mbs_87 (87/491)...
[Atoms → Molecules] Found 170 molecules.
      [32m✓ All goal molecules found.[0m
        [32m✓ Missing molecule synthesis subproblem passed in 0.33s[0m
      Filtering reaction mbs_88 (88/491)...
[Atoms → Molecules] Found 250 molecules.
      [31m✗ Missing goal molecules.[0m
        [31m✗ Missing molecule synthesis subproblem failed in 1.67s[0m
      Filtering reaction mbs_89 (89/491)...
[Atoms → Molecules] Found 138 molecules.
      [32m✓ All goal molecules found.[0m
        [32m✓ Missing molecule synthesis subproblem passed in 0.34s[0m
      Filtering reaction mbs_90 (90/491)...
[Atoms → Molecules] Found 92 molecules.
      [32m✓ All goal molecules found.[0m
        [32m✓ Missing molecule synthesis subproblem passed in 0.21s[0m
      Filtering reaction mbs_91 (91/491)...
[Atoms → Molecules] Found 250 molecules.
      [31m✗ Missing goal molecules.[0m
        [31m✗ Missing molecule synthesis subproblem failed in 0.92s[0m
      Filtering reaction mbs_92 (92/491)...
[Atoms → Molecules] Found 3 molecules.
      [32m✓ All goal molecules found.[0m
        [32m✓ Missing molecule synthesis subproblem passed in 0.01s[0m
      Filtering reaction mbs_93 (93/491)...
[Atoms → Molecules] Found 60 molecules.
      [32m✓ All goal molecules found.[0m
        [32m✓ Missing molecule synthesis subproblem passed in 0.25s[0m
      Filtering reaction mbs_94 (94/491)...
[Atoms → Molecules] Found 75 molecules.
      [32m✓ All goal molecules found.[0m
        [32m✓ Missing molecule synthesis subproblem passed in 0.11s[0m
      Filtering reaction mbs_95 (95/491)...
[Atoms → Molecules] Found 93 molecules.
      [32m✓ All goal molecules found.[0m
        [32m✓ Missing molecule synthesis subproblem passed in 0.26s[0m
      Filtering reaction mbs_96 (96/491)...
[Atoms → Molecules] Found 250 molecules.
      [31m✗ Missing goal molecules.[0m
        [31m✗ Missing molecule synthesis subproblem failed in 0.92s[0m
      Filtering reaction mbs_97 (97/491)...
[Atoms → Molecules] Found 55 molecules.
      [32m✓ All goal molecules found.[0m
        [32m✓ Missing molecule synthesis subproblem passed in 0.1s[0m
      Filtering reaction mbs_98 (98/491)...
[Atoms → Molecules] Found 7 molecules.
      [32m✓ All goal molecules found.[0m
        [32m✓ Missing molecule synthesis subproblem passed in 0.01s[0m
      Filtering reaction mbs_99 (99/491)...
[Atoms → Molecules] Found 28 molecules.
      [32m✓ All goal molecules found.[0m
        [32m✓ Missing molecule synthesis subproblem passed in 0.09s[0m
      Filtering reaction mbs_100 (100/491)...
[Atoms → Molecules] Found 15 molecules.
      [32m✓ All goal molecules found.[0m
        [32m✓ Missing molecule synthesis subproblem passed in 0.03s[0m
      Filtering reaction mbs_101 (101/491)...
[Atoms → Molecules] Found 113 molecules.
      [32m✓ All goal molecules found.[0m
        [32m✓ Missing molecule synthesis subproblem passed in 0.47s[0m
      Filtering reaction mbs_102 (102/491)...
[Atoms → Molecules] Found 47 molecules.
      [32m✓ All goal molecules found.[0m
        [32m✓ Missing molecule synthesis subproblem passed in 0.2s[0m
      Filtering reaction mbs_103 (103/491)...
[Atoms → Molecules] Found 208 molecules.
      [32m✓ All goal molecules found.[0m
        [32m✓ Missing molecule synthesis subproblem passed in 0.45s[0m
      Filtering reaction mbs_104 (104/491)...
[Atoms → Molecules] Found 23 molecules.
      [32m✓ All goal molecules found.[0m
        [32m✓ Missing molecule synthesis subproblem passed in 0.04s[0m
      Filtering reaction mbs_105 (105/491)...
[Atoms → Molecules] Found 11 molecules.
      [32m✓ All goal molecules found.[0m
        [32m✓ Missing molecule synthesis subproblem passed in 0.05s[0m
      Filtering reaction mbs_106 (106/491)...
[Atoms → Molecules] Found 250 molecules.
      [31m✗ Missing goal molecules.[0m
        [31m✗ Missing molecule synthesis subproblem failed in 0.8s[0m
      Filtering reaction mbs_107 (107/491)...
[Atoms → Molecules] Found 22 molecules.
      [32m✓ All goal molecules found.[0m
        [32m✓ Missing molecule synthesis subproblem passed in 0.03s[0m
      Filtering reaction mbs_108 (108/491)...
[Atoms → Molecules] Found 68 molecules.
      [32m✓ All goal molecules found.[0m
        [32m✓ Missing molecule synthesis subproblem passed in 0.17s[0m
      Filtering reaction mbs_109 (109/491)...
[Atoms → Molecules] Found 37 molecules.
      [32m✓ All goal molecules found.[0m
        [32m✓ Missing molecule synthesis subproblem passed in 0.14s[0m
      Filtering reaction mbs_110 (110/491)...
[Atoms → Molecules] Found 44 molecules.
      [32m✓ All goal molecules found.[0m
        [32m✓ Missing molecule synthesis subproblem passed in 0.14s[0m
      Filtering reaction mbs_111 (111/491)...
[Atoms → Molecules] Found 49 molecules.
      [32m✓ All goal molecules found.[0m
        [32m✓ Missing molecule synthesis subproblem passed in 0.15s[0m
      Filtering reaction mbs_112 (112/491)...
[Atoms → Molecules] Found 250 molecules.
      [31m✗ Missing goal molecules.[0m
        [31m✗ Missing molecule synthesis subproblem failed in 0.92s[0m
      Filtering reaction mbs_113 (113/491)...
[Atoms → Molecules] Found 61 molecules.
      [32m✓ All goal molecules found.[0m
        [32m✓ Missing molecule synthesis subproblem passed in 0.21s[0m
      Filtering reaction mbs_114 (114/491)...
[Atoms → Molecules] Found 41 molecules.
      [32m✓ All goal molecules found.[0m
        [32m✓ Missing molecule synthesis subproblem passed in 0.12s[0m
      Filtering reaction mbs_115 (115/491)...
[Atoms → Molecules] Found 250 molecules.
      [31m✗ Missing goal molecules.[0m
        [31m✗ Missing molecule synthesis subproblem failed in 0.57s[0m
      Filtering reaction mbs_116 (116/491)...
[Atoms → Molecules] Found 66 molecules.
      [32m✓ All goal molecules found.[0m
        [32m✓ Missing molecule synthesis subproblem passed in 0.17s[0m
      Filtering reaction mbs_117 (117/491)...
[Atoms → Molecules] Found 250 molecules.
      [31m✗ Missing goal molecules.[0m
        [31m✗ Missing molecule synthesis subproblem failed in 1.23s[0m
      Filtering reaction mbs_118 (118/491)...
[Atoms → Molecules] Found 74 molecules.
      [32m✓ All goal molecules found.[0m
        [32m✓ Missing molecule synthesis subproblem passed in 0.17s[0m
      Filtering reaction mbs_119 (119/491)...
[Atoms → Molecules] Found 250 molecules.
      [31m✗ Missing goal molecules.[0m
        [31m✗ Missing molecule synthesis subproblem failed in 0.7s[0m
      Filtering reaction mbs_120 (120/491)...
[Atoms → Molecules] Found 17 molecules.
      [32m✓ All goal molecules found.[0m
        [32m✓ Missing molecule synthesis subproblem passed in 0.08s[0m
      Filtering reaction mbs_121 (121/491)...
[Atoms → Molecules] Found 20 molecules.
      [32m✓ All goal molecules found.[0m
        [32m✓ Missing molecule synthesis subproblem passed in 0.06s[0m
      Filtering reaction mbs_122 (122/491)...
[Atoms → Molecules] Found 59 molecules.
      [32m✓ All goal molecules found.[0m
        [32m✓ Missing molecule synthesis subproblem passed in 0.18s[0m
      Filtering reaction mbs_123 (123/491)...
[Atoms → Molecules] Found 116 molecules.
      [32m✓ All goal molecules found.[0m
        [32m✓ Missing molecule synthesis subproblem passed in 0.42s[0m
      Filtering reaction mbs_124 (124/491)...
[Atoms → Molecules] Found 3 molecules.
      [32m✓ All goal molecules found.[0m
        [32m✓ Missing molecule synthesis subproblem passed in 0.01s[0m
      Filtering reaction mbs_125 (125/491)...
[Atoms → Molecules] Found 89 molecules.
      [32m✓ All goal molecules found.[0m
        [32m✓ Missing molecule synthesis subproblem passed in 0.33s[0m
      Filtering reaction mbs_126 (126/491)...
[Atoms → Molecules] Found 81 molecules.
      [32m✓ All goal molecules found.[0m
        [32m✓ Missing molecule synthesis subproblem passed in 0.23s[0m
      Filtering reaction mbs_127 (127/491)...
[Atoms → Molecules] Found 250 molecules.
      [31m✗ Missing goal molecules.[0m
        [31m✗ Missing molecule synthesis subproblem failed in 0.77s[0m
      Filtering reaction mbs_128 (128/491)...
[Atoms → Molecules] Found 250 molecules.
      [31m✗ Missing goal molecules.[0m
        [31m✗ Missing molecule synthesis subproblem failed in 0.64s[0m
      Filtering reaction mbs_129 (129/491)...
[Atoms → Molecules] Found 24 molecules.
      [32m✓ All goal molecules found.[0m
        [32m✓ Missing molecule synthesis subproblem passed in 0.02s[0m
      Filtering reaction mbs_130 (130/491)...
[Atoms → Molecules] Found 17 molecules.
      [32m✓ All goal molecules found.[0m
        [32m✓ Missing molecule synthesis subproblem passed in 0.03s[0m
      Filtering reaction mbs_131 (131/491)...
[Atoms → Molecules] Found 92 molecules.
      [32m✓ All goal molecules found.[0m
        [32m✓ Missing molecule synthesis subproblem passed in 0.27s[0m
      Filtering reaction mbs_132 (132/491)...
[Atoms → Molecules] Found 216 molecules.
      [32m✓ All goal molecules found.[0m
        [32m✓ Missing molecule synthesis subproblem passed in 0.54s[0m
      Filtering reaction mbs_133 (133/491)...
[Atoms → Molecules] Found 36 molecules.
      [32m✓ All goal molecules found.[0m
        [32m✓ Missing molecule synthesis subproblem passed in 0.13s[0m
      Filtering reaction mbs_134 (134/491)...
[Atoms → Molecules] Found 67 molecules.
      [32m✓ All goal molecules found.[0m
        [32m✓ Missing molecule synthesis subproblem passed in 0.16s[0m
      Filtering reaction mbs_135 (135/491)...
[Atoms → Molecules] Found 6 molecules.
      [32m✓ All goal molecules found.[0m
        [32m✓ Missing molecule synthesis subproblem passed in 0.01s[0m
      Filtering reaction mbs_136 (136/491)...
[Atoms → Molecules] Found 14 molecules.
      [32m✓ All goal molecules found.[0m
        [32m✓ Missing molecule synthesis subproblem passed in 0.03s[0m
      Filtering reaction mbs_137 (137/491)...
[Atoms → Molecules] Found 16 molecules.
      [32m✓ All goal molecules found.[0m
        [32m✓ Missing molecule synthesis subproblem passed in 0.05s[0m
      Filtering reaction mbs_138 (138/491)...
[Atoms → Molecules] Found 111 molecules.
      [32m✓ All goal molecules found.[0m
        [32m✓ Missing molecule synthesis subproblem passed in 0.23s[0m
      Filtering reaction mbs_139 (139/491)...
[Atoms → Molecules] Found 187 molecules.
      [32m✓ All goal molecules found.[0m
        [32m✓ Missing molecule synthesis subproblem passed in 0.35s[0m
      Filtering reaction mbs_140 (140/491)...
[Atoms → Molecules] Found 17 molecules.
      [32m✓ All goal molecules found.[0m
        [32m✓ Missing molecule synthesis subproblem passed in 0.04s[0m
      Filtering reaction mbs_141 (141/491)...
[Atoms → Molecules] Found 250 molecules.
      [31m✗ Missing goal molecules.[0m
        [31m✗ Missing molecule synthesis subproblem failed in 0.46s[0m
      Filtering reaction mbs_142 (142/491)...
[Atoms → Molecules] Found 153 molecules.
      [32m✓ All goal molecules found.[0m
        [32m✓ Missing molecule synthesis subproblem passed in 0.37s[0m
      Filtering reaction mbs_143 (143/491)...
[Atoms → Molecules] Found 155 molecules.
      [32m✓ All goal molecules found.[0m
        [32m✓ Missing molecule synthesis subproblem passed in 0.47s[0m
      Filtering reaction mbs_144 (144/491)...
[Atoms → Molecules] Found 250 molecules.
      [31m✗ Missing goal molecules.[0m
        [31m✗ Missing molecule synthesis subproblem failed in 1.16s[0m
      Filtering reaction mbs_145 (145/491)...
[Atoms → Molecules] Found 48 molecules.
      [32m✓ All goal molecules found.[0m
        [32m✓ Missing molecule synthesis subproblem passed in 0.38s[0m
      Filtering reaction mbs_146 (146/491)...
[Atoms → Molecules] Found 185 molecules.
      [32m✓ All goal molecules found.[0m
        [32m✓ Missing molecule synthesis subproblem passed in 0.44s[0m
      Filtering reaction mbs_147 (147/491)...
[Atoms → Molecules] Found 17 molecules.
      [32m✓ All goal molecules found.[0m
        [32m✓ Missing molecule synthesis subproblem passed in 0.03s[0m
      Filtering reaction mbs_148 (148/491)...
[Atoms → Molecules] Found 3 molecules.
      [32m✓ All goal molecules found.[0m
        [32m✓ Missing molecule synthesis subproblem passed in 0.01s[0m
      Filtering reaction mbs_149 (149/491)...
[Atoms → Molecules] Found 250 molecules.
      [31m✗ Missing goal molecules.[0m
        [31m✗ Missing molecule synthesis subproblem failed in 1.65s[0m
      Filtering reaction mbs_150 (150/491)...
[Atoms → Molecules] Found 250 molecules.
      [31m✗ Missing goal molecules.[0m
        [31m✗ Missing molecule synthesis subproblem failed in 0.62s[0m
      Filtering reaction mbs_151 (151/491)...
[Atoms → Molecules] Found 89 molecules.
      [32m✓ All goal molecules found.[0m
        [32m✓ Missing molecule synthesis subproblem passed in 0.19s[0m
      Filtering reaction mbs_152 (152/491)...
[Atoms → Molecules] Found 10 molecules.
      [32m✓ All goal molecules found.[0m
        [32m✓ Missing molecule synthesis subproblem passed in 0.01s[0m
      Filtering reaction mbs_153 (153/491)...
[Atoms → Molecules] Found 127 molecules.
      [32m✓ All goal molecules found.[0m
        [32m✓ Missing molecule synthesis subproblem passed in 0.36s[0m
      Filtering reaction mbs_154 (154/491)...
[Atoms → Molecules] Found 93 molecules.
      [32m✓ All goal molecules found.[0m
        [32m✓ Missing molecule synthesis subproblem passed in 0.32s[0m
      Filtering reaction mbs_155 (155/491)...
[Atoms → Molecules] Found 50 molecules.
      [32m✓ All goal molecules found.[0m
        [32m✓ Missing molecule synthesis subproblem passed in 0.12s[0m
      Filtering reaction mbs_156 (156/491)...
[Atoms → Molecules] Found 24 molecules.
      [32m✓ All goal molecules found.[0m
        [32m✓ Missing molecule synthesis subproblem passed in 0.06s[0m
      Filtering reaction mbs_157 (157/491)...
[Atoms → Molecules] Found 250 molecules.
      [31m✗ Missing goal molecules.[0m
        [31m✗ Missing molecule synthesis subproblem failed in 0.57s[0m
      Filtering reaction mbs_158 (158/491)...
[Atoms → Molecules] Found 3 molecules.
      [32m✓ All goal molecules found.[0m
        [32m✓ Missing molecule synthesis subproblem passed in 0.01s[0m
      Filtering reaction mbs_159 (159/491)...
[Atoms → Molecules] Found 244 molecules.
      [32m✓ All goal molecules found.[0m
        [32m✓ Missing molecule synthesis subproblem passed in 2.66s[0m
      Filtering reaction mbs_160 (160/491)...
[Atoms → Molecules] Found 14 molecules.
      [32m✓ All goal molecules found.[0m
        [32m✓ Missing molecule synthesis subproblem passed in 0.03s[0m
      Filtering reaction mbs_161 (161/491)...
[Atoms → Molecules] Found 55 molecules.
      [32m✓ All goal molecules found.[0m
        [32m✓ Missing molecule synthesis subproblem passed in 0.11s[0m
      Filtering reaction mbs_162 (162/491)...
[Atoms → Molecules] Found 74 molecules.
      [32m✓ All goal molecules found.[0m
        [32m✓ Missing molecule synthesis subproblem passed in 0.39s[0m
      Filtering reaction mbs_163 (163/491)...
[Atoms → Molecules] Found 11 molecules.
      [32m✓ All goal molecules found.[0m
        [32m✓ Missing molecule synthesis subproblem passed in 0.03s[0m
      Filtering reaction mbs_164 (164/491)...
[Atoms → Molecules] Found 24 molecules.
      [32m✓ All goal molecules found.[0m
        [32m✓ Missing molecule synthesis subproblem passed in 0.04s[0m
      Filtering reaction mbs_165 (165/491)...
[Atoms → Molecules] Found 20 molecules.
      [32m✓ All goal molecules found.[0m
        [32m✓ Missing molecule synthesis subproblem passed in 0.09s[0m
      Filtering reaction mbs_166 (166/491)...
[Atoms → Molecules] Found 24 molecules.
      [32m✓ All goal molecules found.[0m
        [32m✓ Missing molecule synthesis subproblem passed in 0.07s[0m
      Filtering reaction mbs_167 (167/491)...
[Atoms → Molecules] Found 105 molecules.
      [32m✓ All goal molecules found.[0m
        [32m✓ Missing molecule synthesis subproblem passed in 0.17s[0m
      Filtering reaction mbs_168 (168/491)...
[Atoms → Molecules] Found 54 molecules.
      [32m✓ All goal molecules found.[0m
        [32m✓ Missing molecule synthesis subproblem passed in 0.17s[0m
      Filtering reaction mbs_169 (169/491)...
[Atoms → Molecules] Found 63 molecules.
      [32m✓ All goal molecules found.[0m
        [32m✓ Missing molecule synthesis subproblem passed in 0.11s[0m
      Filtering reaction mbs_170 (170/491)...
[Atoms → Molecules] Found 3 molecules.
      [32m✓ All goal molecules found.[0m
        [32m✓ Missing molecule synthesis subproblem passed in 0.01s[0m
      Filtering reaction mbs_171 (171/491)...
[Atoms → Molecules] Found 80 molecules.
      [32m✓ All goal molecules found.[0m
        [32m✓ Missing molecule synthesis subproblem passed in 0.23s[0m
      Filtering reaction mbs_172 (172/491)...
[Atoms → Molecules] Found 250 molecules.
      [31m✗ Missing goal molecules.[0m
        [31m✗ Missing molecule synthesis subproblem failed in 0.85s[0m
      Filtering reaction mbs_173 (173/491)...
[Atoms → Molecules] Found 5 molecules.
      [32m✓ All goal molecules found.[0m
        [32m✓ Missing molecule synthesis subproblem passed in 0.01s[0m
      Filtering reaction mbs_174 (174/491)...
[Atoms → Molecules] Found 31 molecules.
      [32m✓ All goal molecules found.[0m
        [32m✓ Missing molecule synthesis subproblem passed in 0.04s[0m
      Filtering reaction mbs_175 (175/491)...
[Atoms → Molecules] Found 250 molecules.
      [31m✗ Missing goal molecules.[0m
        [31m✗ Missing molecule synthesis subproblem failed in 0.7s[0m
      Filtering reaction mbs_176 (176/491)...
[Atoms → Molecules] Found 5 molecules.
      [32m✓ All goal molecules found.[0m
        [32m✓ Missing molecule synthesis subproblem passed in 0.01s[0m
      Filtering reaction mbs_177 (177/491)...
[Atoms → Molecules] Found 181 molecules.
      [32m✓ All goal molecules found.[0m
        [32m✓ Missing molecule synthesis subproblem passed in 0.28s[0m
      Filtering reaction mbs_178 (178/491)...
[Atoms → Molecules] Found 250 molecules.
      [31m✗ Missing goal molecules.[0m
        [31m✗ Missing molecule synthesis subproblem failed in 0.75s[0m
      Filtering reaction mbs_179 (179/491)...
[Atoms → Molecules] Found 36 molecules.
      [32m✓ All goal molecules found.[0m
        [32m✓ Missing molecule synthesis subproblem passed in 0.09s[0m
      Filtering reaction mbs_181 (180/491)...
[Atoms → Molecules] Found 250 molecules.
      [31m✗ Missing goal molecules.[0m
        [31m✗ Missing molecule synthesis subproblem failed in 1.75s[0m
      Filtering reaction mbs_182 (181/491)...
[Atoms → Molecules] Found 39 molecules.
      [32m✓ All goal molecules found.[0m
        [32m✓ Missing molecule synthesis subproblem passed in 0.12s[0m
      Filtering reaction mbs_183 (182/491)...
[Atoms → Molecules] Found 22 molecules.
      [32m✓ All goal molecules found.[0m
        [32m✓ Missing molecule synthesis subproblem passed in 0.04s[0m
      Filtering reaction mbs_184 (183/491)...
[Atoms → Molecules] Found 131 molecules.
      [32m✓ All goal molecules found.[0m
        [32m✓ Missing molecule synthesis subproblem passed in 0.25s[0m
      Filtering reaction mbs_185 (184/491)...
[Atoms → Molecules] Found 38 molecules.
      [32m✓ All goal molecules found.[0m
        [32m✓ Missing molecule synthesis subproblem passed in 0.06s[0m
      Filtering reaction mbs_186 (185/491)...
[Atoms → Molecules] Found 25 molecules.
      [32m✓ All goal molecules found.[0m
        [32m✓ Missing molecule synthesis subproblem passed in 0.09s[0m
      Filtering reaction mbs_187 (186/491)...
[Atoms → Molecules] Found 68 molecules.
      [32m✓ All goal molecules found.[0m
        [32m✓ Missing molecule synthesis subproblem passed in 0.17s[0m
      Filtering reaction mbs_188 (187/491)...
[Atoms → Molecules] Found 58 molecules.
      [32m✓ All goal molecules found.[0m
        [32m✓ Missing molecule synthesis subproblem passed in 0.41s[0m
      Filtering reaction mbs_189 (188/491)...
[Atoms → Molecules] Found 16 molecules.
      [32m✓ All goal molecules found.[0m
        [32m✓ Missing molecule synthesis subproblem passed in 0.02s[0m
      Filtering reaction mbs_190 (189/491)...
[Atoms → Molecules] Found 133 molecules.
      [32m✓ All goal molecules found.[0m
        [32m✓ Missing molecule synthesis subproblem passed in 0.38s[0m
      Filtering reaction mbs_191 (190/491)...
[Atoms → Molecules] Found 47 molecules.
      [32m✓ All goal molecules found.[0m
        [32m✓ Missing molecule synthesis subproblem passed in 0.1s[0m
      Filtering reaction mbs_192 (191/491)...
[Atoms → Molecules] Found 14 molecules.
      [32m✓ All goal molecules found.[0m
        [32m✓ Missing molecule synthesis subproblem passed in 0.03s[0m
      Filtering reaction mbs_193 (192/491)...
[Atoms → Molecules] Found 250 molecules.
      [31m✗ Missing goal molecules.[0m
        [31m✗ Missing molecule synthesis subproblem failed in 0.57s[0m
      Filtering reaction mbs_194 (193/491)...
[Atoms → Molecules] Found 250 molecules.
      [31m✗ Missing goal molecules.[0m
        [31m✗ Missing molecule synthesis subproblem failed in 0.54s[0m
      Filtering reaction mbs_195 (194/491)...
[Atoms → Molecules] Found 20 molecules.
      [32m✓ All goal molecules found.[0m
        [32m✓ Missing molecule synthesis subproblem passed in 0.03s[0m
      Filtering reaction mbs_196 (195/491)...
[Atoms → Molecules] Found 133 molecules.
      [32m✓ All goal molecules found.[0m
        [32m✓ Missing molecule synthesis subproblem passed in 0.47s[0m
      Filtering reaction mbs_197 (196/491)...
[Atoms → Molecules] Found 32 molecules.
      [32m✓ All goal molecules found.[0m
        [32m✓ Missing molecule synthesis subproblem passed in 0.07s[0m
      Filtering reaction mbs_198 (197/491)...
[Atoms → Molecules] Found 77 molecules.
      [32m✓ All goal molecules found.[0m
        [32m✓ Missing molecule synthesis subproblem passed in 0.25s[0m
      Filtering reaction mbs_199 (198/491)...
[Atoms → Molecules] Found 66 molecules.
      [32m✓ All goal molecules found.[0m
        [32m✓ Missing molecule synthesis subproblem passed in 0.22s[0m
      Filtering reaction mbs_200 (199/491)...
[Atoms → Molecules] Found 3 molecules.
      [32m✓ All goal molecules found.[0m
        [32m✓ Missing molecule synthesis subproblem passed in 0.01s[0m
      Filtering reaction mbs_201 (200/491)...
[Atoms → Molecules] Found 16 molecules.
      [32m✓ All goal molecules found.[0m
        [32m✓ Missing molecule synthesis subproblem passed in 0.04s[0m
      Filtering reaction mbs_202 (201/491)...
[Atoms → Molecules] Found 21 molecules.
      [32m✓ All goal molecules found.[0m
        [32m✓ Missing molecule synthesis subproblem passed in 0.03s[0m
      Filtering reaction mbs_203 (202/491)...
[Atoms → Molecules] Found 160 molecules.
      [32m✓ All goal molecules found.[0m
        [32m✓ Missing molecule synthesis subproblem passed in 0.25s[0m
      Filtering reaction mbs_204 (203/491)...
[Atoms → Molecules] Found 41 molecules.
      [32m✓ All goal molecules found.[0m
        [32m✓ Missing molecule synthesis subproblem passed in 0.12s[0m
      Filtering reaction mbs_205 (204/491)...
[Atoms → Molecules] Found 153 molecules.
      [32m✓ All goal molecules found.[0m
        [32m✓ Missing molecule synthesis subproblem passed in 0.38s[0m
      Filtering reaction mbs_206 (205/491)...
[Atoms → Molecules] Found 37 molecules.
      [32m✓ All goal molecules found.[0m
        [32m✓ Missing molecule synthesis subproblem passed in 0.1s[0m
      Filtering reaction mbs_207 (206/491)...
[Atoms → Molecules] Found 72 molecules.
      [32m✓ All goal molecules found.[0m
        [32m✓ Missing molecule synthesis subproblem passed in 0.23s[0m
      Filtering reaction mbs_208 (207/491)...
[Atoms → Molecules] Found 67 molecules.
      [32m✓ All goal molecules found.[0m
        [32m✓ Missing molecule synthesis subproblem passed in 0.23s[0m
      Filtering reaction mbs_209 (208/491)...
[Atoms → Molecules] Found 17 molecules.
      [32m✓ All goal molecules found.[0m
        [32m✓ Missing molecule synthesis subproblem passed in 3.13s[0m
      Filtering reaction mbs_210 (209/491)...
[Atoms → Molecules] Found 28 molecules.
      [32m✓ All goal molecules found.[0m
        [32m✓ Missing molecule synthesis subproblem passed in 0.1s[0m
      Filtering reaction mbs_211 (210/491)...
[Atoms → Molecules] Found 60 molecules.
      [32m✓ All goal molecules found.[0m
        [32m✓ Missing molecule synthesis subproblem passed in 0.12s[0m
      Filtering reaction mbs_212 (211/491)...
[Atoms → Molecules] Found 223 molecules.
      [32m✓ All goal molecules found.[0m
        [32m✓ Missing molecule synthesis subproblem passed in 1.41s[0m
      Filtering reaction mbs_213 (212/491)...
[Atoms → Molecules] Found 183 molecules.
      [32m✓ All goal molecules found.[0m
        [32m✓ Missing molecule synthesis subproblem passed in 0.68s[0m
      Filtering reaction mbs_214 (213/491)...
[Atoms → Molecules] Found 139 molecules.
      [32m✓ All goal molecules found.[0m
        [32m✓ Missing molecule synthesis subproblem passed in 0.28s[0m
      Filtering reaction mbs_215 (214/491)...
[Atoms → Molecules] Found 13 molecules.
      [32m✓ All goal molecules found.[0m
        [32m✓ Missing molecule synthesis subproblem passed in 0.03s[0m
      Filtering reaction mbs_216 (215/491)...
[Atoms → Molecules] Found 132 molecules.
      [32m✓ All goal molecules found.[0m
        [32m✓ Missing molecule synthesis subproblem passed in 0.49s[0m
      Filtering reaction mbs_217 (216/491)...
[Atoms → Molecules] Found 65 molecules.
      [32m✓ All goal molecules found.[0m
        [32m✓ Missing molecule synthesis subproblem passed in 0.17s[0m
      Filtering reaction mbs_218 (217/491)...
[Atoms → Molecules] Found 190 molecules.
      [32m✓ All goal molecules found.[0m
        [32m✓ Missing molecule synthesis subproblem passed in 0.63s[0m
      Filtering reaction mbs_219 (218/491)...
[Atoms → Molecules] Found 6 molecules.
      [32m✓ All goal molecules found.[0m
        [32m✓ Missing molecule synthesis subproblem passed in 0.01s[0m
      Filtering reaction mbs_220 (219/491)...
[Atoms → Molecules] Found 88 molecules.
      [32m✓ All goal molecules found.[0m
        [32m✓ Missing molecule synthesis subproblem passed in 0.24s[0m
      Filtering reaction mbs_221 (220/491)...
[Atoms → Molecules] Found 44 molecules.
      [32m✓ All goal molecules found.[0m
        [32m✓ Missing molecule synthesis subproblem passed in 0.2s[0m
      Filtering reaction mbs_222 (221/491)...
[Atoms → Molecules] Found 42 molecules.
      [32m✓ All goal molecules found.[0m
        [32m✓ Missing molecule synthesis subproblem passed in 0.08s[0m
      Filtering reaction mbs_223 (222/491)...
[Atoms → Molecules] Found 20 molecules.
      [32m✓ All goal molecules found.[0m
        [32m✓ Missing molecule synthesis subproblem passed in 0.1s[0m
      Filtering reaction mbs_224 (223/491)...
[Atoms → Molecules] Found 250 molecules.
      [31m✗ Missing goal molecules.[0m
        [31m✗ Missing molecule synthesis subproblem failed in 0.77s[0m
      Filtering reaction mbs_225 (224/491)...
[Atoms → Molecules] Found 76 molecules.
      [32m✓ All goal molecules found.[0m
        [32m✓ Missing molecule synthesis subproblem passed in 0.23s[0m
      Filtering reaction mbs_226 (225/491)...
[Atoms → Molecules] Found 11 molecules.
      [32m✓ All goal molecules found.[0m
        [32m✓ Missing molecule synthesis subproblem passed in 0.02s[0m
      Filtering reaction mbs_227 (226/491)...
[Atoms → Molecules] Found 48 molecules.
      [32m✓ All goal molecules found.[0m
        [32m✓ Missing molecule synthesis subproblem passed in 0.14s[0m
      Filtering reaction mbs_228 (227/491)...
[Atoms → Molecules] Found 49 molecules.
      [32m✓ All goal molecules found.[0m
        [32m✓ Missing molecule synthesis subproblem passed in 0.29s[0m
      Filtering reaction mbs_229 (228/491)...
[Atoms → Molecules] Found 21 molecules.
      [32m✓ All goal molecules found.[0m
        [32m✓ Missing molecule synthesis subproblem passed in 0.07s[0m
      Filtering reaction mbs_230 (229/491)...
[Atoms → Molecules] Found 250 molecules.
      [31m✗ Missing goal molecules.[0m
        [31m✗ Missing molecule synthesis subproblem failed in 1.05s[0m
      Filtering reaction mbs_231 (230/491)...
[Atoms → Molecules] Found 78 molecules.
      [32m✓ All goal molecules found.[0m
        [32m✓ Missing molecule synthesis subproblem passed in 0.15s[0m
      Filtering reaction mbs_232 (231/491)...
[Atoms → Molecules] Found 222 molecules.
      [32m✓ All goal molecules found.[0m
        [32m✓ Missing molecule synthesis subproblem passed in 0.51s[0m
      Filtering reaction mbs_233 (232/491)...
[Atoms → Molecules] Found 29 molecules.
      [32m✓ All goal molecules found.[0m
        [32m✓ Missing molecule synthesis subproblem passed in 0.07s[0m
      Filtering reaction mbs_234 (233/491)...
[Atoms → Molecules] Found 40 molecules.
      [32m✓ All goal molecules found.[0m
        [32m✓ Missing molecule synthesis subproblem passed in 0.07s[0m
      Filtering reaction mbs_235 (234/491)...
[Atoms → Molecules] Found 43 molecules.
      [32m✓ All goal molecules found.[0m
        [32m✓ Missing molecule synthesis subproblem passed in 0.2s[0m
      Filtering reaction mbs_236 (235/491)...
[Atoms → Molecules] Found 55 molecules.
      [32m✓ All goal molecules found.[0m
        [32m✓ Missing molecule synthesis subproblem passed in 0.09s[0m
      Filtering reaction mbs_237 (236/491)...
[Atoms → Molecules] Found 250 molecules.
      [31m✗ Missing goal molecules.[0m
        [31m✗ Missing molecule synthesis subproblem failed in 1.09s[0m
      Filtering reaction mbs_238 (237/491)...
[Atoms → Molecules] Found 71 molecules.
      [32m✓ All goal molecules found.[0m
        [32m✓ Missing molecule synthesis subproblem passed in 0.16s[0m
      Filtering reaction mbs_239 (238/491)...
[Atoms → Molecules] Found 27 molecules.
      [32m✓ All goal molecules found.[0m
        [32m✓ Missing molecule synthesis subproblem passed in 0.06s[0m
      Filtering reaction mbs_240 (239/491)...
[Atoms → Molecules] Found 250 molecules.
      [31m✗ Missing goal molecules.[0m
        [31m✗ Missing molecule synthesis subproblem failed in 0.5s[0m
      Filtering reaction mbs_241 (240/491)...
[Atoms → Molecules] Found 83 molecules.
      [32m✓ All goal molecules found.[0m
        [32m✓ Missing molecule synthesis subproblem passed in 0.24s[0m
      Filtering reaction mbs_242 (241/491)...
[Atoms → Molecules] Found 75 molecules.
      [32m✓ All goal molecules found.[0m
        [32m✓ Missing molecule synthesis subproblem passed in 0.22s[0m
      Filtering reaction mbs_243 (242/491)...
[Atoms → Molecules] Found 22 molecules.
      [32m✓ All goal molecules found.[0m
        [32m✓ Missing molecule synthesis subproblem passed in 0.06s[0m
      Filtering reaction mbs_244 (243/491)...
[Atoms → Molecules] Found 41 molecules.
      [32m✓ All goal molecules found.[0m
        [32m✓ Missing molecule synthesis subproblem passed in 0.07s[0m
      Filtering reaction mbs_245 (244/491)...
[Atoms → Molecules] Found 16 molecules.
      [32m✓ All goal molecules found.[0m
        [32m✓ Missing molecule synthesis subproblem passed in 0.08s[0m
      Filtering reaction mbs_246 (245/491)...
[Atoms → Molecules] Found 33 molecules.
      [32m✓ All goal molecules found.[0m
        [32m✓ Missing molecule synthesis subproblem passed in 0.11s[0m
      Filtering reaction mbs_247 (246/491)...
[Atoms → Molecules] Found 26 molecules.
      [32m✓ All goal molecules found.[0m
        [32m✓ Missing molecule synthesis subproblem passed in 0.06s[0m
      Filtering reaction mbs_248 (247/491)...
[Atoms → Molecules] Found 82 molecules.
      [32m✓ All goal molecules found.[0m
        [32m✓ Missing molecule synthesis subproblem passed in 0.16s[0m
      Filtering reaction mbs_249 (248/491)...
[Atoms → Molecules] Found 28 molecules.
      [32m✓ All goal molecules found.[0m
        [32m✓ Missing molecule synthesis subproblem passed in 0.06s[0m
      Filtering reaction mbs_250 (249/491)...
[Atoms → Molecules] Found 39 molecules.
      [32m✓ All goal molecules found.[0m
        [32m✓ Missing molecule synthesis subproblem passed in 0.09s[0m
      Filtering reaction mbs_251 (250/491)...
[Atoms → Molecules] Found 207 molecules.
      [32m✓ All goal molecules found.[0m
        [32m✓ Missing molecule synthesis subproblem passed in 0.57s[0m
      Filtering reaction mbs_252 (251/491)...
[Atoms → Molecules] Found 170 molecules.
      [32m✓ All goal molecules found.[0m
        [32m✓ Missing molecule synthesis subproblem passed in 0.38s[0m
      Filtering reaction mbs_253 (252/491)...
[Atoms → Molecules] Found 22 molecules.
      [32m✓ All goal molecules found.[0m
        [32m✓ Missing molecule synthesis subproblem passed in 0.12s[0m
      Filtering reaction mbs_255 (253/491)...
[Atoms → Molecules] Found 250 molecules.
      [31m✗ Missing goal molecules.[0m
        [31m✗ Missing molecule synthesis subproblem failed in 0.71s[0m
      Filtering reaction mbs_256 (254/491)...
[Atoms → Molecules] Found 250 molecules.
      [31m✗ Missing goal molecules.[0m
        [31m✗ Missing molecule synthesis subproblem failed in 0.49s[0m
      Filtering reaction mbs_257 (255/491)...
[Atoms → Molecules] Found 28 molecules.
      [32m✓ All goal molecules found.[0m
        [32m✓ Missing molecule synthesis subproblem passed in 0.19s[0m
      Filtering reaction mbs_258 (256/491)...
[Atoms → Molecules] Found 18 molecules.
      [32m✓ All goal molecules found.[0m
        [32m✓ Missing molecule synthesis subproblem passed in 0.04s[0m
      Filtering reaction mbs_259 (257/491)...
[Atoms → Molecules] Found 94 molecules.
      [32m✓ All goal molecules found.[0m
        [32m✓ Missing molecule synthesis subproblem passed in 1.15s[0m
      Filtering reaction mbs_260 (258/491)...
[Atoms → Molecules] Found 106 molecules.
      [32m✓ All goal molecules found.[0m
        [32m✓ Missing molecule synthesis subproblem passed in 0.15s[0m
      Filtering reaction mbs_261 (259/491)...
[Atoms → Molecules] Found 19 molecules.
      [32m✓ All goal molecules found.[0m
        [32m✓ Missing molecule synthesis subproblem passed in 0.05s[0m
      Filtering reaction mbs_262 (260/491)...
[Atoms → Molecules] Found 25 molecules.
      [32m✓ All goal molecules found.[0m
        [32m✓ Missing molecule synthesis subproblem passed in 0.07s[0m
      Filtering reaction mbs_263 (261/491)...
[Atoms → Molecules] Found 29 molecules.
      [32m✓ All goal molecules found.[0m
        [32m✓ Missing molecule synthesis subproblem passed in 0.06s[0m
      Filtering reaction mbs_264 (262/491)...
[Atoms → Molecules] Found 93 molecules.
      [32m✓ All goal molecules found.[0m
        [32m✓ Missing molecule synthesis subproblem passed in 0.26s[0m
      Filtering reaction mbs_265 (263/491)...
[Atoms → Molecules] Found 250 molecules.
      [31m✗ Missing goal molecules.[0m
        [31m✗ Missing molecule synthesis subproblem failed in 0.82s[0m
      Filtering reaction mbs_266 (264/491)...
[Atoms → Molecules] Found 214 molecules.
      [32m✓ All goal molecules found.[0m
        [32m✓ Missing molecule synthesis subproblem passed in 0.59s[0m
      Filtering reaction mbs_267 (265/491)...
[Atoms → Molecules] Found 34 molecules.
      [32m✓ All goal molecules found.[0m
        [32m✓ Missing molecule synthesis subproblem passed in 0.07s[0m
      Filtering reaction mbs_268 (266/491)...
[Atoms → Molecules] Found 22 molecules.
      [32m✓ All goal molecules found.[0m
        [32m✓ Missing molecule synthesis subproblem passed in 0.05s[0m
      Filtering reaction mbs_269 (267/491)...
[Atoms → Molecules] Found 3 molecules.
      [32m✓ All goal molecules found.[0m
        [32m✓ Missing molecule synthesis subproblem passed in 0.01s[0m
      Filtering reaction mbs_270 (268/491)...
[Atoms → Molecules] Found 16 molecules.
      [32m✓ All goal molecules found.[0m
        [32m✓ Missing molecule synthesis subproblem passed in 0.03s[0m
      Filtering reaction mbs_271 (269/491)...
[Atoms → Molecules] Found 36 molecules.
      [32m✓ All goal molecules found.[0m
        [32m✓ Missing molecule synthesis subproblem passed in 0.12s[0m
      Filtering reaction mbs_272 (270/491)...
[Atoms → Molecules] Found 62 molecules.
      [32m✓ All goal molecules found.[0m
        [32m✓ Missing molecule synthesis subproblem passed in 0.16s[0m
      Filtering reaction mbs_273 (271/491)...
[Atoms → Molecules] Found 17 molecules.
      [32m✓ All goal molecules found.[0m
        [32m✓ Missing molecule synthesis subproblem passed in 0.04s[0m
      Filtering reaction mbs_274 (272/491)...
[Atoms → Molecules] Found 43 molecules.
      [32m✓ All goal molecules found.[0m
        [32m✓ Missing molecule synthesis subproblem passed in 0.1s[0m
      Filtering reaction mbs_275 (273/491)...
[Atoms → Molecules] Found 250 molecules.
      [31m✗ Missing goal molecules.[0m
        [31m✗ Missing molecule synthesis subproblem failed in 1.46s[0m
      Filtering reaction mbs_276 (274/491)...
[Atoms → Molecules] Found 250 molecules.
      [31m✗ Missing goal molecules.[0m
        [31m✗ Missing molecule synthesis subproblem failed in 1.08s[0m
      Filtering reaction mbs_277 (275/491)...
[Atoms → Molecules] Found 35 molecules.
      [32m✓ All goal molecules found.[0m
        [32m✓ Missing molecule synthesis subproblem passed in 0.07s[0m
      Filtering reaction mbs_278 (276/491)...
[Atoms → Molecules] Found 47 molecules.
      [32m✓ All goal molecules found.[0m
        [32m✓ Missing molecule synthesis subproblem passed in 0.2s[0m
      Filtering reaction mbs_279 (277/491)...
[Atoms → Molecules] Found 250 molecules.
      [31m✗ Missing goal molecules.[0m
        [31m✗ Missing molecule synthesis subproblem failed in 0.93s[0m
      Filtering reaction mbs_280 (278/491)...
[Atoms → Molecules] Found 29 molecules.
      [32m✓ All goal molecules found.[0m
        [32m✓ Missing molecule synthesis subproblem passed in 0.07s[0m
      Filtering reaction mbs_281 (279/491)...
[Atoms → Molecules] Found 56 molecules.
      [32m✓ All goal molecules found.[0m
        [32m✓ Missing molecule synthesis subproblem passed in 0.15s[0m
      Filtering reaction mbs_282 (280/491)...
[Atoms → Molecules] Found 31 molecules.
      [32m✓ All goal molecules found.[0m
        [32m✓ Missing molecule synthesis subproblem passed in 0.08s[0m
      Filtering reaction mbs_283 (281/491)...
[Atoms → Molecules] Found 34 molecules.
      [32m✓ All goal molecules found.[0m
        [32m✓ Missing molecule synthesis subproblem passed in 0.12s[0m
      Filtering reaction mbs_284 (282/491)...
[Atoms → Molecules] Found 49 molecules.
      [32m✓ All goal molecules found.[0m
        [32m✓ Missing molecule synthesis subproblem passed in 0.11s[0m
      Filtering reaction mbs_285 (283/491)...
[Atoms → Molecules] Found 127 molecules.
      [32m✓ All goal molecules found.[0m
        [32m✓ Missing molecule synthesis subproblem passed in 0.4s[0m
      Filtering reaction mbs_286 (284/491)...
[Atoms → Molecules] Found 250 molecules.
      [31m✗ Missing goal molecules.[0m
        [31m✗ Missing molecule synthesis subproblem failed in 0.8s[0m
      Filtering reaction mbs_287 (285/491)...
[Atoms → Molecules] Found 19 molecules.
      [32m✓ All goal molecules found.[0m
        [32m✓ Missing molecule synthesis subproblem passed in 0.09s[0m
      Filtering reaction mbs_288 (286/491)...
[Atoms → Molecules] Found 250 molecules.
      [31m✗ Missing goal molecules.[0m
        [31m✗ Missing molecule synthesis subproblem failed in 0.63s[0m
      Filtering reaction mbs_289 (287/491)...
[Atoms → Molecules] Found 63 molecules.
      [32m✓ All goal molecules found.[0m
        [32m✓ Missing molecule synthesis subproblem passed in 0.28s[0m
      Filtering reaction mbs_290 (288/491)...
[Atoms → Molecules] Found 5 molecules.
      [32m✓ All goal molecules found.[0m
        [32m✓ Missing molecule synthesis subproblem passed in 0.01s[0m
      Filtering reaction mbs_291 (289/491)...
[Atoms → Molecules] Found 14 molecules.
      [32m✓ All goal molecules found.[0m
        [32m✓ Missing molecule synthesis subproblem passed in 0.03s[0m
      Filtering reaction mbs_292 (290/491)...
[Atoms → Molecules] Found 14 molecules.
      [32m✓ All goal molecules found.[0m
        [32m✓ Missing molecule synthesis subproblem passed in 0.05s[0m
      Filtering reaction mbs_293 (291/491)...
[Atoms → Molecules] Found 3 molecules.
      [32m✓ All goal molecules found.[0m
        [32m✓ Missing molecule synthesis subproblem passed in 0.01s[0m
      Filtering reaction mbs_294 (292/491)...
[Atoms → Molecules] Found 17 molecules.
      [32m✓ All goal molecules found.[0m
        [32m✓ Missing molecule synthesis subproblem passed in 0.03s[0m
      Filtering reaction mbs_295 (293/491)...
[Atoms → Molecules] Found 25 molecules.
      [32m✓ All goal molecules found.[0m
        [32m✓ Missing molecule synthesis subproblem passed in 0.07s[0m
      Filtering reaction mbs_296 (294/491)...
[Atoms → Molecules] Found 93 molecules.
      [32m✓ All goal molecules found.[0m
        [32m✓ Missing molecule synthesis subproblem passed in 0.28s[0m
      Filtering reaction mbs_297 (295/491)...
[Atoms → Molecules] Found 250 molecules.
      [31m✗ Missing goal molecules.[0m
        [31m✗ Missing molecule synthesis subproblem failed in 0.74s[0m
      Filtering reaction mbs_298 (296/491)...
[Atoms → Molecules] Found 14 molecules.
      [32m✓ All goal molecules found.[0m
        [32m✓ Missing molecule synthesis subproblem passed in 0.05s[0m
      Filtering reaction mbs_299 (297/491)...
[Atoms → Molecules] Found 18 molecules.
      [32m✓ All goal molecules found.[0m
        [32m✓ Missing molecule synthesis subproblem passed in 0.02s[0m
      Filtering reaction mbs_300 (298/491)...
[Atoms → Molecules] Found 89 molecules.
      [32m✓ All goal molecules found.[0m
        [32m✓ Missing molecule synthesis subproblem passed in 0.23s[0m
      Filtering reaction mbs_301 (299/491)...
[Atoms → Molecules] Found 14 molecules.
      [32m✓ All goal molecules found.[0m
        [32m✓ Missing molecule synthesis subproblem passed in 0.04s[0m
      Filtering reaction mbs_302 (300/491)...
[Atoms → Molecules] Found 14 molecules.
      [32m✓ All goal molecules found.[0m
        [32m✓ Missing molecule synthesis subproblem passed in 0.05s[0m
      Filtering reaction mbs_303 (301/491)...
[Atoms → Molecules] Found 11 molecules.
      [32m✓ All goal molecules found.[0m
        [32m✓ Missing molecule synthesis subproblem passed in 0.02s[0m
      Filtering reaction mbs_304 (302/491)...
[Atoms → Molecules] Found 97 molecules.
      [32m✓ All goal molecules found.[0m
        [32m✓ Missing molecule synthesis subproblem passed in 0.26s[0m
      Filtering reaction mbs_305 (303/491)...
[Atoms → Molecules] Found 250 molecules.
      [31m✗ Missing goal molecules.[0m
        [31m✗ Missing molecule synthesis subproblem failed in 1.01s[0m
      Filtering reaction mbs_306 (304/491)...
[Atoms → Molecules] Found 20 molecules.
      [32m✓ All goal molecules found.[0m
        [32m✓ Missing molecule synthesis subproblem passed in 0.03s[0m
      Filtering reaction mbs_307 (305/491)...
[Atoms → Molecules] Found 156 molecules.
      [32m✓ All goal molecules found.[0m
        [32m✓ Missing molecule synthesis subproblem passed in 0.38s[0m
      Filtering reaction mbs_308 (306/491)...
[Atoms → Molecules] Found 41 molecules.
      [32m✓ All goal molecules found.[0m
        [32m✓ Missing molecule synthesis subproblem passed in 0.15s[0m
      Filtering reaction mbs_309 (307/491)...
[Atoms → Molecules] Found 29 molecules.
      [32m✓ All goal molecules found.[0m
        [32m✓ Missing molecule synthesis subproblem passed in 0.09s[0m
      Filtering reaction mbs_310 (308/491)...
[Atoms → Molecules] Found 22 molecules.
      [32m✓ All goal molecules found.[0m
        [32m✓ Missing molecule synthesis subproblem passed in 0.03s[0m
      Filtering reaction mbs_311 (309/491)...
[Atoms → Molecules] Found 250 molecules.
      [31m✗ Missing goal molecules.[0m
        [31m✗ Missing molecule synthesis subproblem failed in 1.0s[0m
      Filtering reaction mbs_312 (310/491)...
[Atoms → Molecules] Found 23 molecules.
      [32m✓ All goal molecules found.[0m
        [32m✓ Missing molecule synthesis subproblem passed in 0.03s[0m
      Filtering reaction mbs_314 (311/491)...
[Atoms → Molecules] Found 17 molecules.
      [32m✓ All goal molecules found.[0m
        [32m✓ Missing molecule synthesis subproblem passed in 0.09s[0m
      Filtering reaction mbs_315 (312/491)...
[Atoms → Molecules] Found 12 molecules.
      [32m✓ All goal molecules found.[0m
        [32m✓ Missing molecule synthesis subproblem passed in 0.02s[0m
      Filtering reaction mbs_316 (313/491)...
[Atoms → Molecules] Found 17 molecules.
      [32m✓ All goal molecules found.[0m
        [32m✓ Missing molecule synthesis subproblem passed in 0.04s[0m
      Filtering reaction mbs_317 (314/491)...
[Atoms → Molecules] Found 250 molecules.
      [31m✗ Missing goal molecules.[0m
        [31m✗ Missing molecule synthesis subproblem failed in 0.6s[0m
      Filtering reaction mbs_318 (315/491)...
[Atoms → Molecules] Found 144 molecules.
      [32m✓ All goal molecules found.[0m
        [32m✓ Missing molecule synthesis subproblem passed in 0.31s[0m
      Filtering reaction mbs_319 (316/491)...
[Atoms → Molecules] Found 47 molecules.
      [32m✓ All goal molecules found.[0m
        [32m✓ Missing molecule synthesis subproblem passed in 0.08s[0m
      Filtering reaction mbs_320 (317/491)...
[Atoms → Molecules] Found 87 molecules.
      [32m✓ All goal molecules found.[0m
        [32m✓ Missing molecule synthesis subproblem passed in 0.22s[0m
      Filtering reaction mbs_321 (318/491)...
[Atoms → Molecules] Found 120 molecules.
      [32m✓ All goal molecules found.[0m
        [32m✓ Missing molecule synthesis subproblem passed in 0.22s[0m
      Filtering reaction mbs_322 (319/491)...
[Atoms → Molecules] Found 250 molecules.
      [31m✗ Missing goal molecules.[0m
        [31m✗ Missing molecule synthesis subproblem failed in 0.85s[0m
      Filtering reaction mbs_323 (320/491)...
[Atoms → Molecules] Found 40 molecules.
      [32m✓ All goal molecules found.[0m
        [32m✓ Missing molecule synthesis subproblem passed in 0.13s[0m
      Filtering reaction mbs_324 (321/491)...
[Atoms → Molecules] Found 41 molecules.
      [32m✓ All goal molecules found.[0m
        [32m✓ Missing molecule synthesis subproblem passed in 0.11s[0m
      Filtering reaction mbs_325 (322/491)...
[Atoms → Molecules] Found 23 molecules.
      [32m✓ All goal molecules found.[0m
        [32m✓ Missing molecule synthesis subproblem passed in 0.04s[0m
      Filtering reaction mbs_327 (323/491)...
[Atoms → Molecules] Found 250 molecules.
      [31m✗ Missing goal molecules.[0m
        [31m✗ Missing molecule synthesis subproblem failed in 0.69s[0m
      Filtering reaction mbs_328 (324/491)...
[Atoms → Molecules] Found 18 molecules.
      [32m✓ All goal molecules found.[0m
        [32m✓ Missing molecule synthesis subproblem passed in 0.06s[0m
      Filtering reaction mbs_329 (325/491)...
[Atoms → Molecules] Found 11 molecules.
      [32m✓ All goal molecules found.[0m
        [32m✓ Missing molecule synthesis subproblem passed in 0.02s[0m
      Filtering reaction mbs_330 (326/491)...
[Atoms → Molecules] Found 109 molecules.
      [32m✓ All goal molecules found.[0m
        [32m✓ Missing molecule synthesis subproblem passed in 0.41s[0m
      Filtering reaction mbs_331 (327/491)...
[Atoms → Molecules] Found 89 molecules.
      [32m✓ All goal molecules found.[0m
        [32m✓ Missing molecule synthesis subproblem passed in 0.23s[0m
      Filtering reaction mbs_332 (328/491)...
[Atoms → Molecules] Found 74 molecules.
      [32m✓ All goal molecules found.[0m
        [32m✓ Missing molecule synthesis subproblem passed in 0.15s[0m
      Filtering reaction mbs_333 (329/491)...
[Atoms → Molecules] Found 61 molecules.
      [32m✓ All goal molecules found.[0m
        [32m✓ Missing molecule synthesis subproblem passed in 0.13s[0m
      Filtering reaction mbs_334 (330/491)...
[Atoms → Molecules] Found 50 molecules.
      [32m✓ All goal molecules found.[0m
        [32m✓ Missing molecule synthesis subproblem passed in 0.07s[0m
      Filtering reaction mbs_335 (331/491)...
[Atoms → Molecules] Found 113 molecules.
      [32m✓ All goal molecules found.[0m
        [32m✓ Missing molecule synthesis subproblem passed in 0.19s[0m
      Filtering reaction mbs_336 (332/491)...
[Atoms → Molecules] Found 105 molecules.
      [32m✓ All goal molecules found.[0m
        [32m✓ Missing molecule synthesis subproblem passed in 0.21s[0m
      Filtering reaction mbs_337 (333/491)...
[Atoms → Molecules] Found 41 molecules.
      [32m✓ All goal molecules found.[0m
        [32m✓ Missing molecule synthesis subproblem passed in 0.13s[0m
      Filtering reaction mbs_338 (334/491)...
[Atoms → Molecules] Found 87 molecules.
      [32m✓ All goal molecules found.[0m
        [32m✓ Missing molecule synthesis subproblem passed in 0.33s[0m
      Filtering reaction mbs_339 (335/491)...
[Atoms → Molecules] Found 99 molecules.
      [32m✓ All goal molecules found.[0m
        [32m✓ Missing molecule synthesis subproblem passed in 0.24s[0m
      Filtering reaction mbs_340 (336/491)...
[Atoms → Molecules] Found 20 molecules.
      [32m✓ All goal molecules found.[0m
        [32m✓ Missing molecule synthesis subproblem passed in 0.09s[0m
      Filtering reaction mbs_341 (337/491)...
[Atoms → Molecules] Found 250 molecules.
      [31m✗ Missing goal molecules.[0m
        [31m✗ Missing molecule synthesis subproblem failed in 1.22s[0m
      Filtering reaction mbs_342 (338/491)...
[Atoms → Molecules] Found 109 molecules.
      [32m✓ All goal molecules found.[0m
        [32m✓ Missing molecule synthesis subproblem passed in 0.21s[0m
      Filtering reaction mbs_343 (339/491)...
[Atoms → Molecules] Found 64 molecules.
      [32m✓ All goal molecules found.[0m
        [32m✓ Missing molecule synthesis subproblem passed in 0.1s[0m
      Filtering reaction mbs_344 (340/491)...
[Atoms → Molecules] Found 143 molecules.
      [32m✓ All goal molecules found.[0m
        [32m✓ Missing molecule synthesis subproblem passed in 0.42s[0m
      Filtering reaction mbs_345 (341/491)...
[Atoms → Molecules] Found 47 molecules.
      [32m✓ All goal molecules found.[0m
        [32m✓ Missing molecule synthesis subproblem passed in 0.14s[0m
      Filtering reaction mbs_346 (342/491)...
[Atoms → Molecules] Found 17 molecules.
      [32m✓ All goal molecules found.[0m
        [32m✓ Missing molecule synthesis subproblem passed in 0.02s[0m
      Filtering reaction mbs_347 (343/491)...
[Atoms → Molecules] Found 24 molecules.
      [32m✓ All goal molecules found.[0m
        [32m✓ Missing molecule synthesis subproblem passed in 0.06s[0m
      Filtering reaction mbs_348 (344/491)...
[Atoms → Molecules] Found 37 molecules.
      [32m✓ All goal molecules found.[0m
        [32m✓ Missing molecule synthesis subproblem passed in 0.11s[0m
      Filtering reaction mbs_349 (345/491)...
[Atoms → Molecules] Found 250 molecules.
      [31m✗ Missing goal molecules.[0m
        [31m✗ Missing molecule synthesis subproblem failed in 0.73s[0m
      Filtering reaction mbs_350 (346/491)...
[Atoms → Molecules] Found 103 molecules.
      [32m✓ All goal molecules found.[0m
        [32m✓ Missing molecule synthesis subproblem passed in 0.29s[0m
      Filtering reaction mbs_351 (347/491)...
[Atoms → Molecules] Found 14 molecules.
      [32m✓ All goal molecules found.[0m
        [32m✓ Missing molecule synthesis subproblem passed in 0.03s[0m
      Filtering reaction mbs_352 (348/491)...
[Atoms → Molecules] Found 3 molecules.
      [32m✓ All goal molecules found.[0m
        [32m✓ Missing molecule synthesis subproblem passed in 0.01s[0m
      Filtering reaction mbs_353 (349/491)...
[Atoms → Molecules] Found 38 molecules.
      [32m✓ All goal molecules found.[0m
        [32m✓ Missing molecule synthesis subproblem passed in 0.09s[0m
      Filtering reaction mbs_354 (350/491)...
[Atoms → Molecules] Found 71 molecules.
      [32m✓ All goal molecules found.[0m
        [32m✓ Missing molecule synthesis subproblem passed in 0.17s[0m
      Filtering reaction mbs_355 (351/491)...
[Atoms → Molecules] Found 117 molecules.
      [32m✓ All goal molecules found.[0m
        [32m✓ Missing molecule synthesis subproblem passed in 0.4s[0m
      Filtering reaction mbs_356 (352/491)...
[Atoms → Molecules] Found 62 molecules.
      [32m✓ All goal molecules found.[0m
        [32m✓ Missing molecule synthesis subproblem passed in 0.2s[0m
      Filtering reaction mbs_357 (353/491)...
[Atoms → Molecules] Found 250 molecules.
      [31m✗ Missing goal molecules.[0m
        [31m✗ Missing molecule synthesis subproblem failed in 2.26s[0m
      Filtering reaction mbs_358 (354/491)...
[Atoms → Molecules] Found 22 molecules.
      [32m✓ All goal molecules found.[0m
        [32m✓ Missing molecule synthesis subproblem passed in 0.03s[0m
      Filtering reaction mbs_359 (355/491)...
[Atoms → Molecules] Found 161 molecules.
      [32m✓ All goal molecules found.[0m
        [32m✓ Missing molecule synthesis subproblem passed in 0.53s[0m
      Filtering reaction mbs_360 (356/491)...
[Atoms → Molecules] Found 147 molecules.
      [32m✓ All goal molecules found.[0m
        [32m✓ Missing molecule synthesis subproblem passed in 0.48s[0m
      Filtering reaction mbs_361 (357/491)...
[Atoms → Molecules] Found 51 molecules.
      [32m✓ All goal molecules found.[0m
        [32m✓ Missing molecule synthesis subproblem passed in 0.15s[0m
      Filtering reaction mbs_362 (358/491)...
[Atoms → Molecules] Found 137 molecules.
      [32m✓ All goal molecules found.[0m
        [32m✓ Missing molecule synthesis subproblem passed in 0.41s[0m
      Filtering reaction mbs_363 (359/491)...
[Atoms → Molecules] Found 22 molecules.
      [32m✓ All goal molecules found.[0m
        [32m✓ Missing molecule synthesis subproblem passed in 0.04s[0m
      Filtering reaction mbs_364 (360/491)...
[Atoms → Molecules] Found 22 molecules.
      [32m✓ All goal molecules found.[0m
        [32m✓ Missing molecule synthesis subproblem passed in 0.06s[0m
      Filtering reaction mbs_365 (361/491)...
[Atoms → Molecules] Found 181 molecules.
      [32m✓ All goal molecules found.[0m
        [32m✓ Missing molecule synthesis subproblem passed in 0.67s[0m
      Filtering reaction mbs_366 (362/491)...
[Atoms → Molecules] Found 20 molecules.
      [32m✓ All goal molecules found.[0m
        [32m✓ Missing molecule synthesis subproblem passed in 0.03s[0m
      Filtering reaction mbs_367 (363/491)...
[Atoms → Molecules] Found 250 molecules.
      [31m✗ Missing goal molecules.[0m
        [31m✗ Missing molecule synthesis subproblem failed in 0.28s[0m
      Filtering reaction mbs_368 (364/491)...
[Atoms → Molecules] Found 83 molecules.
      [32m✓ All goal molecules found.[0m
        [32m✓ Missing molecule synthesis subproblem passed in 0.2s[0m
      Filtering reaction mbs_369 (365/491)...
[Atoms → Molecules] Found 101 molecules.
      [32m✓ All goal molecules found.[0m
        [32m✓ Missing molecule synthesis subproblem passed in 0.21s[0m
      Filtering reaction mbs_370 (366/491)...
[Atoms → Molecules] Found 250 molecules.
      [31m✗ Missing goal molecules.[0m
        [31m✗ Missing molecule synthesis subproblem failed in 0.78s[0m
      Filtering reaction mbs_371 (367/491)...
[Atoms → Molecules] Found 87 molecules.
      [32m✓ All goal molecules found.[0m
        [32m✓ Missing molecule synthesis subproblem passed in 0.24s[0m
      Filtering reaction mbs_372 (368/491)...
[Atoms → Molecules] Found 234 molecules.
      [32m✓ All goal molecules found.[0m
        [32m✓ Missing molecule synthesis subproblem passed in 0.36s[0m
      Filtering reaction mbs_373 (369/491)...
[Atoms → Molecules] Found 24 molecules.
      [32m✓ All goal molecules found.[0m
        [32m✓ Missing molecule synthesis subproblem passed in 0.09s[0m
      Filtering reaction mbs_374 (370/491)...
[Atoms → Molecules] Found 28 molecules.
      [32m✓ All goal molecules found.[0m
        [32m✓ Missing molecule synthesis subproblem passed in 0.12s[0m
      Filtering reaction mbs_375 (371/491)...
[Atoms → Molecules] Found 185 molecules.
      [32m✓ All goal molecules found.[0m
        [32m✓ Missing molecule synthesis subproblem passed in 0.69s[0m
      Filtering reaction mbs_376 (372/491)...
[Atoms → Molecules] Found 11 molecules.
      [32m✓ All goal molecules found.[0m
        [32m✓ Missing molecule synthesis subproblem passed in 0.03s[0m
      Filtering reaction mbs_377 (373/491)...
[Atoms → Molecules] Found 14 molecules.
      [32m✓ All goal molecules found.[0m
        [32m✓ Missing molecule synthesis subproblem passed in 0.03s[0m
      Filtering reaction mbs_378 (374/491)...
[Atoms → Molecules] Found 250 molecules.
      [31m✗ Missing goal molecules.[0m
        [31m✗ Missing molecule synthesis subproblem failed in 0.57s[0m
      Filtering reaction mbs_379 (375/491)...
[Atoms → Molecules] Found 250 molecules.
      [31m✗ Missing goal molecules.[0m
        [31m✗ Missing molecule synthesis subproblem failed in 1.01s[0m
      Filtering reaction mbs_380 (376/491)...
[Atoms → Molecules] Found 3 molecules.
      [32m✓ All goal molecules found.[0m
        [32m✓ Missing molecule synthesis subproblem passed in 0.01s[0m
      Filtering reaction mbs_381 (377/491)...
[Atoms → Molecules] Found 31 molecules.
      [32m✓ All goal molecules found.[0m
        [32m✓ Missing molecule synthesis subproblem passed in 0.05s[0m
      Filtering reaction mbs_382 (378/491)...
[Atoms → Molecules] Found 91 molecules.
      [32m✓ All goal molecules found.[0m
        [32m✓ Missing molecule synthesis subproblem passed in 0.3s[0m
      Filtering reaction mbs_383 (379/491)...
[Atoms → Molecules] Found 23 molecules.
      [32m✓ All goal molecules found.[0m
        [32m✓ Missing molecule synthesis subproblem passed in 0.04s[0m
      Filtering reaction mbs_384 (380/491)...
[Atoms → Molecules] Found 100 molecules.
      [32m✓ All goal molecules found.[0m
        [32m✓ Missing molecule synthesis subproblem passed in 0.23s[0m
      Filtering reaction mbs_385 (381/491)...
[Atoms → Molecules] Found 26 molecules.
      [32m✓ All goal molecules found.[0m
        [32m✓ Missing molecule synthesis subproblem passed in 0.93s[0m
      Filtering reaction mbs_386 (382/491)...
[Atoms → Molecules] Found 20 molecules.
      [32m✓ All goal molecules found.[0m
        [32m✓ Missing molecule synthesis subproblem passed in 0.06s[0m
      Filtering reaction mbs_387 (383/491)...
[Atoms → Molecules] Found 7 molecules.
      [32m✓ All goal molecules found.[0m
        [32m✓ Missing molecule synthesis subproblem passed in 0.01s[0m
      Filtering reaction mbs_388 (384/491)...
[Atoms → Molecules] Found 203 molecules.
      [32m✓ All goal molecules found.[0m
        [32m✓ Missing molecule synthesis subproblem passed in 0.54s[0m
      Filtering reaction mbs_389 (385/491)...
[Atoms → Molecules] Found 76 molecules.
      [32m✓ All goal molecules found.[0m
        [32m✓ Missing molecule synthesis subproblem passed in 0.15s[0m
      Filtering reaction mbs_390 (386/491)...
[Atoms → Molecules] Found 42 molecules.
      [32m✓ All goal molecules found.[0m
        [32m✓ Missing molecule synthesis subproblem passed in 0.09s[0m
      Filtering reaction mbs_391 (387/491)...
[Atoms → Molecules] Found 100 molecules.
      [32m✓ All goal molecules found.[0m
        [32m✓ Missing molecule synthesis subproblem passed in 0.42s[0m
      Filtering reaction mbs_392 (388/491)...
[Atoms → Molecules] Found 47 molecules.
      [32m✓ All goal molecules found.[0m
        [32m✓ Missing molecule synthesis subproblem passed in 0.38s[0m
      Filtering reaction mbs_393 (389/491)...
[Atoms → Molecules] Found 165 molecules.
      [32m✓ All goal molecules found.[0m
        [32m✓ Missing molecule synthesis subproblem passed in 0.79s[0m
      Filtering reaction mbs_394 (390/491)...
[Atoms → Molecules] Found 12 molecules.
      [32m✓ All goal molecules found.[0m
        [32m✓ Missing molecule synthesis subproblem passed in 0.01s[0m
      Filtering reaction mbs_395 (391/491)...
[Atoms → Molecules] Found 56 molecules.
      [32m✓ All goal molecules found.[0m
        [32m✓ Missing molecule synthesis subproblem passed in 0.15s[0m
      Filtering reaction mbs_396 (392/491)...
[Atoms → Molecules] Found 59 molecules.
      [32m✓ All goal molecules found.[0m
        [32m✓ Missing molecule synthesis subproblem passed in 0.08s[0m
      Filtering reaction mbs_397 (393/491)...
[Atoms → Molecules] Found 6 molecules.
      [32m✓ All goal molecules found.[0m
        [32m✓ Missing molecule synthesis subproblem passed in 0.01s[0m
      Filtering reaction mbs_398 (394/491)...
[Atoms → Molecules] Found 64 molecules.
      [32m✓ All goal molecules found.[0m
        [32m✓ Missing molecule synthesis subproblem passed in 0.19s[0m
      Filtering reaction mbs_399 (395/491)...
[Atoms → Molecules] Found 3 molecules.
      [32m✓ All goal molecules found.[0m
        [32m✓ Missing molecule synthesis subproblem passed in 0.01s[0m
      Filtering reaction mbs_400 (396/491)...
[Atoms → Molecules] Found 17 molecules.
      [32m✓ All goal molecules found.[0m
        [32m✓ Missing molecule synthesis subproblem passed in 0.04s[0m
      Filtering reaction mbs_401 (397/491)...
[Atoms → Molecules] Found 38 molecules.
      [32m✓ All goal molecules found.[0m
        [32m✓ Missing molecule synthesis subproblem passed in 0.11s[0m
      Filtering reaction mbs_402 (398/491)...
[Atoms → Molecules] Found 250 molecules.
      [31m✗ Missing goal molecules.[0m
        [31m✗ Missing molecule synthesis subproblem failed in 1.18s[0m
      Filtering reaction mbs_403 (399/491)...
[Atoms → Molecules] Found 103 molecules.
      [32m✓ All goal molecules found.[0m
        [32m✓ Missing molecule synthesis subproblem passed in 0.64s[0m
      Filtering reaction mbs_404 (400/491)...
[Atoms → Molecules] Found 83 molecules.
      [32m✓ All goal molecules found.[0m
        [32m✓ Missing molecule synthesis subproblem passed in 0.38s[0m
      Filtering reaction mbs_405 (401/491)...
[Atoms → Molecules] Found 6 molecules.
      [32m✓ All goal molecules found.[0m
        [32m✓ Missing molecule synthesis subproblem passed in 0.01s[0m
      Filtering reaction mbs_406 (402/491)...
[Atoms → Molecules] Found 42 molecules.
      [32m✓ All goal molecules found.[0m
        [32m✓ Missing molecule synthesis subproblem passed in 0.1s[0m
      Filtering reaction mbs_407 (403/491)...
[Atoms → Molecules] Found 47 molecules.
      [32m✓ All goal molecules found.[0m
        [32m✓ Missing molecule synthesis subproblem passed in 0.13s[0m
      Filtering reaction mbs_408 (404/491)...
[Atoms → Molecules] Found 23 molecules.
      [32m✓ All goal molecules found.[0m
        [32m✓ Missing molecule synthesis subproblem passed in 0.14s[0m
      Filtering reaction mbs_409 (405/491)...
[Atoms → Molecules] Found 59 molecules.
      [32m✓ All goal molecules found.[0m
        [32m✓ Missing molecule synthesis subproblem passed in 0.28s[0m
      Filtering reaction mbs_410 (406/491)...
[Atoms → Molecules] Found 72 molecules.
      [32m✓ All goal molecules found.[0m
        [32m✓ Missing molecule synthesis subproblem passed in 0.14s[0m
      Filtering reaction mbs_411 (407/491)...
[Atoms → Molecules] Found 146 molecules.
      [32m✓ All goal molecules found.[0m
        [32m✓ Missing molecule synthesis subproblem passed in 0.4s[0m
      Filtering reaction mbs_413 (408/491)...
[Atoms → Molecules] Found 89 molecules.
      [32m✓ All goal molecules found.[0m
        [32m✓ Missing molecule synthesis subproblem passed in 0.41s[0m
      Filtering reaction mbs_414 (409/491)...
[Atoms → Molecules] Found 78 molecules.
      [32m✓ All goal molecules found.[0m
        [32m✓ Missing molecule synthesis subproblem passed in 0.18s[0m
      Filtering reaction mbs_415 (410/491)...
[Atoms → Molecules] Found 23 molecules.
      [32m✓ All goal molecules found.[0m
        [32m✓ Missing molecule synthesis subproblem passed in 0.03s[0m
      Filtering reaction mbs_416 (411/491)...
[Atoms → Molecules] Found 70 molecules.
      [32m✓ All goal molecules found.[0m
        [32m✓ Missing molecule synthesis subproblem passed in 0.22s[0m
      Filtering reaction mbs_417 (412/491)...
[Atoms → Molecules] Found 17 molecules.
      [32m✓ All goal molecules found.[0m
        [32m✓ Missing molecule synthesis subproblem passed in 0.05s[0m
      Filtering reaction mbs_418 (413/491)...
[Atoms → Molecules] Found 29 molecules.
      [32m✓ All goal molecules found.[0m
        [32m✓ Missing molecule synthesis subproblem passed in 0.09s[0m
      Filtering reaction mbs_419 (414/491)...
[Atoms → Molecules] Found 3 molecules.
      [32m✓ All goal molecules found.[0m
        [32m✓ Missing molecule synthesis subproblem passed in 0.01s[0m
      Filtering reaction mbs_420 (415/491)...
[Atoms → Molecules] Found 51 molecules.
      [32m✓ All goal molecules found.[0m
        [32m✓ Missing molecule synthesis subproblem passed in 0.2s[0m
      Filtering reaction mbs_421 (416/491)...
[Atoms → Molecules] Found 41 molecules.
      [32m✓ All goal molecules found.[0m
        [32m✓ Missing molecule synthesis subproblem passed in 0.14s[0m
      Filtering reaction mbs_422 (417/491)...
[Atoms → Molecules] Found 250 molecules.
      [31m✗ Missing goal molecules.[0m
        [31m✗ Missing molecule synthesis subproblem failed in 0.69s[0m
      Filtering reaction mbs_423 (418/491)...
[Atoms → Molecules] Found 250 molecules.
      [31m✗ Missing goal molecules.[0m
        [31m✗ Missing molecule synthesis subproblem failed in 0.62s[0m
      Filtering reaction mbs_424 (419/491)...
[Atoms → Molecules] Found 55 molecules.
      [32m✓ All goal molecules found.[0m
        [32m✓ Missing molecule synthesis subproblem passed in 0.1s[0m
      Filtering reaction mbs_425 (420/491)...
[Atoms → Molecules] Found 14 molecules.
      [32m✓ All goal molecules found.[0m
        [32m✓ Missing molecule synthesis subproblem passed in 0.03s[0m
      Filtering reaction mbs_426 (421/491)...
[Atoms → Molecules] Found 250 molecules.
      [31m✗ Missing goal molecules.[0m
        [31m✗ Missing molecule synthesis subproblem failed in 1.13s[0m
      Filtering reaction mbs_428 (422/491)...
[Atoms → Molecules] Found 48 molecules.
      [32m✓ All goal molecules found.[0m
        [32m✓ Missing molecule synthesis subproblem passed in 0.11s[0m
      Filtering reaction mbs_429 (423/491)...
[Atoms → Molecules] Found 183 molecules.
      [32m✓ All goal molecules found.[0m
        [32m✓ Missing molecule synthesis subproblem passed in 0.4s[0m
      Filtering reaction mbs_430 (424/491)...
[Atoms → Molecules] Found 250 molecules.
      [31m✗ Missing goal molecules.[0m
        [31m✗ Missing molecule synthesis subproblem failed in 0.7s[0m
      Filtering reaction mbs_431 (425/491)...
[Atoms → Molecules] Found 39 molecules.
      [32m✓ All goal molecules found.[0m
        [32m✓ Missing molecule synthesis subproblem passed in 0.18s[0m
      Filtering reaction mbs_432 (426/491)...
[Atoms → Molecules] Found 52 molecules.
      [32m✓ All goal molecules found.[0m
        [32m✓ Missing molecule synthesis subproblem passed in 0.08s[0m
      Filtering reaction mbs_433 (427/491)...
[Atoms → Molecules] Found 33 molecules.
      [32m✓ All goal molecules found.[0m
        [32m✓ Missing molecule synthesis subproblem passed in 0.08s[0m
      Filtering reaction mbs_434 (428/491)...
[Atoms → Molecules] Found 27 molecules.
      [32m✓ All goal molecules found.[0m
        [32m✓ Missing molecule synthesis subproblem passed in 0.04s[0m
      Filtering reaction mbs_435 (429/491)...
[Atoms → Molecules] Found 25 molecules.
      [32m✓ All goal molecules found.[0m
        [32m✓ Missing molecule synthesis subproblem passed in 0.2s[0m
      Filtering reaction mbs_436 (430/491)...
[Atoms → Molecules] Found 154 molecules.
      [32m✓ All goal molecules found.[0m
        [32m✓ Missing molecule synthesis subproblem passed in 0.4s[0m
      Filtering reaction mbs_437 (431/491)...
[Atoms → Molecules] Found 226 molecules.
      [32m✓ All goal molecules found.[0m
        [32m✓ Missing molecule synthesis subproblem passed in 0.57s[0m
      Filtering reaction mbs_438 (432/491)...
[Atoms → Molecules] Found 165 molecules.
      [32m✓ All goal molecules found.[0m
        [32m✓ Missing molecule synthesis subproblem passed in 0.38s[0m
      Filtering reaction mbs_439 (433/491)...
[Atoms → Molecules] Found 17 molecules.
      [32m✓ All goal molecules found.[0m
        [32m✓ Missing molecule synthesis subproblem passed in 0.05s[0m
      Filtering reaction mbs_440 (434/491)...
[Atoms → Molecules] Found 57 molecules.
      [32m✓ All goal molecules found.[0m
        [32m✓ Missing molecule synthesis subproblem passed in 0.09s[0m
      Filtering reaction mbs_442 (435/491)...
[Atoms → Molecules] Found 3 molecules.
      [32m✓ All goal molecules found.[0m
        [32m✓ Missing molecule synthesis subproblem passed in 0.01s[0m
      Filtering reaction mbs_443 (436/491)...
[Atoms → Molecules] Found 227 molecules.
      [32m✓ All goal molecules found.[0m
        [32m✓ Missing molecule synthesis subproblem passed in 0.76s[0m
      Filtering reaction mbs_444 (437/491)...
[Atoms → Molecules] Found 78 molecules.
      [32m✓ All goal molecules found.[0m
        [32m✓ Missing molecule synthesis subproblem passed in 0.24s[0m
      Filtering reaction mbs_445 (438/491)...
[Atoms → Molecules] Found 21 molecules.
      [32m✓ All goal molecules found.[0m
        [32m✓ Missing molecule synthesis subproblem passed in 0.03s[0m
      Filtering reaction mbs_446 (439/491)...
[Atoms → Molecules] Found 142 molecules.
      [32m✓ All goal molecules found.[0m
        [32m✓ Missing molecule synthesis subproblem passed in 0.29s[0m
      Filtering reaction mbs_447 (440/491)...
[Atoms → Molecules] Found 250 molecules.
      [31m✗ Missing goal molecules.[0m
        [31m✗ Missing molecule synthesis subproblem failed in 0.9s[0m
      Filtering reaction mbs_448 (441/491)...
[Atoms → Molecules] Found 23 molecules.
      [32m✓ All goal molecules found.[0m
        [32m✓ Missing molecule synthesis subproblem passed in 0.1s[0m
      Filtering reaction mbs_449 (442/491)...
[Atoms → Molecules] Found 250 molecules.
      [31m✗ Missing goal molecules.[0m
        [31m✗ Missing molecule synthesis subproblem failed in 0.82s[0m
      Filtering reaction mbs_450 (443/491)...
[Atoms → Molecules] Found 250 molecules.
      [31m✗ Missing goal molecules.[0m
        [31m✗ Missing molecule synthesis subproblem failed in 0.86s[0m
      Filtering reaction mbs_451 (444/491)...
[Atoms → Molecules] Found 17 molecules.
      [32m✓ All goal molecules found.[0m
        [32m✓ Missing molecule synthesis subproblem passed in 0.03s[0m
      Filtering reaction mbs_452 (445/491)...
[Atoms → Molecules] Found 45 molecules.
      [32m✓ All goal molecules found.[0m
        [32m✓ Missing molecule synthesis subproblem passed in 0.11s[0m
      Filtering reaction mbs_453 (446/491)...
[Atoms → Molecules] Found 152 molecules.
      [32m✓ All goal molecules found.[0m
        [32m✓ Missing molecule synthesis subproblem passed in 0.25s[0m
      Filtering reaction mbs_454 (447/491)...
[Atoms → Molecules] Found 49 molecules.
      [32m✓ All goal molecules found.[0m
        [32m✓ Missing molecule synthesis subproblem passed in 0.18s[0m
      Filtering reaction mbs_455 (448/491)...
[Atoms → Molecules] Found 147 molecules.
      [32m✓ All goal molecules found.[0m
        [32m✓ Missing molecule synthesis subproblem passed in 0.29s[0m
      Filtering reaction mbs_456 (449/491)...
[Atoms → Molecules] Found 18 molecules.
      [32m✓ All goal molecules found.[0m
        [32m✓ Missing molecule synthesis subproblem passed in 0.02s[0m
      Filtering reaction mbs_457 (450/491)...
[Atoms → Molecules] Found 250 molecules.
      [31m✗ Missing goal molecules.[0m
        [31m✗ Missing molecule synthesis subproblem failed in 0.7s[0m
      Filtering reaction mbs_458 (451/491)...
[Atoms → Molecules] Found 183 molecules.
      [32m✓ All goal molecules found.[0m
        [32m✓ Missing molecule synthesis subproblem passed in 0.31s[0m
      Filtering reaction mbs_459 (452/491)...
[Atoms → Molecules] Found 7 molecules.
      [32m✓ All goal molecules found.[0m
        [32m✓ Missing molecule synthesis subproblem passed in 0.01s[0m
      Filtering reaction mbs_460 (453/491)...
[Atoms → Molecules] Found 3 molecules.
      [32m✓ All goal molecules found.[0m
        [32m✓ Missing molecule synthesis subproblem passed in 0.0s[0m
      Filtering reaction mbs_461 (454/491)...
[Atoms → Molecules] Found 17 molecules.
      [32m✓ All goal molecules found.[0m
        [32m✓ Missing molecule synthesis subproblem passed in 0.05s[0m
      Filtering reaction mbs_462 (455/491)...
[Atoms → Molecules] Found 3 molecules.
      [32m✓ All goal molecules found.[0m
        [32m✓ Missing molecule synthesis subproblem passed in 0.01s[0m
      Filtering reaction mbs_463 (456/491)...
[Atoms → Molecules] Found 13 molecules.
      [32m✓ All goal molecules found.[0m
        [32m✓ Missing molecule synthesis subproblem passed in 0.01s[0m
      Filtering reaction mbs_464 (457/491)...
[Atoms → Molecules] Found 65 molecules.
      [32m✓ All goal molecules found.[0m
        [32m✓ Missing molecule synthesis subproblem passed in 0.12s[0m
      Filtering reaction mbs_465 (458/491)...
[Atoms → Molecules] Found 27 molecules.
      [32m✓ All goal molecules found.[0m
        [32m✓ Missing molecule synthesis subproblem passed in 0.1s[0m
      Filtering reaction mbs_466 (459/491)...
[Atoms → Molecules] Found 21 molecules.
      [32m✓ All goal molecules found.[0m
        [32m✓ Missing molecule synthesis subproblem passed in 0.03s[0m
      Filtering reaction mbs_467 (460/491)...
[Atoms → Molecules] Found 10 molecules.
      [32m✓ All goal molecules found.[0m
        [32m✓ Missing molecule synthesis subproblem passed in 0.04s[0m
      Filtering reaction mbs_468 (461/491)...
[Atoms → Molecules] Found 68 molecules.
      [32m✓ All goal molecules found.[0m
        [32m✓ Missing molecule synthesis subproblem passed in 0.14s[0m
      Filtering reaction mbs_469 (462/491)...
[Atoms → Molecules] Found 39 molecules.
      [32m✓ All goal molecules found.[0m
        [32m✓ Missing molecule synthesis subproblem passed in 0.12s[0m
      Filtering reaction mbs_470 (463/491)...
[Atoms → Molecules] Found 20 molecules.
      [32m✓ All goal molecules found.[0m
        [32m✓ Missing molecule synthesis subproblem passed in 0.06s[0m
      Filtering reaction mbs_471 (464/491)...
[Atoms → Molecules] Found 16 molecules.
      [32m✓ All goal molecules found.[0m
        [32m✓ Missing molecule synthesis subproblem passed in 0.03s[0m
      Filtering reaction mbs_472 (465/491)...
[Atoms → Molecules] Found 8 molecules.
      [32m✓ All goal molecules found.[0m
        [32m✓ Missing molecule synthesis subproblem passed in 0.01s[0m
      Filtering reaction mbs_473 (466/491)...
[Atoms → Molecules] Found 20 molecules.
      [32m✓ All goal molecules found.[0m
        [32m✓ Missing molecule synthesis subproblem passed in 0.06s[0m
      Filtering reaction mbs_474 (467/491)...
[Atoms → Molecules] Found 3 molecules.
      [32m✓ All goal molecules found.[0m
        [32m✓ Missing molecule synthesis subproblem passed in 0.01s[0m
      Filtering reaction mbs_476 (468/491)...
[Atoms → Molecules] Found 33 molecules.
      [32m✓ All goal molecules found.[0m
        [32m✓ Missing molecule synthesis subproblem passed in 0.11s[0m
      Filtering reaction mbs_477 (469/491)...
[Atoms → Molecules] Found 3 molecules.
      [32m✓ All goal molecules found.[0m
        [32m✓ Missing molecule synthesis subproblem passed in 0.01s[0m
      Filtering reaction mbs_478 (470/491)...
[Atoms → Molecules] Found 250 molecules.
      [31m✗ Missing goal molecules.[0m
        [31m✗ Missing molecule synthesis subproblem failed in 0.69s[0m
      Filtering reaction mbs_479 (471/491)...
[Atoms → Molecules] Found 33 molecules.
      [32m✓ All goal molecules found.[0m
        [32m✓ Missing molecule synthesis subproblem passed in 0.13s[0m
      Filtering reaction mbs_480 (472/491)...
[Atoms → Molecules] Found 29 molecules.
      [32m✓ All goal molecules found.[0m
        [32m✓ Missing molecule synthesis subproblem passed in 0.06s[0m
      Filtering reaction mbs_481 (473/491)...
[Atoms → Molecules] Found 76 molecules.
      [32m✓ All goal molecules found.[0m
        [32m✓ Missing molecule synthesis subproblem passed in 0.15s[0m
      Filtering reaction mbs_482 (474/491)...
[Atoms → Molecules] Found 25 molecules.
      [32m✓ All goal molecules found.[0m
        [32m✓ Missing molecule synthesis subproblem passed in 0.05s[0m
      Filtering reaction mbs_483 (475/491)...
[Atoms → Molecules] Found 35 molecules.
      [32m✓ All goal molecules found.[0m
        [32m✓ Missing molecule synthesis subproblem passed in 0.09s[0m
      Filtering reaction mbs_484 (476/491)...
[Atoms → Molecules] Found 250 molecules.
      [31m✗ Missing goal molecules.[0m
        [31m✗ Missing molecule synthesis subproblem failed in 0.63s[0m
      Filtering reaction mbs_485 (477/491)...
[Atoms → Molecules] Found 23 molecules.
      [32m✓ All goal molecules found.[0m
        [32m✓ Missing molecule synthesis subproblem passed in 0.12s[0m
      Filtering reaction mbs_486 (478/491)...
[Atoms → Molecules] Found 167 molecules.
      [32m✓ All goal molecules found.[0m
        [32m✓ Missing molecule synthesis subproblem passed in 0.45s[0m
      Filtering reaction mbs_487 (479/491)...
[Atoms → Molecules] Found 35 molecules.
      [32m✓ All goal molecules found.[0m
        [32m✓ Missing molecule synthesis subproblem passed in 0.1s[0m
      Filtering reaction mbs_488 (480/491)...
[Atoms → Molecules] Found 31 molecules.
      [32m✓ All goal molecules found.[0m
        [32m✓ Missing molecule synthesis subproblem passed in 0.06s[0m
      Filtering reaction mbs_489 (481/491)...
[Atoms → Molecules] Found 45 molecules.
      [32m✓ All goal molecules found.[0m
        [32m✓ Missing molecule synthesis subproblem passed in 0.12s[0m
      Filtering reaction mbs_490 (482/491)...
[Atoms → Molecules] Found 51 molecules.
      [32m✓ All goal molecules found.[0m
        [32m✓ Missing molecule synthesis subproblem passed in 0.11s[0m
      Filtering reaction mbs_491 (483/491)...
[Atoms → Molecules] Found 78 molecules.
      [32m✓ All goal molecules found.[0m
        [32m✓ Missing molecule synthesis subproblem passed in 0.17s[0m
      Filtering reaction mbs_492 (484/491)...
[Atoms → Molecules] Found 250 molecules.
      [31m✗ Missing goal molecules.[0m
        [31m✗ Missing molecule synthesis subproblem failed in 0.5s[0m
      Filtering reaction mbs_493 (485/491)...
[Atoms → Molecules] Found 27 molecules.
      [32m✓ All goal molecules found.[0m
        [32m✓ Missing molecule synthesis subproblem passed in 0.05s[0m
      Filtering reaction mbs_494 (486/491)...
[Atoms → Molecules] Found 22 molecules.
      [32m✓ All goal molecules found.[0m
        [32m✓ Missing molecule synthesis subproblem passed in 0.05s[0m
      Filtering reaction mbs_495 (487/491)...
[Atoms → Molecules] Found 6 molecules.
      [32m✓ All goal molecules found.[0m
        [32m✓ Missing molecule synthesis subproblem passed in 0.01s[0m
      Filtering reaction mbs_496 (488/491)...
[Atoms → Molecules] Found 36 molecules.
      [32m✓ All goal molecules found.[0m
        [32m✓ Missing molecule synthesis subproblem passed in 0.09s[0m
      Filtering reaction mbs_497 (489/491)...
[Atoms → Molecules] Found 26 molecules.
      [32m✓ All goal molecules found.[0m
        [32m✓ Missing molecule synthesis subproblem passed in 0.05s[0m
      Filtering reaction mbs_498 (490/491)...
[Atoms → Molecules] Found 37 molecules.
      [32m✓ All goal molecules found.[0m
        [32m✓ Missing molecule synthesis subproblem passed in 0.13s[0m
      Filtering reaction mbs_499 (491/491)...
[Atoms → Molecules] Found 22 molecules.
      [32m✓ All goal molecules found.[0m
        [32m✓ Missing molecule synthesis subproblem passed in 0.08s[0m

  [1mSimilarity Metric: none[0m
      Evaluating reaction mbs_1 (1/491)...
[Problem → Reactions] Found 6700 reactions, 250 molecules.
      [32m✓ All goal molecules found.[0m
      [32m✓ All goal reactions found.[0m
        [32m✓ Target reaction successfully synthesized in 8.04s![0m
      Evaluating reaction mbs_2 (2/491)...
[Problem → Reactions] Found 7144 reactions, 250 molecules.
      [32m✓ All goal molecules found.[0m
      [32m✓ All goal reactions found.[0m
        [32m✓ Target reaction successfully synthesized in 10.55s![0m
      Evaluating reaction mbs_3 (3/491)...
[Problem → Reactions] Found 1652 reactions, 250 molecules.
      [32m✓ All goal molecules found.[0m
      [32m✓ All goal reactions found.[0m
        [32m✓ Target reaction successfully synthesized in 4.94s![0m
      Evaluating reaction mbs_4 (4/491)...
[Problem → Reactions] Found 1056 reactions, 250 molecules.
      [32m✓ All goal molecules found.[0m
      [32m✓ All goal reactions found.[0m
        [32m✓ Target reaction successfully synthesized in 5.99s![0m
      Evaluating reaction mbs_5 (5/491)...
[Problem → Reactions] Found 7952 reactions, 250 molecules.
      [32m✓ All goal molecules found.[0m
      [32m✓ All goal reactions found.[0m
        [32m✓ Target reaction successfully synthesized in 12.91s![0m
      Evaluating reaction mbs_6 (6/491)...
[Problem → Reactions] Found 1374 reactions, 250 molecules.
      [32m✓ All goal molecules found.[0m
      [32m✓ All goal reactions found.[0m
        [32m✓ Target reaction successfully synthesized in 5.17s![0m
      Evaluating reaction mbs_7 (7/491)...
[Problem → Reactions] Found 4206 reactions, 250 molecules.
      [32m✓ All goal molecules found.[0m
      [32m✓ All goal reactions found.[0m
        [32m✓ Target reaction successfully synthesized in 10.52s![0m
      Evaluating reaction mbs_8 (8/491)...
        [31m✗ Skipped reaction synthesis (missing molecule synthesis subproblem failed).[0m
      Evaluating reaction mbs_9 (9/491)...
[Problem → Reactions] Found 591 reactions, 250 molecules.
      [32m✓ All goal molecules found.[0m
      [32m✓ All goal reactions found.[0m
        [32m✓ Target reaction successfully synthesized in 0.68s![0m
      Evaluating reaction mbs_10 (10/491)...
[Problem → Reactions] Found 2502 reactions, 250 molecules.
      [32m✓ All goal molecules found.[0m
      [32m✓ All goal reactions found.[0m
        [32m✓ Target reaction successfully synthesized in 5.35s![0m
      Evaluating reaction mbs_11 (11/491)...
[Problem → Reactions] Found 5110 reactions, 250 molecules.
      [32m✓ All goal molecules found.[0m
      [32m✓ All goal reactions found.[0m
        [32m✓ Target reaction successfully synthesized in 7.94s![0m
      Evaluating reaction mbs_12 (12/491)...
[Problem → Reactions] Found 1262 reactions, 250 molecules.
      [32m✓ All goal molecules found.[0m
      [32m✓ All goal reactions found.[0m
        [32m✓ Target reaction successfully synthesized in 4.84s![0m
      Evaluating reaction mbs_13 (13/491)...
[Problem → Reactions] Found 30000 reactions, 250 molecules.
      [32m✓ All goal molecules found.[0m
      [31m✗ Missing goal reactions.[0m
        [31m✗ Synthesis failed or timed out in 28.43s.[0m
      Evaluating reaction mbs_14 (14/491)...
[Problem → Reactions] Found 7782 reactions, 250 molecules.
      [32m✓ All goal molecules found.[0m
      [32m✓ All goal reactions found.[0m
        [32m✓ Target reaction successfully synthesized in 6.79s![0m
      Evaluating reaction mbs_15 (15/491)...
[Problem → Reactions] Found 17578 reactions, 250 molecules.
      [32m✓ All goal molecules found.[0m
      [32m✓ All goal reactions found.[0m
        [32m✓ Target reaction successfully synthesized in 26.22s![0m
      Evaluating reaction mbs_16 (16/491)...
[Problem → Reactions] Found 4638 reactions, 250 molecules.
      [32m✓ All goal molecules found.[0m
      [32m✓ All goal reactions found.[0m
        [32m✓ Target reaction successfully synthesized in 9.57s![0m
      Evaluating reaction mbs_17 (17/491)...
[Problem → Reactions] Found 1314 reactions, 250 molecules.
      [32m✓ All goal molecules found.[0m
      [32m✓ All goal reactions found.[0m
        [32m✓ Target reaction successfully synthesized in 6.93s![0m
      Evaluating reaction mbs_18 (18/491)...
[Problem → Reactions] Found 1023 reactions, 250 molecules.
      [32m✓ All goal molecules found.[0m
      [32m✓ All goal reactions found.[0m
        [32m✓ Target reaction successfully synthesized in 1.04s![0m
      Evaluating reaction mbs_19 (19/491)...
[Problem → Reactions] Found 6182 reactions, 250 molecules.
      [32m✓ All goal molecules found.[0m
      [32m✓ All goal reactions found.[0m
        [32m✓ Target reaction successfully synthesized in 11.56s![0m
      Evaluating reaction mbs_20 (20/491)...
[Problem → Reactions] Found 2053 reactions, 250 molecules.
      [32m✓ All goal molecules found.[0m
      [32m✓ All goal reactions found.[0m
        [32m✓ Target reaction successfully synthesized in 1.17s![0m
      Evaluating reaction mbs_21 (21/491)...
        [31m✗ Skipped reaction synthesis (missing molecule synthesis subproblem failed).[0m
      Evaluating reaction mbs_22 (22/491)...
[Problem → Reactions] Found 555 reactions, 250 molecules.
      [32m✓ All goal molecules found.[0m
      [32m✓ All goal reactions found.[0m
        [32m✓ Target reaction successfully synthesized in 0.8s![0m
      Evaluating reaction mbs_23 (23/491)...
[Problem → Reactions] Found 30000 reactions, 250 molecules.
      [32m✓ All goal molecules found.[0m
      [31m✗ Missing goal reactions.[0m
        [31m✗ Synthesis failed or timed out in 36.97s.[0m
      Evaluating reaction mbs_24 (24/491)...
[Problem → Reactions] Found 2524 reactions, 250 molecules.
      [32m✓ All goal molecules found.[0m
      [32m✓ All goal reactions found.[0m
        [32m✓ Target reaction successfully synthesized in 5.25s![0m
      Evaluating reaction mbs_25 (25/491)...
[Problem → Reactions] Found 1175 reactions, 250 molecules.
      [32m✓ All goal molecules found.[0m
      [32m✓ All goal reactions found.[0m
        [32m✓ Target reaction successfully synthesized in 1.02s![0m
      Evaluating reaction mbs_26 (26/491)...
[Problem → Reactions] Found 1056 reactions, 250 molecules.
      [32m✓ All goal molecules found.[0m
      [32m✓ All goal reactions found.[0m
        [32m✓ Target reaction successfully synthesized in 4.39s![0m
      Evaluating reaction mbs_27 (27/491)...
[Problem → Reactions] Found 2524 reactions, 250 molecules.
      [32m✓ All goal molecules found.[0m
      [32m✓ All goal reactions found.[0m
        [32m✓ Target reaction successfully synthesized in 6.41s![0m
      Evaluating reaction mbs_28 (28/491)...
[Problem → Reactions] Found 3604 reactions, 250 molecules.
      [32m✓ All goal molecules found.[0m
      [32m✓ All goal reactions found.[0m
        [32m✓ Target reaction successfully synthesized in 8.46s![0m
      Evaluating reaction mbs_29 (29/491)...
[Problem → Reactions] Found 5521 reactions, 250 molecules.
      [32m✓ All goal molecules found.[0m
      [32m✓ All goal reactions found.[0m
        [32m✓ Target reaction successfully synthesized in 1.54s![0m
      Evaluating reaction mbs_30 (30/491)...
[Problem → Reactions] Found 1316 reactions, 250 molecules.
      [32m✓ All goal molecules found.[0m
      [32m✓ All goal reactions found.[0m
        [32m✓ Target reaction successfully synthesized in 5.12s![0m
      Evaluating reaction mbs_31 (31/491)...
[Problem → Reactions] Found 5274 reactions, 250 molecules.
      [32m✓ All goal molecules found.[0m
      [32m✓ All goal reactions found.[0m
        [32m✓ Target reaction successfully synthesized in 8.53s![0m
      Evaluating reaction mbs_32 (32/491)...
[Problem → Reactions] Found 3408 reactions, 250 molecules.
      [32m✓ All goal molecules found.[0m
      [32m✓ All goal reactions found.[0m
        [32m✓ Target reaction successfully synthesized in 7.34s![0m
      Evaluating reaction mbs_33 (33/491)...
[Problem → Reactions] Found 1514 reactions, 250 molecules.
      [32m✓ All goal molecules found.[0m
      [32m✓ All goal reactions found.[0m
        [32m✓ Target reaction successfully synthesized in 5.74s![0m
      Evaluating reaction mbs_34 (34/491)...
        [31m✗ Skipped reaction synthesis (missing molecule synthesis subproblem failed).[0m
      Evaluating reaction mbs_35 (35/491)...
[Problem → Reactions] Found 1673 reactions, 250 molecules.
      [32m✓ All goal molecules found.[0m
      [32m✓ All goal reactions found.[0m
        [32m✓ Target reaction successfully synthesized in 1.76s![0m
      Evaluating reaction mbs_36 (36/491)...
[Problem → Reactions] Found 30000 reactions, 250 molecules.
      [32m✓ All goal molecules found.[0m
      [31m✗ Missing goal reactions.[0m
        [31m✗ Synthesis failed or timed out in 54.35s.[0m
      Evaluating reaction mbs_37 (37/491)...
[Problem → Reactions] Found 865 reactions, 250 molecules.
      [32m✓ All goal molecules found.[0m
      [32m✓ All goal reactions found.[0m
        [32m✓ Target reaction successfully synthesized in 0.63s![0m
      Evaluating reaction mbs_38 (38/491)...
[Problem → Reactions] Found 1466 reactions, 250 molecules.
      [32m✓ All goal molecules found.[0m
      [32m✓ All goal reactions found.[0m
        [32m✓ Target reaction successfully synthesized in 5.51s![0m
      Evaluating reaction mbs_39 (39/491)...
[Problem → Reactions] Found 2164 reactions, 250 molecules.
      [32m✓ All goal molecules found.[0m
      [32m✓ All goal reactions found.[0m
        [32m✓ Target reaction successfully synthesized in 4.18s![0m
      Evaluating reaction mbs_40 (40/491)...
[Problem → Reactions] Found 7728 reactions, 250 molecules.
      [32m✓ All goal molecules found.[0m
      [32m✓ All goal reactions found.[0m
        [32m✓ Target reaction successfully synthesized in 13.88s![0m
      Evaluating reaction mbs_41 (41/491)...
[Problem → Reactions] Found 1653 reactions, 250 molecules.
      [32m✓ All goal molecules found.[0m
      [32m✓ All goal reactions found.[0m
        [32m✓ Target reaction successfully synthesized in 1.19s![0m
      Evaluating reaction mbs_42 (42/491)...
[Problem → Reactions] Found 5580 reactions, 250 molecules.
      [32m✓ All goal molecules found.[0m
      [32m✓ All goal reactions found.[0m
        [32m✓ Target reaction successfully synthesized in 9.71s![0m
      Evaluating reaction mbs_43 (43/491)...
[Problem → Reactions] Found 1418 reactions, 250 molecules.
      [32m✓ All goal molecules found.[0m
      [32m✓ All goal reactions found.[0m
        [32m✓ Target reaction successfully synthesized in 5.77s![0m
      Evaluating reaction mbs_44 (44/491)...
[Problem → Reactions] Found 14186 reactions, 250 molecules.
      [32m✓ All goal molecules found.[0m
      [32m✓ All goal reactions found.[0m
        [32m✓ Target reaction successfully synthesized in 15.86s![0m
      Evaluating reaction mbs_45 (45/491)...
[Problem → Reactions] Found 203 reactions, 250 molecules.
      [32m✓ All goal molecules found.[0m
      [32m✓ All goal reactions found.[0m
        [32m✓ Target reaction successfully synthesized in 1.01s![0m
      Evaluating reaction mbs_46 (46/491)...
[Problem → Reactions] Found 2400 reactions, 250 molecules.
      [32m✓ All goal molecules found.[0m
      [32m✓ All goal reactions found.[0m
        [32m✓ Target reaction successfully synthesized in 7.59s![0m
      Evaluating reaction mbs_47 (47/491)...
        [31m✗ Skipped reaction synthesis (missing molecule synthesis subproblem failed).[0m
      Evaluating reaction mbs_48 (48/491)...
[Problem → Reactions] Found 3476 reactions, 250 molecules.
      [32m✓ All goal molecules found.[0m
      [32m✓ All goal reactions found.[0m
        [32m✓ Target reaction successfully synthesized in 8.84s![0m
      Evaluating reaction mbs_49 (49/491)...
[Problem → Reactions] Found 4034 reactions, 250 molecules.
      [32m✓ All goal molecules found.[0m
      [32m✓ All goal reactions found.[0m
        [32m✓ Target reaction successfully synthesized in 10.01s![0m
      Evaluating reaction mbs_50 (50/491)...
[Problem → Reactions] Found 2100 reactions, 250 molecules.
      [32m✓ All goal molecules found.[0m
      [32m✓ All goal reactions found.[0m
        [32m✓ Target reaction successfully synthesized in 7.59s![0m
      Evaluating reaction mbs_51 (51/491)...
[Problem → Reactions] Found 750 reactions, 250 molecules.
      [32m✓ All goal molecules found.[0m
      [32m✓ All goal reactions found.[0m
        [32m✓ Target reaction successfully synthesized in 4.42s![0m
      Evaluating reaction mbs_52 (52/491)...
[Problem → Reactions] Found 2912 reactions, 250 molecules.
      [32m✓ All goal molecules found.[0m
      [32m✓ All goal reactions found.[0m
        [32m✓ Target reaction successfully synthesized in 8.25s![0m
      Evaluating reaction mbs_53 (53/491)...
[Problem → Reactions] Found 1251 reactions, 250 molecules.
      [32m✓ All goal molecules found.[0m
      [32m✓ All goal reactions found.[0m
        [32m✓ Target reaction successfully synthesized in 1.06s![0m
      Evaluating reaction mbs_54 (54/491)...
[Problem → Reactions] Found 1908 reactions, 250 molecules.
      [32m✓ All goal molecules found.[0m
      [32m✓ All goal reactions found.[0m
        [32m✓ Target reaction successfully synthesized in 6.06s![0m
      Evaluating reaction mbs_55 (55/491)...
[Problem → Reactions] Found 4327 reactions, 250 molecules.
      [32m✓ All goal molecules found.[0m
      [32m✓ All goal reactions found.[0m
        [32m✓ Target reaction successfully synthesized in 1.94s![0m
      Evaluating reaction mbs_56 (56/491)...
[Problem → Reactions] Found 1374 reactions, 250 molecules.
      [32m✓ All goal molecules found.[0m
      [32m✓ All goal reactions found.[0m
        [32m✓ Target reaction successfully synthesized in 7.45s![0m
      Evaluating reaction mbs_57 (57/491)...
[Problem → Reactions] Found 6524 reactions, 250 molecules.
      [32m✓ All goal molecules found.[0m
      [32m✓ All goal reactions found.[0m
        [32m✓ Target reaction successfully synthesized in 13.77s![0m
      Evaluating reaction mbs_58 (58/491)...
        [31m✗ Skipped reaction synthesis (missing molecule synthesis subproblem failed).[0m
      Evaluating reaction mbs_59 (59/491)...
[Problem → Reactions] Found 2263 reactions, 250 molecules.
      [32m✓ All goal molecules found.[0m
      [32m✓ All goal reactions found.[0m
        [32m✓ Target reaction successfully synthesized in 0.72s![0m
      Evaluating reaction mbs_60 (60/491)...
[Problem → Reactions] Found 8660 reactions, 250 molecules.
      [32m✓ All goal molecules found.[0m
      [32m✓ All goal reactions found.[0m
        [32m✓ Target reaction successfully synthesized in 12.68s![0m
      Evaluating reaction mbs_61 (61/491)...
[Problem → Reactions] Found 721 reactions, 250 molecules.
      [32m✓ All goal molecules found.[0m
      [32m✓ All goal reactions found.[0m
        [32m✓ Target reaction successfully synthesized in 0.99s![0m
      Evaluating reaction mbs_62 (62/491)...
[Problem → Reactions] Found 4100 reactions, 250 molecules.
      [32m✓ All goal molecules found.[0m
      [32m✓ All goal reactions found.[0m
        [32m✓ Target reaction successfully synthesized in 9.44s![0m
      Evaluating reaction mbs_63 (63/491)...
        [31m✗ Skipped reaction synthesis (missing molecule synthesis subproblem failed).[0m
      Evaluating reaction mbs_64 (64/491)...
[Problem → Reactions] Found 3792 reactions, 250 molecules.
      [32m✓ All goal molecules found.[0m
      [32m✓ All goal reactions found.[0m
        [32m✓ Target reaction successfully synthesized in 8.08s![0m
      Evaluating reaction mbs_65 (65/491)...
[Problem → Reactions] Found 2857 reactions, 250 molecules.
      [32m✓ All goal molecules found.[0m
      [32m✓ All goal reactions found.[0m
        [32m✓ Target reaction successfully synthesized in 4.33s![0m
      Evaluating reaction mbs_66 (66/491)...
        [31m✗ Skipped reaction synthesis (missing molecule synthesis subproblem failed).[0m
      Evaluating reaction mbs_67 (67/491)...
[Problem → Reactions] Found 1514 reactions, 250 molecules.
      [32m✓ All goal molecules found.[0m
      [32m✓ All goal reactions found.[0m
        [32m✓ Target reaction successfully synthesized in 5.71s![0m
      Evaluating reaction mbs_68 (68/491)...
[Problem → Reactions] Found 7394 reactions, 250 molecules.
      [32m✓ All goal molecules found.[0m
      [32m✓ All goal reactions found.[0m
        [32m✓ Target reaction successfully synthesized in 10.29s![0m
      Evaluating reaction mbs_69 (69/491)...
[Problem → Reactions] Found 2250 reactions, 250 molecules.
      [32m✓ All goal molecules found.[0m
      [32m✓ All goal reactions found.[0m
        [32m✓ Target reaction successfully synthesized in 7.01s![0m
      Evaluating reaction mbs_70 (70/491)...
[Problem → Reactions] Found 11712 reactions, 250 molecules.
      [32m✓ All goal molecules found.[0m
      [32m✓ All goal reactions found.[0m
        [32m✓ Target reaction successfully synthesized in 18.95s![0m
      Evaluating reaction mbs_71 (71/491)...
        [31m✗ Skipped reaction synthesis (missing molecule synthesis subproblem failed).[0m
      Evaluating reaction mbs_72 (72/491)...
[Problem → Reactions] Found 1318 reactions, 250 molecules.
      [32m✓ All goal molecules found.[0m
      [32m✓ All goal reactions found.[0m
        [32m✓ Target reaction successfully synthesized in 5.39s![0m
      Evaluating reaction mbs_73 (73/491)...
[Problem → Reactions] Found 537 reactions, 250 molecules.
      [32m✓ All goal molecules found.[0m
      [32m✓ All goal reactions found.[0m
        [32m✓ Target reaction successfully synthesized in 0.92s![0m
      Evaluating reaction mbs_74 (74/491)...
[Problem → Reactions] Found 2756 reactions, 250 molecules.
      [32m✓ All goal molecules found.[0m
      [32m✓ All goal reactions found.[0m
        [32m✓ Target reaction successfully synthesized in 7.08s![0m
      Evaluating reaction mbs_75 (75/491)...
        [31m✗ Skipped reaction synthesis (missing molecule synthesis subproblem failed).[0m
      Evaluating reaction mbs_76 (76/491)...
[Problem → Reactions] Found 1189 reactions, 250 molecules.
      [32m✓ All goal molecules found.[0m
      [32m✓ All goal reactions found.[0m
        [32m✓ Target reaction successfully synthesized in 1.01s![0m
      Evaluating reaction mbs_77 (77/491)...
[Problem → Reactions] Found 7329 reactions, 250 molecules.
      [32m✓ All goal molecules found.[0m
      [32m✓ All goal reactions found.[0m
        [32m✓ Target reaction successfully synthesized in 1.33s![0m
      Evaluating reaction mbs_78 (78/491)...
[Problem → Reactions] Found 2542 reactions, 250 molecules.
      [32m✓ All goal molecules found.[0m
      [32m✓ All goal reactions found.[0m
        [32m✓ Target reaction successfully synthesized in 5.57s![0m
      Evaluating reaction mbs_79 (79/491)...
[Problem → Reactions] Found 5002 reactions, 250 molecules.
      [32m✓ All goal molecules found.[0m
      [32m✓ All goal reactions found.[0m
        [32m✓ Target reaction successfully synthesized in 10.74s![0m
      Evaluating reaction mbs_80 (80/491)...
[Problem → Reactions] Found 2637 reactions, 250 molecules.
      [32m✓ All goal molecules found.[0m
      [32m✓ All goal reactions found.[0m
        [32m✓ Target reaction successfully synthesized in 1.24s![0m
      Evaluating reaction mbs_81 (81/491)...
[Problem → Reactions] Found 10382 reactions, 250 molecules.
      [32m✓ All goal molecules found.[0m
      [32m✓ All goal reactions found.[0m
        [32m✓ Target reaction successfully synthesized in 15.59s![0m
      Evaluating reaction mbs_82 (82/491)...
[Problem → Reactions] Found 3897 reactions, 250 molecules.
      [32m✓ All goal molecules found.[0m
      [32m✓ All goal reactions found.[0m
        [32m✓ Target reaction successfully synthesized in 1.32s![0m
      Evaluating reaction mbs_83 (83/491)...
[Problem → Reactions] Found 703 reactions, 250 molecules.
      [32m✓ All goal molecules found.[0m
      [32m✓ All goal reactions found.[0m
        [32m✓ Target reaction successfully synthesized in 0.96s![0m
      Evaluating reaction mbs_84 (84/491)...
[Problem → Reactions] Found 1293 reactions, 250 molecules.
      [32m✓ All goal molecules found.[0m
      [32m✓ All goal reactions found.[0m
        [32m✓ Target reaction successfully synthesized in 1.54s![0m
      Evaluating reaction mbs_85 (85/491)...
[Problem → Reactions] Found 1056 reactions, 250 molecules.
      [32m✓ All goal molecules found.[0m
      [32m✓ All goal reactions found.[0m
        [32m✓ Target reaction successfully synthesized in 5.54s![0m
      Evaluating reaction mbs_86 (86/491)...
[Problem → Reactions] Found 20250 reactions, 250 molecules.
      [32m✓ All goal molecules found.[0m
      [32m✓ All goal reactions found.[0m
        [32m✓ Target reaction successfully synthesized in 18.49s![0m
      Evaluating reaction mbs_87 (87/491)...
[Problem → Reactions] Found 7510 reactions, 250 molecules.
      [32m✓ All goal molecules found.[0m
      [32m✓ All goal reactions found.[0m
        [32m✓ Target reaction successfully synthesized in 9.3s![0m
      Evaluating reaction mbs_88 (88/491)...
        [31m✗ Skipped reaction synthesis (missing molecule synthesis subproblem failed).[0m
      Evaluating reaction mbs_89 (89/491)...
[Problem → Reactions] Found 1495 reactions, 250 molecules.
      [32m✓ All goal molecules found.[0m
      [32m✓ All goal reactions found.[0m
        [32m✓ Target reaction successfully synthesized in 1.16s![0m
      Evaluating reaction mbs_90 (90/491)...
[Problem → Reactions] Found 1984 reactions, 250 molecules.
      [32m✓ All goal molecules found.[0m
      [32m✓ All goal reactions found.[0m
        [32m✓ Target reaction successfully synthesized in 5.26s![0m
      Evaluating reaction mbs_91 (91/491)...
        [31m✗ Skipped reaction synthesis (missing molecule synthesis subproblem failed).[0m
      Evaluating reaction mbs_92 (92/491)...
[Problem → Reactions] Found 980 reactions, 250 molecules.
      [32m✓ All goal molecules found.[0m
      [32m✓ All goal reactions found.[0m
        [32m✓ Target reaction successfully synthesized in 6.41s![0m
      Evaluating reaction mbs_93 (93/491)...
[Problem → Reactions] Found 2576 reactions, 250 molecules.
      [32m✓ All goal molecules found.[0m
      [32m✓ All goal reactions found.[0m
        [32m✓ Target reaction successfully synthesized in 8.24s![0m
      Evaluating reaction mbs_94 (94/491)...
[Problem → Reactions] Found 1571 reactions, 250 molecules.
      [32m✓ All goal molecules found.[0m
      [32m✓ All goal reactions found.[0m
        [32m✓ Target reaction successfully synthesized in 0.75s![0m
      Evaluating reaction mbs_95 (95/491)...
[Problem → Reactions] Found 11879 reactions, 250 molecules.
      [32m✓ All goal molecules found.[0m
      [32m✓ All goal reactions found.[0m
        [32m✓ Target reaction successfully synthesized in 1.53s![0m
      Evaluating reaction mbs_96 (96/491)...
        [31m✗ Skipped reaction synthesis (missing molecule synthesis subproblem failed).[0m
      Evaluating reaction mbs_97 (97/491)...
[Problem → Reactions] Found 1886 reactions, 250 molecules.
      [32m✓ All goal molecules found.[0m
      [32m✓ All goal reactions found.[0m
        [32m✓ Target reaction successfully synthesized in 4.48s![0m
      Evaluating reaction mbs_98 (98/491)...
[Problem → Reactions] Found 798 reactions, 250 molecules.
      [32m✓ All goal molecules found.[0m
      [32m✓ All goal reactions found.[0m
        [32m✓ Target reaction successfully synthesized in 4.22s![0m
      Evaluating reaction mbs_99 (99/491)...
[Problem → Reactions] Found 8228 reactions, 250 molecules.
      [32m✓ All goal molecules found.[0m
      [32m✓ All goal reactions found.[0m
        [32m✓ Target reaction successfully synthesized in 9.76s![0m
      Evaluating reaction mbs_100 (100/491)...
[Problem → Reactions] Found 4342 reactions, 250 molecules.
      [32m✓ All goal molecules found.[0m
      [32m✓ All goal reactions found.[0m
        [32m✓ Target reaction successfully synthesized in 9.31s![0m
      Evaluating reaction mbs_101 (101/491)...
[Problem → Reactions] Found 4848 reactions, 250 molecules.
      [32m✓ All goal molecules found.[0m
      [32m✓ All goal reactions found.[0m
        [32m✓ Target reaction successfully synthesized in 7.47s![0m
      Evaluating reaction mbs_102 (102/491)...
[Problem → Reactions] Found 3585 reactions, 250 molecules.
      [32m✓ All goal molecules found.[0m
      [32m✓ All goal reactions found.[0m
        [32m✓ Target reaction successfully synthesized in 1.29s![0m
      Evaluating reaction mbs_103 (103/491)...
[Problem → Reactions] Found 4050 reactions, 250 molecules.
      [32m✓ All goal molecules found.[0m
      [32m✓ All goal reactions found.[0m
        [32m✓ Target reaction successfully synthesized in 7.17s![0m
      Evaluating reaction mbs_104 (104/491)...
[Problem → Reactions] Found 410 reactions, 250 molecules.
      [32m✓ All goal molecules found.[0m
      [32m✓ All goal reactions found.[0m
        [32m✓ Target reaction successfully synthesized in 4.97s![0m
      Evaluating reaction mbs_105 (105/491)...
[Problem → Reactions] Found 20826 reactions, 250 molecules.
      [32m✓ All goal molecules found.[0m
      [32m✓ All goal reactions found.[0m
        [32m✓ Target reaction successfully synthesized in 26.77s![0m
      Evaluating reaction mbs_106 (106/491)...
        [31m✗ Skipped reaction synthesis (missing molecule synthesis subproblem failed).[0m
      Evaluating reaction mbs_107 (107/491)...
[Problem → Reactions] Found 424 reactions, 250 molecules.
      [32m✓ All goal molecules found.[0m
      [32m✓ All goal reactions found.[0m
        [32m✓ Target reaction successfully synthesized in 2.8s![0m
      Evaluating reaction mbs_108 (108/491)...
[Problem → Reactions] Found 30000 reactions, 250 molecules.
      [32m✓ All goal molecules found.[0m
      [31m✗ Missing goal reactions.[0m
        [31m✗ Synthesis failed or timed out in 30.46s.[0m
      Evaluating reaction mbs_109 (109/491)...
[Problem → Reactions] Found 2085 reactions, 250 molecules.
      [32m✓ All goal molecules found.[0m
      [32m✓ All goal reactions found.[0m
        [32m✓ Target reaction successfully synthesized in 1.42s![0m
      Evaluating reaction mbs_110 (110/491)...
[Problem → Reactions] Found 1950 reactions, 250 molecules.
      [32m✓ All goal molecules found.[0m
      [32m✓ All goal reactions found.[0m
        [32m✓ Target reaction successfully synthesized in 6.56s![0m
      Evaluating reaction mbs_111 (111/491)...
[Problem → Reactions] Found 2705 reactions, 250 molecules.
      [32m✓ All goal molecules found.[0m
      [32m✓ All goal reactions found.[0m
        [32m✓ Target reaction successfully synthesized in 1.13s![0m
      Evaluating reaction mbs_112 (112/491)...
        [31m✗ Skipped reaction synthesis (missing molecule synthesis subproblem failed).[0m
      Evaluating reaction mbs_113 (113/491)...
[Problem → Reactions] Found 8168 reactions, 250 molecules.
      [32m✓ All goal molecules found.[0m
      [32m✓ All goal reactions found.[0m
        [32m✓ Target reaction successfully synthesized in 14.72s![0m
      Evaluating reaction mbs_114 (114/491)...
[Problem → Reactions] Found 3039 reactions, 250 molecules.
      [32m✓ All goal molecules found.[0m
      [32m✓ All goal reactions found.[0m
        [32m✓ Target reaction successfully synthesized in 1.28s![0m
      Evaluating reaction mbs_115 (115/491)...
        [31m✗ Skipped reaction synthesis (missing molecule synthesis subproblem failed).[0m
      Evaluating reaction mbs_116 (116/491)...
[Problem → Reactions] Found 4093 reactions, 250 molecules.
      [32m✓ All goal molecules found.[0m
      [32m✓ All goal reactions found.[0m
        [32m✓ Target reaction successfully synthesized in 1.06s![0m
      Evaluating reaction mbs_117 (117/491)...
        [31m✗ Skipped reaction synthesis (missing molecule synthesis subproblem failed).[0m
      Evaluating reaction mbs_118 (118/491)...
[Problem → Reactions] Found 30000 reactions, 250 molecules.
      [32m✓ All goal molecules found.[0m
      [31m✗ Missing goal reactions.[0m
        [31m✗ Synthesis failed or timed out in 75.85s.[0m
      Evaluating reaction mbs_119 (119/491)...
        [31m✗ Skipped reaction synthesis (missing molecule synthesis subproblem failed).[0m
      Evaluating reaction mbs_120 (120/491)...
[Problem → Reactions] Found 23626 reactions, 250 molecules.
      [32m✓ All goal molecules found.[0m
      [32m✓ All goal reactions found.[0m
        [32m✓ Target reaction successfully synthesized in 33.88s![0m
      Evaluating reaction mbs_121 (121/491)...
[Problem → Reactions] Found 1777 reactions, 250 molecules.
      [32m✓ All goal molecules found.[0m
      [32m✓ All goal reactions found.[0m
        [32m✓ Target reaction successfully synthesized in 1.24s![0m
      Evaluating reaction mbs_122 (122/491)...
[Problem → Reactions] Found 1174 reactions, 250 molecules.
      [32m✓ All goal molecules found.[0m
      [32m✓ All goal reactions found.[0m
        [32m✓ Target reaction successfully synthesized in 5.66s![0m
      Evaluating reaction mbs_123 (123/491)...
[Problem → Reactions] Found 6872 reactions, 250 molecules.
      [32m✓ All goal molecules found.[0m
      [32m✓ All goal reactions found.[0m
        [32m✓ Target reaction successfully synthesized in 13.96s![0m
      Evaluating reaction mbs_124 (124/491)...
[Problem → Reactions] Found 2115 reactions, 250 molecules.
      [32m✓ All goal molecules found.[0m
      [32m✓ All goal reactions found.[0m
        [32m✓ Target reaction successfully synthesized in 2.21s![0m
      Evaluating reaction mbs_125 (125/491)...
[Problem → Reactions] Found 2521 reactions, 250 molecules.
      [32m✓ All goal molecules found.[0m
      [32m✓ All goal reactions found.[0m
        [32m✓ Target reaction successfully synthesized in 1.49s![0m
      Evaluating reaction mbs_126 (126/491)...
[Problem → Reactions] Found 1227 reactions, 250 molecules.
      [32m✓ All goal molecules found.[0m
      [32m✓ All goal reactions found.[0m
        [32m✓ Target reaction successfully synthesized in 1.33s![0m
      Evaluating reaction mbs_127 (127/491)...
        [31m✗ Skipped reaction synthesis (missing molecule synthesis subproblem failed).[0m
      Evaluating reaction mbs_128 (128/491)...
        [31m✗ Skipped reaction synthesis (missing molecule synthesis subproblem failed).[0m
      Evaluating reaction mbs_129 (129/491)...
[Problem → Reactions] Found 20730 reactions, 250 molecules.
      [32m✓ All goal molecules found.[0m
      [32m✓ All goal reactions found.[0m
        [32m✓ Target reaction successfully synthesized in 37.84s![0m
      Evaluating reaction mbs_130 (130/491)...
[Problem → Reactions] Found 2217 reactions, 250 molecules.
      [32m✓ All goal molecules found.[0m
      [32m✓ All goal reactions found.[0m
        [32m✓ Target reaction successfully synthesized in 1.33s![0m
      Evaluating reaction mbs_131 (131/491)...
[Problem → Reactions] Found 6290 reactions, 250 molecules.
      [32m✓ All goal molecules found.[0m
      [32m✓ All goal reactions found.[0m
        [32m✓ Target reaction successfully synthesized in 7.2s![0m
      Evaluating reaction mbs_132 (132/491)...
[Problem → Reactions] Found 6798 reactions, 250 molecules.
      [32m✓ All goal molecules found.[0m
      [32m✓ All goal reactions found.[0m
        [32m✓ Target reaction successfully synthesized in 10.8s![0m
      Evaluating reaction mbs_133 (133/491)...
[Problem → Reactions] Found 1810 reactions, 250 molecules.
      [32m✓ All goal molecules found.[0m
      [32m✓ All goal reactions found.[0m
        [32m✓ Target reaction successfully synthesized in 5.47s![0m
      Evaluating reaction mbs_134 (134/491)...
[Problem → Reactions] Found 4998 reactions, 250 molecules.
      [32m✓ All goal molecules found.[0m
      [32m✓ All goal reactions found.[0m
        [32m✓ Target reaction successfully synthesized in 8.77s![0m
      Evaluating reaction mbs_135 (135/491)...
[Problem → Reactions] Found 602 reactions, 250 molecules.
      [32m✓ All goal molecules found.[0m
      [32m✓ All goal reactions found.[0m
        [32m✓ Target reaction successfully synthesized in 4.25s![0m
      Evaluating reaction mbs_136 (136/491)...
[Problem → Reactions] Found 17070 reactions, 250 molecules.
      [32m✓ All goal molecules found.[0m
      [32m✓ All goal reactions found.[0m
        [32m✓ Target reaction successfully synthesized in 27.11s![0m
      Evaluating reaction mbs_137 (137/491)...
[Problem → Reactions] Found 1390 reactions, 250 molecules.
      [32m✓ All goal molecules found.[0m
      [32m✓ All goal reactions found.[0m
        [32m✓ Target reaction successfully synthesized in 5.09s![0m
      Evaluating reaction mbs_138 (138/491)...
[Problem → Reactions] Found 2512 reactions, 250 molecules.
      [32m✓ All goal molecules found.[0m
      [32m✓ All goal reactions found.[0m
        [32m✓ Target reaction successfully synthesized in 6.39s![0m
      Evaluating reaction mbs_139 (139/491)...
[Problem → Reactions] Found 2354 reactions, 250 molecules.
      [32m✓ All goal molecules found.[0m
      [32m✓ All goal reactions found.[0m
        [32m✓ Target reaction successfully synthesized in 7.01s![0m
      Evaluating reaction mbs_140 (140/491)...
[Problem → Reactions] Found 2433 reactions, 250 molecules.
      [32m✓ All goal molecules found.[0m
      [32m✓ All goal reactions found.[0m
        [32m✓ Target reaction successfully synthesized in 1.56s![0m
      Evaluating reaction mbs_141 (141/491)...
        [31m✗ Skipped reaction synthesis (missing molecule synthesis subproblem failed).[0m
      Evaluating reaction mbs_142 (142/491)...
[Problem → Reactions] Found 3476 reactions, 250 molecules.
      [32m✓ All goal molecules found.[0m
      [32m✓ All goal reactions found.[0m
        [32m✓ Target reaction successfully synthesized in 9.33s![0m
      Evaluating reaction mbs_143 (143/491)...
[Problem → Reactions] Found 1717 reactions, 250 molecules.
      [32m✓ All goal molecules found.[0m
      [32m✓ All goal reactions found.[0m
        [32m✓ Target reaction successfully synthesized in 1.46s![0m
      Evaluating reaction mbs_144 (144/491)...
        [31m✗ Skipped reaction synthesis (missing molecule synthesis subproblem failed).[0m
      Evaluating reaction mbs_145 (145/491)...
[Problem → Reactions] Found 3536 reactions, 250 molecules.
      [32m✓ All goal molecules found.[0m
      [32m✓ All goal reactions found.[0m
        [32m✓ Target reaction successfully synthesized in 8.91s![0m
      Evaluating reaction mbs_146 (146/491)...
[Problem → Reactions] Found 30000 reactions, 250 molecules.
      [32m✓ All goal molecules found.[0m
      [31m✗ Missing goal reactions.[0m
        [31m✗ Synthesis failed or timed out in 61.76s.[0m
      Evaluating reaction mbs_147 (147/491)...
[Problem → Reactions] Found 531 reactions, 250 molecules.
      [32m✓ All goal molecules found.[0m
      [32m✓ All goal reactions found.[0m
        [32m✓ Target reaction successfully synthesized in 0.62s![0m
      Evaluating reaction mbs_148 (148/491)...
[Problem → Reactions] Found 1056 reactions, 250 molecules.
      [32m✓ All goal molecules found.[0m
      [32m✓ All goal reactions found.[0m
        [32m✓ Target reaction successfully synthesized in 4.52s![0m
      Evaluating reaction mbs_149 (149/491)...
        [31m✗ Skipped reaction synthesis (missing molecule synthesis subproblem failed).[0m
      Evaluating reaction mbs_150 (150/491)...
        [31m✗ Skipped reaction synthesis (missing molecule synthesis subproblem failed).[0m
      Evaluating reaction mbs_151 (151/491)...
[Problem → Reactions] Found 4114 reactions, 250 molecules.
      [32m✓ All goal molecules found.[0m
      [32m✓ All goal reactions found.[0m
        [32m✓ Target reaction successfully synthesized in 7.83s![0m
      Evaluating reaction mbs_152 (152/491)...
[Problem → Reactions] Found 453 reactions, 250 molecules.
      [32m✓ All goal molecules found.[0m
      [32m✓ All goal reactions found.[0m
        [32m✓ Target reaction successfully synthesized in 0.52s![0m
      Evaluating reaction mbs_153 (153/491)...
[Problem → Reactions] Found 2322 reactions, 250 molecules.
      [32m✓ All goal molecules found.[0m
      [32m✓ All goal reactions found.[0m
        [32m✓ Target reaction successfully synthesized in 7.15s![0m
      Evaluating reaction mbs_154 (154/491)...
[Problem → Reactions] Found 4498 reactions, 250 molecules.
      [32m✓ All goal molecules found.[0m
      [32m✓ All goal reactions found.[0m
        [32m✓ Target reaction successfully synthesized in 10.54s![0m
      Evaluating reaction mbs_155 (155/491)...
[Problem → Reactions] Found 862 reactions, 250 molecules.
      [32m✓ All goal molecules found.[0m
      [32m✓ All goal reactions found.[0m
        [32m✓ Target reaction successfully synthesized in 4.5s![0m
      Evaluating reaction mbs_156 (156/491)...
[Problem → Reactions] Found 1023 reactions, 250 molecules.
      [32m✓ All goal molecules found.[0m
      [32m✓ All goal reactions found.[0m
        [32m✓ Target reaction successfully synthesized in 2.08s![0m
      Evaluating reaction mbs_157 (157/491)...
        [31m✗ Skipped reaction synthesis (missing molecule synthesis subproblem failed).[0m
      Evaluating reaction mbs_158 (158/491)...
[Problem → Reactions] Found 2528 reactions, 250 molecules.
      [32m✓ All goal molecules found.[0m
      [32m✓ All goal reactions found.[0m
        [32m✓ Target reaction successfully synthesized in 6.22s![0m
      Evaluating reaction mbs_159 (159/491)...
[Problem → Reactions] Found 5880 reactions, 250 molecules.
      [32m✓ All goal molecules found.[0m
      [32m✓ All goal reactions found.[0m
        [32m✓ Target reaction successfully synthesized in 9.43s![0m
      Evaluating reaction mbs_160 (160/491)...
[Problem → Reactions] Found 1278 reactions, 250 molecules.
      [32m✓ All goal molecules found.[0m
      [32m✓ All goal reactions found.[0m
        [32m✓ Target reaction successfully synthesized in 3.42s![0m
      Evaluating reaction mbs_161 (161/491)...
[Problem → Reactions] Found 11046 reactions, 250 molecules.
      [32m✓ All goal molecules found.[0m
      [32m✓ All goal reactions found.[0m
        [32m✓ Target reaction successfully synthesized in 17.19s![0m
      Evaluating reaction mbs_162 (162/491)...
[Problem → Reactions] Found 1772 reactions, 250 molecules.
      [32m✓ All goal molecules found.[0m
      [32m✓ All goal reactions found.[0m
        [32m✓ Target reaction successfully synthesized in 7.75s![0m
      Evaluating reaction mbs_163 (163/491)...
[Problem → Reactions] Found 30000 reactions, 250 molecules.
      [32m✓ All goal molecules found.[0m
      [31m✗ Missing goal reactions.[0m
        [31m✗ Synthesis failed or timed out in 59.76s.[0m
      Evaluating reaction mbs_164 (164/491)...
[Problem → Reactions] Found 417 reactions, 250 molecules.
      [32m✓ All goal molecules found.[0m
      [32m✓ All goal reactions found.[0m
        [32m✓ Target reaction successfully synthesized in 0.8s![0m
      Evaluating reaction mbs_165 (165/491)...
[Problem → Reactions] Found 16690 reactions, 250 molecules.
      [32m✓ All goal molecules found.[0m
      [32m✓ All goal reactions found.[0m
        [32m✓ Target reaction successfully synthesized in 21.89s![0m
      Evaluating reaction mbs_166 (166/491)...
[Problem → Reactions] Found 721 reactions, 250 molecules.
      [32m✓ All goal molecules found.[0m
      [32m✓ All goal reactions found.[0m
        [32m✓ Target reaction successfully synthesized in 0.85s![0m
      Evaluating reaction mbs_167 (167/491)...
[Problem → Reactions] Found 3332 reactions, 250 molecules.
      [32m✓ All goal molecules found.[0m
      [32m✓ All goal reactions found.[0m
        [32m✓ Target reaction successfully synthesized in 7.27s![0m
      Evaluating reaction mbs_168 (168/491)...
[Problem → Reactions] Found 3065 reactions, 250 molecules.
      [32m✓ All goal molecules found.[0m
      [32m✓ All goal reactions found.[0m
        [32m✓ Target reaction successfully synthesized in 1.48s![0m
      Evaluating reaction mbs_169 (169/491)...
[Problem → Reactions] Found 355 reactions, 250 molecules.
      [32m✓ All goal molecules found.[0m
      [32m✓ All goal reactions found.[0m
        [32m✓ Target reaction successfully synthesized in 0.71s![0m
      Evaluating reaction mbs_170 (170/491)...
[Problem → Reactions] Found 2542 reactions, 250 molecules.
      [32m✓ All goal molecules found.[0m
      [32m✓ All goal reactions found.[0m
        [32m✓ Target reaction successfully synthesized in 5.73s![0m
      Evaluating reaction mbs_171 (171/491)...
[Problem → Reactions] Found 2775 reactions, 250 molecules.
      [32m✓ All goal molecules found.[0m
      [32m✓ All goal reactions found.[0m
        [32m✓ Target reaction successfully synthesized in 2.04s![0m
      Evaluating reaction mbs_172 (172/491)...
        [31m✗ Skipped reaction synthesis (missing molecule synthesis subproblem failed).[0m
      Evaluating reaction mbs_173 (173/491)...
[Problem → Reactions] Found 1197 reactions, 250 molecules.
      [32m✓ All goal molecules found.[0m
      [32m✓ All goal reactions found.[0m
        [32m✓ Target reaction successfully synthesized in 0.53s![0m
      Evaluating reaction mbs_174 (174/491)...
[Problem → Reactions] Found 3406 reactions, 250 molecules.
      [32m✓ All goal molecules found.[0m
      [32m✓ All goal reactions found.[0m
        [32m✓ Target reaction successfully synthesized in 8.28s![0m
      Evaluating reaction mbs_175 (175/491)...
        [31m✗ Skipped reaction synthesis (missing molecule synthesis subproblem failed).[0m
      Evaluating reaction mbs_176 (176/491)...
[Problem → Reactions] Found 1252 reactions, 250 molecules.
      [32m✓ All goal molecules found.[0m
      [32m✓ All goal reactions found.[0m
        [32m✓ Target reaction successfully synthesized in 3.96s![0m
      Evaluating reaction mbs_177 (177/491)...
[Problem → Reactions] Found 3418 reactions, 250 molecules.
      [32m✓ All goal molecules found.[0m
      [32m✓ All goal reactions found.[0m
        [32m✓ Target reaction successfully synthesized in 6.34s![0m
      Evaluating reaction mbs_178 (178/491)...
        [31m✗ Skipped reaction synthesis (missing molecule synthesis subproblem failed).[0m
      Evaluating reaction mbs_179 (179/491)...
[Problem → Reactions] Found 13078 reactions, 250 molecules.
      [32m✓ All goal molecules found.[0m
      [32m✓ All goal reactions found.[0m
        [32m✓ Target reaction successfully synthesized in 16.69s![0m
      Evaluating reaction mbs_181 (180/491)...
        [31m✗ Skipped reaction synthesis (missing molecule synthesis subproblem failed).[0m
      Evaluating reaction mbs_182 (181/491)...
[Problem → Reactions] Found 1319 reactions, 250 molecules.
      [32m✓ All goal molecules found.[0m
      [32m✓ All goal reactions found.[0m
        [32m✓ Target reaction successfully synthesized in 1.03s![0m
      Evaluating reaction mbs_183 (182/491)...
[Problem → Reactions] Found 659 reactions, 250 molecules.
      [32m✓ All goal molecules found.[0m
      [32m✓ All goal reactions found.[0m
        [32m✓ Target reaction successfully synthesized in 1.28s![0m
      Evaluating reaction mbs_184 (183/491)...
[Problem → Reactions] Found 5700 reactions, 250 molecules.
      [32m✓ All goal molecules found.[0m
      [32m✓ All goal reactions found.[0m
        [32m✓ Target reaction successfully synthesized in 8.83s![0m
      Evaluating reaction mbs_185 (184/491)...
[Problem → Reactions] Found 792 reactions, 250 molecules.
      [32m✓ All goal molecules found.[0m
      [32m✓ All goal reactions found.[0m
        [32m✓ Target reaction successfully synthesized in 3.92s![0m
      Evaluating reaction mbs_186 (185/491)...
[Problem → Reactions] Found 1956 reactions, 250 molecules.
      [32m✓ All goal molecules found.[0m
      [32m✓ All goal reactions found.[0m
        [32m✓ Target reaction successfully synthesized in 6.25s![0m
      Evaluating reaction mbs_187 (186/491)...
[Problem → Reactions] Found 1533 reactions, 250 molecules.
      [32m✓ All goal molecules found.[0m
      [32m✓ All goal reactions found.[0m
        [32m✓ Target reaction successfully synthesized in 0.92s![0m
      Evaluating reaction mbs_188 (187/491)...
[Problem → Reactions] Found 1634 reactions, 250 molecules.
      [32m✓ All goal molecules found.[0m
      [32m✓ All goal reactions found.[0m
        [32m✓ Target reaction successfully synthesized in 6.55s![0m
      Evaluating reaction mbs_189 (188/491)...
[Problem → Reactions] Found 4397 reactions, 250 molecules.
      [32m✓ All goal molecules found.[0m
      [32m✓ All goal reactions found.[0m
        [32m✓ Target reaction successfully synthesized in 1.24s![0m
      Evaluating reaction mbs_190 (189/491)...
[Problem → Reactions] Found 7298 reactions, 250 molecules.
      [32m✓ All goal molecules found.[0m
      [32m✓ All goal reactions found.[0m
        [32m✓ Target reaction successfully synthesized in 10.01s![0m
      Evaluating reaction mbs_191 (190/491)...
[Problem → Reactions] Found 1575 reactions, 250 molecules.
      [32m✓ All goal molecules found.[0m
      [32m✓ All goal reactions found.[0m
        [32m✓ Target reaction successfully synthesized in 0.82s![0m
      Evaluating reaction mbs_192 (191/491)...
[Problem → Reactions] Found 1972 reactions, 250 molecules.
      [32m✓ All goal molecules found.[0m
      [32m✓ All goal reactions found.[0m
        [32m✓ Target reaction successfully synthesized in 5.98s![0m
      Evaluating reaction mbs_193 (192/491)...
        [31m✗ Skipped reaction synthesis (missing molecule synthesis subproblem failed).[0m
      Evaluating reaction mbs_194 (193/491)...
        [31m✗ Skipped reaction synthesis (missing molecule synthesis subproblem failed).[0m
      Evaluating reaction mbs_195 (194/491)...
[Problem → Reactions] Found 276 reactions, 250 molecules.
      [32m✓ All goal molecules found.[0m
      [32m✓ All goal reactions found.[0m
        [32m✓ Target reaction successfully synthesized in 4.09s![0m
      Evaluating reaction mbs_196 (195/491)...
[Problem → Reactions] Found 3904 reactions, 250 molecules.
      [32m✓ All goal molecules found.[0m
      [32m✓ All goal reactions found.[0m
        [32m✓ Target reaction successfully synthesized in 9.92s![0m
      Evaluating reaction mbs_197 (196/491)...
[Problem → Reactions] Found 2094 reactions, 250 molecules.
      [32m✓ All goal molecules found.[0m
      [32m✓ All goal reactions found.[0m
        [32m✓ Target reaction successfully synthesized in 8.4s![0m
      Evaluating reaction mbs_198 (197/491)...
[Problem → Reactions] Found 3480 reactions, 250 molecules.
      [32m✓ All goal molecules found.[0m
      [32m✓ All goal reactions found.[0m
        [32m✓ Target reaction successfully synthesized in 7.63s![0m
      Evaluating reaction mbs_199 (198/491)...
[Problem → Reactions] Found 2180 reactions, 250 molecules.
      [32m✓ All goal molecules found.[0m
      [32m✓ All goal reactions found.[0m
        [32m✓ Target reaction successfully synthesized in 6.16s![0m
      Evaluating reaction mbs_200 (199/491)...
[Problem → Reactions] Found 1064 reactions, 250 molecules.
      [32m✓ All goal molecules found.[0m
      [32m✓ All goal reactions found.[0m
        [32m✓ Target reaction successfully synthesized in 4.85s![0m
      Evaluating reaction mbs_201 (200/491)...
[Problem → Reactions] Found 345 reactions, 250 molecules.
      [32m✓ All goal molecules found.[0m
      [32m✓ All goal reactions found.[0m
        [32m✓ Target reaction successfully synthesized in 1.01s![0m
      Evaluating reaction mbs_202 (201/491)...
[Problem → Reactions] Found 883 reactions, 250 molecules.
      [32m✓ All goal molecules found.[0m
      [32m✓ All goal reactions found.[0m
        [32m✓ Target reaction successfully synthesized in 1.92s![0m
      Evaluating reaction mbs_203 (202/491)...
[Problem → Reactions] Found 3846 reactions, 250 molecules.
      [32m✓ All goal molecules found.[0m
      [32m✓ All goal reactions found.[0m
        [32m✓ Target reaction successfully synthesized in 6.87s![0m
      Evaluating reaction mbs_204 (203/491)...
[Problem → Reactions] Found 721 reactions, 250 molecules.
      [32m✓ All goal molecules found.[0m
      [32m✓ All goal reactions found.[0m
        [32m✓ Target reaction successfully synthesized in 0.93s![0m
      Evaluating reaction mbs_205 (204/491)...
[Problem → Reactions] Found 16506 reactions, 250 molecules.
      [32m✓ All goal molecules found.[0m
      [32m✓ All goal reactions found.[0m
        [32m✓ Target reaction successfully synthesized in 17.06s![0m
      Evaluating reaction mbs_206 (205/491)...
[Problem → Reactions] Found 1873 reactions, 250 molecules.
      [32m✓ All goal molecules found.[0m
      [32m✓ All goal reactions found.[0m
        [32m✓ Target reaction successfully synthesized in 1.04s![0m
      Evaluating reaction mbs_207 (206/491)...
[Problem → Reactions] Found 5727 reactions, 250 molecules.
      [32m✓ All goal molecules found.[0m
      [32m✓ All goal reactions found.[0m
        [32m✓ Target reaction successfully synthesized in 1.25s![0m
      Evaluating reaction mbs_208 (207/491)...
[Problem → Reactions] Found 1051 reactions, 250 molecules.
      [32m✓ All goal molecules found.[0m
      [32m✓ All goal reactions found.[0m
        [32m✓ Target reaction successfully synthesized in 1.43s![0m
      Evaluating reaction mbs_209 (208/491)...
[Problem → Reactions] Found 10275 reactions, 250 molecules.
      [32m✓ All goal molecules found.[0m
      [32m✓ All goal reactions found.[0m
        [32m✓ Target reaction successfully synthesized in 5.47s![0m
      Evaluating reaction mbs_210 (209/491)...
[Problem → Reactions] Found 14276 reactions, 250 molecules.
      [32m✓ All goal molecules found.[0m
      [32m✓ All goal reactions found.[0m
        [32m✓ Target reaction successfully synthesized in 21.34s![0m
      Evaluating reaction mbs_211 (210/491)...
[Problem → Reactions] Found 1827 reactions, 250 molecules.
      [32m✓ All goal molecules found.[0m
      [32m✓ All goal reactions found.[0m
        [32m✓ Target reaction successfully synthesized in 1.04s![0m
      Evaluating reaction mbs_212 (211/491)...
[Problem → Reactions] Found 2553 reactions, 250 molecules.
      [32m✓ All goal molecules found.[0m
      [32m✓ All goal reactions found.[0m
        [32m✓ Target reaction successfully synthesized in 2.31s![0m
      Evaluating reaction mbs_213 (212/491)...
[Problem → Reactions] Found 3380 reactions, 250 molecules.
      [32m✓ All goal molecules found.[0m
      [32m✓ All goal reactions found.[0m
        [32m✓ Target reaction successfully synthesized in 6.73s![0m
      Evaluating reaction mbs_214 (213/491)...
[Problem → Reactions] Found 4699 reactions, 250 molecules.
      [32m✓ All goal molecules found.[0m
      [32m✓ All goal reactions found.[0m
        [32m✓ Target reaction successfully synthesized in 1.17s![0m
      Evaluating reaction mbs_215 (214/491)...
[Problem → Reactions] Found 10166 reactions, 250 molecules.
      [32m✓ All goal molecules found.[0m
      [32m✓ All goal reactions found.[0m
        [32m✓ Target reaction successfully synthesized in 18.13s![0m
      Evaluating reaction mbs_216 (215/491)...
[Problem → Reactions] Found 4424 reactions, 250 molecules.
      [32m✓ All goal molecules found.[0m
      [32m✓ All goal reactions found.[0m
        [32m✓ Target reaction successfully synthesized in 8.65s![0m
      Evaluating reaction mbs_217 (216/491)...
[Problem → Reactions] Found 3313 reactions, 250 molecules.
      [32m✓ All goal molecules found.[0m
      [32m✓ All goal reactions found.[0m
        [32m✓ Target reaction successfully synthesized in 0.98s![0m
      Evaluating reaction mbs_218 (217/491)...
[Problem → Reactions] Found 5338 reactions, 250 molecules.
      [32m✓ All goal molecules found.[0m
      [32m✓ All goal reactions found.[0m
        [32m✓ Target reaction successfully synthesized in 8.85s![0m
      Evaluating reaction mbs_219 (218/491)...
[Problem → Reactions] Found 1328 reactions, 250 molecules.
      [32m✓ All goal molecules found.[0m
      [32m✓ All goal reactions found.[0m
        [32m✓ Target reaction successfully synthesized in 5.14s![0m
      Evaluating reaction mbs_220 (219/491)...
[Problem → Reactions] Found 3374 reactions, 250 molecules.
      [32m✓ All goal molecules found.[0m
      [32m✓ All goal reactions found.[0m
        [32m✓ Target reaction successfully synthesized in 7.58s![0m
      Evaluating reaction mbs_221 (220/491)...
[Problem → Reactions] Found 2910 reactions, 250 molecules.
      [32m✓ All goal molecules found.[0m
      [32m✓ All goal reactions found.[0m
        [32m✓ Target reaction successfully synthesized in 6.97s![0m
      Evaluating reaction mbs_222 (221/491)...
[Problem → Reactions] Found 1262 reactions, 250 molecules.
      [32m✓ All goal molecules found.[0m
      [32m✓ All goal reactions found.[0m
        [32m✓ Target reaction successfully synthesized in 5.37s![0m
      Evaluating reaction mbs_223 (222/491)...
[Problem → Reactions] Found 23318 reactions, 250 molecules.
      [32m✓ All goal molecules found.[0m
      [32m✓ All goal reactions found.[0m
        [32m✓ Target reaction successfully synthesized in 24.73s![0m
      Evaluating reaction mbs_224 (223/491)...
        [31m✗ Skipped reaction synthesis (missing molecule synthesis subproblem failed).[0m
      Evaluating reaction mbs_225 (224/491)...
[Problem → Reactions] Found 681 reactions, 250 molecules.
      [32m✓ All goal molecules found.[0m
      [32m✓ All goal reactions found.[0m
        [32m✓ Target reaction successfully synthesized in 1.09s![0m
      Evaluating reaction mbs_226 (225/491)...
[Problem → Reactions] Found 2251 reactions, 250 molecules.
      [32m✓ All goal molecules found.[0m
      [32m✓ All goal reactions found.[0m
        [32m✓ Target reaction successfully synthesized in 2.04s![0m
      Evaluating reaction mbs_227 (226/491)...
[Problem → Reactions] Found 5464 reactions, 250 molecules.
      [32m✓ All goal molecules found.[0m
      [32m✓ All goal reactions found.[0m
        [32m✓ Target reaction successfully synthesized in 11.68s![0m
      Evaluating reaction mbs_228 (227/491)...
[Problem → Reactions] Found 3664 reactions, 250 molecules.
      [32m✓ All goal molecules found.[0m
      [32m✓ All goal reactions found.[0m
        [32m✓ Target reaction successfully synthesized in 8.6s![0m
      Evaluating reaction mbs_229 (228/491)...
[Problem → Reactions] Found 1059 reactions, 250 molecules.
      [32m✓ All goal molecules found.[0m
      [32m✓ All goal reactions found.[0m
        [32m✓ Target reaction successfully synthesized in 1.12s![0m
      Evaluating reaction mbs_230 (229/491)...
        [31m✗ Skipped reaction synthesis (missing molecule synthesis subproblem failed).[0m
      Evaluating reaction mbs_231 (230/491)...
[Problem → Reactions] Found 2732 reactions, 250 molecules.
      [32m✓ All goal molecules found.[0m
      [32m✓ All goal reactions found.[0m
        [32m✓ Target reaction successfully synthesized in 7.38s![0m
      Evaluating reaction mbs_232 (231/491)...
[Problem → Reactions] Found 4273 reactions, 250 molecules.
      [32m✓ All goal molecules found.[0m
      [32m✓ All goal reactions found.[0m
        [32m✓ Target reaction successfully synthesized in 1.91s![0m
      Evaluating reaction mbs_233 (232/491)...
[Problem → Reactions] Found 973 reactions, 250 molecules.
      [32m✓ All goal molecules found.[0m
      [32m✓ All goal reactions found.[0m
        [32m✓ Target reaction successfully synthesized in 0.71s![0m
      Evaluating reaction mbs_234 (233/491)...
[Problem → Reactions] Found 2658 reactions, 250 molecules.
      [32m✓ All goal molecules found.[0m
      [32m✓ All goal reactions found.[0m
        [32m✓ Target reaction successfully synthesized in 6.8s![0m
      Evaluating reaction mbs_235 (234/491)...
[Problem → Reactions] Found 1627 reactions, 250 molecules.
      [32m✓ All goal molecules found.[0m
      [32m✓ All goal reactions found.[0m
        [32m✓ Target reaction successfully synthesized in 1.0s![0m
      Evaluating reaction mbs_236 (235/491)...
[Problem → Reactions] Found 656 reactions, 250 molecules.
      [32m✓ All goal molecules found.[0m
      [32m✓ All goal reactions found.[0m
        [32m✓ Target reaction successfully synthesized in 4.41s![0m
      Evaluating reaction mbs_237 (236/491)...
        [31m✗ Skipped reaction synthesis (missing molecule synthesis subproblem failed).[0m
      Evaluating reaction mbs_238 (237/491)...
[Problem → Reactions] Found 3718 reactions, 250 molecules.
      [32m✓ All goal molecules found.[0m
      [32m✓ All goal reactions found.[0m
        [32m✓ Target reaction successfully synthesized in 7.78s![0m
      Evaluating reaction mbs_239 (238/491)...
[Problem → Reactions] Found 1043 reactions, 250 molecules.
      [32m✓ All goal molecules found.[0m
      [32m✓ All goal reactions found.[0m
        [32m✓ Target reaction successfully synthesized in 0.86s![0m
      Evaluating reaction mbs_240 (239/491)...
        [31m✗ Skipped reaction synthesis (missing molecule synthesis subproblem failed).[0m
      Evaluating reaction mbs_241 (240/491)...
[Problem → Reactions] Found 1970 reactions, 250 molecules.
      [32m✓ All goal molecules found.[0m
      [32m✓ All goal reactions found.[0m
        [32m✓ Target reaction successfully synthesized in 6.67s![0m
      Evaluating reaction mbs_242 (241/491)...
[Problem → Reactions] Found 1553 reactions, 250 molecules.
      [32m✓ All goal molecules found.[0m
      [32m✓ All goal reactions found.[0m
        [32m✓ Target reaction successfully synthesized in 1.13s![0m
      Evaluating reaction mbs_243 (242/491)...
[Problem → Reactions] Found 6180 reactions, 250 molecules.
      [32m✓ All goal molecules found.[0m
      [32m✓ All goal reactions found.[0m
        [32m✓ Target reaction successfully synthesized in 13.5s![0m
      Evaluating reaction mbs_244 (243/491)...
[Problem → Reactions] Found 3876 reactions, 250 molecules.
      [32m✓ All goal molecules found.[0m
      [32m✓ All goal reactions found.[0m
        [32m✓ Target reaction successfully synthesized in 10.77s![0m
      Evaluating reaction mbs_245 (244/491)...
[Problem → Reactions] Found 5558 reactions, 250 molecules.
      [32m✓ All goal molecules found.[0m
      [32m✓ All goal reactions found.[0m
        [32m✓ Target reaction successfully synthesized in 9.75s![0m
      Evaluating reaction mbs_246 (245/491)...
[Problem → Reactions] Found 3444 reactions, 250 molecules.
      [32m✓ All goal molecules found.[0m
      [32m✓ All goal reactions found.[0m
        [32m✓ Target reaction successfully synthesized in 8.14s![0m
      Evaluating reaction mbs_247 (246/491)...
[Problem → Reactions] Found 1681 reactions, 250 molecules.
      [32m✓ All goal molecules found.[0m
      [32m✓ All goal reactions found.[0m
        [32m✓ Target reaction successfully synthesized in 0.81s![0m
      Evaluating reaction mbs_248 (247/491)...
[Problem → Reactions] Found 1070 reactions, 250 molecules.
      [32m✓ All goal molecules found.[0m
      [32m✓ All goal reactions found.[0m
        [32m✓ Target reaction successfully synthesized in 5.01s![0m
      Evaluating reaction mbs_249 (248/491)...
[Problem → Reactions] Found 803 reactions, 250 molecules.
      [32m✓ All goal molecules found.[0m
      [32m✓ All goal reactions found.[0m
        [32m✓ Target reaction successfully synthesized in 1.18s![0m
      Evaluating reaction mbs_250 (249/491)...
[Problem → Reactions] Found 3422 reactions, 250 molecules.
      [32m✓ All goal molecules found.[0m
      [32m✓ All goal reactions found.[0m
        [32m✓ Target reaction successfully synthesized in 7.96s![0m
      Evaluating reaction mbs_251 (250/491)...
[Problem → Reactions] Found 30000 reactions, 250 molecules.
      [32m✓ All goal molecules found.[0m
      [31m✗ Missing goal reactions.[0m
        [31m✗ Synthesis failed or timed out in 55.32s.[0m
      Evaluating reaction mbs_252 (251/491)...
[Problem → Reactions] Found 1679 reactions, 250 molecules.
      [32m✓ All goal molecules found.[0m
      [32m✓ All goal reactions found.[0m
        [32m✓ Target reaction successfully synthesized in 1.11s![0m
      Evaluating reaction mbs_253 (252/491)...
[Problem → Reactions] Found 7362 reactions, 250 molecules.
      [32m✓ All goal molecules found.[0m
      [32m✓ All goal reactions found.[0m
        [32m✓ Target reaction successfully synthesized in 14.21s![0m
      Evaluating reaction mbs_255 (253/491)...
        [31m✗ Skipped reaction synthesis (missing molecule synthesis subproblem failed).[0m
      Evaluating reaction mbs_256 (254/491)...
        [31m✗ Skipped reaction synthesis (missing molecule synthesis subproblem failed).[0m
      Evaluating reaction mbs_257 (255/491)...
[Problem → Reactions] Found 1347 reactions, 250 molecules.
      [32m✓ All goal molecules found.[0m
      [32m✓ All goal reactions found.[0m
        [32m✓ Target reaction successfully synthesized in 0.67s![0m
      Evaluating reaction mbs_258 (256/491)...
[Problem → Reactions] Found 837 reactions, 250 molecules.
      [32m✓ All goal molecules found.[0m
      [32m✓ All goal reactions found.[0m
        [32m✓ Target reaction successfully synthesized in 0.66s![0m
      Evaluating reaction mbs_259 (257/491)...
[Problem → Reactions] Found 2168 reactions, 250 molecules.
      [32m✓ All goal molecules found.[0m
      [32m✓ All goal reactions found.[0m
        [32m✓ Target reaction successfully synthesized in 7.03s![0m
      Evaluating reaction mbs_260 (258/491)...
[Problem → Reactions] Found 1517 reactions, 250 molecules.
      [32m✓ All goal molecules found.[0m
      [32m✓ All goal reactions found.[0m
        [32m✓ Target reaction successfully synthesized in 0.88s![0m
      Evaluating reaction mbs_261 (259/491)...
[Problem → Reactions] Found 1589 reactions, 250 molecules.
      [32m✓ All goal molecules found.[0m
      [32m✓ All goal reactions found.[0m
        [32m✓ Target reaction successfully synthesized in 1.07s![0m
      Evaluating reaction mbs_262 (260/491)...
[Problem → Reactions] Found 541 reactions, 250 molecules.
      [32m✓ All goal molecules found.[0m
      [32m✓ All goal reactions found.[0m
        [32m✓ Target reaction successfully synthesized in 0.74s![0m
      Evaluating reaction mbs_263 (261/491)...
[Problem → Reactions] Found 1535 reactions, 250 molecules.
      [32m✓ All goal molecules found.[0m
      [32m✓ All goal reactions found.[0m
        [32m✓ Target reaction successfully synthesized in 0.72s![0m
      Evaluating reaction mbs_264 (262/491)...
[Problem → Reactions] Found 1620 reactions, 250 molecules.
      [32m✓ All goal molecules found.[0m
      [32m✓ All goal reactions found.[0m
        [32m✓ Target reaction successfully synthesized in 7.08s![0m
      Evaluating reaction mbs_265 (263/491)...
        [31m✗ Skipped reaction synthesis (missing molecule synthesis subproblem failed).[0m
      Evaluating reaction mbs_266 (264/491)...
[Problem → Reactions] Found 6036 reactions, 250 molecules.
      [32m✓ All goal molecules found.[0m
      [32m✓ All goal reactions found.[0m
        [32m✓ Target reaction successfully synthesized in 9.33s![0m
      Evaluating reaction mbs_267 (265/491)...
[Problem → Reactions] Found 1274 reactions, 250 molecules.
      [32m✓ All goal molecules found.[0m
      [32m✓ All goal reactions found.[0m
        [32m✓ Target reaction successfully synthesized in 5.11s![0m
      Evaluating reaction mbs_268 (266/491)...
[Problem → Reactions] Found 6646 reactions, 250 molecules.
      [32m✓ All goal molecules found.[0m
      [32m✓ All goal reactions found.[0m
        [32m✓ Target reaction successfully synthesized in 13.78s![0m
      Evaluating reaction mbs_269 (267/491)...
[Problem → Reactions] Found 2386 reactions, 250 molecules.
      [32m✓ All goal molecules found.[0m
      [32m✓ All goal reactions found.[0m
        [32m✓ Target reaction successfully synthesized in 6.59s![0m
      Evaluating reaction mbs_270 (268/491)...
[Problem → Reactions] Found 2221 reactions, 250 molecules.
      [32m✓ All goal molecules found.[0m
      [32m✓ All goal reactions found.[0m
        [32m✓ Target reaction successfully synthesized in 0.9s![0m
      Evaluating reaction mbs_271 (269/491)...
[Problem → Reactions] Found 1794 reactions, 250 molecules.
      [32m✓ All goal molecules found.[0m
      [32m✓ All goal reactions found.[0m
        [32m✓ Target reaction successfully synthesized in 6.65s![0m
      Evaluating reaction mbs_272 (270/491)...
[Problem → Reactions] Found 30000 reactions, 250 molecules.
      [32m✓ All goal molecules found.[0m
      [31m✗ Missing goal reactions.[0m
        [31m✗ Synthesis failed or timed out in 28.46s.[0m
      Evaluating reaction mbs_273 (271/491)...
[Problem → Reactions] Found 4600 reactions, 250 molecules.
      [32m✓ All goal molecules found.[0m
      [32m✓ All goal reactions found.[0m
        [32m✓ Target reaction successfully synthesized in 10.81s![0m
      Evaluating reaction mbs_274 (272/491)...
[Problem → Reactions] Found 30000 reactions, 250 molecules.
      [32m✓ All goal molecules found.[0m
      [31m✗ Missing goal reactions.[0m
        [31m✗ Synthesis failed or timed out in 56.01s.[0m
      Evaluating reaction mbs_275 (273/491)...
        [31m✗ Skipped reaction synthesis (missing molecule synthesis subproblem failed).[0m
      Evaluating reaction mbs_276 (274/491)...
        [31m✗ Skipped reaction synthesis (missing molecule synthesis subproblem failed).[0m
      Evaluating reaction mbs_277 (275/491)...
[Problem → Reactions] Found 3748 reactions, 250 molecules.
      [32m✓ All goal molecules found.[0m
      [32m✓ All goal reactions found.[0m
        [32m✓ Target reaction successfully synthesized in 7.67s![0m
      Evaluating reaction mbs_278 (276/491)...
[Problem → Reactions] Found 1868 reactions, 250 molecules.
      [32m✓ All goal molecules found.[0m
      [32m✓ All goal reactions found.[0m
        [32m✓ Target reaction successfully synthesized in 6.68s![0m
      Evaluating reaction mbs_279 (277/491)...
        [31m✗ Skipped reaction synthesis (missing molecule synthesis subproblem failed).[0m
      Evaluating reaction mbs_280 (278/491)...
[Problem → Reactions] Found 1161 reactions, 250 molecules.
      [32m✓ All goal molecules found.[0m
      [32m✓ All goal reactions found.[0m
        [32m✓ Target reaction successfully synthesized in 0.81s![0m
      Evaluating reaction mbs_281 (279/491)...
[Problem → Reactions] Found 1097 reactions, 250 molecules.
      [32m✓ All goal molecules found.[0m
      [32m✓ All goal reactions found.[0m
        [32m✓ Target reaction successfully synthesized in 0.7s![0m
      Evaluating reaction mbs_282 (280/491)...
[Problem → Reactions] Found 2294 reactions, 250 molecules.
      [32m✓ All goal molecules found.[0m
      [32m✓ All goal reactions found.[0m
        [32m✓ Target reaction successfully synthesized in 6.47s![0m
      Evaluating reaction mbs_283 (281/491)...
[Problem → Reactions] Found 2140 reactions, 250 molecules.
      [32m✓ All goal molecules found.[0m
      [32m✓ All goal reactions found.[0m
        [32m✓ Target reaction successfully synthesized in 7.58s![0m
      Evaluating reaction mbs_284 (282/491)...
[Problem → Reactions] Found 3583 reactions, 250 molecules.
      [32m✓ All goal molecules found.[0m
      [32m✓ All goal reactions found.[0m
        [32m✓ Target reaction successfully synthesized in 1.14s![0m
      Evaluating reaction mbs_285 (283/491)...
[Problem → Reactions] Found 7418 reactions, 250 molecules.
      [32m✓ All goal molecules found.[0m
      [32m✓ All goal reactions found.[0m
        [32m✓ Target reaction successfully synthesized in 12.67s![0m
      Evaluating reaction mbs_286 (284/491)...
        [31m✗ Skipped reaction synthesis (missing molecule synthesis subproblem failed).[0m
      Evaluating reaction mbs_287 (285/491)...
[Problem → Reactions] Found 1375 reactions, 250 molecules.
      [32m✓ All goal molecules found.[0m
      [32m✓ All goal reactions found.[0m
        [32m✓ Target reaction successfully synthesized in 0.99s![0m
      Evaluating reaction mbs_288 (286/491)...
        [31m✗ Skipped reaction synthesis (missing molecule synthesis subproblem failed).[0m
      Evaluating reaction mbs_289 (287/491)...
[Problem → Reactions] Found 1909 reactions, 250 molecules.
      [32m✓ All goal molecules found.[0m
      [32m✓ All goal reactions found.[0m
        [32m✓ Target reaction successfully synthesized in 1.52s![0m
      Evaluating reaction mbs_290 (288/491)...
[Problem → Reactions] Found 1290 reactions, 250 molecules.
      [32m✓ All goal molecules found.[0m
      [32m✓ All goal reactions found.[0m
        [32m✓ Target reaction successfully synthesized in 4.36s![0m
      Evaluating reaction mbs_291 (289/491)...
[Problem → Reactions] Found 753 reactions, 250 molecules.
      [32m✓ All goal molecules found.[0m
      [32m✓ All goal reactions found.[0m
        [32m✓ Target reaction successfully synthesized in 0.94s![0m
      Evaluating reaction mbs_292 (290/491)...
[Problem → Reactions] Found 30000 reactions, 250 molecules.
      [32m✓ All goal molecules found.[0m
      [31m✗ Missing goal reactions.[0m
        [31m✗ Synthesis failed or timed out in 51.17s.[0m
      Evaluating reaction mbs_293 (291/491)...
[Problem → Reactions] Found 997 reactions, 250 molecules.
      [32m✓ All goal molecules found.[0m
      [32m✓ All goal reactions found.[0m
        [32m✓ Target reaction successfully synthesized in 1.86s![0m
      Evaluating reaction mbs_294 (292/491)...
[Problem → Reactions] Found 755 reactions, 250 molecules.
      [32m✓ All goal molecules found.[0m
      [32m✓ All goal reactions found.[0m
        [32m✓ Target reaction successfully synthesized in 1.09s![0m
      Evaluating reaction mbs_295 (293/491)...
[Problem → Reactions] Found 4584 reactions, 250 molecules.
      [32m✓ All goal molecules found.[0m
      [32m✓ All goal reactions found.[0m
        [32m✓ Target reaction successfully synthesized in 9.29s![0m
      Evaluating reaction mbs_296 (294/491)...
[Problem → Reactions] Found 5219 reactions, 250 molecules.
      [32m✓ All goal molecules found.[0m
      [32m✓ All goal reactions found.[0m
        [32m✓ Target reaction successfully synthesized in 1.22s![0m
      Evaluating reaction mbs_297 (295/491)...
        [31m✗ Skipped reaction synthesis (missing molecule synthesis subproblem failed).[0m
      Evaluating reaction mbs_298 (296/491)...
[Problem → Reactions] Found 753 reactions, 250 molecules.
      [32m✓ All goal molecules found.[0m
      [32m✓ All goal reactions found.[0m
        [32m✓ Target reaction successfully synthesized in 1.79s![0m
      Evaluating reaction mbs_299 (297/491)...
[Problem → Reactions] Found 29154 reactions, 250 molecules.
      [32m✓ All goal molecules found.[0m
      [32m✓ All goal reactions found.[0m
        [32m✓ Target reaction successfully synthesized in 50.46s![0m
      Evaluating reaction mbs_300 (298/491)...
[Problem → Reactions] Found 9214 reactions, 250 molecules.
      [32m✓ All goal molecules found.[0m
      [32m✓ All goal reactions found.[0m
        [32m✓ Target reaction successfully synthesized in 11.16s![0m
      Evaluating reaction mbs_301 (299/491)...
[Problem → Reactions] Found 534 reactions, 250 molecules.
      [32m✓ All goal molecules found.[0m
      [32m✓ All goal reactions found.[0m
        [32m✓ Target reaction successfully synthesized in 4.69s![0m
      Evaluating reaction mbs_302 (300/491)...
[Problem → Reactions] Found 3381 reactions, 250 molecules.
      [32m✓ All goal molecules found.[0m
      [32m✓ All goal reactions found.[0m
        [32m✓ Target reaction successfully synthesized in 0.85s![0m
      Evaluating reaction mbs_303 (301/491)...
[Problem → Reactions] Found 1127 reactions, 250 molecules.
      [32m✓ All goal molecules found.[0m
      [32m✓ All goal reactions found.[0m
        [32m✓ Target reaction successfully synthesized in 3.58s![0m
      Evaluating reaction mbs_304 (302/491)...
[Problem → Reactions] Found 1579 reactions, 250 molecules.
      [32m✓ All goal molecules found.[0m
      [32m✓ All goal reactions found.[0m
        [32m✓ Target reaction successfully synthesized in 1.4s![0m
      Evaluating reaction mbs_305 (303/491)...
        [31m✗ Skipped reaction synthesis (missing molecule synthesis subproblem failed).[0m
      Evaluating reaction mbs_306 (304/491)...
[Problem → Reactions] Found 769 reactions, 250 molecules.
      [32m✓ All goal molecules found.[0m
      [32m✓ All goal reactions found.[0m
        [32m✓ Target reaction successfully synthesized in 1.04s![0m
      Evaluating reaction mbs_307 (305/491)...
[Problem → Reactions] Found 1687 reactions, 250 molecules.
      [32m✓ All goal molecules found.[0m
      [32m✓ All goal reactions found.[0m
        [32m✓ Target reaction successfully synthesized in 0.89s![0m
      Evaluating reaction mbs_308 (306/491)...
[Problem → Reactions] Found 721 reactions, 250 molecules.
      [32m✓ All goal molecules found.[0m
      [32m✓ All goal reactions found.[0m
        [32m✓ Target reaction successfully synthesized in 1.29s![0m
      Evaluating reaction mbs_309 (307/491)...
[Problem → Reactions] Found 1329 reactions, 250 molecules.
      [32m✓ All goal molecules found.[0m
      [32m✓ All goal reactions found.[0m
        [32m✓ Target reaction successfully synthesized in 1.3s![0m
      Evaluating reaction mbs_310 (308/491)...
[Problem → Reactions] Found 3302 reactions, 250 molecules.
      [32m✓ All goal molecules found.[0m
      [32m✓ All goal reactions found.[0m
        [32m✓ Target reaction successfully synthesized in 8.54s![0m
      Evaluating reaction mbs_311 (309/491)...
        [31m✗ Skipped reaction synthesis (missing molecule synthesis subproblem failed).[0m
      Evaluating reaction mbs_312 (310/491)...
[Problem → Reactions] Found 4778 reactions, 250 molecules.
      [32m✓ All goal molecules found.[0m
      [32m✓ All goal reactions found.[0m
        [32m✓ Target reaction successfully synthesized in 9.79s![0m
      Evaluating reaction mbs_314 (311/491)...
[Problem → Reactions] Found 1834 reactions, 250 molecules.
      [32m✓ All goal molecules found.[0m
      [32m✓ All goal reactions found.[0m
        [32m✓ Target reaction successfully synthesized in 7.33s![0m
      Evaluating reaction mbs_315 (312/491)...
[Problem → Reactions] Found 12630 reactions, 250 molecules.
      [32m✓ All goal molecules found.[0m
      [32m✓ All goal reactions found.[0m
        [32m✓ Target reaction successfully synthesized in 18.56s![0m
      Evaluating reaction mbs_316 (313/491)...
[Problem → Reactions] Found 5002 reactions, 250 molecules.
      [32m✓ All goal molecules found.[0m
      [32m✓ All goal reactions found.[0m
        [32m✓ Target reaction successfully synthesized in 10.75s![0m
      Evaluating reaction mbs_317 (314/491)...
        [31m✗ Skipped reaction synthesis (missing molecule synthesis subproblem failed).[0m
      Evaluating reaction mbs_318 (315/491)...
[Problem → Reactions] Found 3202 reactions, 250 molecules.
      [32m✓ All goal molecules found.[0m
      [32m✓ All goal reactions found.[0m
        [32m✓ Target reaction successfully synthesized in 7.44s![0m
      Evaluating reaction mbs_319 (316/491)...
[Problem → Reactions] Found 2079 reactions, 250 molecules.
      [32m✓ All goal molecules found.[0m
      [32m✓ All goal reactions found.[0m
        [32m✓ Target reaction successfully synthesized in 0.83s![0m
      Evaluating reaction mbs_320 (317/491)...
[Problem → Reactions] Found 3823 reactions, 250 molecules.
      [32m✓ All goal molecules found.[0m
      [32m✓ All goal reactions found.[0m
        [32m✓ Target reaction successfully synthesized in 1.36s![0m
      Evaluating reaction mbs_321 (318/491)...
[Problem → Reactions] Found 9536 reactions, 250 molecules.
      [32m✓ All goal molecules found.[0m
      [32m✓ All goal reactions found.[0m
        [32m✓ Target reaction successfully synthesized in 8.35s![0m
      Evaluating reaction mbs_322 (319/491)...
        [31m✗ Skipped reaction synthesis (missing molecule synthesis subproblem failed).[0m
      Evaluating reaction mbs_323 (320/491)...
[Problem → Reactions] Found 2728 reactions, 250 molecules.
      [32m✓ All goal molecules found.[0m
      [32m✓ All goal reactions found.[0m
        [32m✓ Target reaction successfully synthesized in 7.94s![0m
      Evaluating reaction mbs_324 (321/491)...
[Problem → Reactions] Found 721 reactions, 250 molecules.
      [32m✓ All goal molecules found.[0m
      [32m✓ All goal reactions found.[0m
        [32m✓ Target reaction successfully synthesized in 0.98s![0m
      Evaluating reaction mbs_325 (322/491)...
[Problem → Reactions] Found 4512 reactions, 250 molecules.
      [32m✓ All goal molecules found.[0m
      [32m✓ All goal reactions found.[0m
        [32m✓ Target reaction successfully synthesized in 10.37s![0m
      Evaluating reaction mbs_327 (323/491)...
        [31m✗ Skipped reaction synthesis (missing molecule synthesis subproblem failed).[0m
      Evaluating reaction mbs_328 (324/491)...
[Problem → Reactions] Found 5434 reactions, 250 molecules.
      [32m✓ All goal molecules found.[0m
      [32m✓ All goal reactions found.[0m
        [32m✓ Target reaction successfully synthesized in 11.8s![0m
      Evaluating reaction mbs_329 (325/491)...
[Problem → Reactions] Found 8212 reactions, 250 molecules.
      [32m✓ All goal molecules found.[0m
      [32m✓ All goal reactions found.[0m
        [32m✓ Target reaction successfully synthesized in 14.57s![0m
      Evaluating reaction mbs_330 (326/491)...
[Problem → Reactions] Found 2579 reactions, 250 molecules.
      [32m✓ All goal molecules found.[0m
      [32m✓ All goal reactions found.[0m
        [32m✓ Target reaction successfully synthesized in 1.68s![0m
      Evaluating reaction mbs_331 (327/491)...
[Problem → Reactions] Found 6730 reactions, 250 molecules.
      [32m✓ All goal molecules found.[0m
      [32m✓ All goal reactions found.[0m
        [32m✓ Target reaction successfully synthesized in 7.94s![0m
      Evaluating reaction mbs_332 (328/491)...
[Problem → Reactions] Found 1413 reactions, 250 molecules.
      [32m✓ All goal molecules found.[0m
      [32m✓ All goal reactions found.[0m
        [32m✓ Target reaction successfully synthesized in 0.93s![0m
      Evaluating reaction mbs_333 (329/491)...
[Problem → Reactions] Found 5431 reactions, 250 molecules.
      [32m✓ All goal molecules found.[0m
      [32m✓ All goal reactions found.[0m
        [32m✓ Target reaction successfully synthesized in 0.98s![0m
      Evaluating reaction mbs_334 (330/491)...
[Problem → Reactions] Found 1336 reactions, 250 molecules.
      [32m✓ All goal molecules found.[0m
      [32m✓ All goal reactions found.[0m
        [32m✓ Target reaction successfully synthesized in 5.46s![0m
      Evaluating reaction mbs_335 (331/491)...
[Problem → Reactions] Found 6017 reactions, 250 molecules.
      [32m✓ All goal molecules found.[0m
      [32m✓ All goal reactions found.[0m
        [32m✓ Target reaction successfully synthesized in 2.14s![0m
      Evaluating reaction mbs_336 (332/491)...
[Problem → Reactions] Found 3025 reactions, 250 molecules.
      [32m✓ All goal molecules found.[0m
      [32m✓ All goal reactions found.[0m
        [32m✓ Target reaction successfully synthesized in 1.22s![0m
      Evaluating reaction mbs_337 (333/491)...
[Problem → Reactions] Found 2891 reactions, 250 molecules.
      [32m✓ All goal molecules found.[0m
      [32m✓ All goal reactions found.[0m
        [32m✓ Target reaction successfully synthesized in 1.33s![0m
      Evaluating reaction mbs_338 (334/491)...
[Problem → Reactions] Found 3218 reactions, 250 molecules.
      [32m✓ All goal molecules found.[0m
      [32m✓ All goal reactions found.[0m
        [32m✓ Target reaction successfully synthesized in 8.71s![0m
      Evaluating reaction mbs_339 (335/491)...
[Problem → Reactions] Found 845 reactions, 250 molecules.
      [32m✓ All goal molecules found.[0m
      [32m✓ All goal reactions found.[0m
        [32m✓ Target reaction successfully synthesized in 1.13s![0m
      Evaluating reaction mbs_340 (336/491)...
[Problem → Reactions] Found 20276 reactions, 250 molecules.
      [32m✓ All goal molecules found.[0m
      [32m✓ All goal reactions found.[0m
        [32m✓ Target reaction successfully synthesized in 28.29s![0m
      Evaluating reaction mbs_341 (337/491)...
        [31m✗ Skipped reaction synthesis (missing molecule synthesis subproblem failed).[0m
      Evaluating reaction mbs_342 (338/491)...
[Problem → Reactions] Found 2811 reactions, 250 molecules.
      [32m✓ All goal molecules found.[0m
      [32m✓ All goal reactions found.[0m
        [32m✓ Target reaction successfully synthesized in 1.12s![0m
      Evaluating reaction mbs_343 (339/491)...
[Problem → Reactions] Found 3228 reactions, 250 molecules.
      [32m✓ All goal molecules found.[0m
      [32m✓ All goal reactions found.[0m
        [32m✓ Target reaction successfully synthesized in 6.49s![0m
      Evaluating reaction mbs_344 (340/491)...
[Problem → Reactions] Found 1556 reactions, 250 molecules.
      [32m✓ All goal molecules found.[0m
      [32m✓ All goal reactions found.[0m
        [32m✓ Target reaction successfully synthesized in 6.86s![0m
      Evaluating reaction mbs_345 (341/491)...
[Problem → Reactions] Found 3544 reactions, 250 molecules.
      [32m✓ All goal molecules found.[0m
      [32m✓ All goal reactions found.[0m
        [32m✓ Target reaction successfully synthesized in 7.94s![0m
      Evaluating reaction mbs_346 (342/491)...
[Problem → Reactions] Found 1255 reactions, 250 molecules.
      [32m✓ All goal molecules found.[0m
      [32m✓ All goal reactions found.[0m
        [32m✓ Target reaction successfully synthesized in 0.94s![0m
      Evaluating reaction mbs_347 (343/491)...
[Problem → Reactions] Found 11414 reactions, 250 molecules.
      [32m✓ All goal molecules found.[0m
      [32m✓ All goal reactions found.[0m
        [32m✓ Target reaction successfully synthesized in 15.08s![0m
      Evaluating reaction mbs_348 (344/491)...
[Problem → Reactions] Found 2996 reactions, 250 molecules.
      [32m✓ All goal molecules found.[0m
      [32m✓ All goal reactions found.[0m
        [32m✓ Target reaction successfully synthesized in 7.04s![0m
      Evaluating reaction mbs_349 (345/491)...
        [31m✗ Skipped reaction synthesis (missing molecule synthesis subproblem failed).[0m
      Evaluating reaction mbs_350 (346/491)...
[Problem → Reactions] Found 3642 reactions, 250 molecules.
      [32m✓ All goal molecules found.[0m
      [32m✓ All goal reactions found.[0m
        [32m✓ Target reaction successfully synthesized in 7.06s![0m
      Evaluating reaction mbs_351 (347/491)...
[Problem → Reactions] Found 789 reactions, 250 molecules.
      [32m✓ All goal molecules found.[0m
      [32m✓ All goal reactions found.[0m
        [32m✓ Target reaction successfully synthesized in 0.96s![0m
      Evaluating reaction mbs_352 (348/491)...
[Problem → Reactions] Found 955 reactions, 250 molecules.
      [32m✓ All goal molecules found.[0m
      [32m✓ All goal reactions found.[0m
        [32m✓ Target reaction successfully synthesized in 0.71s![0m
      Evaluating reaction mbs_353 (349/491)...
[Problem → Reactions] Found 6908 reactions, 250 molecules.
      [32m✓ All goal molecules found.[0m
      [32m✓ All goal reactions found.[0m
        [32m✓ Target reaction successfully synthesized in 7.17s![0m
      Evaluating reaction mbs_354 (350/491)...
[Problem → Reactions] Found 2975 reactions, 250 molecules.
      [32m✓ All goal molecules found.[0m
      [32m✓ All goal reactions found.[0m
        [32m✓ Target reaction successfully synthesized in 1.08s![0m
      Evaluating reaction mbs_355 (351/491)...
[Problem → Reactions] Found 3711 reactions, 250 molecules.
      [32m✓ All goal molecules found.[0m
      [32m✓ All goal reactions found.[0m
        [32m✓ Target reaction successfully synthesized in 1.66s![0m
      Evaluating reaction mbs_356 (352/491)...
[Problem → Reactions] Found 6064 reactions, 250 molecules.
      [32m✓ All goal molecules found.[0m
      [32m✓ All goal reactions found.[0m
        [32m✓ Target reaction successfully synthesized in 11.41s![0m
      Evaluating reaction mbs_357 (353/491)...
        [31m✗ Skipped reaction synthesis (missing molecule synthesis subproblem failed).[0m
      Evaluating reaction mbs_358 (354/491)...
[Problem → Reactions] Found 273 reactions, 250 molecules.
      [32m✓ All goal molecules found.[0m
      [32m✓ All goal reactions found.[0m
        [32m✓ Target reaction successfully synthesized in 0.74s![0m
      Evaluating reaction mbs_359 (355/491)...
[Problem → Reactions] Found 2495 reactions, 250 molecules.
      [32m✓ All goal molecules found.[0m
      [32m✓ All goal reactions found.[0m
        [32m✓ Target reaction successfully synthesized in 1.52s![0m
      Evaluating reaction mbs_360 (356/491)...
[Problem → Reactions] Found 6528 reactions, 250 molecules.
      [32m✓ All goal molecules found.[0m
      [32m✓ All goal reactions found.[0m
        [32m✓ Target reaction successfully synthesized in 7.58s![0m
      Evaluating reaction mbs_361 (357/491)...
[Problem → Reactions] Found 1310 reactions, 250 molecules.
      [32m✓ All goal molecules found.[0m
      [32m✓ All goal reactions found.[0m
        [32m✓ Target reaction successfully synthesized in 6.56s![0m
      Evaluating reaction mbs_362 (358/491)...
[Problem → Reactions] Found 2212 reactions, 250 molecules.
      [32m✓ All goal molecules found.[0m
      [32m✓ All goal reactions found.[0m
        [32m✓ Target reaction successfully synthesized in 7.7s![0m
      Evaluating reaction mbs_363 (359/491)...
[Problem → Reactions] Found 2520 reactions, 250 molecules.
      [32m✓ All goal molecules found.[0m
      [32m✓ All goal reactions found.[0m
        [32m✓ Target reaction successfully synthesized in 7.89s![0m
      Evaluating reaction mbs_364 (360/491)...
[Problem → Reactions] Found 1418 reactions, 250 molecules.
      [32m✓ All goal molecules found.[0m
      [32m✓ All goal reactions found.[0m
        [32m✓ Target reaction successfully synthesized in 5.8s![0m
      Evaluating reaction mbs_365 (361/491)...
[Problem → Reactions] Found 5174 reactions, 250 molecules.
      [32m✓ All goal molecules found.[0m
      [32m✓ All goal reactions found.[0m
        [32m✓ Target reaction successfully synthesized in 11.97s![0m
      Evaluating reaction mbs_366 (362/491)...
[Problem → Reactions] Found 1163 reactions, 250 molecules.
      [32m✓ All goal molecules found.[0m
      [32m✓ All goal reactions found.[0m
        [32m✓ Target reaction successfully synthesized in 0.88s![0m
      Evaluating reaction mbs_367 (363/491)...
        [31m✗ Skipped reaction synthesis (missing molecule synthesis subproblem failed).[0m
      Evaluating reaction mbs_368 (364/491)...
[Problem → Reactions] Found 2325 reactions, 250 molecules.
      [32m✓ All goal molecules found.[0m
      [32m✓ All goal reactions found.[0m
        [32m✓ Target reaction successfully synthesized in 0.97s![0m
      Evaluating reaction mbs_369 (365/491)...
[Problem → Reactions] Found 2693 reactions, 250 molecules.
      [32m✓ All goal molecules found.[0m
      [32m✓ All goal reactions found.[0m
        [32m✓ Target reaction successfully synthesized in 1.14s![0m
      Evaluating reaction mbs_370 (366/491)...
        [31m✗ Skipped reaction synthesis (missing molecule synthesis subproblem failed).[0m
      Evaluating reaction mbs_371 (367/491)...
[Problem → Reactions] Found 15608 reactions, 250 molecules.
      [32m✓ All goal molecules found.[0m
      [32m✓ All goal reactions found.[0m
        [32m✓ Target reaction successfully synthesized in 16.98s![0m
      Evaluating reaction mbs_372 (368/491)...
[Problem → Reactions] Found 4433 reactions, 250 molecules.
      [32m✓ All goal molecules found.[0m
      [32m✓ All goal reactions found.[0m
        [32m✓ Target reaction successfully synthesized in 1.31s![0m
      Evaluating reaction mbs_373 (369/491)...
[Problem → Reactions] Found 6526 reactions, 250 molecules.
      [32m✓ All goal molecules found.[0m
      [32m✓ All goal reactions found.[0m
        [32m✓ Target reaction successfully synthesized in 7.7s![0m
      Evaluating reaction mbs_374 (370/491)...
[Problem → Reactions] Found 2498 reactions, 250 molecules.
      [32m✓ All goal molecules found.[0m
      [32m✓ All goal reactions found.[0m
        [32m✓ Target reaction successfully synthesized in 7.84s![0m
      Evaluating reaction mbs_375 (371/491)...
[Problem → Reactions] Found 4964 reactions, 250 molecules.
      [32m✓ All goal molecules found.[0m
      [32m✓ All goal reactions found.[0m
        [32m✓ Target reaction successfully synthesized in 8.11s![0m
      Evaluating reaction mbs_376 (372/491)...
[Problem → Reactions] Found 20650 reactions, 250 molecules.
      [32m✓ All goal molecules found.[0m
      [32m✓ All goal reactions found.[0m
        [32m✓ Target reaction successfully synthesized in 32.71s![0m
      Evaluating reaction mbs_377 (373/491)...
[Problem → Reactions] Found 30000 reactions, 250 molecules.
      [32m✓ All goal molecules found.[0m
      [31m✗ Missing goal reactions.[0m
        [31m✗ Synthesis failed or timed out in 50.99s.[0m
      Evaluating reaction mbs_378 (374/491)...
        [31m✗ Skipped reaction synthesis (missing molecule synthesis subproblem failed).[0m
      Evaluating reaction mbs_379 (375/491)...
        [31m✗ Skipped reaction synthesis (missing molecule synthesis subproblem failed).[0m
      Evaluating reaction mbs_380 (376/491)...
[Problem → Reactions] Found 2568 reactions, 250 molecules.
      [32m✓ All goal molecules found.[0m
      [32m✓ All goal reactions found.[0m
        [32m✓ Target reaction successfully synthesized in 5.87s![0m
      Evaluating reaction mbs_381 (377/491)...
[Problem → Reactions] Found 2992 reactions, 250 molecules.
      [32m✓ All goal molecules found.[0m
      [32m✓ All goal reactions found.[0m
        [32m✓ Target reaction successfully synthesized in 7.56s![0m
      Evaluating reaction mbs_382 (378/491)...
[Problem → Reactions] Found 7892 reactions, 250 molecules.
      [32m✓ All goal molecules found.[0m
      [32m✓ All goal reactions found.[0m
        [32m✓ Target reaction successfully synthesized in 8.92s![0m
      Evaluating reaction mbs_383 (379/491)...
[Problem → Reactions] Found 487 reactions, 250 molecules.
      [32m✓ All goal molecules found.[0m
      [32m✓ All goal reactions found.[0m
        [32m✓ Target reaction successfully synthesized in 0.79s![0m
      Evaluating reaction mbs_384 (380/491)...
[Problem → Reactions] Found 12246 reactions, 250 molecules.
      [32m✓ All goal molecules found.[0m
      [32m✓ All goal reactions found.[0m
        [32m✓ Target reaction successfully synthesized in 12.74s![0m
      Evaluating reaction mbs_385 (381/491)...
[Problem → Reactions] Found 370 reactions, 250 molecules.
      [32m✓ All goal molecules found.[0m
      [32m✓ All goal reactions found.[0m
        [32m✓ Target reaction successfully synthesized in 4.23s![0m
      Evaluating reaction mbs_386 (382/491)...
[Problem → Reactions] Found 3801 reactions, 250 molecules.
      [32m✓ All goal molecules found.[0m
      [32m✓ All goal reactions found.[0m
        [32m✓ Target reaction successfully synthesized in 1.5s![0m
      Evaluating reaction mbs_387 (383/491)...
[Problem → Reactions] Found 30000 reactions, 250 molecules.
      [32m✓ All goal molecules found.[0m
      [31m✗ Missing goal reactions.[0m
        [31m✗ Synthesis failed or timed out in 64.6s.[0m
      Evaluating reaction mbs_388 (384/491)...
[Problem → Reactions] Found 2753 reactions, 250 molecules.
      [32m✓ All goal molecules found.[0m
      [32m✓ All goal reactions found.[0m
        [32m✓ Target reaction successfully synthesized in 1.54s![0m
      Evaluating reaction mbs_389 (385/491)...
[Problem → Reactions] Found 7272 reactions, 250 molecules.
      [32m✓ All goal molecules found.[0m
      [32m✓ All goal reactions found.[0m
        [32m✓ Target reaction successfully synthesized in 9.87s![0m
      Evaluating reaction mbs_390 (386/491)...
[Problem → Reactions] Found 1647 reactions, 250 molecules.
      [32m✓ All goal molecules found.[0m
      [32m✓ All goal reactions found.[0m
        [32m✓ Target reaction successfully synthesized in 0.9s![0m
      Evaluating reaction mbs_391 (387/491)...
[Problem → Reactions] Found 2466 reactions, 250 molecules.
      [32m✓ All goal molecules found.[0m
      [32m✓ All goal reactions found.[0m
        [32m✓ Target reaction successfully synthesized in 7.92s![0m
      Evaluating reaction mbs_392 (388/491)...
[Problem → Reactions] Found 3752 reactions, 250 molecules.
      [32m✓ All goal molecules found.[0m
      [32m✓ All goal reactions found.[0m
        [32m✓ Target reaction successfully synthesized in 8.95s![0m
      Evaluating reaction mbs_393 (389/491)...
[Problem → Reactions] Found 2709 reactions, 250 molecules.
      [32m✓ All goal molecules found.[0m
      [32m✓ All goal reactions found.[0m
        [32m✓ Target reaction successfully synthesized in 1.82s![0m
      Evaluating reaction mbs_394 (390/491)...
[Problem → Reactions] Found 30000 reactions, 250 molecules.
      [32m✓ All goal molecules found.[0m
      [31m✗ Missing goal reactions.[0m
        [31m✗ Synthesis failed or timed out in 65.35s.[0m
      Evaluating reaction mbs_395 (391/491)...
[Problem → Reactions] Found 1082 reactions, 250 molecules.
      [32m✓ All goal molecules found.[0m
      [32m✓ All goal reactions found.[0m
        [32m✓ Target reaction successfully synthesized in 5.85s![0m
      Evaluating reaction mbs_396 (392/491)...
[Problem → Reactions] Found 1804 reactions, 250 molecules.
      [32m✓ All goal molecules found.[0m
      [32m✓ All goal reactions found.[0m
        [32m✓ Target reaction successfully synthesized in 5.33s![0m
      Evaluating reaction mbs_397 (393/491)...
[Problem → Reactions] Found 1294 reactions, 250 molecules.
      [32m✓ All goal molecules found.[0m
      [32m✓ All goal reactions found.[0m
        [32m✓ Target reaction successfully synthesized in 6.09s![0m
      Evaluating reaction mbs_398 (394/491)...
[Problem → Reactions] Found 2108 reactions, 250 molecules.
      [32m✓ All goal molecules found.[0m
      [32m✓ All goal reactions found.[0m
        [32m✓ Target reaction successfully synthesized in 5.8s![0m
      Evaluating reaction mbs_399 (395/491)...
[Problem → Reactions] Found 2502 reactions, 250 molecules.
      [32m✓ All goal molecules found.[0m
      [32m✓ All goal reactions found.[0m
        [32m✓ Target reaction successfully synthesized in 6.47s![0m
      Evaluating reaction mbs_400 (396/491)...
[Problem → Reactions] Found 2143 reactions, 250 molecules.
      [32m✓ All goal molecules found.[0m
      [32m✓ All goal reactions found.[0m
        [32m✓ Target reaction successfully synthesized in 1.47s![0m
      Evaluating reaction mbs_401 (397/491)...
[Problem → Reactions] Found 9482 reactions, 250 molecules.
      [32m✓ All goal molecules found.[0m
      [32m✓ All goal reactions found.[0m
        [32m✓ Target reaction successfully synthesized in 8.92s![0m
      Evaluating reaction mbs_402 (398/491)...
        [31m✗ Skipped reaction synthesis (missing molecule synthesis subproblem failed).[0m
      Evaluating reaction mbs_403 (399/491)...
[Problem → Reactions] Found 1461 reactions, 250 molecules.
      [32m✓ All goal molecules found.[0m
      [32m✓ All goal reactions found.[0m
        [32m✓ Target reaction successfully synthesized in 1.87s![0m
      Evaluating reaction mbs_404 (400/491)...
[Problem → Reactions] Found 1427 reactions, 250 molecules.
      [32m✓ All goal molecules found.[0m
      [32m✓ All goal reactions found.[0m
        [32m✓ Target reaction successfully synthesized in 2.14s![0m
      Evaluating reaction mbs_405 (401/491)...
[Problem → Reactions] Found 330 reactions, 250 molecules.
      [32m✓ All goal molecules found.[0m
      [32m✓ All goal reactions found.[0m
        [32m✓ Target reaction successfully synthesized in 4.13s![0m
      Evaluating reaction mbs_406 (402/491)...
[Problem → Reactions] Found 4052 reactions, 250 molecules.
      [32m✓ All goal molecules found.[0m
      [32m✓ All goal reactions found.[0m
        [32m✓ Target reaction successfully synthesized in 9.08s![0m
      Evaluating reaction mbs_407 (403/491)...
[Problem → Reactions] Found 3754 reactions, 250 molecules.
      [32m✓ All goal molecules found.[0m
      [32m✓ All goal reactions found.[0m
        [32m✓ Target reaction successfully synthesized in 4.47s![0m
      Evaluating reaction mbs_408 (404/491)...
[Problem → Reactions] Found 22778 reactions, 250 molecules.
      [32m✓ All goal molecules found.[0m
      [32m✓ All goal reactions found.[0m
        [32m✓ Target reaction successfully synthesized in 29.32s![0m
      Evaluating reaction mbs_409 (405/491)...
[Problem → Reactions] Found 3158 reactions, 250 molecules.
      [32m✓ All goal molecules found.[0m
      [32m✓ All goal reactions found.[0m
        [32m✓ Target reaction successfully synthesized in 8.56s![0m
      Evaluating reaction mbs_410 (406/491)...
[Problem → Reactions] Found 1878 reactions, 250 molecules.
      [32m✓ All goal molecules found.[0m
      [32m✓ All goal reactions found.[0m
        [32m✓ Target reaction successfully synthesized in 6.72s![0m
      Evaluating reaction mbs_411 (407/491)...
[Problem → Reactions] Found 3507 reactions, 250 molecules.
      [32m✓ All goal molecules found.[0m
      [32m✓ All goal reactions found.[0m
        [32m✓ Target reaction successfully synthesized in 1.42s![0m
      Evaluating reaction mbs_413 (408/491)...
[Problem → Reactions] Found 373 reactions, 250 molecules.
      [32m✓ All goal molecules found.[0m
      [32m✓ All goal reactions found.[0m
        [32m✓ Target reaction successfully synthesized in 2.04s![0m
      Evaluating reaction mbs_414 (409/491)...
[Problem → Reactions] Found 3836 reactions, 250 molecules.
      [32m✓ All goal molecules found.[0m
      [32m✓ All goal reactions found.[0m
        [32m✓ Target reaction successfully synthesized in 9.02s![0m
      Evaluating reaction mbs_415 (410/491)...
[Problem → Reactions] Found 388 reactions, 250 molecules.
      [32m✓ All goal molecules found.[0m
      [32m✓ All goal reactions found.[0m
        [32m✓ Target reaction successfully synthesized in 4.53s![0m
      Evaluating reaction mbs_416 (411/491)...
[Problem → Reactions] Found 1319 reactions, 250 molecules.
      [32m✓ All goal molecules found.[0m
      [32m✓ All goal reactions found.[0m
        [32m✓ Target reaction successfully synthesized in 1.68s![0m
      Evaluating reaction mbs_417 (412/491)...
[Problem → Reactions] Found 5002 reactions, 250 molecules.
      [32m✓ All goal molecules found.[0m
      [32m✓ All goal reactions found.[0m
        [32m✓ Target reaction successfully synthesized in 12.46s![0m
      Evaluating reaction mbs_418 (413/491)...
[Problem → Reactions] Found 1253 reactions, 250 molecules.
      [32m✓ All goal molecules found.[0m
      [32m✓ All goal reactions found.[0m
        [32m✓ Target reaction successfully synthesized in 0.83s![0m
      Evaluating reaction mbs_419 (414/491)...
[Problem → Reactions] Found 2502 reactions, 250 molecules.
      [32m✓ All goal molecules found.[0m
      [32m✓ All goal reactions found.[0m
        [32m✓ Target reaction successfully synthesized in 5.7s![0m
      Evaluating reaction mbs_420 (415/491)...
[Problem → Reactions] Found 1115 reactions, 250 molecules.
      [32m✓ All goal molecules found.[0m
      [32m✓ All goal reactions found.[0m
        [32m✓ Target reaction successfully synthesized in 1.37s![0m
      Evaluating reaction mbs_421 (416/491)...
[Problem → Reactions] Found 3438 reactions, 250 molecules.
      [32m✓ All goal molecules found.[0m
      [32m✓ All goal reactions found.[0m
        [32m✓ Target reaction successfully synthesized in 9.58s![0m
      Evaluating reaction mbs_422 (417/491)...
        [31m✗ Skipped reaction synthesis (missing molecule synthesis subproblem failed).[0m
      Evaluating reaction mbs_423 (418/491)...
        [31m✗ Skipped reaction synthesis (missing molecule synthesis subproblem failed).[0m
      Evaluating reaction mbs_424 (419/491)...
[Problem → Reactions] Found 1199 reactions, 250 molecules.
      [32m✓ All goal molecules found.[0m
      [32m✓ All goal reactions found.[0m
        [32m✓ Target reaction successfully synthesized in 0.92s![0m
      Evaluating reaction mbs_425 (420/491)...
[Problem → Reactions] Found 2953 reactions, 250 molecules.
      [32m✓ All goal molecules found.[0m
      [32m✓ All goal reactions found.[0m
        [32m✓ Target reaction successfully synthesized in 1.34s![0m
      Evaluating reaction mbs_426 (421/491)...
        [31m✗ Skipped reaction synthesis (missing molecule synthesis subproblem failed).[0m
      Evaluating reaction mbs_428 (422/491)...
[Problem → Reactions] Found 3536 reactions, 250 molecules.
      [32m✓ All goal molecules found.[0m
      [32m✓ All goal reactions found.[0m
        [32m✓ Target reaction successfully synthesized in 8.06s![0m
      Evaluating reaction mbs_429 (423/491)...
[Problem → Reactions] Found 6366 reactions, 250 molecules.
      [32m✓ All goal molecules found.[0m
      [32m✓ All goal reactions found.[0m
        [32m✓ Target reaction successfully synthesized in 8.29s![0m
      Evaluating reaction mbs_430 (424/491)...
        [31m✗ Skipped reaction synthesis (missing molecule synthesis subproblem failed).[0m
      Evaluating reaction mbs_431 (425/491)...
[Problem → Reactions] Found 2506 reactions, 250 molecules.
      [32m✓ All goal molecules found.[0m
      [32m✓ All goal reactions found.[0m
        [32m✓ Target reaction successfully synthesized in 7.78s![0m
      Evaluating reaction mbs_432 (426/491)...
[Problem → Reactions] Found 611 reactions, 250 molecules.
      [32m✓ All goal molecules found.[0m
      [32m✓ All goal reactions found.[0m
        [32m✓ Target reaction successfully synthesized in 0.71s![0m
      Evaluating reaction mbs_433 (427/491)...
[Problem → Reactions] Found 1960 reactions, 250 molecules.
      [32m✓ All goal molecules found.[0m
      [32m✓ All goal reactions found.[0m
        [32m✓ Target reaction successfully synthesized in 5.84s![0m
      Evaluating reaction mbs_434 (428/491)...
[Problem → Reactions] Found 554 reactions, 250 molecules.
      [32m✓ All goal molecules found.[0m
      [32m✓ All goal reactions found.[0m
        [32m✓ Target reaction successfully synthesized in 4.94s![0m
      Evaluating reaction mbs_435 (429/491)...
[Problem → Reactions] Found 10554 reactions, 250 molecules.
      [32m✓ All goal molecules found.[0m
      [32m✓ All goal reactions found.[0m
        [32m✓ Target reaction successfully synthesized in 19.58s![0m
      Evaluating reaction mbs_436 (430/491)...
[Problem → Reactions] Found 7852 reactions, 250 molecules.
      [32m✓ All goal molecules found.[0m
      [32m✓ All goal reactions found.[0m
        [32m✓ Target reaction successfully synthesized in 9.94s![0m
      Evaluating reaction mbs_437 (431/491)...
[Problem → Reactions] Found 2284 reactions, 250 molecules.
      [32m✓ All goal molecules found.[0m
      [32m✓ All goal reactions found.[0m
        [32m✓ Target reaction successfully synthesized in 7.56s![0m
      Evaluating reaction mbs_438 (432/491)...
[Problem → Reactions] Found 7934 reactions, 250 molecules.
      [32m✓ All goal molecules found.[0m
      [32m✓ All goal reactions found.[0m
        [32m✓ Target reaction successfully synthesized in 8.78s![0m
      Evaluating reaction mbs_439 (433/491)...
[Problem → Reactions] Found 25658 reactions, 250 molecules.
      [32m✓ All goal molecules found.[0m
      [32m✓ All goal reactions found.[0m
        [32m✓ Target reaction successfully synthesized in 37.91s![0m
      Evaluating reaction mbs_440 (434/491)...
[Problem → Reactions] Found 751 reactions, 250 molecules.
      [32m✓ All goal molecules found.[0m
      [32m✓ All goal reactions found.[0m
        [32m✓ Target reaction successfully synthesized in 0.88s![0m
      Evaluating reaction mbs_442 (435/491)...
[Problem → Reactions] Found 1068 reactions, 250 molecules.
      [32m✓ All goal molecules found.[0m
      [32m✓ All goal reactions found.[0m
        [32m✓ Target reaction successfully synthesized in 4.51s![0m
      Evaluating reaction mbs_443 (436/491)...
[Problem → Reactions] Found 4182 reactions, 250 molecules.
      [32m✓ All goal molecules found.[0m
      [32m✓ All goal reactions found.[0m
        [32m✓ Target reaction successfully synthesized in 8.42s![0m
      Evaluating reaction mbs_444 (437/491)...
[Problem → Reactions] Found 30000 reactions, 250 molecules.
      [32m✓ All goal molecules found.[0m
      [31m✗ Missing goal reactions.[0m
        [31m✗ Synthesis failed or timed out in 49.1s.[0m
      Evaluating reaction mbs_445 (438/491)...
[Problem → Reactions] Found 1721 reactions, 250 molecules.
      [32m✓ All goal molecules found.[0m
      [32m✓ All goal reactions found.[0m
        [32m✓ Target reaction successfully synthesized in 0.95s![0m
      Evaluating reaction mbs_446 (439/491)...
[Problem → Reactions] Found 1792 reactions, 250 molecules.
      [32m✓ All goal molecules found.[0m
      [32m✓ All goal reactions found.[0m
        [32m✓ Target reaction successfully synthesized in 6.89s![0m
      Evaluating reaction mbs_447 (440/491)...
        [31m✗ Skipped reaction synthesis (missing molecule synthesis subproblem failed).[0m
      Evaluating reaction mbs_448 (441/491)...
[Problem → Reactions] Found 5058 reactions, 250 molecules.
      [32m✓ All goal molecules found.[0m
      [32m✓ All goal reactions found.[0m
        [32m✓ Target reaction successfully synthesized in 10.65s![0m
      Evaluating reaction mbs_449 (442/491)...
        [31m✗ Skipped reaction synthesis (missing molecule synthesis subproblem failed).[0m
      Evaluating reaction mbs_450 (443/491)...
        [31m✗ Skipped reaction synthesis (missing molecule synthesis subproblem failed).[0m
      Evaluating reaction mbs_451 (444/491)...
[Problem → Reactions] Found 5885 reactions, 250 molecules.
      [32m✓ All goal molecules found.[0m
      [32m✓ All goal reactions found.[0m
        [32m✓ Target reaction successfully synthesized in 1.54s![0m
      Evaluating reaction mbs_452 (445/491)...
[Problem → Reactions] Found 3894 reactions, 250 molecules.
      [32m✓ All goal molecules found.[0m
      [32m✓ All goal reactions found.[0m
        [32m✓ Target reaction successfully synthesized in 7.47s![0m
      Evaluating reaction mbs_453 (446/491)...
[Problem → Reactions] Found 4798 reactions, 250 molecules.
      [32m✓ All goal molecules found.[0m
      [32m✓ All goal reactions found.[0m
        [32m✓ Target reaction successfully synthesized in 6.86s![0m
      Evaluating reaction mbs_454 (447/491)...
[Problem → Reactions] Found 1404 reactions, 250 molecules.
      [32m✓ All goal molecules found.[0m
      [32m✓ All goal reactions found.[0m
        [32m✓ Target reaction successfully synthesized in 5.76s![0m
      Evaluating reaction mbs_455 (448/491)...
[Problem → Reactions] Found 2713 reactions, 250 molecules.
      [32m✓ All goal molecules found.[0m
      [32m✓ All goal reactions found.[0m
        [32m✓ Target reaction successfully synthesized in 2.35s![0m
      Evaluating reaction mbs_456 (449/491)...
[Problem → Reactions] Found 6761 reactions, 250 molecules.
      [32m✓ All goal molecules found.[0m
      [32m✓ All goal reactions found.[0m
        [32m✓ Target reaction successfully synthesized in 2.14s![0m
      Evaluating reaction mbs_457 (450/491)...
        [31m✗ Skipped reaction synthesis (missing molecule synthesis subproblem failed).[0m
      Evaluating reaction mbs_458 (451/491)...
[Problem → Reactions] Found 7600 reactions, 250 molecules.
      [32m✓ All goal molecules found.[0m
      [32m✓ All goal reactions found.[0m
        [32m✓ Target reaction successfully synthesized in 9.81s![0m
      Evaluating reaction mbs_459 (452/491)...
[Problem → Reactions] Found 798 reactions, 250 molecules.
      [32m✓ All goal molecules found.[0m
      [32m✓ All goal reactions found.[0m
        [32m✓ Target reaction successfully synthesized in 3.02s![0m
      Evaluating reaction mbs_460 (453/491)...
[Problem → Reactions] Found 2524 reactions, 250 molecules.
      [32m✓ All goal molecules found.[0m
      [32m✓ All goal reactions found.[0m
        [32m✓ Target reaction successfully synthesized in 6.74s![0m
      Evaluating reaction mbs_461 (454/491)...
[Problem → Reactions] Found 288 reactions, 250 molecules.
      [32m✓ All goal molecules found.[0m
      [32m✓ All goal reactions found.[0m
        [32m✓ Target reaction successfully synthesized in 4.26s![0m
      Evaluating reaction mbs_462 (455/491)...
[Problem → Reactions] Found 497 reactions, 250 molecules.
      [32m✓ All goal molecules found.[0m
      [32m✓ All goal reactions found.[0m
        [32m✓ Target reaction successfully synthesized in 1.77s![0m
      Evaluating reaction mbs_463 (456/491)...
[Problem → Reactions] Found 30000 reactions, 250 molecules.
      [32m✓ All goal molecules found.[0m
      [31m✗ Missing goal reactions.[0m
        [31m✗ Synthesis failed or timed out in 68.96s.[0m
      Evaluating reaction mbs_464 (457/491)...
[Problem → Reactions] Found 1159 reactions, 250 molecules.
      [32m✓ All goal molecules found.[0m
      [32m✓ All goal reactions found.[0m
        [32m✓ Target reaction successfully synthesized in 0.81s![0m
      Evaluating reaction mbs_465 (458/491)...
[Problem → Reactions] Found 2227 reactions, 250 molecules.
      [32m✓ All goal molecules found.[0m
      [32m✓ All goal reactions found.[0m
        [32m✓ Target reaction successfully synthesized in 1.4s![0m
      Evaluating reaction mbs_466 (459/491)...
[Problem → Reactions] Found 966 reactions, 250 molecules.
      [32m✓ All goal molecules found.[0m
      [32m✓ All goal reactions found.[0m
        [32m✓ Target reaction successfully synthesized in 4.77s![0m
      Evaluating reaction mbs_467 (460/491)...
[Problem → Reactions] Found 30000 reactions, 250 molecules.
      [32m✓ All goal molecules found.[0m
      [31m✗ Missing goal reactions.[0m
        [31m✗ Synthesis failed or timed out in 67.65s.[0m
      Evaluating reaction mbs_468 (461/491)...
[Problem → Reactions] Found 4400 reactions, 250 molecules.
      [32m✓ All goal molecules found.[0m
      [32m✓ All goal reactions found.[0m
        [32m✓ Target reaction successfully synthesized in 7.49s![0m
      Evaluating reaction mbs_469 (462/491)...
[Problem → Reactions] Found 8683 reactions, 250 molecules.
      [32m✓ All goal molecules found.[0m
      [32m✓ All goal reactions found.[0m
        [32m✓ Target reaction successfully synthesized in 1.72s![0m
      Evaluating reaction mbs_470 (463/491)...
[Problem → Reactions] Found 282 reactions, 250 molecules.
      [32m✓ All goal molecules found.[0m
      [32m✓ All goal reactions found.[0m
        [32m✓ Target reaction successfully synthesized in 4.12s![0m
      Evaluating reaction mbs_471 (464/491)...
[Problem → Reactions] Found 606 reactions, 250 molecules.
      [32m✓ All goal molecules found.[0m
      [32m✓ All goal reactions found.[0m
        [32m✓ Target reaction successfully synthesized in 3.9s![0m
      Evaluating reaction mbs_472 (465/491)...
[Problem → Reactions] Found 30000 reactions, 250 molecules.
      [32m✓ All goal molecules found.[0m
      [31m✗ Missing goal reactions.[0m
        [31m✗ Synthesis failed or timed out in 71.27s.[0m
      Evaluating reaction mbs_473 (466/491)...
[Problem → Reactions] Found 1821 reactions, 250 molecules.
      [32m✓ All goal molecules found.[0m
      [32m✓ All goal reactions found.[0m
        [32m✓ Target reaction successfully synthesized in 1.01s![0m
      Evaluating reaction mbs_474 (467/491)...
[Problem → Reactions] Found 2542 reactions, 250 molecules.
      [32m✓ All goal molecules found.[0m
      [32m✓ All goal reactions found.[0m
        [32m✓ Target reaction successfully synthesized in 5.75s![0m
      Evaluating reaction mbs_476 (468/491)...
[Problem → Reactions] Found 760 reactions, 250 molecules.
      [32m✓ All goal molecules found.[0m
      [32m✓ All goal reactions found.[0m
        [32m✓ Target reaction successfully synthesized in 4.79s![0m
      Evaluating reaction mbs_477 (469/491)...
[Problem → Reactions] Found 497 reactions, 250 molecules.
      [32m✓ All goal molecules found.[0m
      [32m✓ All goal reactions found.[0m
        [32m✓ Target reaction successfully synthesized in 2.6s![0m
      Evaluating reaction mbs_478 (470/491)...
        [31m✗ Skipped reaction synthesis (missing molecule synthesis subproblem failed).[0m
      Evaluating reaction mbs_479 (471/491)...
[Problem → Reactions] Found 3496 reactions, 250 molecules.
      [32m✓ All goal molecules found.[0m
      [32m✓ All goal reactions found.[0m
        [32m✓ Target reaction successfully synthesized in 8.7s![0m
      Evaluating reaction mbs_480 (472/491)...
[Problem → Reactions] Found 591 reactions, 250 molecules.
      [32m✓ All goal molecules found.[0m
      [32m✓ All goal reactions found.[0m
        [32m✓ Target reaction successfully synthesized in 0.67s![0m
      Evaluating reaction mbs_481 (473/491)...
[Problem → Reactions] Found 1277 reactions, 250 molecules.
      [32m✓ All goal molecules found.[0m
      [32m✓ All goal reactions found.[0m
        [32m✓ Target reaction successfully synthesized in 0.88s![0m
      Evaluating reaction mbs_482 (474/491)...
[Problem → Reactions] Found 11528 reactions, 250 molecules.
      [32m✓ All goal molecules found.[0m
      [32m✓ All goal reactions found.[0m
        [32m✓ Target reaction successfully synthesized in 16.03s![0m
      Evaluating reaction mbs_483 (475/491)...
[Problem → Reactions] Found 3159 reactions, 250 molecules.
      [32m✓ All goal molecules found.[0m
      [32m✓ All goal reactions found.[0m
        [32m✓ Target reaction successfully synthesized in 1.04s![0m
      Evaluating reaction mbs_484 (476/491)...
        [31m✗ Skipped reaction synthesis (missing molecule synthesis subproblem failed).[0m
      Evaluating reaction mbs_485 (477/491)...
[Problem → Reactions] Found 4097 reactions, 250 molecules.
      [32m✓ All goal molecules found.[0m
      [32m✓ All goal reactions found.[0m
        [32m✓ Target reaction successfully synthesized in 1.62s![0m
      Evaluating reaction mbs_486 (478/491)...
[Problem → Reactions] Found 4193 reactions, 250 molecules.
      [32m✓ All goal molecules found.[0m
      [32m✓ All goal reactions found.[0m
        [32m✓ Target reaction successfully synthesized in 2.84s![0m
      Evaluating reaction mbs_487 (479/491)...
[Problem → Reactions] Found 2762 reactions, 250 molecules.
      [32m✓ All goal molecules found.[0m
      [32m✓ All goal reactions found.[0m
        [32m✓ Target reaction successfully synthesized in 7.67s![0m
      Evaluating reaction mbs_488 (480/491)...
[Problem → Reactions] Found 1538 reactions, 250 molecules.
      [32m✓ All goal molecules found.[0m
      [32m✓ All goal reactions found.[0m
        [32m✓ Target reaction successfully synthesized in 6.9s![0m
      Evaluating reaction mbs_489 (481/491)...
[Problem → Reactions] Found 1924 reactions, 250 molecules.
      [32m✓ All goal molecules found.[0m
      [32m✓ All goal reactions found.[0m
        [32m✓ Target reaction successfully synthesized in 5.3s![0m
      Evaluating reaction mbs_490 (482/491)...
[Problem → Reactions] Found 2239 reactions, 250 molecules.
      [32m✓ All goal molecules found.[0m
      [32m✓ All goal reactions found.[0m
        [32m✓ Target reaction successfully synthesized in 0.91s![0m
      Evaluating reaction mbs_491 (483/491)...
[Problem → Reactions] Found 2818 reactions, 250 molecules.
      [32m✓ All goal molecules found.[0m
      [32m✓ All goal reactions found.[0m
        [32m✓ Target reaction successfully synthesized in 7.37s![0m
      Evaluating reaction mbs_492 (484/491)...
        [31m✗ Skipped reaction synthesis (missing molecule synthesis subproblem failed).[0m
      Evaluating reaction mbs_493 (485/491)...
[Problem → Reactions] Found 4194 reactions, 250 molecules.
      [32m✓ All goal molecules found.[0m
      [32m✓ All goal reactions found.[0m
        [32m✓ Target reaction successfully synthesized in 10.75s![0m
      Evaluating reaction mbs_494 (486/491)...
[Problem → Reactions] Found 7098 reactions, 250 molecules.
      [32m✓ All goal molecules found.[0m
      [32m✓ All goal reactions found.[0m
        [32m✓ Target reaction successfully synthesized in 12.88s![0m
      Evaluating reaction mbs_495 (487/491)...
[Problem → Reactions] Found 1414 reactions, 250 molecules.
      [32m✓ All goal molecules found.[0m
      [32m✓ All goal reactions found.[0m
        [32m✓ Target reaction successfully synthesized in 5.12s![0m
      Evaluating reaction mbs_496 (488/491)...
[Problem → Reactions] Found 1754 reactions, 250 molecules.
      [32m✓ All goal molecules found.[0m
      [32m✓ All goal reactions found.[0m
        [32m✓ Target reaction successfully synthesized in 5.42s![0m
      Evaluating reaction mbs_497 (489/491)...
[Problem → Reactions] Found 516 reactions, 250 molecules.
      [32m✓ All goal molecules found.[0m
      [32m✓ All goal reactions found.[0m
        [32m✓ Target reaction successfully synthesized in 5.72s![0m
      Evaluating reaction mbs_498 (490/491)...
[Problem → Reactions] Found 2520 reactions, 250 molecules.
      [32m✓ All goal molecules found.[0m
      [32m✓ All goal reactions found.[0m
        [32m✓ Target reaction successfully synthesized in 7.37s![0m
      Evaluating reaction mbs_499 (491/491)...
[Problem → Reactions] Found 1295 reactions, 250 molecules.
      [32m✓ All goal molecules found.[0m
      [32m✓ All goal reactions found.[0m
        [32m✓ Target reaction successfully synthesized in 1.07s![0m

      Synthesis Performance (Metric: none, With fragments) on Tractable Subspace:
        - Evaluated runs: 491
        - Success rate:   82.7%
        - Average time:   6.26s

  [1mSimilarity Metric: tanimoto[0m
      Evaluating reaction mbs_1 (1/491)...
[Problem → Reactions] Found 7662 reactions, 250 molecules.
      [32m✓ All goal molecules found.[0m
      [32m✓ All goal reactions found.[0m
        [32m✓ Target reaction successfully synthesized in 8.74s![0m
      Evaluating reaction mbs_2 (2/491)...
[Problem → Reactions] Found 7354 reactions, 250 molecules.
      [32m✓ All goal molecules found.[0m
      [32m✓ All goal reactions found.[0m
        [32m✓ Target reaction successfully synthesized in 10.78s![0m
      Evaluating reaction mbs_3 (3/491)...
[Problem → Reactions] Found 2360 reactions, 250 molecules.
      [32m✓ All goal molecules found.[0m
      [32m✓ All goal reactions found.[0m
        [32m✓ Target reaction successfully synthesized in 6.36s![0m
      Evaluating reaction mbs_4 (4/491)...
[Problem → Reactions] Found 1682 reactions, 250 molecules.
      [32m✓ All goal molecules found.[0m
      [32m✓ All goal reactions found.[0m
        [32m✓ Target reaction successfully synthesized in 5.4s![0m
      Evaluating reaction mbs_5 (5/491)...
[Problem → Reactions] Found 8066 reactions, 250 molecules.
      [32m✓ All goal molecules found.[0m
      [32m✓ All goal reactions found.[0m
        [32m✓ Target reaction successfully synthesized in 12.79s![0m
      Evaluating reaction mbs_6 (6/491)...
[Problem → Reactions] Found 1722 reactions, 250 molecules.
      [32m✓ All goal molecules found.[0m
      [32m✓ All goal reactions found.[0m
        [32m✓ Target reaction successfully synthesized in 5.26s![0m
      Evaluating reaction mbs_7 (7/491)...
[Problem → Reactions] Found 4380 reactions, 250 molecules.
      [32m✓ All goal molecules found.[0m
      [32m✓ All goal reactions found.[0m
        [32m✓ Target reaction successfully synthesized in 9.96s![0m
      Evaluating reaction mbs_8 (8/491)...
        [31m✗ Skipped reaction synthesis (missing molecule synthesis subproblem failed).[0m
      Evaluating reaction mbs_9 (9/491)...
[Problem → Reactions] Found 1013 reactions, 250 molecules.
      [32m✓ All goal molecules found.[0m
      [32m✓ All goal reactions found.[0m
        [32m✓ Target reaction successfully synthesized in 1.06s![0m
      Evaluating reaction mbs_10 (10/491)...
[Problem → Reactions] Found 3896 reactions, 250 molecules.
      [32m✓ All goal molecules found.[0m
      [32m✓ All goal reactions found.[0m
        [32m✓ Target reaction successfully synthesized in 7.24s![0m
      Evaluating reaction mbs_11 (11/491)...
[Problem → Reactions] Found 5246 reactions, 250 molecules.
      [32m✓ All goal molecules found.[0m
      [32m✓ All goal reactions found.[0m
        [32m✓ Target reaction successfully synthesized in 7.69s![0m
      Evaluating reaction mbs_12 (12/491)...
[Problem → Reactions] Found 1590 reactions, 250 molecules.
      [32m✓ All goal molecules found.[0m
      [32m✓ All goal reactions found.[0m
        [32m✓ Target reaction successfully synthesized in 6.27s![0m
      Evaluating reaction mbs_13 (13/491)...
[Problem → Reactions] Found 30000 reactions, 250 molecules.
      [32m✓ All goal molecules found.[0m
      [31m✗ Missing goal reactions.[0m
        [31m✗ Synthesis failed or timed out in 26.89s.[0m
      Evaluating reaction mbs_14 (14/491)...
[Problem → Reactions] Found 8722 reactions, 250 molecules.
      [32m✓ All goal molecules found.[0m
      [32m✓ All goal reactions found.[0m
        [32m✓ Target reaction successfully synthesized in 7.56s![0m
      Evaluating reaction mbs_15 (15/491)...
[Problem → Reactions] Found 17970 reactions, 250 molecules.
      [32m✓ All goal molecules found.[0m
      [32m✓ All goal reactions found.[0m
        [32m✓ Target reaction successfully synthesized in 26.91s![0m
      Evaluating reaction mbs_16 (16/491)...
[Problem → Reactions] Found 5032 reactions, 250 molecules.
      [32m✓ All goal molecules found.[0m
      [32m✓ All goal reactions found.[0m
        [32m✓ Target reaction successfully synthesized in 9.63s![0m
      Evaluating reaction mbs_17 (17/491)...
[Problem → Reactions] Found 1704 reactions, 250 molecules.
      [32m✓ All goal molecules found.[0m
      [32m✓ All goal reactions found.[0m
        [32m✓ Target reaction successfully synthesized in 7.48s![0m
      Evaluating reaction mbs_18 (18/491)...
[Problem → Reactions] Found 1493 reactions, 250 molecules.
      [32m✓ All goal molecules found.[0m
      [32m✓ All goal reactions found.[0m
        [32m✓ Target reaction successfully synthesized in 1.51s![0m
      Evaluating reaction mbs_19 (19/491)...
[Problem → Reactions] Found 6652 reactions, 250 molecules.
      [32m✓ All goal molecules found.[0m
      [32m✓ All goal reactions found.[0m
        [32m✓ Target reaction successfully synthesized in 12.77s![0m
      Evaluating reaction mbs_20 (20/491)...
[Problem → Reactions] Found 2575 reactions, 250 molecules.
      [32m✓ All goal molecules found.[0m
      [32m✓ All goal reactions found.[0m
        [32m✓ Target reaction successfully synthesized in 1.79s![0m
      Evaluating reaction mbs_21 (21/491)...
        [31m✗ Skipped reaction synthesis (missing molecule synthesis subproblem failed).[0m
      Evaluating reaction mbs_22 (22/491)...
[Problem → Reactions] Found 885 reactions, 250 molecules.
      [32m✓ All goal molecules found.[0m
      [32m✓ All goal reactions found.[0m
        [32m✓ Target reaction successfully synthesized in 1.13s![0m
      Evaluating reaction mbs_23 (23/491)...
[Problem → Reactions] Found 30000 reactions, 250 molecules.
      [32m✓ All goal molecules found.[0m
      [31m✗ Missing goal reactions.[0m
        [31m✗ Synthesis failed or timed out in 38.01s.[0m
      Evaluating reaction mbs_24 (24/491)...
[Problem → Reactions] Found 3958 reactions, 250 molecules.
      [32m✓ All goal molecules found.[0m
      [32m✓ All goal reactions found.[0m
        [32m✓ Target reaction successfully synthesized in 7.37s![0m
      Evaluating reaction mbs_25 (25/491)...
[Problem → Reactions] Found 1619 reactions, 250 molecules.
      [32m✓ All goal molecules found.[0m
      [32m✓ All goal reactions found.[0m
        [32m✓ Target reaction successfully synthesized in 1.08s![0m
      Evaluating reaction mbs_26 (26/491)...
[Problem → Reactions] Found 1654 reactions, 250 molecules.
      [32m✓ All goal molecules found.[0m
      [32m✓ All goal reactions found.[0m
        [32m✓ Target reaction successfully synthesized in 5.12s![0m
      Evaluating reaction mbs_27 (27/491)...
[Problem → Reactions] Found 3062 reactions, 250 molecules.
      [32m✓ All goal molecules found.[0m
      [32m✓ All goal reactions found.[0m
        [32m✓ Target reaction successfully synthesized in 6.89s![0m
      Evaluating reaction mbs_28 (28/491)...
[Problem → Reactions] Found 3784 reactions, 250 molecules.
      [32m✓ All goal molecules found.[0m
      [32m✓ All goal reactions found.[0m
        [32m✓ Target reaction successfully synthesized in 8.83s![0m
      Evaluating reaction mbs_29 (29/491)...
[Problem → Reactions] Found 6047 reactions, 250 molecules.
      [32m✓ All goal molecules found.[0m
      [32m✓ All goal reactions found.[0m
        [32m✓ Target reaction successfully synthesized in 2.01s![0m
      Evaluating reaction mbs_30 (30/491)...
[Problem → Reactions] Found 1594 reactions, 250 molecules.
      [32m✓ All goal molecules found.[0m
      [32m✓ All goal reactions found.[0m
        [32m✓ Target reaction successfully synthesized in 5.8s![0m
      Evaluating reaction mbs_31 (31/491)...
[Problem → Reactions] Found 6440 reactions, 250 molecules.
      [32m✓ All goal molecules found.[0m
      [32m✓ All goal reactions found.[0m
        [32m✓ Target reaction successfully synthesized in 8.39s![0m
      Evaluating reaction mbs_32 (32/491)...
[Problem → Reactions] Found 3524 reactions, 250 molecules.
      [32m✓ All goal molecules found.[0m
      [32m✓ All goal reactions found.[0m
        [32m✓ Target reaction successfully synthesized in 7.08s![0m
      Evaluating reaction mbs_33 (33/491)...
[Problem → Reactions] Found 1776 reactions, 250 molecules.
      [32m✓ All goal molecules found.[0m
      [32m✓ All goal reactions found.[0m
        [32m✓ Target reaction successfully synthesized in 6.64s![0m
      Evaluating reaction mbs_34 (34/491)...
        [31m✗ Skipped reaction synthesis (missing molecule synthesis subproblem failed).[0m
      Evaluating reaction mbs_35 (35/491)...
[Problem → Reactions] Found 2261 reactions, 250 molecules.
      [32m✓ All goal molecules found.[0m
      [32m✓ All goal reactions found.[0m
        [32m✓ Target reaction successfully synthesized in 1.36s![0m
      Evaluating reaction mbs_36 (36/491)...
[Problem → Reactions] Found 30000 reactions, 250 molecules.
      [32m✓ All goal molecules found.[0m
      [31m✗ Missing goal reactions.[0m
        [31m✗ Synthesis failed or timed out in 58.22s.[0m
      Evaluating reaction mbs_37 (37/491)...
[Problem → Reactions] Found 1197 reactions, 250 molecules.
      [32m✓ All goal molecules found.[0m
      [32m✓ All goal reactions found.[0m
        [32m✓ Target reaction successfully synthesized in 1.02s![0m
      Evaluating reaction mbs_38 (38/491)...
[Problem → Reactions] Found 2250 reactions, 250 molecules.
      [32m✓ All goal molecules found.[0m
      [32m✓ All goal reactions found.[0m
        [32m✓ Target reaction successfully synthesized in 7.31s![0m
      Evaluating reaction mbs_39 (39/491)...
[Problem → Reactions] Found 2736 reactions, 250 molecules.
      [32m✓ All goal molecules found.[0m
      [32m✓ All goal reactions found.[0m
        [32m✓ Target reaction successfully synthesized in 5.13s![0m
      Evaluating reaction mbs_40 (40/491)...
[Problem → Reactions] Found 7954 reactions, 250 molecules.
      [32m✓ All goal molecules found.[0m
      [32m✓ All goal reactions found.[0m
        [32m✓ Target reaction successfully synthesized in 13.72s![0m
      Evaluating reaction mbs_41 (41/491)...
[Problem → Reactions] Found 1923 reactions, 250 molecules.
      [32m✓ All goal molecules found.[0m
      [32m✓ All goal reactions found.[0m
        [32m✓ Target reaction successfully synthesized in 1.53s![0m
      Evaluating reaction mbs_42 (42/491)...
[Problem → Reactions] Found 6094 reactions, 250 molecules.
      [32m✓ All goal molecules found.[0m
      [32m✓ All goal reactions found.[0m
        [32m✓ Target reaction successfully synthesized in 9.04s![0m
      Evaluating reaction mbs_43 (43/491)...
[Problem → Reactions] Found 1810 reactions, 250 molecules.
      [32m✓ All goal molecules found.[0m
      [32m✓ All goal reactions found.[0m
        [32m✓ Target reaction successfully synthesized in 7.36s![0m
      Evaluating reaction mbs_44 (44/491)...
[Problem → Reactions] Found 14822 reactions, 250 molecules.
      [32m✓ All goal molecules found.[0m
      [32m✓ All goal reactions found.[0m
        [32m✓ Target reaction successfully synthesized in 16.88s![0m
      Evaluating reaction mbs_45 (45/491)...
[Problem → Reactions] Found 473 reactions, 250 molecules.
      [32m✓ All goal molecules found.[0m
      [32m✓ All goal reactions found.[0m
        [32m✓ Target reaction successfully synthesized in 1.32s![0m
      Evaluating reaction mbs_46 (46/491)...
[Problem → Reactions] Found 2808 reactions, 250 molecules.
      [32m✓ All goal molecules found.[0m
      [32m✓ All goal reactions found.[0m
        [32m✓ Target reaction successfully synthesized in 8.41s![0m
      Evaluating reaction mbs_47 (47/491)...
        [31m✗ Skipped reaction synthesis (missing molecule synthesis subproblem failed).[0m
      Evaluating reaction mbs_48 (48/491)...
[Problem → Reactions] Found 3864 reactions, 250 molecules.
      [32m✓ All goal molecules found.[0m
      [32m✓ All goal reactions found.[0m
        [32m✓ Target reaction successfully synthesized in 8.58s![0m
      Evaluating reaction mbs_49 (49/491)...
[Problem → Reactions] Found 4362 reactions, 250 molecules.
      [32m✓ All goal molecules found.[0m
      [32m✓ All goal reactions found.[0m
        [32m✓ Target reaction successfully synthesized in 9.93s![0m
      Evaluating reaction mbs_50 (50/491)...
[Problem → Reactions] Found 2702 reactions, 250 molecules.
      [32m✓ All goal molecules found.[0m
      [32m✓ All goal reactions found.[0m
        [32m✓ Target reaction successfully synthesized in 8.1s![0m
      Evaluating reaction mbs_51 (51/491)...
[Problem → Reactions] Found 798 reactions, 250 molecules.
      [32m✓ All goal molecules found.[0m
      [32m✓ All goal reactions found.[0m
        [32m✓ Target reaction successfully synthesized in 4.03s![0m
      Evaluating reaction mbs_52 (52/491)...
[Problem → Reactions] Found 3190 reactions, 250 molecules.
      [32m✓ All goal molecules found.[0m
      [32m✓ All goal reactions found.[0m
        [32m✓ Target reaction successfully synthesized in 7.81s![0m
      Evaluating reaction mbs_53 (53/491)...
[Problem → Reactions] Found 1695 reactions, 250 molecules.
      [32m✓ All goal molecules found.[0m
      [32m✓ All goal reactions found.[0m
        [32m✓ Target reaction successfully synthesized in 1.51s![0m
      Evaluating reaction mbs_54 (54/491)...
[Problem → Reactions] Found 1960 reactions, 250 molecules.
      [32m✓ All goal molecules found.[0m
      [32m✓ All goal reactions found.[0m
        [32m✓ Target reaction successfully synthesized in 6.65s![0m
      Evaluating reaction mbs_55 (55/491)...
[Problem → Reactions] Found 5635 reactions, 250 molecules.
      [32m✓ All goal molecules found.[0m
      [32m✓ All goal reactions found.[0m
        [32m✓ Target reaction successfully synthesized in 2.02s![0m
      Evaluating reaction mbs_56 (56/491)...
[Problem → Reactions] Found 1778 reactions, 250 molecules.
      [32m✓ All goal molecules found.[0m
      [32m✓ All goal reactions found.[0m
        [32m✓ Target reaction successfully synthesized in 7.4s![0m
      Evaluating reaction mbs_57 (57/491)...
[Problem → Reactions] Found 6758 reactions, 250 molecules.
      [32m✓ All goal molecules found.[0m
      [32m✓ All goal reactions found.[0m
        [32m✓ Target reaction successfully synthesized in 14.19s![0m
      Evaluating reaction mbs_58 (58/491)...
        [31m✗ Skipped reaction synthesis (missing molecule synthesis subproblem failed).[0m
      Evaluating reaction mbs_59 (59/491)...
[Problem → Reactions] Found 2715 reactions, 250 molecules.
      [32m✓ All goal molecules found.[0m
      [32m✓ All goal reactions found.[0m
        [32m✓ Target reaction successfully synthesized in 1.11s![0m
      Evaluating reaction mbs_60 (60/491)...
[Problem → Reactions] Found 8766 reactions, 250 molecules.
      [32m✓ All goal molecules found.[0m
      [32m✓ All goal reactions found.[0m
        [32m✓ Target reaction successfully synthesized in 10.84s![0m
      Evaluating reaction mbs_61 (61/491)...
[Problem → Reactions] Found 877 reactions, 250 molecules.
      [32m✓ All goal molecules found.[0m
      [32m✓ All goal reactions found.[0m
        [32m✓ Target reaction successfully synthesized in 1.19s![0m
      Evaluating reaction mbs_62 (62/491)...
[Problem → Reactions] Found 4124 reactions, 250 molecules.
      [32m✓ All goal molecules found.[0m
      [32m✓ All goal reactions found.[0m
        [32m✓ Target reaction successfully synthesized in 9.91s![0m
      Evaluating reaction mbs_63 (63/491)...
        [31m✗ Skipped reaction synthesis (missing molecule synthesis subproblem failed).[0m
      Evaluating reaction mbs_64 (64/491)...
[Problem → Reactions] Found 3936 reactions, 250 molecules.
      [32m✓ All goal molecules found.[0m
      [32m✓ All goal reactions found.[0m
        [32m✓ Target reaction successfully synthesized in 8.08s![0m
      Evaluating reaction mbs_65 (65/491)...
[Problem → Reactions] Found 4379 reactions, 250 molecules.
      [32m✓ All goal molecules found.[0m
      [32m✓ All goal reactions found.[0m
        [32m✓ Target reaction successfully synthesized in 7.84s![0m
      Evaluating reaction mbs_66 (66/491)...
        [31m✗ Skipped reaction synthesis (missing molecule synthesis subproblem failed).[0m
      Evaluating reaction mbs_67 (67/491)...
[Problem → Reactions] Found 1854 reactions, 250 molecules.
      [32m✓ All goal molecules found.[0m
      [32m✓ All goal reactions found.[0m
        [32m✓ Target reaction successfully synthesized in 5.26s![0m
      Evaluating reaction mbs_68 (68/491)...
[Problem → Reactions] Found 7858 reactions, 250 molecules.
      [32m✓ All goal molecules found.[0m
      [32m✓ All goal reactions found.[0m
        [32m✓ Target reaction successfully synthesized in 10.42s![0m
      Evaluating reaction mbs_69 (69/491)...
[Problem → Reactions] Found 2620 reactions, 250 molecules.
      [32m✓ All goal molecules found.[0m
      [32m✓ All goal reactions found.[0m
        [32m✓ Target reaction successfully synthesized in 7.33s![0m
      Evaluating reaction mbs_70 (70/491)...
[Problem → Reactions] Found 11924 reactions, 250 molecules.
      [32m✓ All goal molecules found.[0m
      [32m✓ All goal reactions found.[0m
        [32m✓ Target reaction successfully synthesized in 18.65s![0m
      Evaluating reaction mbs_71 (71/491)...
        [31m✗ Skipped reaction synthesis (missing molecule synthesis subproblem failed).[0m
      Evaluating reaction mbs_72 (72/491)...
[Problem → Reactions] Found 1688 reactions, 250 molecules.
      [32m✓ All goal molecules found.[0m
      [32m✓ All goal reactions found.[0m
        [32m✓ Target reaction successfully synthesized in 5.83s![0m
      Evaluating reaction mbs_73 (73/491)...
[Problem → Reactions] Found 909 reactions, 250 molecules.
      [32m✓ All goal molecules found.[0m
      [32m✓ All goal reactions found.[0m
        [32m✓ Target reaction successfully synthesized in 2.01s![0m
      Evaluating reaction mbs_74 (74/491)...
[Problem → Reactions] Found 3018 reactions, 250 molecules.
      [32m✓ All goal molecules found.[0m
      [32m✓ All goal reactions found.[0m
        [32m✓ Target reaction successfully synthesized in 7.96s![0m
      Evaluating reaction mbs_75 (75/491)...
        [31m✗ Skipped reaction synthesis (missing molecule synthesis subproblem failed).[0m
      Evaluating reaction mbs_76 (76/491)...
[Problem → Reactions] Found 1741 reactions, 250 molecules.
      [32m✓ All goal molecules found.[0m
      [32m✓ All goal reactions found.[0m
        [32m✓ Target reaction successfully synthesized in 1.49s![0m
      Evaluating reaction mbs_77 (77/491)...
[Problem → Reactions] Found 8733 reactions, 250 molecules.
      [32m✓ All goal molecules found.[0m
      [32m✓ All goal reactions found.[0m
        [32m✓ Target reaction successfully synthesized in 2.46s![0m
      Evaluating reaction mbs_78 (78/491)...
[Problem → Reactions] Found 3936 reactions, 250 molecules.
      [32m✓ All goal molecules found.[0m
      [32m✓ All goal reactions found.[0m
        [32m✓ Target reaction successfully synthesized in 8.24s![0m
      Evaluating reaction mbs_79 (79/491)...
[Problem → Reactions] Found 5298 reactions, 250 molecules.
      [32m✓ All goal molecules found.[0m
      [32m✓ All goal reactions found.[0m
        [32m✓ Target reaction successfully synthesized in 11.06s![0m
      Evaluating reaction mbs_80 (80/491)...
[Problem → Reactions] Found 2689 reactions, 250 molecules.
      [32m✓ All goal molecules found.[0m
      [32m✓ All goal reactions found.[0m
        [32m✓ Target reaction successfully synthesized in 1.3s![0m
      Evaluating reaction mbs_81 (81/491)...
[Problem → Reactions] Found 10910 reactions, 250 molecules.
      [32m✓ All goal molecules found.[0m
      [32m✓ All goal reactions found.[0m
        [32m✓ Target reaction successfully synthesized in 15.68s![0m
      Evaluating reaction mbs_82 (82/491)...
[Problem → Reactions] Found 4071 reactions, 250 molecules.
      [32m✓ All goal molecules found.[0m
      [32m✓ All goal reactions found.[0m
        [32m✓ Target reaction successfully synthesized in 1.52s![0m
      Evaluating reaction mbs_83 (83/491)...
[Problem → Reactions] Found 983 reactions, 250 molecules.
      [32m✓ All goal molecules found.[0m
      [32m✓ All goal reactions found.[0m
        [32m✓ Target reaction successfully synthesized in 1.27s![0m
      Evaluating reaction mbs_84 (84/491)...
[Problem → Reactions] Found 1641 reactions, 250 molecules.
      [32m✓ All goal molecules found.[0m
      [32m✓ All goal reactions found.[0m
        [32m✓ Target reaction successfully synthesized in 1.87s![0m
      Evaluating reaction mbs_85 (85/491)...
[Problem → Reactions] Found 1316 reactions, 250 molecules.
      [32m✓ All goal molecules found.[0m
      [32m✓ All goal reactions found.[0m
        [32m✓ Target reaction successfully synthesized in 5.22s![0m
      Evaluating reaction mbs_86 (86/491)...
[Problem → Reactions] Found 21366 reactions, 250 molecules.
      [32m✓ All goal molecules found.[0m
      [32m✓ All goal reactions found.[0m
        [32m✓ Target reaction successfully synthesized in 17.16s![0m
      Evaluating reaction mbs_87 (87/491)...
[Problem → Reactions] Found 7742 reactions, 250 molecules.
      [32m✓ All goal molecules found.[0m
      [32m✓ All goal reactions found.[0m
        [32m✓ Target reaction successfully synthesized in 7.46s![0m
      Evaluating reaction mbs_88 (88/491)...
        [31m✗ Skipped reaction synthesis (missing molecule synthesis subproblem failed).[0m
      Evaluating reaction mbs_89 (89/491)...
[Problem → Reactions] Found 1717 reactions, 250 molecules.
      [32m✓ All goal molecules found.[0m
      [32m✓ All goal reactions found.[0m
        [32m✓ Target reaction successfully synthesized in 1.42s![0m
      Evaluating reaction mbs_90 (90/491)...
[Problem → Reactions] Found 2256 reactions, 250 molecules.
      [32m✓ All goal molecules found.[0m
      [32m✓ All goal reactions found.[0m
        [32m✓ Target reaction successfully synthesized in 6.23s![0m
      Evaluating reaction mbs_91 (91/491)...
        [31m✗ Skipped reaction synthesis (missing molecule synthesis subproblem failed).[0m
      Evaluating reaction mbs_92 (92/491)...
[Problem → Reactions] Found 1508 reactions, 250 molecules.
      [32m✓ All goal molecules found.[0m
      [32m✓ All goal reactions found.[0m
        [32m✓ Target reaction successfully synthesized in 6.41s![0m
      Evaluating reaction mbs_93 (93/491)...
[Problem → Reactions] Found 2682 reactions, 250 molecules.
      [32m✓ All goal molecules found.[0m
      [32m✓ All goal reactions found.[0m
        [32m✓ Target reaction successfully synthesized in 9.2s![0m
      Evaluating reaction mbs_94 (94/491)...
[Problem → Reactions] Found 1921 reactions, 250 molecules.
      [32m✓ All goal molecules found.[0m
      [32m✓ All goal reactions found.[0m
        [32m✓ Target reaction successfully synthesized in 1.05s![0m
      Evaluating reaction mbs_95 (95/491)...
[Problem → Reactions] Found 12029 reactions, 250 molecules.
      [32m✓ All goal molecules found.[0m
      [32m✓ All goal reactions found.[0m
        [32m✓ Target reaction successfully synthesized in 1.67s![0m
      Evaluating reaction mbs_96 (96/491)...
        [31m✗ Skipped reaction synthesis (missing molecule synthesis subproblem failed).[0m
      Evaluating reaction mbs_97 (97/491)...
[Problem → Reactions] Found 2364 reactions, 250 molecules.
      [32m✓ All goal molecules found.[0m
      [32m✓ All goal reactions found.[0m
        [32m✓ Target reaction successfully synthesized in 6.33s![0m
      Evaluating reaction mbs_98 (98/491)...
[Problem → Reactions] Found 868 reactions, 250 molecules.
      [32m✓ All goal molecules found.[0m
      [32m✓ All goal reactions found.[0m
        [32m✓ Target reaction successfully synthesized in 4.41s![0m
      Evaluating reaction mbs_99 (99/491)...
[Problem → Reactions] Found 8802 reactions, 250 molecules.
      [32m✓ All goal molecules found.[0m
      [32m✓ All goal reactions found.[0m
        [32m✓ Target reaction successfully synthesized in 10.24s![0m
      Evaluating reaction mbs_100 (100/491)...
[Problem → Reactions] Found 4998 reactions, 250 molecules.
      [32m✓ All goal molecules found.[0m
      [32m✓ All goal reactions found.[0m
        [32m✓ Target reaction successfully synthesized in 8.65s![0m
      Evaluating reaction mbs_101 (101/491)...
[Problem → Reactions] Found 5298 reactions, 250 molecules.
      [32m✓ All goal molecules found.[0m
      [32m✓ All goal reactions found.[0m
        [32m✓ Target reaction successfully synthesized in 7.85s![0m
      Evaluating reaction mbs_102 (102/491)...
[Problem → Reactions] Found 4743 reactions, 250 molecules.
      [32m✓ All goal molecules found.[0m
      [32m✓ All goal reactions found.[0m
        [32m✓ Target reaction successfully synthesized in 2.31s![0m
      Evaluating reaction mbs_103 (103/491)...
[Problem → Reactions] Found 4330 reactions, 250 molecules.
      [32m✓ All goal molecules found.[0m
      [32m✓ All goal reactions found.[0m
        [32m✓ Target reaction successfully synthesized in 6.45s![0m
      Evaluating reaction mbs_104 (104/491)...
[Problem → Reactions] Found 746 reactions, 250 molecules.
      [32m✓ All goal molecules found.[0m
      [32m✓ All goal reactions found.[0m
        [32m✓ Target reaction successfully synthesized in 5.52s![0m
      Evaluating reaction mbs_105 (105/491)...
[Problem → Reactions] Found 21540 reactions, 250 molecules.
      [32m✓ All goal molecules found.[0m
      [32m✓ All goal reactions found.[0m
        [32m✓ Target reaction successfully synthesized in 27.57s![0m
      Evaluating reaction mbs_106 (106/491)...
        [31m✗ Skipped reaction synthesis (missing molecule synthesis subproblem failed).[0m
      Evaluating reaction mbs_107 (107/491)...
[Problem → Reactions] Found 788 reactions, 250 molecules.
      [32m✓ All goal molecules found.[0m
      [32m✓ All goal reactions found.[0m
        [32m✓ Target reaction successfully synthesized in 4.45s![0m
      Evaluating reaction mbs_108 (108/491)...
[Problem → Reactions] Found 30000 reactions, 250 molecules.
      [32m✓ All goal molecules found.[0m
      [31m✗ Missing goal reactions.[0m
        [31m✗ Synthesis failed or timed out in 32.48s.[0m
      Evaluating reaction mbs_109 (109/491)...
[Problem → Reactions] Found 2699 reactions, 250 molecules.
      [32m✓ All goal molecules found.[0m
      [32m✓ All goal reactions found.[0m
        [32m✓ Target reaction successfully synthesized in 2.01s![0m
      Evaluating reaction mbs_110 (110/491)...
[Problem → Reactions] Found 2244 reactions, 250 molecules.
      [32m✓ All goal molecules found.[0m
      [32m✓ All goal reactions found.[0m
        [32m✓ Target reaction successfully synthesized in 7.54s![0m
      Evaluating reaction mbs_111 (111/491)...
[Problem → Reactions] Found 3317 reactions, 250 molecules.
      [32m✓ All goal molecules found.[0m
      [32m✓ All goal reactions found.[0m
        [32m✓ Target reaction successfully synthesized in 1.77s![0m
      Evaluating reaction mbs_112 (112/491)...
        [31m✗ Skipped reaction synthesis (missing molecule synthesis subproblem failed).[0m
      Evaluating reaction mbs_113 (113/491)...
[Problem → Reactions] Found 8262 reactions, 250 molecules.
      [32m✓ All goal molecules found.[0m
      [32m✓ All goal reactions found.[0m
        [32m✓ Target reaction successfully synthesized in 11.32s![0m
      Evaluating reaction mbs_114 (114/491)...
[Problem → Reactions] Found 3207 reactions, 250 molecules.
      [32m✓ All goal molecules found.[0m
      [32m✓ All goal reactions found.[0m
        [32m✓ Target reaction successfully synthesized in 1.43s![0m
      Evaluating reaction mbs_115 (115/491)...
        [31m✗ Skipped reaction synthesis (missing molecule synthesis subproblem failed).[0m
      Evaluating reaction mbs_116 (116/491)...
[Problem → Reactions] Found 4201 reactions, 250 molecules.
      [32m✓ All goal molecules found.[0m
      [32m✓ All goal reactions found.[0m
        [32m✓ Target reaction successfully synthesized in 1.14s![0m
      Evaluating reaction mbs_117 (117/491)...
        [31m✗ Skipped reaction synthesis (missing molecule synthesis subproblem failed).[0m
      Evaluating reaction mbs_118 (118/491)...
[Problem → Reactions] Found 30000 reactions, 250 molecules.
      [32m✓ All goal molecules found.[0m
      [31m✗ Missing goal reactions.[0m
        [31m✗ Synthesis failed or timed out in 73.4s.[0m
      Evaluating reaction mbs_119 (119/491)...
        [31m✗ Skipped reaction synthesis (missing molecule synthesis subproblem failed).[0m
      Evaluating reaction mbs_120 (120/491)...
[Problem → Reactions] Found 24276 reactions, 250 molecules.
      [32m✓ All goal molecules found.[0m
      [32m✓ All goal reactions found.[0m
        [32m✓ Target reaction successfully synthesized in 36.85s![0m
      Evaluating reaction mbs_121 (121/491)...
[Problem → Reactions] Found 2435 reactions, 250 molecules.
      [32m✓ All goal molecules found.[0m
      [32m✓ All goal reactions found.[0m
        [32m✓ Target reaction successfully synthesized in 1.75s![0m
      Evaluating reaction mbs_122 (122/491)...
[Problem → Reactions] Found 1404 reactions, 250 molecules.
      [32m✓ All goal molecules found.[0m
      [32m✓ All goal reactions found.[0m
        [32m✓ Target reaction successfully synthesized in 6.62s![0m
      Evaluating reaction mbs_123 (123/491)...
[Problem → Reactions] Found 7000 reactions, 250 molecules.
      [32m✓ All goal molecules found.[0m
      [32m✓ All goal reactions found.[0m
        [32m✓ Target reaction successfully synthesized in 11.72s![0m
      Evaluating reaction mbs_124 (124/491)...
[Problem → Reactions] Found 3031 reactions, 250 molecules.
      [32m✓ All goal molecules found.[0m
      [32m✓ All goal reactions found.[0m
        [32m✓ Target reaction successfully synthesized in 3.13s![0m
      Evaluating reaction mbs_125 (125/491)...
[Problem → Reactions] Found 3267 reactions, 250 molecules.
      [32m✓ All goal molecules found.[0m
      [32m✓ All goal reactions found.[0m
        [32m✓ Target reaction successfully synthesized in 2.3s![0m
      Evaluating reaction mbs_126 (126/491)...
[Problem → Reactions] Found 1385 reactions, 250 molecules.
      [32m✓ All goal molecules found.[0m
      [32m✓ All goal reactions found.[0m
        [32m✓ Target reaction successfully synthesized in 1.49s![0m
      Evaluating reaction mbs_127 (127/491)...
        [31m✗ Skipped reaction synthesis (missing molecule synthesis subproblem failed).[0m
      Evaluating reaction mbs_128 (128/491)...
        [31m✗ Skipped reaction synthesis (missing molecule synthesis subproblem failed).[0m
      Evaluating reaction mbs_129 (129/491)...
[Problem → Reactions] Found 21102 reactions, 250 molecules.
      [32m✓ All goal molecules found.[0m
      [32m✓ All goal reactions found.[0m
        [32m✓ Target reaction successfully synthesized in 37.81s![0m
      Evaluating reaction mbs_130 (130/491)...
[Problem → Reactions] Found 2811 reactions, 250 molecules.
      [32m✓ All goal molecules found.[0m
      [32m✓ All goal reactions found.[0m
        [32m✓ Target reaction successfully synthesized in 1.93s![0m
      Evaluating reaction mbs_131 (131/491)...
[Problem → Reactions] Found 7108 reactions, 250 molecules.
      [32m✓ All goal molecules found.[0m
      [32m✓ All goal reactions found.[0m
        [32m✓ Target reaction successfully synthesized in 8.47s![0m
      Evaluating reaction mbs_132 (132/491)...
[Problem → Reactions] Found 6830 reactions, 250 molecules.
      [32m✓ All goal molecules found.[0m
      [32m✓ All goal reactions found.[0m
        [32m✓ Target reaction successfully synthesized in 10.76s![0m
      Evaluating reaction mbs_133 (133/491)...
[Problem → Reactions] Found 2066 reactions, 250 molecules.
      [32m✓ All goal molecules found.[0m
      [32m✓ All goal reactions found.[0m
        [32m✓ Target reaction successfully synthesized in 6.74s![0m
      Evaluating reaction mbs_134 (134/491)...
[Problem → Reactions] Found 5356 reactions, 250 molecules.
      [32m✓ All goal molecules found.[0m
      [32m✓ All goal reactions found.[0m
        [32m✓ Target reaction successfully synthesized in 8.75s![0m
      Evaluating reaction mbs_135 (135/491)...
[Problem → Reactions] Found 950 reactions, 250 molecules.
      [32m✓ All goal molecules found.[0m
      [32m✓ All goal reactions found.[0m
        [32m✓ Target reaction successfully synthesized in 4.98s![0m
      Evaluating reaction mbs_136 (136/491)...
[Problem → Reactions] Found 17722 reactions, 250 molecules.
      [32m✓ All goal molecules found.[0m
      [32m✓ All goal reactions found.[0m
        [32m✓ Target reaction successfully synthesized in 26.19s![0m
      Evaluating reaction mbs_137 (137/491)...
[Problem → Reactions] Found 1746 reactions, 250 molecules.
      [32m✓ All goal molecules found.[0m
      [32m✓ All goal reactions found.[0m
        [32m✓ Target reaction successfully synthesized in 5.3s![0m
      Evaluating reaction mbs_138 (138/491)...
[Problem → Reactions] Found 2860 reactions, 250 molecules.
      [32m✓ All goal molecules found.[0m
      [32m✓ All goal reactions found.[0m
        [32m✓ Target reaction successfully synthesized in 6.65s![0m
      Evaluating reaction mbs_139 (139/491)...
[Problem → Reactions] Found 2398 reactions, 250 molecules.
      [32m✓ All goal molecules found.[0m
      [32m✓ All goal reactions found.[0m
        [32m✓ Target reaction successfully synthesized in 7.42s![0m
      Evaluating reaction mbs_140 (140/491)...
[Problem → Reactions] Found 2675 reactions, 250 molecules.
      [32m✓ All goal molecules found.[0m
      [32m✓ All goal reactions found.[0m
        [32m✓ Target reaction successfully synthesized in 1.79s![0m
      Evaluating reaction mbs_141 (141/491)...
        [31m✗ Skipped reaction synthesis (missing molecule synthesis subproblem failed).[0m
      Evaluating reaction mbs_142 (142/491)...
[Problem → Reactions] Found 3534 reactions, 250 molecules.
      [32m✓ All goal molecules found.[0m
      [32m✓ All goal reactions found.[0m
        [32m✓ Target reaction successfully synthesized in 8.87s![0m
      Evaluating reaction mbs_143 (143/491)...
[Problem → Reactions] Found 1819 reactions, 250 molecules.
      [32m✓ All goal molecules found.[0m
      [32m✓ All goal reactions found.[0m
        [32m✓ Target reaction successfully synthesized in 1.46s![0m
      Evaluating reaction mbs_144 (144/491)...
        [31m✗ Skipped reaction synthesis (missing molecule synthesis subproblem failed).[0m
      Evaluating reaction mbs_145 (145/491)...
[Problem → Reactions] Found 3724 reactions, 250 molecules.
      [32m✓ All goal molecules found.[0m
      [32m✓ All goal reactions found.[0m
        [32m✓ Target reaction successfully synthesized in 9.19s![0m
      Evaluating reaction mbs_146 (146/491)...
[Problem → Reactions] Found 30000 reactions, 250 molecules.
      [32m✓ All goal molecules found.[0m
      [31m✗ Missing goal reactions.[0m
        [31m✗ Synthesis failed or timed out in 64.28s.[0m
      Evaluating reaction mbs_147 (147/491)...
[Problem → Reactions] Found 891 reactions, 250 molecules.
      [32m✓ All goal molecules found.[0m
      [32m✓ All goal reactions found.[0m
        [32m✓ Target reaction successfully synthesized in 1.02s![0m
      Evaluating reaction mbs_148 (148/491)...
[Problem → Reactions] Found 1700 reactions, 250 molecules.
      [32m✓ All goal molecules found.[0m
      [32m✓ All goal reactions found.[0m
        [32m✓ Target reaction successfully synthesized in 5.08s![0m
      Evaluating reaction mbs_149 (149/491)...
        [31m✗ Skipped reaction synthesis (missing molecule synthesis subproblem failed).[0m
      Evaluating reaction mbs_150 (150/491)...
        [31m✗ Skipped reaction synthesis (missing molecule synthesis subproblem failed).[0m
      Evaluating reaction mbs_151 (151/491)...
[Problem → Reactions] Found 4446 reactions, 250 molecules.
      [32m✓ All goal molecules found.[0m
      [32m✓ All goal reactions found.[0m
        [32m✓ Target reaction successfully synthesized in 9.02s![0m
      Evaluating reaction mbs_152 (152/491)...
[Problem → Reactions] Found 657 reactions, 250 molecules.
      [32m✓ All goal molecules found.[0m
      [32m✓ All goal reactions found.[0m
        [32m✓ Target reaction successfully synthesized in 0.7s![0m
      Evaluating reaction mbs_153 (153/491)...
[Problem → Reactions] Found 2644 reactions, 250 molecules.
      [32m✓ All goal molecules found.[0m
      [32m✓ All goal reactions found.[0m
        [32m✓ Target reaction successfully synthesized in 6.85s![0m
      Evaluating reaction mbs_154 (154/491)...
[Problem → Reactions] Found 4548 reactions, 250 molecules.
      [32m✓ All goal molecules found.[0m
      [32m✓ All goal reactions found.[0m
        [32m✓ Target reaction successfully synthesized in 11.45s![0m
      Evaluating reaction mbs_155 (155/491)...
[Problem → Reactions] Found 1262 reactions, 250 molecules.
      [32m✓ All goal molecules found.[0m
      [32m✓ All goal reactions found.[0m
        [32m✓ Target reaction successfully synthesized in 5.12s![0m
      Evaluating reaction mbs_156 (156/491)...
[Problem → Reactions] Found 1491 reactions, 250 molecules.
      [32m✓ All goal molecules found.[0m
      [32m✓ All goal reactions found.[0m
        [32m✓ Target reaction successfully synthesized in 3.28s![0m
      Evaluating reaction mbs_157 (157/491)...
        [31m✗ Skipped reaction synthesis (missing molecule synthesis subproblem failed).[0m
      Evaluating reaction mbs_158 (158/491)...
[Problem → Reactions] Found 4094 reactions, 250 molecules.
      [32m✓ All goal molecules found.[0m
      [32m✓ All goal reactions found.[0m
        [32m✓ Target reaction successfully synthesized in 8.03s![0m
      Evaluating reaction mbs_159 (159/491)...
[Problem → Reactions] Found 5880 reactions, 250 molecules.
      [32m✓ All goal molecules found.[0m
      [32m✓ All goal reactions found.[0m
        [32m✓ Target reaction successfully synthesized in 9.92s![0m
      Evaluating reaction mbs_160 (160/491)...
[Problem → Reactions] Found 1966 reactions, 250 molecules.
      [32m✓ All goal molecules found.[0m
      [32m✓ All goal reactions found.[0m
        [32m✓ Target reaction successfully synthesized in 6.76s![0m
      Evaluating reaction mbs_161 (161/491)...
[Problem → Reactions] Found 11582 reactions, 250 molecules.
      [32m✓ All goal molecules found.[0m
      [32m✓ All goal reactions found.[0m
        [32m✓ Target reaction successfully synthesized in 17.1s![0m
      Evaluating reaction mbs_162 (162/491)...
[Problem → Reactions] Found 2032 reactions, 250 molecules.
      [32m✓ All goal molecules found.[0m
      [32m✓ All goal reactions found.[0m
        [32m✓ Target reaction successfully synthesized in 7.83s![0m
      Evaluating reaction mbs_163 (163/491)...
[Problem → Reactions] Found 30000 reactions, 250 molecules.
      [32m✓ All goal molecules found.[0m
      [31m✗ Missing goal reactions.[0m
        [31m✗ Synthesis failed or timed out in 70.13s.[0m
      Evaluating reaction mbs_164 (164/491)...
[Problem → Reactions] Found 677 reactions, 250 molecules.
      [32m✓ All goal molecules found.[0m
      [32m✓ All goal reactions found.[0m
        [32m✓ Target reaction successfully synthesized in 1.12s![0m
      Evaluating reaction mbs_165 (165/491)...
[Problem → Reactions] Found 16898 reactions, 250 molecules.
      [32m✓ All goal molecules found.[0m
      [32m✓ All goal reactions found.[0m
        [32m✓ Target reaction successfully synthesized in 20.07s![0m
      Evaluating reaction mbs_166 (166/491)...
[Problem → Reactions] Found 913 reactions, 250 molecules.
      [32m✓ All goal molecules found.[0m
      [32m✓ All goal reactions found.[0m
        [32m✓ Target reaction successfully synthesized in 1.1s![0m
      Evaluating reaction mbs_167 (167/491)...
[Problem → Reactions] Found 3608 reactions, 250 molecules.
      [32m✓ All goal molecules found.[0m
      [32m✓ All goal reactions found.[0m
        [32m✓ Target reaction successfully synthesized in 5.71s![0m
      Evaluating reaction mbs_168 (168/491)...
[Problem → Reactions] Found 3599 reactions, 250 molecules.
      [32m✓ All goal molecules found.[0m
      [32m✓ All goal reactions found.[0m
        [32m✓ Target reaction successfully synthesized in 1.98s![0m
      Evaluating reaction mbs_169 (169/491)...
[Problem → Reactions] Found 675 reactions, 250 molecules.
      [32m✓ All goal molecules found.[0m
      [32m✓ All goal reactions found.[0m
        [32m✓ Target reaction successfully synthesized in 1.03s![0m
      Evaluating reaction mbs_170 (170/491)...
[Problem → Reactions] Found 3936 reactions, 250 molecules.
      [32m✓ All goal molecules found.[0m
      [32m✓ All goal reactions found.[0m
        [32m✓ Target reaction successfully synthesized in 8.36s![0m
      Evaluating reaction mbs_171 (171/491)...
[Problem → Reactions] Found 3297 reactions, 250 molecules.
      [32m✓ All goal molecules found.[0m
      [32m✓ All goal reactions found.[0m
        [32m✓ Target reaction successfully synthesized in 1.57s![0m
      Evaluating reaction mbs_172 (172/491)...
        [31m✗ Skipped reaction synthesis (missing molecule synthesis subproblem failed).[0m
      Evaluating reaction mbs_173 (173/491)...
[Problem → Reactions] Found 1403 reactions, 250 molecules.
      [32m✓ All goal molecules found.[0m
      [32m✓ All goal reactions found.[0m
        [32m✓ Target reaction successfully synthesized in 0.74s![0m
      Evaluating reaction mbs_174 (174/491)...
[Problem → Reactions] Found 3764 reactions, 250 molecules.
      [32m✓ All goal molecules found.[0m
      [32m✓ All goal reactions found.[0m
        [32m✓ Target reaction successfully synthesized in 8.29s![0m
      Evaluating reaction mbs_175 (175/491)...
        [31m✗ Skipped reaction synthesis (missing molecule synthesis subproblem failed).[0m
      Evaluating reaction mbs_176 (176/491)...
[Problem → Reactions] Found 1330 reactions, 250 molecules.
      [32m✓ All goal molecules found.[0m
      [32m✓ All goal reactions found.[0m
        [32m✓ Target reaction successfully synthesized in 3.99s![0m
      Evaluating reaction mbs_177 (177/491)...
[Problem → Reactions] Found 3640 reactions, 250 molecules.
      [32m✓ All goal molecules found.[0m
      [32m✓ All goal reactions found.[0m
        [32m✓ Target reaction successfully synthesized in 6.31s![0m
      Evaluating reaction mbs_178 (178/491)...
        [31m✗ Skipped reaction synthesis (missing molecule synthesis subproblem failed).[0m
      Evaluating reaction mbs_179 (179/491)...
[Problem → Reactions] Found 13238 reactions, 250 molecules.
      [32m✓ All goal molecules found.[0m
      [32m✓ All goal reactions found.[0m
        [32m✓ Target reaction successfully synthesized in 16.92s![0m
      Evaluating reaction mbs_181 (180/491)...
        [31m✗ Skipped reaction synthesis (missing molecule synthesis subproblem failed).[0m
      Evaluating reaction mbs_182 (181/491)...
[Problem → Reactions] Found 1583 reactions, 250 molecules.
      [32m✓ All goal molecules found.[0m
      [32m✓ All goal reactions found.[0m
        [32m✓ Target reaction successfully synthesized in 1.34s![0m
      Evaluating reaction mbs_183 (182/491)...
[Problem → Reactions] Found 865 reactions, 250 molecules.
      [32m✓ All goal molecules found.[0m
      [32m✓ All goal reactions found.[0m
        [32m✓ Target reaction successfully synthesized in 1.48s![0m
      Evaluating reaction mbs_184 (183/491)...
[Problem → Reactions] Found 6124 reactions, 250 molecules.
      [32m✓ All goal molecules found.[0m
      [32m✓ All goal reactions found.[0m
        [32m✓ Target reaction successfully synthesized in 9.0s![0m
      Evaluating reaction mbs_185 (184/491)...
[Problem → Reactions] Found 1182 reactions, 250 molecules.
      [32m✓ All goal molecules found.[0m
      [32m✓ All goal reactions found.[0m
        [32m✓ Target reaction successfully synthesized in 4.44s![0m
      Evaluating reaction mbs_186 (185/491)...
[Problem → Reactions] Found 2438 reactions, 250 molecules.
      [32m✓ All goal molecules found.[0m
      [32m✓ All goal reactions found.[0m
        [32m✓ Target reaction successfully synthesized in 7.07s![0m
      Evaluating reaction mbs_187 (186/491)...
[Problem → Reactions] Found 1873 reactions, 250 molecules.
      [32m✓ All goal molecules found.[0m
      [32m✓ All goal reactions found.[0m
        [32m✓ Target reaction successfully synthesized in 1.28s![0m
      Evaluating reaction mbs_188 (187/491)...
[Problem → Reactions] Found 1874 reactions, 250 molecules.
      [32m✓ All goal molecules found.[0m
      [32m✓ All goal reactions found.[0m
        [32m✓ Target reaction successfully synthesized in 8.33s![0m
      Evaluating reaction mbs_189 (188/491)...
[Problem → Reactions] Found 5059 reactions, 250 molecules.
      [32m✓ All goal molecules found.[0m
      [32m✓ All goal reactions found.[0m
        [32m✓ Target reaction successfully synthesized in 1.95s![0m
      Evaluating reaction mbs_190 (189/491)...
[Problem → Reactions] Found 7718 reactions, 250 molecules.
      [32m✓ All goal molecules found.[0m
      [32m✓ All goal reactions found.[0m
        [32m✓ Target reaction successfully synthesized in 11.12s![0m
      Evaluating reaction mbs_191 (190/491)...
[Problem → Reactions] Found 1799 reactions, 250 molecules.
      [32m✓ All goal molecules found.[0m
      [32m✓ All goal reactions found.[0m
        [32m✓ Target reaction successfully synthesized in 1.03s![0m
      Evaluating reaction mbs_192 (191/491)...
[Problem → Reactions] Found 2386 reactions, 250 molecules.
      [32m✓ All goal molecules found.[0m
      [32m✓ All goal reactions found.[0m
        [32m✓ Target reaction successfully synthesized in 6.58s![0m
      Evaluating reaction mbs_193 (192/491)...
        [31m✗ Skipped reaction synthesis (missing molecule synthesis subproblem failed).[0m
      Evaluating reaction mbs_194 (193/491)...
        [31m✗ Skipped reaction synthesis (missing molecule synthesis subproblem failed).[0m
      Evaluating reaction mbs_195 (194/491)...
[Problem → Reactions] Found 552 reactions, 250 molecules.
      [32m✓ All goal molecules found.[0m
      [32m✓ All goal reactions found.[0m
        [32m✓ Target reaction successfully synthesized in 4.4s![0m
      Evaluating reaction mbs_196 (195/491)...
[Problem → Reactions] Found 3948 reactions, 250 molecules.
      [32m✓ All goal molecules found.[0m
      [32m✓ All goal reactions found.[0m
        [32m✓ Target reaction successfully synthesized in 8.44s![0m
      Evaluating reaction mbs_197 (196/491)...
[Problem → Reactions] Found 2264 reactions, 250 molecules.
      [32m✓ All goal molecules found.[0m
      [32m✓ All goal reactions found.[0m
        [32m✓ Target reaction successfully synthesized in 7.95s![0m
      Evaluating reaction mbs_198 (197/491)...
[Problem → Reactions] Found 4264 reactions, 250 molecules.
      [32m✓ All goal molecules found.[0m
      [32m✓ All goal reactions found.[0m
        [32m✓ Target reaction successfully synthesized in 7.43s![0m
      Evaluating reaction mbs_199 (198/491)...
[Problem → Reactions] Found 2820 reactions, 250 molecules.
      [32m✓ All goal molecules found.[0m
      [32m✓ All goal reactions found.[0m
        [32m✓ Target reaction successfully synthesized in 7.48s![0m
      Evaluating reaction mbs_200 (199/491)...
[Problem → Reactions] Found 1658 reactions, 250 molecules.
      [32m✓ All goal molecules found.[0m
      [32m✓ All goal reactions found.[0m
        [32m✓ Target reaction successfully synthesized in 5.42s![0m
      Evaluating reaction mbs_201 (200/491)...
[Problem → Reactions] Found 489 reactions, 250 molecules.
      [32m✓ All goal molecules found.[0m
      [32m✓ All goal reactions found.[0m
        [32m✓ Target reaction successfully synthesized in 1.53s![0m
      Evaluating reaction mbs_202 (201/491)...
[Problem → Reactions] Found 1403 reactions, 250 molecules.
      [32m✓ All goal molecules found.[0m
      [32m✓ All goal reactions found.[0m
        [32m✓ Target reaction successfully synthesized in 2.52s![0m
      Evaluating reaction mbs_203 (202/491)...
[Problem → Reactions] Found 4254 reactions, 250 molecules.
      [32m✓ All goal molecules found.[0m
      [32m✓ All goal reactions found.[0m
        [32m✓ Target reaction successfully synthesized in 7.08s![0m
      Evaluating reaction mbs_204 (203/491)...
[Problem → Reactions] Found 863 reactions, 250 molecules.
      [32m✓ All goal molecules found.[0m
      [32m✓ All goal reactions found.[0m
        [32m✓ Target reaction successfully synthesized in 1.16s![0m
      Evaluating reaction mbs_205 (204/491)...
[Problem → Reactions] Found 17134 reactions, 250 molecules.
      [32m✓ All goal molecules found.[0m
      [32m✓ All goal reactions found.[0m
        [32m✓ Target reaction successfully synthesized in 16.07s![0m
      Evaluating reaction mbs_206 (205/491)...
[Problem → Reactions] Found 2549 reactions, 250 molecules.
      [32m✓ All goal molecules found.[0m
      [32m✓ All goal reactions found.[0m
        [32m✓ Target reaction successfully synthesized in 1.79s![0m
      Evaluating reaction mbs_207 (206/491)...
[Problem → Reactions] Found 6003 reactions, 250 molecules.
      [32m✓ All goal molecules found.[0m
      [32m✓ All goal reactions found.[0m
        [32m✓ Target reaction successfully synthesized in 1.5s![0m
      Evaluating reaction mbs_208 (207/491)...
[Problem → Reactions] Found 1455 reactions, 250 molecules.
      [32m✓ All goal molecules found.[0m
      [32m✓ All goal reactions found.[0m
        [32m✓ Target reaction successfully synthesized in 2.93s![0m
      Evaluating reaction mbs_209 (208/491)...
[Problem → Reactions] Found 12439 reactions, 250 molecules.
      [32m✓ All goal molecules found.[0m
      [32m✓ All goal reactions found.[0m
        [32m✓ Target reaction successfully synthesized in 5.97s![0m
      Evaluating reaction mbs_210 (209/491)...
[Problem → Reactions] Found 14510 reactions, 250 molecules.
      [32m✓ All goal molecules found.[0m
      [32m✓ All goal reactions found.[0m
        [32m✓ Target reaction successfully synthesized in 20.99s![0m
      Evaluating reaction mbs_211 (210/491)...
[Problem → Reactions] Found 2135 reactions, 250 molecules.
      [32m✓ All goal molecules found.[0m
      [32m✓ All goal reactions found.[0m
        [32m✓ Target reaction successfully synthesized in 1.34s![0m
      Evaluating reaction mbs_212 (211/491)...
[Problem → Reactions] Found 2573 reactions, 250 molecules.
      [32m✓ All goal molecules found.[0m
      [32m✓ All goal reactions found.[0m
        [32m✓ Target reaction successfully synthesized in 2.26s![0m
      Evaluating reaction mbs_213 (212/491)...
[Problem → Reactions] Found 3770 reactions, 250 molecules.
      [32m✓ All goal molecules found.[0m
      [32m✓ All goal reactions found.[0m
        [32m✓ Target reaction successfully synthesized in 7.09s![0m
      Evaluating reaction mbs_214 (213/491)...
[Problem → Reactions] Found 5143 reactions, 250 molecules.
      [32m✓ All goal molecules found.[0m
      [32m✓ All goal reactions found.[0m
        [32m✓ Target reaction successfully synthesized in 1.53s![0m
      Evaluating reaction mbs_215 (214/491)...
[Problem → Reactions] Found 10568 reactions, 250 molecules.
      [32m✓ All goal molecules found.[0m
      [32m✓ All goal reactions found.[0m
        [32m✓ Target reaction successfully synthesized in 18.03s![0m
      Evaluating reaction mbs_216 (215/491)...
[Problem → Reactions] Found 4786 reactions, 250 molecules.
      [32m✓ All goal molecules found.[0m
      [32m✓ All goal reactions found.[0m
        [32m✓ Target reaction successfully synthesized in 8.22s![0m
      Evaluating reaction mbs_217 (216/491)...
[Problem → Reactions] Found 3653 reactions, 250 molecules.
      [32m✓ All goal molecules found.[0m
      [32m✓ All goal reactions found.[0m
        [32m✓ Target reaction successfully synthesized in 1.31s![0m
      Evaluating reaction mbs_218 (217/491)...
[Problem → Reactions] Found 5582 reactions, 250 molecules.
      [32m✓ All goal molecules found.[0m
      [32m✓ All goal reactions found.[0m
        [32m✓ Target reaction successfully synthesized in 8.58s![0m
      Evaluating reaction mbs_219 (218/491)...
[Problem → Reactions] Found 1868 reactions, 250 molecules.
      [32m✓ All goal molecules found.[0m
      [32m✓ All goal reactions found.[0m
        [32m✓ Target reaction successfully synthesized in 6.37s![0m
      Evaluating reaction mbs_220 (219/491)...
[Problem → Reactions] Found 3518 reactions, 250 molecules.
      [32m✓ All goal molecules found.[0m
      [32m✓ All goal reactions found.[0m
        [32m✓ Target reaction successfully synthesized in 8.2s![0m
      Evaluating reaction mbs_221 (220/491)...
[Problem → Reactions] Found 3520 reactions, 250 molecules.
      [32m✓ All goal molecules found.[0m
      [32m✓ All goal reactions found.[0m
        [32m✓ Target reaction successfully synthesized in 7.04s![0m
      Evaluating reaction mbs_222 (221/491)...
[Problem → Reactions] Found 1590 reactions, 250 molecules.
      [32m✓ All goal molecules found.[0m
      [32m✓ All goal reactions found.[0m
        [32m✓ Target reaction successfully synthesized in 6.65s![0m
      Evaluating reaction mbs_223 (222/491)...
[Problem → Reactions] Found 23454 reactions, 250 molecules.
      [32m✓ All goal molecules found.[0m
      [32m✓ All goal reactions found.[0m
        [32m✓ Target reaction successfully synthesized in 20.93s![0m
      Evaluating reaction mbs_224 (223/491)...
        [31m✗ Skipped reaction synthesis (missing molecule synthesis subproblem failed).[0m
      Evaluating reaction mbs_225 (224/491)...
[Problem → Reactions] Found 977 reactions, 250 molecules.
      [32m✓ All goal molecules found.[0m
      [32m✓ All goal reactions found.[0m
        [32m✓ Target reaction successfully synthesized in 1.38s![0m
      Evaluating reaction mbs_226 (225/491)...
[Problem → Reactions] Found 2633 reactions, 250 molecules.
      [32m✓ All goal molecules found.[0m
      [32m✓ All goal reactions found.[0m
        [32m✓ Target reaction successfully synthesized in 2.5s![0m
      Evaluating reaction mbs_227 (226/491)...
[Problem → Reactions] Found 5738 reactions, 250 molecules.
      [32m✓ All goal molecules found.[0m
      [32m✓ All goal reactions found.[0m
        [32m✓ Target reaction successfully synthesized in 11.0s![0m
      Evaluating reaction mbs_228 (227/491)...
[Problem → Reactions] Found 4310 reactions, 250 molecules.
      [32m✓ All goal molecules found.[0m
      [32m✓ All goal reactions found.[0m
        [32m✓ Target reaction successfully synthesized in 8.77s![0m
      Evaluating reaction mbs_229 (228/491)...
[Problem → Reactions] Found 1285 reactions, 250 molecules.
      [32m✓ All goal molecules found.[0m
      [32m✓ All goal reactions found.[0m
        [32m✓ Target reaction successfully synthesized in 1.44s![0m
      Evaluating reaction mbs_230 (229/491)...
        [31m✗ Skipped reaction synthesis (missing molecule synthesis subproblem failed).[0m
      Evaluating reaction mbs_231 (230/491)...
[Problem → Reactions] Found 3034 reactions, 250 molecules.
      [32m✓ All goal molecules found.[0m
      [32m✓ All goal reactions found.[0m
        [32m✓ Target reaction successfully synthesized in 7.81s![0m
      Evaluating reaction mbs_232 (231/491)...
[Problem → Reactions] Found 4435 reactions, 250 molecules.
      [32m✓ All goal molecules found.[0m
      [32m✓ All goal reactions found.[0m
        [32m✓ Target reaction successfully synthesized in 1.95s![0m
      Evaluating reaction mbs_233 (232/491)...
[Problem → Reactions] Found 1331 reactions, 250 molecules.
      [32m✓ All goal molecules found.[0m
      [32m✓ All goal reactions found.[0m
        [32m✓ Target reaction successfully synthesized in 1.17s![0m
      Evaluating reaction mbs_234 (233/491)...
[Problem → Reactions] Found 3098 reactions, 250 molecules.
      [32m✓ All goal molecules found.[0m
      [32m✓ All goal reactions found.[0m
        [32m✓ Target reaction successfully synthesized in 6.81s![0m
      Evaluating reaction mbs_235 (234/491)...
[Problem → Reactions] Found 1905 reactions, 250 molecules.
      [32m✓ All goal molecules found.[0m
      [32m✓ All goal reactions found.[0m
        [32m✓ Target reaction successfully synthesized in 1.45s![0m
      Evaluating reaction mbs_236 (235/491)...
[Problem → Reactions] Found 1002 reactions, 250 molecules.
      [32m✓ All goal molecules found.[0m
      [32m✓ All goal reactions found.[0m
        [32m✓ Target reaction successfully synthesized in 5.06s![0m
      Evaluating reaction mbs_237 (236/491)...
        [31m✗ Skipped reaction synthesis (missing molecule synthesis subproblem failed).[0m
      Evaluating reaction mbs_238 (237/491)...
[Problem → Reactions] Found 4136 reactions, 250 molecules.
      [32m✓ All goal molecules found.[0m
      [32m✓ All goal reactions found.[0m
        [32m✓ Target reaction successfully synthesized in 8.55s![0m
      Evaluating reaction mbs_239 (238/491)...
[Problem → Reactions] Found 1267 reactions, 250 molecules.
      [32m✓ All goal molecules found.[0m
      [32m✓ All goal reactions found.[0m
        [32m✓ Target reaction successfully synthesized in 1.09s![0m
      Evaluating reaction mbs_240 (239/491)...
        [31m✗ Skipped reaction synthesis (missing molecule synthesis subproblem failed).[0m
      Evaluating reaction mbs_241 (240/491)...
[Problem → Reactions] Found 2324 reactions, 250 molecules.
      [32m✓ All goal molecules found.[0m
      [32m✓ All goal reactions found.[0m
        [32m✓ Target reaction successfully synthesized in 6.78s![0m
      Evaluating reaction mbs_242 (241/491)...
[Problem → Reactions] Found 1733 reactions, 250 molecules.
      [32m✓ All goal molecules found.[0m
      [32m✓ All goal reactions found.[0m
        [32m✓ Target reaction successfully synthesized in 1.4s![0m
      Evaluating reaction mbs_243 (242/491)...
[Problem → Reactions] Found 6492 reactions, 250 molecules.
      [32m✓ All goal molecules found.[0m
      [32m✓ All goal reactions found.[0m
        [32m✓ Target reaction successfully synthesized in 12.53s![0m
      Evaluating reaction mbs_244 (243/491)...
[Problem → Reactions] Found 4072 reactions, 250 molecules.
      [32m✓ All goal molecules found.[0m
      [32m✓ All goal reactions found.[0m
        [32m✓ Target reaction successfully synthesized in 10.37s![0m
      Evaluating reaction mbs_245 (244/491)...
[Problem → Reactions] Found 6012 reactions, 250 molecules.
      [32m✓ All goal molecules found.[0m
      [32m✓ All goal reactions found.[0m
        [32m✓ Target reaction successfully synthesized in 9.47s![0m
      Evaluating reaction mbs_246 (245/491)...
[Problem → Reactions] Found 3650 reactions, 250 molecules.
      [32m✓ All goal molecules found.[0m
      [32m✓ All goal reactions found.[0m
        [32m✓ Target reaction successfully synthesized in 8.46s![0m
      Evaluating reaction mbs_247 (246/491)...
[Problem → Reactions] Found 2293 reactions, 250 molecules.
      [32m✓ All goal molecules found.[0m
      [32m✓ All goal reactions found.[0m
        [32m✓ Target reaction successfully synthesized in 1.42s![0m
      Evaluating reaction mbs_248 (247/491)...
[Problem → Reactions] Found 1402 reactions, 250 molecules.
      [32m✓ All goal molecules found.[0m
      [32m✓ All goal reactions found.[0m
        [32m✓ Target reaction successfully synthesized in 5.31s![0m
      Evaluating reaction mbs_249 (248/491)...
[Problem → Reactions] Found 1157 reactions, 250 molecules.
      [32m✓ All goal molecules found.[0m
      [32m✓ All goal reactions found.[0m
        [32m✓ Target reaction successfully synthesized in 2.23s![0m
      Evaluating reaction mbs_250 (249/491)...
[Problem → Reactions] Found 3664 reactions, 250 molecules.
      [32m✓ All goal molecules found.[0m
      [32m✓ All goal reactions found.[0m
        [32m✓ Target reaction successfully synthesized in 8.6s![0m
      Evaluating reaction mbs_251 (250/491)...
[Problem → Reactions] Found 30000 reactions, 250 molecules.
      [32m✓ All goal molecules found.[0m
      [31m✗ Missing goal reactions.[0m
        [31m✗ Synthesis failed or timed out in 52.33s.[0m
      Evaluating reaction mbs_252 (251/491)...
[Problem → Reactions] Found 1685 reactions, 250 molecules.
      [32m✓ All goal molecules found.[0m
      [32m✓ All goal reactions found.[0m
        [32m✓ Target reaction successfully synthesized in 1.02s![0m
      Evaluating reaction mbs_253 (252/491)...
[Problem → Reactions] Found 7482 reactions, 250 molecules.
      [32m✓ All goal molecules found.[0m
      [32m✓ All goal reactions found.[0m
        [32m✓ Target reaction successfully synthesized in 13.41s![0m
      Evaluating reaction mbs_255 (253/491)...
        [31m✗ Skipped reaction synthesis (missing molecule synthesis subproblem failed).[0m
      Evaluating reaction mbs_256 (254/491)...
        [31m✗ Skipped reaction synthesis (missing molecule synthesis subproblem failed).[0m
      Evaluating reaction mbs_257 (255/491)...
[Problem → Reactions] Found 1621 reactions, 250 molecules.
      [32m✓ All goal molecules found.[0m
      [32m✓ All goal reactions found.[0m
        [32m✓ Target reaction successfully synthesized in 0.95s![0m
      Evaluating reaction mbs_258 (256/491)...
[Problem → Reactions] Found 1203 reactions, 250 molecules.
      [32m✓ All goal molecules found.[0m
      [32m✓ All goal reactions found.[0m
        [32m✓ Target reaction successfully synthesized in 1.05s![0m
      Evaluating reaction mbs_259 (257/491)...
[Problem → Reactions] Found 2316 reactions, 250 molecules.
      [32m✓ All goal molecules found.[0m
      [32m✓ All goal reactions found.[0m
        [32m✓ Target reaction successfully synthesized in 7.02s![0m
      Evaluating reaction mbs_260 (258/491)...
[Problem → Reactions] Found 1771 reactions, 250 molecules.
      [32m✓ All goal molecules found.[0m
      [32m✓ All goal reactions found.[0m
        [32m✓ Target reaction successfully synthesized in 1.06s![0m
      Evaluating reaction mbs_261 (259/491)...
[Problem → Reactions] Found 1945 reactions, 250 molecules.
      [32m✓ All goal molecules found.[0m
      [32m✓ All goal reactions found.[0m
        [32m✓ Target reaction successfully synthesized in 1.39s![0m
      Evaluating reaction mbs_262 (260/491)...
[Problem → Reactions] Found 841 reactions, 250 molecules.
      [32m✓ All goal molecules found.[0m
      [32m✓ All goal reactions found.[0m
        [32m✓ Target reaction successfully synthesized in 1.12s![0m
      Evaluating reaction mbs_263 (261/491)...
[Problem → Reactions] Found 1905 reactions, 250 molecules.
      [32m✓ All goal molecules found.[0m
      [32m✓ All goal reactions found.[0m
        [32m✓ Target reaction successfully synthesized in 2.18s![0m
      Evaluating reaction mbs_264 (262/491)...
[Problem → Reactions] Found 1936 reactions, 250 molecules.
      [32m✓ All goal molecules found.[0m
      [32m✓ All goal reactions found.[0m
        [32m✓ Target reaction successfully synthesized in 7.6s![0m
      Evaluating reaction mbs_265 (263/491)...
        [31m✗ Skipped reaction synthesis (missing molecule synthesis subproblem failed).[0m
      Evaluating reaction mbs_266 (264/491)...
[Problem → Reactions] Found 6108 reactions, 250 molecules.
      [32m✓ All goal molecules found.[0m
      [32m✓ All goal reactions found.[0m
        [32m✓ Target reaction successfully synthesized in 9.03s![0m
      Evaluating reaction mbs_267 (265/491)...
[Problem → Reactions] Found 1510 reactions, 250 molecules.
      [32m✓ All goal molecules found.[0m
      [32m✓ All goal reactions found.[0m
        [32m✓ Target reaction successfully synthesized in 5.44s![0m
      Evaluating reaction mbs_268 (266/491)...
[Problem → Reactions] Found 6994 reactions, 250 molecules.
      [32m✓ All goal molecules found.[0m
      [32m✓ All goal reactions found.[0m
        [32m✓ Target reaction successfully synthesized in 13.93s![0m
      Evaluating reaction mbs_269 (267/491)...
[Problem → Reactions] Found 3158 reactions, 250 molecules.
      [32m✓ All goal molecules found.[0m
      [32m✓ All goal reactions found.[0m
        [32m✓ Target reaction successfully synthesized in 8.19s![0m
      Evaluating reaction mbs_270 (268/491)...
[Problem → Reactions] Found 2635 reactions, 250 molecules.
      [32m✓ All goal molecules found.[0m
      [32m✓ All goal reactions found.[0m
        [32m✓ Target reaction successfully synthesized in 1.32s![0m
      Evaluating reaction mbs_271 (269/491)...
[Problem → Reactions] Found 2050 reactions, 250 molecules.
      [32m✓ All goal molecules found.[0m
      [32m✓ All goal reactions found.[0m
        [32m✓ Target reaction successfully synthesized in 7.17s![0m
      Evaluating reaction mbs_272 (270/491)...
[Problem → Reactions] Found 30000 reactions, 250 molecules.
      [32m✓ All goal molecules found.[0m
      [31m✗ Missing goal reactions.[0m
        [31m✗ Synthesis failed or timed out in 26.91s.[0m
      Evaluating reaction mbs_273 (271/491)...
[Problem → Reactions] Found 5010 reactions, 250 molecules.
      [32m✓ All goal molecules found.[0m
      [32m✓ All goal reactions found.[0m
        [32m✓ Target reaction successfully synthesized in 10.25s![0m
      Evaluating reaction mbs_274 (272/491)...
[Problem → Reactions] Found 30000 reactions, 250 molecules.
      [32m✓ All goal molecules found.[0m
      [31m✗ Missing goal reactions.[0m
        [31m✗ Synthesis failed or timed out in 55.56s.[0m
      Evaluating reaction mbs_275 (273/491)...
        [31m✗ Skipped reaction synthesis (missing molecule synthesis subproblem failed).[0m
      Evaluating reaction mbs_276 (274/491)...
        [31m✗ Skipped reaction synthesis (missing molecule synthesis subproblem failed).[0m
      Evaluating reaction mbs_277 (275/491)...
[Problem → Reactions] Found 4246 reactions, 250 molecules.
      [32m✓ All goal molecules found.[0m
      [32m✓ All goal reactions found.[0m
        [32m✓ Target reaction successfully synthesized in 8.28s![0m
      Evaluating reaction mbs_278 (276/491)...
[Problem → Reactions] Found 2210 reactions, 250 molecules.
      [32m✓ All goal molecules found.[0m
      [32m✓ All goal reactions found.[0m
        [32m✓ Target reaction successfully synthesized in 7.28s![0m
      Evaluating reaction mbs_279 (277/491)...
        [31m✗ Skipped reaction synthesis (missing molecule synthesis subproblem failed).[0m
      Evaluating reaction mbs_280 (278/491)...
[Problem → Reactions] Found 1491 reactions, 250 molecules.
      [32m✓ All goal molecules found.[0m
      [32m✓ All goal reactions found.[0m
        [32m✓ Target reaction successfully synthesized in 1.17s![0m
      Evaluating reaction mbs_281 (279/491)...
[Problem → Reactions] Found 1469 reactions, 250 molecules.
      [32m✓ All goal molecules found.[0m
      [32m✓ All goal reactions found.[0m
        [32m✓ Target reaction successfully synthesized in 1.08s![0m
      Evaluating reaction mbs_282 (280/491)...
[Problem → Reactions] Found 2982 reactions, 250 molecules.
      [32m✓ All goal molecules found.[0m
      [32m✓ All goal reactions found.[0m
        [32m✓ Target reaction successfully synthesized in 7.35s![0m
      Evaluating reaction mbs_283 (281/491)...
[Problem → Reactions] Found 2254 reactions, 250 molecules.
      [32m✓ All goal molecules found.[0m
      [32m✓ All goal reactions found.[0m
        [32m✓ Target reaction successfully synthesized in 7.77s![0m
      Evaluating reaction mbs_284 (282/491)...
[Problem → Reactions] Found 4011 reactions, 250 molecules.
      [32m✓ All goal molecules found.[0m
      [32m✓ All goal reactions found.[0m
        [32m✓ Target reaction successfully synthesized in 1.57s![0m
      Evaluating reaction mbs_285 (283/491)...
[Problem → Reactions] Found 7718 reactions, 250 molecules.
      [32m✓ All goal molecules found.[0m
      [32m✓ All goal reactions found.[0m
        [32m✓ Target reaction successfully synthesized in 12.61s![0m
      Evaluating reaction mbs_286 (284/491)...
        [31m✗ Skipped reaction synthesis (missing molecule synthesis subproblem failed).[0m
      Evaluating reaction mbs_287 (285/491)...
[Problem → Reactions] Found 1527 reactions, 250 molecules.
      [32m✓ All goal molecules found.[0m
      [32m✓ All goal reactions found.[0m
        [32m✓ Target reaction successfully synthesized in 1.15s![0m
      Evaluating reaction mbs_288 (286/491)...
        [31m✗ Skipped reaction synthesis (missing molecule synthesis subproblem failed).[0m
      Evaluating reaction mbs_289 (287/491)...
[Problem → Reactions] Found 2063 reactions, 250 molecules.
      [32m✓ All goal molecules found.[0m
      [32m✓ All goal reactions found.[0m
        [32m✓ Target reaction successfully synthesized in 1.67s![0m
      Evaluating reaction mbs_290 (288/491)...
[Problem → Reactions] Found 1484 reactions, 250 molecules.
      [32m✓ All goal molecules found.[0m
      [32m✓ All goal reactions found.[0m
        [32m✓ Target reaction successfully synthesized in 4.22s![0m
      Evaluating reaction mbs_291 (289/491)...
[Problem → Reactions] Found 1369 reactions, 250 molecules.
      [32m✓ All goal molecules found.[0m
      [32m✓ All goal reactions found.[0m
        [32m✓ Target reaction successfully synthesized in 2.75s![0m
      Evaluating reaction mbs_292 (290/491)...
[Problem → Reactions] Found 30000 reactions, 250 molecules.
      [32m✓ All goal molecules found.[0m
      [31m✗ Missing goal reactions.[0m
        [31m✗ Synthesis failed or timed out in 48.1s.[0m
      Evaluating reaction mbs_293 (291/491)...
[Problem → Reactions] Found 1519 reactions, 250 molecules.
      [32m✓ All goal molecules found.[0m
      [32m✓ All goal reactions found.[0m
        [32m✓ Target reaction successfully synthesized in 2.46s![0m
      Evaluating reaction mbs_294 (292/491)...
[Problem → Reactions] Found 1147 reactions, 250 molecules.
      [32m✓ All goal molecules found.[0m
      [32m✓ All goal reactions found.[0m
        [32m✓ Target reaction successfully synthesized in 1.44s![0m
      Evaluating reaction mbs_295 (293/491)...
[Problem → Reactions] Found 5034 reactions, 250 molecules.
      [32m✓ All goal molecules found.[0m
      [32m✓ All goal reactions found.[0m
        [32m✓ Target reaction successfully synthesized in 8.74s![0m
      Evaluating reaction mbs_296 (294/491)...
[Problem → Reactions] Found 5331 reactions, 250 molecules.
      [32m✓ All goal molecules found.[0m
      [32m✓ All goal reactions found.[0m
        [32m✓ Target reaction successfully synthesized in 1.35s![0m
      Evaluating reaction mbs_297 (295/491)...
        [31m✗ Skipped reaction synthesis (missing molecule synthesis subproblem failed).[0m
      Evaluating reaction mbs_298 (296/491)...
[Problem → Reactions] Found 1369 reactions, 250 molecules.
      [32m✓ All goal molecules found.[0m
      [32m✓ All goal reactions found.[0m
        [32m✓ Target reaction successfully synthesized in 2.41s![0m
      Evaluating reaction mbs_299 (297/491)...
[Problem → Reactions] Found 29594 reactions, 250 molecules.
      [32m✓ All goal molecules found.[0m
      [32m✓ All goal reactions found.[0m
        [32m✓ Target reaction successfully synthesized in 49.38s![0m
      Evaluating reaction mbs_300 (298/491)...
[Problem → Reactions] Found 9638 reactions, 250 molecules.
      [32m✓ All goal molecules found.[0m
      [32m✓ All goal reactions found.[0m
        [32m✓ Target reaction successfully synthesized in 11.88s![0m
      Evaluating reaction mbs_301 (299/491)...
[Problem → Reactions] Found 862 reactions, 250 molecules.
      [32m✓ All goal molecules found.[0m
      [32m✓ All goal reactions found.[0m
        [32m✓ Target reaction successfully synthesized in 5.16s![0m
      Evaluating reaction mbs_302 (300/491)...
[Problem → Reactions] Found 4175 reactions, 250 molecules.
      [32m✓ All goal molecules found.[0m
      [32m✓ All goal reactions found.[0m
        [32m✓ Target reaction successfully synthesized in 2.89s![0m
      Evaluating reaction mbs_303 (301/491)...
[Problem → Reactions] Found 1493 reactions, 250 molecules.
      [32m✓ All goal molecules found.[0m
      [32m✓ All goal reactions found.[0m
        [32m✓ Target reaction successfully synthesized in 2.47s![0m
      Evaluating reaction mbs_304 (302/491)...
[Problem → Reactions] Found 1875 reactions, 250 molecules.
      [32m✓ All goal molecules found.[0m
      [32m✓ All goal reactions found.[0m
        [32m✓ Target reaction successfully synthesized in 1.63s![0m
      Evaluating reaction mbs_305 (303/491)...
        [31m✗ Skipped reaction synthesis (missing molecule synthesis subproblem failed).[0m
      Evaluating reaction mbs_306 (304/491)...
[Problem → Reactions] Found 1277 reactions, 250 molecules.
      [32m✓ All goal molecules found.[0m
      [32m✓ All goal reactions found.[0m
        [32m✓ Target reaction successfully synthesized in 2.71s![0m
      Evaluating reaction mbs_307 (305/491)...
[Problem → Reactions] Found 1715 reactions, 250 molecules.
      [32m✓ All goal molecules found.[0m
      [32m✓ All goal reactions found.[0m
        [32m✓ Target reaction successfully synthesized in 0.92s![0m
      Evaluating reaction mbs_308 (306/491)...
[Problem → Reactions] Found 879 reactions, 250 molecules.
      [32m✓ All goal molecules found.[0m
      [32m✓ All goal reactions found.[0m
        [32m✓ Target reaction successfully synthesized in 1.38s![0m
      Evaluating reaction mbs_309 (307/491)...
[Problem → Reactions] Found 1689 reactions, 250 molecules.
      [32m✓ All goal molecules found.[0m
      [32m✓ All goal reactions found.[0m
        [32m✓ Target reaction successfully synthesized in 1.68s![0m
      Evaluating reaction mbs_310 (308/491)...
[Problem → Reactions] Found 3654 reactions, 250 molecules.
      [32m✓ All goal molecules found.[0m
      [32m✓ All goal reactions found.[0m
        [32m✓ Target reaction successfully synthesized in 9.09s![0m
      Evaluating reaction mbs_311 (309/491)...
        [31m✗ Skipped reaction synthesis (missing molecule synthesis subproblem failed).[0m
      Evaluating reaction mbs_312 (310/491)...
[Problem → Reactions] Found 5240 reactions, 250 molecules.
      [32m✓ All goal molecules found.[0m
      [32m✓ All goal reactions found.[0m
        [32m✓ Target reaction successfully synthesized in 10.05s![0m
      Evaluating reaction mbs_314 (311/491)...
[Problem → Reactions] Found 2240 reactions, 250 molecules.
      [32m✓ All goal molecules found.[0m
      [32m✓ All goal reactions found.[0m
        [32m✓ Target reaction successfully synthesized in 7.74s![0m
      Evaluating reaction mbs_315 (312/491)...
[Problem → Reactions] Found 12938 reactions, 250 molecules.
      [32m✓ All goal molecules found.[0m
      [32m✓ All goal reactions found.[0m
        [32m✓ Target reaction successfully synthesized in 18.34s![0m
      Evaluating reaction mbs_316 (313/491)...
[Problem → Reactions] Found 5298 reactions, 250 molecules.
      [32m✓ All goal molecules found.[0m
      [32m✓ All goal reactions found.[0m
        [32m✓ Target reaction successfully synthesized in 11.72s![0m
      Evaluating reaction mbs_317 (314/491)...
        [31m✗ Skipped reaction synthesis (missing molecule synthesis subproblem failed).[0m
      Evaluating reaction mbs_318 (315/491)...
[Problem → Reactions] Found 3458 reactions, 250 molecules.
      [32m✓ All goal molecules found.[0m
      [32m✓ All goal reactions found.[0m
        [32m✓ Target reaction successfully synthesized in 7.48s![0m
      Evaluating reaction mbs_319 (316/491)...
[Problem → Reactions] Found 3637 reactions, 250 molecules.
      [32m✓ All goal molecules found.[0m
      [32m✓ All goal reactions found.[0m
        [32m✓ Target reaction successfully synthesized in 1.92s![0m
      Evaluating reaction mbs_320 (317/491)...
[Problem → Reactions] Found 4429 reactions, 250 molecules.
      [32m✓ All goal molecules found.[0m
      [32m✓ All goal reactions found.[0m
        [32m✓ Target reaction successfully synthesized in 1.91s![0m
      Evaluating reaction mbs_321 (318/491)...
[Problem → Reactions] Found 10538 reactions, 250 molecules.
      [32m✓ All goal molecules found.[0m
      [32m✓ All goal reactions found.[0m
        [32m✓ Target reaction successfully synthesized in 8.95s![0m
      Evaluating reaction mbs_322 (319/491)...
        [31m✗ Skipped reaction synthesis (missing molecule synthesis subproblem failed).[0m
      Evaluating reaction mbs_323 (320/491)...
[Problem → Reactions] Found 2962 reactions, 250 molecules.
      [32m✓ All goal molecules found.[0m
      [32m✓ All goal reactions found.[0m
        [32m✓ Target reaction successfully synthesized in 8.04s![0m
      Evaluating reaction mbs_324 (321/491)...
[Problem → Reactions] Found 877 reactions, 250 molecules.
      [32m✓ All goal molecules found.[0m
      [32m✓ All goal reactions found.[0m
        [32m✓ Target reaction successfully synthesized in 1.14s![0m
      Evaluating reaction mbs_325 (322/491)...
[Problem → Reactions] Found 4702 reactions, 250 molecules.
      [32m✓ All goal molecules found.[0m
      [32m✓ All goal reactions found.[0m
        [32m✓ Target reaction successfully synthesized in 9.82s![0m
      Evaluating reaction mbs_327 (323/491)...
        [31m✗ Skipped reaction synthesis (missing molecule synthesis subproblem failed).[0m
      Evaluating reaction mbs_328 (324/491)...
[Problem → Reactions] Found 5834 reactions, 250 molecules.
      [32m✓ All goal molecules found.[0m
      [32m✓ All goal reactions found.[0m
        [32m✓ Target reaction successfully synthesized in 11.68s![0m
      Evaluating reaction mbs_329 (325/491)...
[Problem → Reactions] Found 8636 reactions, 250 molecules.
      [32m✓ All goal molecules found.[0m
      [32m✓ All goal reactions found.[0m
        [32m✓ Target reaction successfully synthesized in 14.24s![0m
      Evaluating reaction mbs_330 (326/491)...
[Problem → Reactions] Found 2919 reactions, 250 molecules.
      [32m✓ All goal molecules found.[0m
      [32m✓ All goal reactions found.[0m
        [32m✓ Target reaction successfully synthesized in 1.99s![0m
      Evaluating reaction mbs_331 (327/491)...
[Problem → Reactions] Found 7826 reactions, 250 molecules.
      [32m✓ All goal molecules found.[0m
      [32m✓ All goal reactions found.[0m
        [32m✓ Target reaction successfully synthesized in 8.37s![0m
      Evaluating reaction mbs_332 (328/491)...
[Problem → Reactions] Found 1827 reactions, 250 molecules.
      [32m✓ All goal molecules found.[0m
      [32m✓ All goal reactions found.[0m
        [32m✓ Target reaction successfully synthesized in 1.36s![0m
      Evaluating reaction mbs_333 (329/491)...
[Problem → Reactions] Found 6965 reactions, 250 molecules.
      [32m✓ All goal molecules found.[0m
      [32m✓ All goal reactions found.[0m
        [32m✓ Target reaction successfully synthesized in 2.12s![0m
      Evaluating reaction mbs_334 (330/491)...
[Problem → Reactions] Found 1608 reactions, 250 molecules.
      [32m✓ All goal molecules found.[0m
      [32m✓ All goal reactions found.[0m
        [32m✓ Target reaction successfully synthesized in 6.48s![0m
      Evaluating reaction mbs_335 (331/491)...
[Problem → Reactions] Found 6987 reactions, 250 molecules.
      [32m✓ All goal molecules found.[0m
      [32m✓ All goal reactions found.[0m
        [32m✓ Target reaction successfully synthesized in 1.88s![0m
      Evaluating reaction mbs_336 (332/491)...
[Problem → Reactions] Found 3481 reactions, 250 molecules.
      [32m✓ All goal molecules found.[0m
      [32m✓ All goal reactions found.[0m
        [32m✓ Target reaction successfully synthesized in 1.58s![0m
      Evaluating reaction mbs_337 (333/491)...
[Problem → Reactions] Found 3561 reactions, 250 molecules.
      [32m✓ All goal molecules found.[0m
      [32m✓ All goal reactions found.[0m
        [32m✓ Target reaction successfully synthesized in 2.01s![0m
      Evaluating reaction mbs_338 (334/491)...
[Problem → Reactions] Found 3318 reactions, 250 molecules.
      [32m✓ All goal molecules found.[0m
      [32m✓ All goal reactions found.[0m
        [32m✓ Target reaction successfully synthesized in 8.07s![0m
      Evaluating reaction mbs_339 (335/491)...
[Problem → Reactions] Found 1021 reactions, 250 molecules.
      [32m✓ All goal molecules found.[0m
      [32m✓ All goal reactions found.[0m
        [32m✓ Target reaction successfully synthesized in 1.25s![0m
      Evaluating reaction mbs_340 (336/491)...
[Problem → Reactions] Found 20590 reactions, 250 molecules.
      [32m✓ All goal molecules found.[0m
      [32m✓ All goal reactions found.[0m
        [32m✓ Target reaction successfully synthesized in 28.74s![0m
      Evaluating reaction mbs_341 (337/491)...
        [31m✗ Skipped reaction synthesis (missing molecule synthesis subproblem failed).[0m
      Evaluating reaction mbs_342 (338/491)...
[Problem → Reactions] Found 3469 reactions, 250 molecules.
      [32m✓ All goal molecules found.[0m
      [32m✓ All goal reactions found.[0m
        [32m✓ Target reaction successfully synthesized in 1.67s![0m
      Evaluating reaction mbs_343 (339/491)...
[Problem → Reactions] Found 3770 reactions, 250 molecules.
      [32m✓ All goal molecules found.[0m
      [32m✓ All goal reactions found.[0m
        [32m✓ Target reaction successfully synthesized in 6.46s![0m
      Evaluating reaction mbs_344 (340/491)...
[Problem → Reactions] Found 1604 reactions, 250 molecules.
      [32m✓ All goal molecules found.[0m
      [32m✓ All goal reactions found.[0m
        [32m✓ Target reaction successfully synthesized in 7.54s![0m
      Evaluating reaction mbs_345 (341/491)...
[Problem → Reactions] Found 4026 reactions, 250 molecules.
      [32m✓ All goal molecules found.[0m
      [32m✓ All goal reactions found.[0m
        [32m✓ Target reaction successfully synthesized in 7.98s![0m
      Evaluating reaction mbs_346 (342/491)...
[Problem → Reactions] Found 1457 reactions, 250 molecules.
      [32m✓ All goal molecules found.[0m
      [32m✓ All goal reactions found.[0m
        [32m✓ Target reaction successfully synthesized in 1.18s![0m
      Evaluating reaction mbs_347 (343/491)...
[Problem → Reactions] Found 11668 reactions, 250 molecules.
      [32m✓ All goal molecules found.[0m
      [32m✓ All goal reactions found.[0m
        [32m✓ Target reaction successfully synthesized in 16.39s![0m
      Evaluating reaction mbs_348 (344/491)...
[Problem → Reactions] Found 3436 reactions, 250 molecules.
      [32m✓ All goal molecules found.[0m
      [32m✓ All goal reactions found.[0m
        [32m✓ Target reaction successfully synthesized in 7.39s![0m
      Evaluating reaction mbs_349 (345/491)...
        [31m✗ Skipped reaction synthesis (missing molecule synthesis subproblem failed).[0m
      Evaluating reaction mbs_350 (346/491)...
[Problem → Reactions] Found 3918 reactions, 250 molecules.
      [32m✓ All goal molecules found.[0m
      [32m✓ All goal reactions found.[0m
        [32m✓ Target reaction successfully synthesized in 7.14s![0m
      Evaluating reaction mbs_351 (347/491)...
[Problem → Reactions] Found 1405 reactions, 250 molecules.
      [32m✓ All goal molecules found.[0m
      [32m✓ All goal reactions found.[0m
        [32m✓ Target reaction successfully synthesized in 1.51s![0m
      Evaluating reaction mbs_352 (348/491)...
[Problem → Reactions] Found 1021 reactions, 250 molecules.
      [32m✓ All goal molecules found.[0m
      [32m✓ All goal reactions found.[0m
        [32m✓ Target reaction successfully synthesized in 0.77s![0m
      Evaluating reaction mbs_353 (349/491)...
[Problem → Reactions] Found 8198 reactions, 250 molecules.
      [32m✓ All goal molecules found.[0m
      [32m✓ All goal reactions found.[0m
        [32m✓ Target reaction successfully synthesized in 8.32s![0m
      Evaluating reaction mbs_354 (350/491)...
[Problem → Reactions] Found 3699 reactions, 250 molecules.
      [32m✓ All goal molecules found.[0m
      [32m✓ All goal reactions found.[0m
        [32m✓ Target reaction successfully synthesized in 1.7s![0m
      Evaluating reaction mbs_355 (351/491)...
[Problem → Reactions] Found 3933 reactions, 250 molecules.
      [32m✓ All goal molecules found.[0m
      [32m✓ All goal reactions found.[0m
        [32m✓ Target reaction successfully synthesized in 1.91s![0m
      Evaluating reaction mbs_356 (352/491)...
[Problem → Reactions] Found 6374 reactions, 250 molecules.
      [32m✓ All goal molecules found.[0m
      [32m✓ All goal reactions found.[0m
        [32m✓ Target reaction successfully synthesized in 11.39s![0m
      Evaluating reaction mbs_357 (353/491)...
        [31m✗ Skipped reaction synthesis (missing molecule synthesis subproblem failed).[0m
      Evaluating reaction mbs_358 (354/491)...
[Problem → Reactions] Found 589 reactions, 250 molecules.
      [32m✓ All goal molecules found.[0m
      [32m✓ All goal reactions found.[0m
        [32m✓ Target reaction successfully synthesized in 1.08s![0m
      Evaluating reaction mbs_359 (355/491)...
[Problem → Reactions] Found 2639 reactions, 250 molecules.
      [32m✓ All goal molecules found.[0m
      [32m✓ All goal reactions found.[0m
        [32m✓ Target reaction successfully synthesized in 1.52s![0m
      Evaluating reaction mbs_360 (356/491)...
[Problem → Reactions] Found 7690 reactions, 250 molecules.
      [32m✓ All goal molecules found.[0m
      [32m✓ All goal reactions found.[0m
        [32m✓ Target reaction successfully synthesized in 8.17s![0m
      Evaluating reaction mbs_361 (357/491)...
[Problem → Reactions] Found 1592 reactions, 250 molecules.
      [32m✓ All goal molecules found.[0m
      [32m✓ All goal reactions found.[0m
        [32m✓ Target reaction successfully synthesized in 6.86s![0m
      Evaluating reaction mbs_362 (358/491)...
[Problem → Reactions] Found 2284 reactions, 250 molecules.
      [32m✓ All goal molecules found.[0m
      [32m✓ All goal reactions found.[0m
        [32m✓ Target reaction successfully synthesized in 7.11s![0m
      Evaluating reaction mbs_363 (359/491)...
[Problem → Reactions] Found 2846 reactions, 250 molecules.
      [32m✓ All goal molecules found.[0m
      [32m✓ All goal reactions found.[0m
        [32m✓ Target reaction successfully synthesized in 8.75s![0m
      Evaluating reaction mbs_364 (360/491)...
[Problem → Reactions] Found 1810 reactions, 250 molecules.
      [32m✓ All goal molecules found.[0m
      [32m✓ All goal reactions found.[0m
        [32m✓ Target reaction successfully synthesized in 7.12s![0m
      Evaluating reaction mbs_365 (361/491)...
[Problem → Reactions] Found 5198 reactions, 250 molecules.
      [32m✓ All goal molecules found.[0m
      [32m✓ All goal reactions found.[0m
        [32m✓ Target reaction successfully synthesized in 10.87s![0m
      Evaluating reaction mbs_366 (362/491)...
[Problem → Reactions] Found 1637 reactions, 250 molecules.
      [32m✓ All goal molecules found.[0m
      [32m✓ All goal reactions found.[0m
        [32m✓ Target reaction successfully synthesized in 1.37s![0m
      Evaluating reaction mbs_367 (363/491)...
        [31m✗ Skipped reaction synthesis (missing molecule synthesis subproblem failed).[0m
      Evaluating reaction mbs_368 (364/491)...
[Problem → Reactions] Found 2879 reactions, 250 molecules.
      [32m✓ All goal molecules found.[0m
      [32m✓ All goal reactions found.[0m
        [32m✓ Target reaction successfully synthesized in 1.42s![0m
      Evaluating reaction mbs_369 (365/491)...
[Problem → Reactions] Found 3105 reactions, 250 molecules.
      [32m✓ All goal molecules found.[0m
      [32m✓ All goal reactions found.[0m
        [32m✓ Target reaction successfully synthesized in 2.62s![0m
      Evaluating reaction mbs_370 (366/491)...
        [31m✗ Skipped reaction synthesis (missing molecule synthesis subproblem failed).[0m
      Evaluating reaction mbs_371 (367/491)...
[Problem → Reactions] Found 16136 reactions, 250 molecules.
      [32m✓ All goal molecules found.[0m
      [32m✓ All goal reactions found.[0m
        [32m✓ Target reaction successfully synthesized in 17.91s![0m
      Evaluating reaction mbs_372 (368/491)...
[Problem → Reactions] Found 4495 reactions, 250 molecules.
      [32m✓ All goal molecules found.[0m
      [32m✓ All goal reactions found.[0m
        [32m✓ Target reaction successfully synthesized in 1.23s![0m
      Evaluating reaction mbs_373 (369/491)...
[Problem → Reactions] Found 7280 reactions, 250 molecules.
      [32m✓ All goal molecules found.[0m
      [32m✓ All goal reactions found.[0m
        [32m✓ Target reaction successfully synthesized in 7.76s![0m
      Evaluating reaction mbs_374 (370/491)...
[Problem → Reactions] Found 2664 reactions, 250 molecules.
      [32m✓ All goal molecules found.[0m
      [32m✓ All goal reactions found.[0m
        [32m✓ Target reaction successfully synthesized in 7.83s![0m
      Evaluating reaction mbs_375 (371/491)...
[Problem → Reactions] Found 5248 reactions, 250 molecules.
      [32m✓ All goal molecules found.[0m
      [32m✓ All goal reactions found.[0m
        [32m✓ Target reaction successfully synthesized in 7.3s![0m
      Evaluating reaction mbs_376 (372/491)...
[Problem → Reactions] Found 21382 reactions, 250 molecules.
      [32m✓ All goal molecules found.[0m
      [32m✓ All goal reactions found.[0m
        [32m✓ Target reaction successfully synthesized in 32.22s![0m
      Evaluating reaction mbs_377 (373/491)...
[Problem → Reactions] Found 30000 reactions, 250 molecules.
      [32m✓ All goal molecules found.[0m
      [31m✗ Missing goal reactions.[0m
        [31m✗ Synthesis failed or timed out in 52.7s.[0m
      Evaluating reaction mbs_378 (374/491)...
        [31m✗ Skipped reaction synthesis (missing molecule synthesis subproblem failed).[0m
      Evaluating reaction mbs_379 (375/491)...
        [31m✗ Skipped reaction synthesis (missing molecule synthesis subproblem failed).[0m
      Evaluating reaction mbs_380 (376/491)...
[Problem → Reactions] Found 3784 reactions, 250 molecules.
      [32m✓ All goal molecules found.[0m
      [32m✓ All goal reactions found.[0m
        [32m✓ Target reaction successfully synthesized in 7.81s![0m
      Evaluating reaction mbs_381 (377/491)...
[Problem → Reactions] Found 3360 reactions, 250 molecules.
      [32m✓ All goal molecules found.[0m
      [32m✓ All goal reactions found.[0m
        [32m✓ Target reaction successfully synthesized in 8.41s![0m
      Evaluating reaction mbs_382 (378/491)...
[Problem → Reactions] Found 8532 reactions, 250 molecules.
      [32m✓ All goal molecules found.[0m
      [32m✓ All goal reactions found.[0m
        [32m✓ Target reaction successfully synthesized in 10.71s![0m
      Evaluating reaction mbs_383 (379/491)...
[Problem → Reactions] Found 839 reactions, 250 molecules.
      [32m✓ All goal molecules found.[0m
      [32m✓ All goal reactions found.[0m
        [32m✓ Target reaction successfully synthesized in 1.14s![0m
      Evaluating reaction mbs_384 (380/491)...
[Problem → Reactions] Found 12906 reactions, 250 molecules.
      [32m✓ All goal molecules found.[0m
      [32m✓ All goal reactions found.[0m
        [32m✓ Target reaction successfully synthesized in 13.18s![0m
      Evaluating reaction mbs_385 (381/491)...
[Problem → Reactions] Found 590 reactions, 250 molecules.
      [32m✓ All goal molecules found.[0m
      [32m✓ All goal reactions found.[0m
        [32m✓ Target reaction successfully synthesized in 4.31s![0m
      Evaluating reaction mbs_386 (382/491)...
[Problem → Reactions] Found 5309 reactions, 250 molecules.
      [32m✓ All goal molecules found.[0m
      [32m✓ All goal reactions found.[0m
        [32m✓ Target reaction successfully synthesized in 3.65s![0m
      Evaluating reaction mbs_387 (383/491)...
[Problem → Reactions] Found 30000 reactions, 250 molecules.
      [32m✓ All goal molecules found.[0m
      [31m✗ Missing goal reactions.[0m
        [31m✗ Synthesis failed or timed out in 63.0s.[0m
      Evaluating reaction mbs_388 (384/491)...
[Problem → Reactions] Found 2875 reactions, 250 molecules.
      [32m✓ All goal molecules found.[0m
      [32m✓ All goal reactions found.[0m
        [32m✓ Target reaction successfully synthesized in 1.48s![0m
      Evaluating reaction mbs_389 (385/491)...
[Problem → Reactions] Found 7808 reactions, 250 molecules.
      [32m✓ All goal molecules found.[0m
      [32m✓ All goal reactions found.[0m
        [32m✓ Target reaction successfully synthesized in 10.33s![0m
      Evaluating reaction mbs_390 (386/491)...
[Problem → Reactions] Found 1947 reactions, 250 molecules.
      [32m✓ All goal molecules found.[0m
      [32m✓ All goal reactions found.[0m
        [32m✓ Target reaction successfully synthesized in 1.2s![0m
      Evaluating reaction mbs_391 (387/491)...
[Problem → Reactions] Found 2680 reactions, 250 molecules.
      [32m✓ All goal molecules found.[0m
      [32m✓ All goal reactions found.[0m
        [32m✓ Target reaction successfully synthesized in 7.44s![0m
      Evaluating reaction mbs_392 (388/491)...
[Problem → Reactions] Found 4160 reactions, 250 molecules.
      [32m✓ All goal molecules found.[0m
      [32m✓ All goal reactions found.[0m
        [32m✓ Target reaction successfully synthesized in 8.88s![0m
      Evaluating reaction mbs_393 (389/491)...
[Problem → Reactions] Found 2745 reactions, 250 molecules.
      [32m✓ All goal molecules found.[0m
      [32m✓ All goal reactions found.[0m
        [32m✓ Target reaction successfully synthesized in 1.82s![0m
      Evaluating reaction mbs_394 (390/491)...
[Problem → Reactions] Found 30000 reactions, 250 molecules.
      [32m✓ All goal molecules found.[0m
      [31m✗ Missing goal reactions.[0m
        [31m✗ Synthesis failed or timed out in 67.6s.[0m
      Evaluating reaction mbs_395 (391/491)...
[Problem → Reactions] Found 1328 reactions, 250 molecules.
      [32m✓ All goal molecules found.[0m
      [32m✓ All goal reactions found.[0m
        [32m✓ Target reaction successfully synthesized in 6.26s![0m
      Evaluating reaction mbs_396 (392/491)...
[Problem → Reactions] Found 2152 reactions, 250 molecules.
      [32m✓ All goal molecules found.[0m
      [32m✓ All goal reactions found.[0m
        [32m✓ Target reaction successfully synthesized in 6.41s![0m
      Evaluating reaction mbs_397 (393/491)...
[Problem → Reactions] Found 1744 reactions, 250 molecules.
      [32m✓ All goal molecules found.[0m
      [32m✓ All goal reactions found.[0m
        [32m✓ Target reaction successfully synthesized in 6.07s![0m
      Evaluating reaction mbs_398 (394/491)...
[Problem → Reactions] Found 2346 reactions, 250 molecules.
      [32m✓ All goal molecules found.[0m
      [32m✓ All goal reactions found.[0m
        [32m✓ Target reaction successfully synthesized in 6.56s![0m
      Evaluating reaction mbs_399 (395/491)...
[Problem → Reactions] Found 4208 reactions, 250 molecules.
      [32m✓ All goal molecules found.[0m
      [32m✓ All goal reactions found.[0m
        [32m✓ Target reaction successfully synthesized in 8.2s![0m
      Evaluating reaction mbs_400 (396/491)...
[Problem → Reactions] Found 2735 reactions, 250 molecules.
      [32m✓ All goal molecules found.[0m
      [32m✓ All goal reactions found.[0m
        [32m✓ Target reaction successfully synthesized in 2.07s![0m
      Evaluating reaction mbs_401 (397/491)...
[Problem → Reactions] Found 9614 reactions, 250 molecules.
      [32m✓ All goal molecules found.[0m
      [32m✓ All goal reactions found.[0m
        [32m✓ Target reaction successfully synthesized in 8.89s![0m
      Evaluating reaction mbs_402 (398/491)...
        [31m✗ Skipped reaction synthesis (missing molecule synthesis subproblem failed).[0m
      Evaluating reaction mbs_403 (399/491)...
[Problem → Reactions] Found 1533 reactions, 250 molecules.
      [32m✓ All goal molecules found.[0m
      [32m✓ All goal reactions found.[0m
        [32m✓ Target reaction successfully synthesized in 2.1s![0m
      Evaluating reaction mbs_404 (400/491)...
[Problem → Reactions] Found 1583 reactions, 250 molecules.
      [32m✓ All goal molecules found.[0m
      [32m✓ All goal reactions found.[0m
        [32m✓ Target reaction successfully synthesized in 2.31s![0m
      Evaluating reaction mbs_405 (401/491)...
[Problem → Reactions] Found 476 reactions, 250 molecules.
      [32m✓ All goal molecules found.[0m
      [32m✓ All goal reactions found.[0m
        [32m✓ Target reaction successfully synthesized in 4.36s![0m
      Evaluating reaction mbs_406 (402/491)...
[Problem → Reactions] Found 4432 reactions, 250 molecules.
      [32m✓ All goal molecules found.[0m
      [32m✓ All goal reactions found.[0m
        [32m✓ Target reaction successfully synthesized in 11.84s![0m
      Evaluating reaction mbs_407 (403/491)...
[Problem → Reactions] Found 5504 reactions, 250 molecules.
      [32m✓ All goal molecules found.[0m
      [32m✓ All goal reactions found.[0m
        [32m✓ Target reaction successfully synthesized in 7.59s![0m
      Evaluating reaction mbs_408 (404/491)...
[Problem → Reactions] Found 23048 reactions, 250 molecules.
      [32m✓ All goal molecules found.[0m
      [32m✓ All goal reactions found.[0m
        [32m✓ Target reaction successfully synthesized in 29.12s![0m
      Evaluating reaction mbs_409 (405/491)...
[Problem → Reactions] Found 3606 reactions, 250 molecules.
      [32m✓ All goal molecules found.[0m
      [32m✓ All goal reactions found.[0m
        [32m✓ Target reaction successfully synthesized in 8.86s![0m
      Evaluating reaction mbs_410 (406/491)...
[Problem → Reactions] Found 2218 reactions, 250 molecules.
      [32m✓ All goal molecules found.[0m
      [32m✓ All goal reactions found.[0m
        [32m✓ Target reaction successfully synthesized in 6.92s![0m
      Evaluating reaction mbs_411 (407/491)...
[Problem → Reactions] Found 3807 reactions, 250 molecules.
      [32m✓ All goal molecules found.[0m
      [32m✓ All goal reactions found.[0m
        [32m✓ Target reaction successfully synthesized in 1.6s![0m
      Evaluating reaction mbs_413 (408/491)...
[Problem → Reactions] Found 437 reactions, 250 molecules.
      [32m✓ All goal molecules found.[0m
      [32m✓ All goal reactions found.[0m
        [32m✓ Target reaction successfully synthesized in 2.05s![0m
      Evaluating reaction mbs_414 (409/491)...
[Problem → Reactions] Found 4138 reactions, 250 molecules.
      [32m✓ All goal molecules found.[0m
      [32m✓ All goal reactions found.[0m
        [32m✓ Target reaction successfully synthesized in 8.91s![0m
      Evaluating reaction mbs_415 (410/491)...
[Problem → Reactions] Found 746 reactions, 250 molecules.
      [32m✓ All goal molecules found.[0m
      [32m✓ All goal reactions found.[0m
        [32m✓ Target reaction successfully synthesized in 5.1s![0m
      Evaluating reaction mbs_416 (411/491)...
[Problem → Reactions] Found 1525 reactions, 250 molecules.
      [32m✓ All goal molecules found.[0m
      [32m✓ All goal reactions found.[0m
        [32m✓ Target reaction successfully synthesized in 2.9s![0m
      Evaluating reaction mbs_417 (412/491)...
[Problem → Reactions] Found 5298 reactions, 250 molecules.
      [32m✓ All goal molecules found.[0m
      [32m✓ All goal reactions found.[0m
        [32m✓ Target reaction successfully synthesized in 11.64s![0m
      Evaluating reaction mbs_418 (413/491)...
[Problem → Reactions] Found 1583 reactions, 250 molecules.
      [32m✓ All goal molecules found.[0m
      [32m✓ All goal reactions found.[0m
        [32m✓ Target reaction successfully synthesized in 1.19s![0m
      Evaluating reaction mbs_419 (414/491)...
[Problem → Reactions] Found 3940 reactions, 250 molecules.
      [32m✓ All goal molecules found.[0m
      [32m✓ All goal reactions found.[0m
        [32m✓ Target reaction successfully synthesized in 7.31s![0m
      Evaluating reaction mbs_420 (415/491)...
[Problem → Reactions] Found 1283 reactions, 250 molecules.
      [32m✓ All goal molecules found.[0m
      [32m✓ All goal reactions found.[0m
        [32m✓ Target reaction successfully synthesized in 1.58s![0m
      Evaluating reaction mbs_421 (416/491)...
[Problem → Reactions] Found 3674 reactions, 250 molecules.
      [32m✓ All goal molecules found.[0m
      [32m✓ All goal reactions found.[0m
        [32m✓ Target reaction successfully synthesized in 7.91s![0m
      Evaluating reaction mbs_422 (417/491)...
        [31m✗ Skipped reaction synthesis (missing molecule synthesis subproblem failed).[0m
      Evaluating reaction mbs_423 (418/491)...
        [31m✗ Skipped reaction synthesis (missing molecule synthesis subproblem failed).[0m
      Evaluating reaction mbs_424 (419/491)...
[Problem → Reactions] Found 1557 reactions, 250 molecules.
      [32m✓ All goal molecules found.[0m
      [32m✓ All goal reactions found.[0m
        [32m✓ Target reaction successfully synthesized in 1.21s![0m
      Evaluating reaction mbs_425 (420/491)...
[Problem → Reactions] Found 3611 reactions, 250 molecules.
      [32m✓ All goal molecules found.[0m
      [32m✓ All goal reactions found.[0m
        [32m✓ Target reaction successfully synthesized in 2.02s![0m
      Evaluating reaction mbs_426 (421/491)...
        [31m✗ Skipped reaction synthesis (missing molecule synthesis subproblem failed).[0m
      Evaluating reaction mbs_428 (422/491)...
[Problem → Reactions] Found 3864 reactions, 250 molecules.
      [32m✓ All goal molecules found.[0m
      [32m✓ All goal reactions found.[0m
        [32m✓ Target reaction successfully synthesized in 8.31s![0m
      Evaluating reaction mbs_429 (423/491)...
[Problem → Reactions] Found 6796 reactions, 250 molecules.
      [32m✓ All goal molecules found.[0m
      [32m✓ All goal reactions found.[0m
        [32m✓ Target reaction successfully synthesized in 7.67s![0m
      Evaluating reaction mbs_430 (424/491)...
        [31m✗ Skipped reaction synthesis (missing molecule synthesis subproblem failed).[0m
      Evaluating reaction mbs_431 (425/491)...
[Problem → Reactions] Found 2586 reactions, 250 molecules.
      [32m✓ All goal molecules found.[0m
      [32m✓ All goal reactions found.[0m
        [32m✓ Target reaction successfully synthesized in 7.47s![0m
      Evaluating reaction mbs_432 (426/491)...
[Problem → Reactions] Found 903 reactions, 250 molecules.
      [32m✓ All goal molecules found.[0m
      [32m✓ All goal reactions found.[0m
        [32m✓ Target reaction successfully synthesized in 0.97s![0m
      Evaluating reaction mbs_433 (427/491)...
[Problem → Reactions] Found 2620 reactions, 250 molecules.
      [32m✓ All goal molecules found.[0m
      [32m✓ All goal reactions found.[0m
        [32m✓ Target reaction successfully synthesized in 6.75s![0m
      Evaluating reaction mbs_434 (428/491)...
[Problem → Reactions] Found 892 reactions, 250 molecules.
      [32m✓ All goal molecules found.[0m
      [32m✓ All goal reactions found.[0m
        [32m✓ Target reaction successfully synthesized in 5.41s![0m
      Evaluating reaction mbs_435 (429/491)...
[Problem → Reactions] Found 11230 reactions, 250 molecules.
      [32m✓ All goal molecules found.[0m
      [32m✓ All goal reactions found.[0m
        [32m✓ Target reaction successfully synthesized in 20.08s![0m
      Evaluating reaction mbs_436 (430/491)...
[Problem → Reactions] Found 8032 reactions, 250 molecules.
      [32m✓ All goal molecules found.[0m
      [32m✓ All goal reactions found.[0m
        [32m✓ Target reaction successfully synthesized in 10.95s![0m
      Evaluating reaction mbs_437 (431/491)...
[Problem → Reactions] Found 2304 reactions, 250 molecules.
      [32m✓ All goal molecules found.[0m
      [32m✓ All goal reactions found.[0m
        [32m✓ Target reaction successfully synthesized in 7.16s![0m
      Evaluating reaction mbs_438 (432/491)...
[Problem → Reactions] Found 8596 reactions, 250 molecules.
      [32m✓ All goal molecules found.[0m
      [32m✓ All goal reactions found.[0m
        [32m✓ Target reaction successfully synthesized in 8.98s![0m
      Evaluating reaction mbs_439 (433/491)...
[Problem → Reactions] Found 26302 reactions, 250 molecules.
      [32m✓ All goal molecules found.[0m
      [32m✓ All goal reactions found.[0m
        [32m✓ Target reaction successfully synthesized in 37.61s![0m
      Evaluating reaction mbs_440 (434/491)...
[Problem → Reactions] Found 1045 reactions, 250 molecules.
      [32m✓ All goal molecules found.[0m
      [32m✓ All goal reactions found.[0m
        [32m✓ Target reaction successfully synthesized in 1.17s![0m
      Evaluating reaction mbs_442 (435/491)...
[Problem → Reactions] Found 1692 reactions, 250 molecules.
      [32m✓ All goal molecules found.[0m
      [32m✓ All goal reactions found.[0m
        [32m✓ Target reaction successfully synthesized in 5.45s![0m
      Evaluating reaction mbs_443 (436/491)...
[Problem → Reactions] Found 4186 reactions, 250 molecules.
      [32m✓ All goal molecules found.[0m
      [32m✓ All goal reactions found.[0m
        [32m✓ Target reaction successfully synthesized in 9.63s![0m
      Evaluating reaction mbs_444 (437/491)...
[Problem → Reactions] Found 30000 reactions, 250 molecules.
      [32m✓ All goal molecules found.[0m
      [31m✗ Missing goal reactions.[0m
        [31m✗ Synthesis failed or timed out in 47.38s.[0m
      Evaluating reaction mbs_445 (438/491)...
[Problem → Reactions] Found 2179 reactions, 250 molecules.
      [32m✓ All goal molecules found.[0m
      [32m✓ All goal reactions found.[0m
        [32m✓ Target reaction successfully synthesized in 1.42s![0m
      Evaluating reaction mbs_446 (439/491)...
[Problem → Reactions] Found 1836 reactions, 250 molecules.
      [32m✓ All goal molecules found.[0m
      [32m✓ All goal reactions found.[0m
        [32m✓ Target reaction successfully synthesized in 7.01s![0m
      Evaluating reaction mbs_447 (440/491)...
        [31m✗ Skipped reaction synthesis (missing molecule synthesis subproblem failed).[0m
      Evaluating reaction mbs_448 (441/491)...
[Problem → Reactions] Found 5210 reactions, 250 molecules.
      [32m✓ All goal molecules found.[0m
      [32m✓ All goal reactions found.[0m
        [32m✓ Target reaction successfully synthesized in 10.18s![0m
      Evaluating reaction mbs_449 (442/491)...
        [31m✗ Skipped reaction synthesis (missing molecule synthesis subproblem failed).[0m
      Evaluating reaction mbs_450 (443/491)...
        [31m✗ Skipped reaction synthesis (missing molecule synthesis subproblem failed).[0m
      Evaluating reaction mbs_451 (444/491)...
[Problem → Reactions] Found 6465 reactions, 250 molecules.
      [32m✓ All goal molecules found.[0m
      [32m✓ All goal reactions found.[0m
        [32m✓ Target reaction successfully synthesized in 2.09s![0m
      Evaluating reaction mbs_452 (445/491)...
[Problem → Reactions] Found 4836 reactions, 250 molecules.
      [32m✓ All goal molecules found.[0m
      [32m✓ All goal reactions found.[0m
        [32m✓ Target reaction successfully synthesized in 7.42s![0m
      Evaluating reaction mbs_453 (446/491)...
[Problem → Reactions] Found 5508 reactions, 250 molecules.
      [32m✓ All goal molecules found.[0m
      [32m✓ All goal reactions found.[0m
        [32m✓ Target reaction successfully synthesized in 7.54s![0m
      Evaluating reaction mbs_454 (447/491)...
[Problem → Reactions] Found 1688 reactions, 250 molecules.
      [32m✓ All goal molecules found.[0m
      [32m✓ All goal reactions found.[0m
        [32m✓ Target reaction successfully synthesized in 6.42s![0m
      Evaluating reaction mbs_455 (448/491)...
[Problem → Reactions] Found 3033 reactions, 250 molecules.
      [32m✓ All goal molecules found.[0m
      [32m✓ All goal reactions found.[0m
        [32m✓ Target reaction successfully synthesized in 2.67s![0m
      Evaluating reaction mbs_456 (449/491)...
[Problem → Reactions] Found 7359 reactions, 250 molecules.
      [32m✓ All goal molecules found.[0m
      [32m✓ All goal reactions found.[0m
        [32m✓ Target reaction successfully synthesized in 2.81s![0m
      Evaluating reaction mbs_457 (450/491)...
        [31m✗ Skipped reaction synthesis (missing molecule synthesis subproblem failed).[0m
      Evaluating reaction mbs_458 (451/491)...
[Problem → Reactions] Found 7916 reactions, 250 molecules.
      [32m✓ All goal molecules found.[0m
      [32m✓ All goal reactions found.[0m
        [32m✓ Target reaction successfully synthesized in 8.57s![0m
      Evaluating reaction mbs_459 (452/491)...
[Problem → Reactions] Found 866 reactions, 250 molecules.
      [32m✓ All goal molecules found.[0m
      [32m✓ All goal reactions found.[0m
        [32m✓ Target reaction successfully synthesized in 4.13s![0m
      Evaluating reaction mbs_460 (453/491)...
[Problem → Reactions] Found 3930 reactions, 250 molecules.
      [32m✓ All goal molecules found.[0m
      [32m✓ All goal reactions found.[0m
        [32m✓ Target reaction successfully synthesized in 7.42s![0m
      Evaluating reaction mbs_461 (454/491)...
[Problem → Reactions] Found 598 reactions, 250 molecules.
      [32m✓ All goal molecules found.[0m
      [32m✓ All goal reactions found.[0m
        [32m✓ Target reaction successfully synthesized in 4.95s![0m
      Evaluating reaction mbs_462 (455/491)...
[Problem → Reactions] Found 803 reactions, 250 molecules.
      [32m✓ All goal molecules found.[0m
      [32m✓ All goal reactions found.[0m
        [32m✓ Target reaction successfully synthesized in 3.05s![0m
      Evaluating reaction mbs_463 (456/491)...
[Problem → Reactions] Found 30000 reactions, 250 molecules.
      [32m✓ All goal molecules found.[0m
      [31m✗ Missing goal reactions.[0m
        [31m✗ Synthesis failed or timed out in 66.31s.[0m
      Evaluating reaction mbs_464 (457/491)...
[Problem → Reactions] Found 1507 reactions, 250 molecules.
      [32m✓ All goal molecules found.[0m
      [32m✓ All goal reactions found.[0m
        [32m✓ Target reaction successfully synthesized in 1.1s![0m
      Evaluating reaction mbs_465 (458/491)...
[Problem → Reactions] Found 2693 reactions, 250 molecules.
      [32m✓ All goal molecules found.[0m
      [32m✓ All goal reactions found.[0m
        [32m✓ Target reaction successfully synthesized in 3.0s![0m
      Evaluating reaction mbs_466 (459/491)...
[Problem → Reactions] Found 1444 reactions, 250 molecules.
      [32m✓ All goal molecules found.[0m
      [32m✓ All goal reactions found.[0m
        [32m✓ Target reaction successfully synthesized in 5.46s![0m
      Evaluating reaction mbs_467 (460/491)...
[Problem → Reactions] Found 30000 reactions, 250 molecules.
      [32m✓ All goal molecules found.[0m
      [31m✗ Missing goal reactions.[0m
        [31m✗ Synthesis failed or timed out in 75.97s.[0m
      Evaluating reaction mbs_468 (461/491)...
[Problem → Reactions] Found 4546 reactions, 250 molecules.
      [32m✓ All goal molecules found.[0m
      [32m✓ All goal reactions found.[0m
        [32m✓ Target reaction successfully synthesized in 7.87s![0m
      Evaluating reaction mbs_469 (462/491)...
[Problem → Reactions] Found 9367 reactions, 250 molecules.
      [32m✓ All goal molecules found.[0m
      [32m✓ All goal reactions found.[0m
        [32m✓ Target reaction successfully synthesized in 2.34s![0m
      Evaluating reaction mbs_470 (463/491)...
[Problem → Reactions] Found 558 reactions, 250 molecules.
      [32m✓ All goal molecules found.[0m
      [32m✓ All goal reactions found.[0m
        [32m✓ Target reaction successfully synthesized in 4.17s![0m
      Evaluating reaction mbs_471 (464/491)...
[Problem → Reactions] Found 1012 reactions, 250 molecules.
      [32m✓ All goal molecules found.[0m
      [32m✓ All goal reactions found.[0m
        [32m✓ Target reaction successfully synthesized in 4.96s![0m
      Evaluating reaction mbs_472 (465/491)...
[Problem → Reactions] Found 30000 reactions, 250 molecules.
      [32m✓ All goal molecules found.[0m
      [31m✗ Missing goal reactions.[0m
        [31m✗ Synthesis failed or timed out in 66.17s.[0m
      Evaluating reaction mbs_473 (466/491)...
[Problem → Reactions] Found 2301 reactions, 250 molecules.
      [32m✓ All goal molecules found.[0m
      [32m✓ All goal reactions found.[0m
        [32m✓ Target reaction successfully synthesized in 1.54s![0m
      Evaluating reaction mbs_474 (467/491)...
[Problem → Reactions] Found 3858 reactions, 250 molecules.
      [32m✓ All goal molecules found.[0m
      [32m✓ All goal reactions found.[0m
        [32m✓ Target reaction successfully synthesized in 8.23s![0m
      Evaluating reaction mbs_476 (468/491)...
[Problem → Reactions] Found 1160 reactions, 250 molecules.
      [32m✓ All goal molecules found.[0m
      [32m✓ All goal reactions found.[0m
        [32m✓ Target reaction successfully synthesized in 5.13s![0m
      Evaluating reaction mbs_477 (469/491)...
[Problem → Reactions] Found 787 reactions, 250 molecules.
      [32m✓ All goal molecules found.[0m
      [32m✓ All goal reactions found.[0m
        [32m✓ Target reaction successfully synthesized in 2.69s![0m
      Evaluating reaction mbs_478 (470/491)...
        [31m✗ Skipped reaction synthesis (missing molecule synthesis subproblem failed).[0m
      Evaluating reaction mbs_479 (471/491)...
[Problem → Reactions] Found 3760 reactions, 250 molecules.
      [32m✓ All goal molecules found.[0m
      [32m✓ All goal reactions found.[0m
        [32m✓ Target reaction successfully synthesized in 8.72s![0m
      Evaluating reaction mbs_480 (472/491)...
[Problem → Reactions] Found 949 reactions, 250 molecules.
      [32m✓ All goal molecules found.[0m
      [32m✓ All goal reactions found.[0m
        [32m✓ Target reaction successfully synthesized in 1.1s![0m
      Evaluating reaction mbs_481 (473/491)...
[Problem → Reactions] Found 1715 reactions, 250 molecules.
      [32m✓ All goal molecules found.[0m
      [32m✓ All goal reactions found.[0m
        [32m✓ Target reaction successfully synthesized in 1.2s![0m
      Evaluating reaction mbs_482 (474/491)...
[Problem → Reactions] Found 11862 reactions, 250 molecules.
      [32m✓ All goal molecules found.[0m
      [32m✓ All goal reactions found.[0m
        [32m✓ Target reaction successfully synthesized in 16.64s![0m
      Evaluating reaction mbs_483 (475/491)...
[Problem → Reactions] Found 3815 reactions, 250 molecules.
      [32m✓ All goal molecules found.[0m
      [32m✓ All goal reactions found.[0m
        [32m✓ Target reaction successfully synthesized in 1.61s![0m
      Evaluating reaction mbs_484 (476/491)...
        [31m✗ Skipped reaction synthesis (missing molecule synthesis subproblem failed).[0m
      Evaluating reaction mbs_485 (477/491)...
[Problem → Reactions] Found 5713 reactions, 250 molecules.
      [32m✓ All goal molecules found.[0m
      [32m✓ All goal reactions found.[0m
        [32m✓ Target reaction successfully synthesized in 2.76s![0m
      Evaluating reaction mbs_486 (478/491)...
[Problem → Reactions] Found 4451 reactions, 250 molecules.
      [32m✓ All goal molecules found.[0m
      [32m✓ All goal reactions found.[0m
        [32m✓ Target reaction successfully synthesized in 2.94s![0m
      Evaluating reaction mbs_487 (479/491)...
[Problem → Reactions] Found 3466 reactions, 250 molecules.
      [32m✓ All goal molecules found.[0m
      [32m✓ All goal reactions found.[0m
        [32m✓ Target reaction successfully synthesized in 8.4s![0m
      Evaluating reaction mbs_488 (480/491)...
[Problem → Reactions] Found 1860 reactions, 250 molecules.
      [32m✓ All goal molecules found.[0m
      [32m✓ All goal reactions found.[0m
        [32m✓ Target reaction successfully synthesized in 6.79s![0m
      Evaluating reaction mbs_489 (481/491)...
[Problem → Reactions] Found 2396 reactions, 250 molecules.
      [32m✓ All goal molecules found.[0m
      [32m✓ All goal reactions found.[0m
        [32m✓ Target reaction successfully synthesized in 6.63s![0m
      Evaluating reaction mbs_490 (482/491)...
[Problem → Reactions] Found 2827 reactions, 250 molecules.
      [32m✓ All goal molecules found.[0m
      [32m✓ All goal reactions found.[0m
        [32m✓ Target reaction successfully synthesized in 1.42s![0m
      Evaluating reaction mbs_491 (483/491)...
[Problem → Reactions] Found 3332 reactions, 250 molecules.
      [32m✓ All goal molecules found.[0m
      [32m✓ All goal reactions found.[0m
        [32m✓ Target reaction successfully synthesized in 7.28s![0m
      Evaluating reaction mbs_492 (484/491)...
        [31m✗ Skipped reaction synthesis (missing molecule synthesis subproblem failed).[0m
      Evaluating reaction mbs_493 (485/491)...
[Problem → Reactions] Found 4474 reactions, 250 molecules.
      [32m✓ All goal molecules found.[0m
      [32m✓ All goal reactions found.[0m
        [32m✓ Target reaction successfully synthesized in 10.52s![0m
      Evaluating reaction mbs_494 (486/491)...
[Problem → Reactions] Found 7450 reactions, 250 molecules.
      [32m✓ All goal molecules found.[0m
      [32m✓ All goal reactions found.[0m
        [32m✓ Target reaction successfully synthesized in 12.27s![0m
      Evaluating reaction mbs_495 (487/491)...
[Problem → Reactions] Found 1940 reactions, 250 molecules.
      [32m✓ All goal molecules found.[0m
      [32m✓ All goal reactions found.[0m
        [32m✓ Target reaction successfully synthesized in 5.66s![0m
      Evaluating reaction mbs_496 (488/491)...
[Problem → Reactions] Found 2010 reactions, 250 molecules.
      [32m✓ All goal molecules found.[0m
      [32m✓ All goal reactions found.[0m
        [32m✓ Target reaction successfully synthesized in 7.08s![0m
      Evaluating reaction mbs_497 (489/491)...
[Problem → Reactions] Found 852 reactions, 250 molecules.
      [32m✓ All goal molecules found.[0m
      [32m✓ All goal reactions found.[0m
        [32m✓ Target reaction successfully synthesized in 6.03s![0m
      Evaluating reaction mbs_498 (490/491)...
[Problem → Reactions] Found 2964 reactions, 250 molecules.
      [32m✓ All goal molecules found.[0m
      [32m✓ All goal reactions found.[0m
        [32m✓ Target reaction successfully synthesized in 9.35s![0m
      Evaluating reaction mbs_499 (491/491)...
[Problem → Reactions] Found 1661 reactions, 250 molecules.
      [32m✓ All goal molecules found.[0m
      [32m✓ All goal reactions found.[0m
        [32m✓ Target reaction successfully synthesized in 1.48s![0m

      Synthesis Performance (Metric: tanimoto, With fragments) on Tractable Subspace:
        - Evaluated runs: 491
        - Success rate:   82.7%
        - Average time:   6.63s

    [1m[Without fragments][0m
    Running missing molecule synthesis subproblem (Atoms → Molecules)...
      Filtering reaction mbs_1 (1/491)...
[Atoms → Molecules] Found 3 molecules.
      [32m✓ All goal molecules found.[0m
        [32m✓ Missing molecule synthesis subproblem passed in 0.0s[0m
      Filtering reaction mbs_2 (2/491)...
[Atoms → Molecules] Found 3 molecules.
      [32m✓ All goal molecules found.[0m
        [32m✓ Missing molecule synthesis subproblem passed in 0.0s[0m
      Filtering reaction mbs_3 (3/491)...
[Atoms → Molecules] Found 3 molecules.
      [32m✓ All goal molecules found.[0m
        [32m✓ Missing molecule synthesis subproblem passed in 0.0s[0m
      Filtering reaction mbs_4 (4/491)...
[Atoms → Molecules] Found 3 molecules.
      [32m✓ All goal molecules found.[0m
        [32m✓ Missing molecule synthesis subproblem passed in 0.0s[0m
      Filtering reaction mbs_5 (5/491)...
[Atoms → Molecules] Found 3 molecules.
      [32m✓ All goal molecules found.[0m
        [32m✓ Missing molecule synthesis subproblem passed in 0.0s[0m
      Filtering reaction mbs_6 (6/491)...
[Atoms → Molecules] Found 5 molecules.
      [32m✓ All goal molecules found.[0m
        [32m✓ Missing molecule synthesis subproblem passed in 0.02s[0m
      Filtering reaction mbs_7 (7/491)...
[Atoms → Molecules] Found 8 molecules.
      [32m✓ All goal molecules found.[0m
        [32m✓ Missing molecule synthesis subproblem passed in 0.0s[0m
      Filtering reaction mbs_8 (8/491)...
[Atoms → Molecules] Found 250 molecules.
      [31m✗ Missing goal molecules.[0m
        [31m✗ Missing molecule synthesis subproblem failed in 0.5s[0m
      Filtering reaction mbs_9 (9/491)...
[Atoms → Molecules] Found 5 molecules.
      [32m✓ All goal molecules found.[0m
        [32m✓ Missing molecule synthesis subproblem passed in 0.0s[0m
      Filtering reaction mbs_10 (10/491)...
[Atoms → Molecules] Found 3 molecules.
      [32m✓ All goal molecules found.[0m
        [32m✓ Missing molecule synthesis subproblem passed in 0.0s[0m
      Filtering reaction mbs_11 (11/491)...
[Atoms → Molecules] Found 7 molecules.
      [32m✓ All goal molecules found.[0m
        [32m✓ Missing molecule synthesis subproblem passed in 0.0s[0m
      Filtering reaction mbs_12 (12/491)...
[Atoms → Molecules] Found 7 molecules.
      [32m✓ All goal molecules found.[0m
        [32m✓ Missing molecule synthesis subproblem passed in 0.0s[0m
      Filtering reaction mbs_13 (13/491)...
[Atoms → Molecules] Found 5 molecules.
      [32m✓ All goal molecules found.[0m
        [32m✓ Missing molecule synthesis subproblem passed in 0.0s[0m
      Filtering reaction mbs_14 (14/491)...
[Atoms → Molecules] Found 3 molecules.
      [32m✓ All goal molecules found.[0m
        [32m✓ Missing molecule synthesis subproblem passed in 0.0s[0m
      Filtering reaction mbs_15 (15/491)...
[Atoms → Molecules] Found 3 molecules.
      [32m✓ All goal molecules found.[0m
        [32m✓ Missing molecule synthesis subproblem passed in 0.0s[0m
      Filtering reaction mbs_16 (16/491)...
[Atoms → Molecules] Found 3 molecules.
      [32m✓ All goal molecules found.[0m
        [32m✓ Missing molecule synthesis subproblem passed in 0.0s[0m
      Filtering reaction mbs_17 (17/491)...
[Atoms → Molecules] Found 3 molecules.
      [32m✓ All goal molecules found.[0m
        [32m✓ Missing molecule synthesis subproblem passed in 0.0s[0m
      Filtering reaction mbs_18 (18/491)...
[Atoms → Molecules] Found 6 molecules.
      [32m✓ All goal molecules found.[0m
        [32m✓ Missing molecule synthesis subproblem passed in 0.0s[0m
      Filtering reaction mbs_19 (19/491)...
[Atoms → Molecules] Found 3 molecules.
      [32m✓ All goal molecules found.[0m
        [32m✓ Missing molecule synthesis subproblem passed in 0.0s[0m
      Filtering reaction mbs_20 (20/491)...
[Atoms → Molecules] Found 5 molecules.
      [32m✓ All goal molecules found.[0m
        [32m✓ Missing molecule synthesis subproblem passed in 0.0s[0m
      Filtering reaction mbs_21 (21/491)...
[Atoms → Molecules] Found 250 molecules.
      [31m✗ Missing goal molecules.[0m
        [31m✗ Missing molecule synthesis subproblem failed in 0.42s[0m
      Filtering reaction mbs_22 (22/491)...
[Atoms → Molecules] Found 5 molecules.
      [32m✓ All goal molecules found.[0m
        [32m✓ Missing molecule synthesis subproblem passed in 0.0s[0m
      Filtering reaction mbs_23 (23/491)...
[Atoms → Molecules] Found 3 molecules.
      [32m✓ All goal molecules found.[0m
        [32m✓ Missing molecule synthesis subproblem passed in 0.0s[0m
      Filtering reaction mbs_24 (24/491)...
[Atoms → Molecules] Found 3 molecules.
      [32m✓ All goal molecules found.[0m
        [32m✓ Missing molecule synthesis subproblem passed in 0.0s[0m
      Filtering reaction mbs_25 (25/491)...
[Atoms → Molecules] Found 5 molecules.
      [32m✓ All goal molecules found.[0m
        [32m✓ Missing molecule synthesis subproblem passed in 0.0s[0m
      Filtering reaction mbs_26 (26/491)...
[Atoms → Molecules] Found 3 molecules.
      [32m✓ All goal molecules found.[0m
        [32m✓ Missing molecule synthesis subproblem passed in 0.0s[0m
      Filtering reaction mbs_27 (27/491)...
[Atoms → Molecules] Found 3 molecules.
      [32m✓ All goal molecules found.[0m
        [32m✓ Missing molecule synthesis subproblem passed in 0.0s[0m
      Filtering reaction mbs_28 (28/491)...
[Atoms → Molecules] Found 7 molecules.
      [32m✓ All goal molecules found.[0m
        [32m✓ Missing molecule synthesis subproblem passed in 0.0s[0m
      Filtering reaction mbs_29 (29/491)...
[Atoms → Molecules] Found 3 molecules.
      [32m✓ All goal molecules found.[0m
        [32m✓ Missing molecule synthesis subproblem passed in 0.0s[0m
      Filtering reaction mbs_30 (30/491)...
[Atoms → Molecules] Found 7 molecules.
      [32m✓ All goal molecules found.[0m
        [32m✓ Missing molecule synthesis subproblem passed in 0.0s[0m
      Filtering reaction mbs_31 (31/491)...
[Atoms → Molecules] Found 3 molecules.
      [32m✓ All goal molecules found.[0m
        [32m✓ Missing molecule synthesis subproblem passed in 0.0s[0m
      Filtering reaction mbs_32 (32/491)...
[Atoms → Molecules] Found 6 molecules.
      [32m✓ All goal molecules found.[0m
        [32m✓ Missing molecule synthesis subproblem passed in 0.0s[0m
      Filtering reaction mbs_33 (33/491)...
[Atoms → Molecules] Found 5 molecules.
      [32m✓ All goal molecules found.[0m
        [32m✓ Missing molecule synthesis subproblem passed in 0.0s[0m
      Filtering reaction mbs_34 (34/491)...
[Atoms → Molecules] Found 250 molecules.
      [31m✗ Missing goal molecules.[0m
        [31m✗ Missing molecule synthesis subproblem failed in 0.89s[0m
      Filtering reaction mbs_35 (35/491)...
[Atoms → Molecules] Found 5 molecules.
      [32m✓ All goal molecules found.[0m
        [32m✓ Missing molecule synthesis subproblem passed in 0.0s[0m
      Filtering reaction mbs_36 (36/491)...
[Atoms → Molecules] Found 3 molecules.
      [32m✓ All goal molecules found.[0m
        [32m✓ Missing molecule synthesis subproblem passed in 0.0s[0m
      Filtering reaction mbs_37 (37/491)...
[Atoms → Molecules] Found 3 molecules.
      [32m✓ All goal molecules found.[0m
        [32m✓ Missing molecule synthesis subproblem passed in 0.0s[0m
      Filtering reaction mbs_38 (38/491)...
[Atoms → Molecules] Found 5 molecules.
      [32m✓ All goal molecules found.[0m
        [32m✓ Missing molecule synthesis subproblem passed in 0.0s[0m
      Filtering reaction mbs_39 (39/491)...
[Atoms → Molecules] Found 3 molecules.
      [32m✓ All goal molecules found.[0m
        [32m✓ Missing molecule synthesis subproblem passed in 0.0s[0m
      Filtering reaction mbs_40 (40/491)...
[Atoms → Molecules] Found 6 molecules.
      [32m✓ All goal molecules found.[0m
        [32m✓ Missing molecule synthesis subproblem passed in 0.0s[0m
      Filtering reaction mbs_41 (41/491)...
[Atoms → Molecules] Found 3 molecules.
      [32m✓ All goal molecules found.[0m
        [32m✓ Missing molecule synthesis subproblem passed in 0.0s[0m
      Filtering reaction mbs_42 (42/491)...
[Atoms → Molecules] Found 5 molecules.
      [32m✓ All goal molecules found.[0m
        [32m✓ Missing molecule synthesis subproblem passed in 0.0s[0m
      Filtering reaction mbs_43 (43/491)...
[Atoms → Molecules] Found 3 molecules.
      [32m✓ All goal molecules found.[0m
        [32m✓ Missing molecule synthesis subproblem passed in 0.0s[0m
      Filtering reaction mbs_44 (44/491)...
[Atoms → Molecules] Found 3 molecules.
      [32m✓ All goal molecules found.[0m
        [32m✓ Missing molecule synthesis subproblem passed in 0.0s[0m
      Filtering reaction mbs_45 (45/491)...
[Atoms → Molecules] Found 10 molecules.
      [32m✓ All goal molecules found.[0m
        [32m✓ Missing molecule synthesis subproblem passed in 0.0s[0m
      Filtering reaction mbs_46 (46/491)...
[Atoms → Molecules] Found 3 molecules.
      [32m✓ All goal molecules found.[0m
        [32m✓ Missing molecule synthesis subproblem passed in 0.0s[0m
      Filtering reaction mbs_47 (47/491)...
[Atoms → Molecules] Found 250 molecules.
      [31m✗ Missing goal molecules.[0m
        [31m✗ Missing molecule synthesis subproblem failed in 0.81s[0m
      Filtering reaction mbs_48 (48/491)...
[Atoms → Molecules] Found 5 molecules.
      [32m✓ All goal molecules found.[0m
        [32m✓ Missing molecule synthesis subproblem passed in 0.0s[0m
      Filtering reaction mbs_49 (49/491)...
[Atoms → Molecules] Found 5 molecules.
      [32m✓ All goal molecules found.[0m
        [32m✓ Missing molecule synthesis subproblem passed in 0.0s[0m
      Filtering reaction mbs_50 (50/491)...
[Atoms → Molecules] Found 3 molecules.
      [32m✓ All goal molecules found.[0m
        [32m✓ Missing molecule synthesis subproblem passed in 0.0s[0m
      Filtering reaction mbs_51 (51/491)...
[Atoms → Molecules] Found 7 molecules.
      [32m✓ All goal molecules found.[0m
        [32m✓ Missing molecule synthesis subproblem passed in 0.0s[0m
      Filtering reaction mbs_52 (52/491)...
[Atoms → Molecules] Found 5 molecules.
      [32m✓ All goal molecules found.[0m
        [32m✓ Missing molecule synthesis subproblem passed in 0.0s[0m
      Filtering reaction mbs_53 (53/491)...
[Atoms → Molecules] Found 3 molecules.
      [32m✓ All goal molecules found.[0m
        [32m✓ Missing molecule synthesis subproblem passed in 0.0s[0m
      Filtering reaction mbs_54 (54/491)...
[Atoms → Molecules] Found 7 molecules.
      [32m✓ All goal molecules found.[0m
        [32m✓ Missing molecule synthesis subproblem passed in 0.08s[0m
      Filtering reaction mbs_55 (55/491)...
[Atoms → Molecules] Found 3 molecules.
      [32m✓ All goal molecules found.[0m
        [32m✓ Missing molecule synthesis subproblem passed in 0.0s[0m
      Filtering reaction mbs_56 (56/491)...
[Atoms → Molecules] Found 3 molecules.
      [32m✓ All goal molecules found.[0m
        [32m✓ Missing molecule synthesis subproblem passed in 0.0s[0m
      Filtering reaction mbs_57 (57/491)...
[Atoms → Molecules] Found 8 molecules.
      [32m✓ All goal molecules found.[0m
        [32m✓ Missing molecule synthesis subproblem passed in 0.0s[0m
      Filtering reaction mbs_58 (58/491)...
[Atoms → Molecules] Found 250 molecules.
      [31m✗ Missing goal molecules.[0m
        [31m✗ Missing molecule synthesis subproblem failed in 0.88s[0m
      Filtering reaction mbs_59 (59/491)...
[Atoms → Molecules] Found 3 molecules.
      [32m✓ All goal molecules found.[0m
        [32m✓ Missing molecule synthesis subproblem passed in 0.0s[0m
      Filtering reaction mbs_60 (60/491)...
[Atoms → Molecules] Found 3 molecules.
      [32m✓ All goal molecules found.[0m
        [32m✓ Missing molecule synthesis subproblem passed in 0.0s[0m
      Filtering reaction mbs_61 (61/491)...
[Atoms → Molecules] Found 250 molecules.
      [31m✗ Missing goal molecules.[0m
        [31m✗ Missing molecule synthesis subproblem failed in 0.81s[0m
      Filtering reaction mbs_62 (62/491)...
[Atoms → Molecules] Found 250 molecules.
      [31m✗ Missing goal molecules.[0m
        [31m✗ Missing molecule synthesis subproblem failed in 0.89s[0m
      Filtering reaction mbs_63 (63/491)...
[Atoms → Molecules] Found 250 molecules.
      [31m✗ Missing goal molecules.[0m
        [31m✗ Missing molecule synthesis subproblem failed in 0.58s[0m
      Filtering reaction mbs_64 (64/491)...
[Atoms → Molecules] Found 5 molecules.
      [32m✓ All goal molecules found.[0m
        [32m✓ Missing molecule synthesis subproblem passed in 0.0s[0m
      Filtering reaction mbs_65 (65/491)...
[Atoms → Molecules] Found 5 molecules.
      [32m✓ All goal molecules found.[0m
        [32m✓ Missing molecule synthesis subproblem passed in 0.0s[0m
      Filtering reaction mbs_66 (66/491)...
[Atoms → Molecules] Found 6 molecules.
      [32m✓ All goal molecules found.[0m
        [32m✓ Missing molecule synthesis subproblem passed in 0.0s[0m
      Filtering reaction mbs_67 (67/491)...
[Atoms → Molecules] Found 7 molecules.
      [32m✓ All goal molecules found.[0m
        [32m✓ Missing molecule synthesis subproblem passed in 0.0s[0m
      Filtering reaction mbs_68 (68/491)...
[Atoms → Molecules] Found 3 molecules.
      [32m✓ All goal molecules found.[0m
        [32m✓ Missing molecule synthesis subproblem passed in 0.0s[0m
      Filtering reaction mbs_69 (69/491)...
[Atoms → Molecules] Found 3 molecules.
      [32m✓ All goal molecules found.[0m
        [32m✓ Missing molecule synthesis subproblem passed in 0.0s[0m
      Filtering reaction mbs_70 (70/491)...
[Atoms → Molecules] Found 6 molecules.
      [32m✓ All goal molecules found.[0m
        [32m✓ Missing molecule synthesis subproblem passed in 0.0s[0m
      Filtering reaction mbs_71 (71/491)...
[Atoms → Molecules] Found 250 molecules.
      [31m✗ Missing goal molecules.[0m
        [31m✗ Missing molecule synthesis subproblem failed in 0.87s[0m
      Filtering reaction mbs_72 (72/491)...
[Atoms → Molecules] Found 3 molecules.
      [32m✓ All goal molecules found.[0m
        [32m✓ Missing molecule synthesis subproblem passed in 0.0s[0m
      Filtering reaction mbs_73 (73/491)...
[Atoms → Molecules] Found 5 molecules.
      [32m✓ All goal molecules found.[0m
        [32m✓ Missing molecule synthesis subproblem passed in 0.0s[0m
      Filtering reaction mbs_74 (74/491)...
[Atoms → Molecules] Found 5 molecules.
      [32m✓ All goal molecules found.[0m
        [32m✓ Missing molecule synthesis subproblem passed in 0.0s[0m
      Filtering reaction mbs_75 (75/491)...
[Atoms → Molecules] Found 250 molecules.
      [31m✗ Missing goal molecules.[0m
        [31m✗ Missing molecule synthesis subproblem failed in 0.89s[0m
      Filtering reaction mbs_76 (76/491)...
[Atoms → Molecules] Found 3 molecules.
      [32m✓ All goal molecules found.[0m
        [32m✓ Missing molecule synthesis subproblem passed in 0.0s[0m
      Filtering reaction mbs_77 (77/491)...
[Atoms → Molecules] Found 5 molecules.
      [32m✓ All goal molecules found.[0m
        [32m✓ Missing molecule synthesis subproblem passed in 0.0s[0m
      Filtering reaction mbs_78 (78/491)...
[Atoms → Molecules] Found 3 molecules.
      [32m✓ All goal molecules found.[0m
        [32m✓ Missing molecule synthesis subproblem passed in 0.0s[0m
      Filtering reaction mbs_79 (79/491)...
[Atoms → Molecules] Found 5 molecules.
      [32m✓ All goal molecules found.[0m
        [32m✓ Missing molecule synthesis subproblem passed in 0.0s[0m
      Filtering reaction mbs_80 (80/491)...
[Atoms → Molecules] Found 7 molecules.
      [32m✓ All goal molecules found.[0m
        [32m✓ Missing molecule synthesis subproblem passed in 0.0s[0m
      Filtering reaction mbs_81 (81/491)...
[Atoms → Molecules] Found 3 molecules.
      [32m✓ All goal molecules found.[0m
        [32m✓ Missing molecule synthesis subproblem passed in 0.0s[0m
      Filtering reaction mbs_82 (82/491)...
[Atoms → Molecules] Found 2 molecules.
      [32m✓ All goal molecules found.[0m
        [32m✓ Missing molecule synthesis subproblem passed in 0.0s[0m
      Filtering reaction mbs_83 (83/491)...
[Atoms → Molecules] Found 5 molecules.
      [32m✓ All goal molecules found.[0m
        [32m✓ Missing molecule synthesis subproblem passed in 0.0s[0m
      Filtering reaction mbs_84 (84/491)...
[Atoms → Molecules] Found 3 molecules.
      [32m✓ All goal molecules found.[0m
        [32m✓ Missing molecule synthesis subproblem passed in 0.0s[0m
      Filtering reaction mbs_85 (85/491)...
[Atoms → Molecules] Found 3 molecules.
      [32m✓ All goal molecules found.[0m
        [32m✓ Missing molecule synthesis subproblem passed in 0.0s[0m
      Filtering reaction mbs_86 (86/491)...
[Atoms → Molecules] Found 3 molecules.
      [32m✓ All goal molecules found.[0m
        [32m✓ Missing molecule synthesis subproblem passed in 0.0s[0m
      Filtering reaction mbs_87 (87/491)...
[Atoms → Molecules] Found 3 molecules.
      [32m✓ All goal molecules found.[0m
        [32m✓ Missing molecule synthesis subproblem passed in 0.0s[0m
      Filtering reaction mbs_88 (88/491)...
[Atoms → Molecules] Found 250 molecules.
      [31m✗ Missing goal molecules.[0m
        [31m✗ Missing molecule synthesis subproblem failed in 0.89s[0m
      Filtering reaction mbs_89 (89/491)...
[Atoms → Molecules] Found 3 molecules.
      [32m✓ All goal molecules found.[0m
        [32m✓ Missing molecule synthesis subproblem passed in 0.0s[0m
      Filtering reaction mbs_90 (90/491)...
[Atoms → Molecules] Found 7 molecules.
      [32m✓ All goal molecules found.[0m
        [32m✓ Missing molecule synthesis subproblem passed in 0.0s[0m
      Filtering reaction mbs_91 (91/491)...
[Atoms → Molecules] Found 250 molecules.
      [31m✗ Missing goal molecules.[0m
        [31m✗ Missing molecule synthesis subproblem failed in 0.38s[0m
      Filtering reaction mbs_92 (92/491)...
[Atoms → Molecules] Found 3 molecules.
      [32m✓ All goal molecules found.[0m
        [32m✓ Missing molecule synthesis subproblem passed in 0.0s[0m
      Filtering reaction mbs_93 (93/491)...
[Atoms → Molecules] Found 2 molecules.
      [32m✓ All goal molecules found.[0m
        [32m✓ Missing molecule synthesis subproblem passed in 0.0s[0m
      Filtering reaction mbs_94 (94/491)...
[Atoms → Molecules] Found 7 molecules.
      [32m✓ All goal molecules found.[0m
        [32m✓ Missing molecule synthesis subproblem passed in 0.0s[0m
      Filtering reaction mbs_95 (95/491)...
[Atoms → Molecules] Found 3 molecules.
      [32m✓ All goal molecules found.[0m
        [32m✓ Missing molecule synthesis subproblem passed in 0.0s[0m
      Filtering reaction mbs_96 (96/491)...
[Atoms → Molecules] Found 250 molecules.
      [31m✗ Missing goal molecules.[0m
        [31m✗ Missing molecule synthesis subproblem failed in 0.6s[0m
      Filtering reaction mbs_97 (97/491)...
[Atoms → Molecules] Found 5 molecules.
      [32m✓ All goal molecules found.[0m
        [32m✓ Missing molecule synthesis subproblem passed in 0.0s[0m
      Filtering reaction mbs_98 (98/491)...
[Atoms → Molecules] Found 7 molecules.
      [32m✓ All goal molecules found.[0m
        [32m✓ Missing molecule synthesis subproblem passed in 0.0s[0m
      Filtering reaction mbs_99 (99/491)...
[Atoms → Molecules] Found 3 molecules.
      [32m✓ All goal molecules found.[0m
        [32m✓ Missing molecule synthesis subproblem passed in 0.0s[0m
      Filtering reaction mbs_100 (100/491)...
[Atoms → Molecules] Found 3 molecules.
      [32m✓ All goal molecules found.[0m
        [32m✓ Missing molecule synthesis subproblem passed in 0.0s[0m
      Filtering reaction mbs_101 (101/491)...
[Atoms → Molecules] Found 5 molecules.
      [32m✓ All goal molecules found.[0m
        [32m✓ Missing molecule synthesis subproblem passed in 0.0s[0m
      Filtering reaction mbs_102 (102/491)...
[Atoms → Molecules] Found 3 molecules.
      [32m✓ All goal molecules found.[0m
        [32m✓ Missing molecule synthesis subproblem passed in 0.0s[0m
      Filtering reaction mbs_103 (103/491)...
[Atoms → Molecules] Found 8 molecules.
      [32m✓ All goal molecules found.[0m
        [32m✓ Missing molecule synthesis subproblem passed in 0.0s[0m
      Filtering reaction mbs_104 (104/491)...
[Atoms → Molecules] Found 6 molecules.
      [32m✓ All goal molecules found.[0m
        [32m✓ Missing molecule synthesis subproblem passed in 0.0s[0m
      Filtering reaction mbs_105 (105/491)...
[Atoms → Molecules] Found 3 molecules.
      [32m✓ All goal molecules found.[0m
        [32m✓ Missing molecule synthesis subproblem passed in 0.0s[0m
      Filtering reaction mbs_106 (106/491)...
[Atoms → Molecules] Found 250 molecules.
      [31m✗ Missing goal molecules.[0m
        [31m✗ Missing molecule synthesis subproblem failed in 0.58s[0m
      Filtering reaction mbs_107 (107/491)...
[Atoms → Molecules] Found 5 molecules.
      [32m✓ All goal molecules found.[0m
        [32m✓ Missing molecule synthesis subproblem passed in 0.0s[0m
      Filtering reaction mbs_108 (108/491)...
[Atoms → Molecules] Found 3 molecules.
      [32m✓ All goal molecules found.[0m
        [32m✓ Missing molecule synthesis subproblem passed in 0.0s[0m
      Filtering reaction mbs_109 (109/491)...
[Atoms → Molecules] Found 3 molecules.
      [32m✓ All goal molecules found.[0m
        [32m✓ Missing molecule synthesis subproblem passed in 0.0s[0m
      Filtering reaction mbs_110 (110/491)...
[Atoms → Molecules] Found 5 molecules.
      [32m✓ All goal molecules found.[0m
        [32m✓ Missing molecule synthesis subproblem passed in 0.0s[0m
      Filtering reaction mbs_111 (111/491)...
[Atoms → Molecules] Found 3 molecules.
      [32m✓ All goal molecules found.[0m
        [32m✓ Missing molecule synthesis subproblem passed in 0.0s[0m
      Filtering reaction mbs_112 (112/491)...
[Atoms → Molecules] Found 250 molecules.
      [31m✗ Missing goal molecules.[0m
        [31m✗ Missing molecule synthesis subproblem failed in 0.57s[0m
      Filtering reaction mbs_113 (113/491)...
[Atoms → Molecules] Found 7 molecules.
      [32m✓ All goal molecules found.[0m
        [32m✓ Missing molecule synthesis subproblem passed in 0.0s[0m
      Filtering reaction mbs_114 (114/491)...
[Atoms → Molecules] Found 2 molecules.
      [32m✓ All goal molecules found.[0m
        [32m✓ Missing molecule synthesis subproblem passed in 0.0s[0m
      Filtering reaction mbs_115 (115/491)...
[Atoms → Molecules] Found 250 molecules.
      [31m✗ Missing goal molecules.[0m
        [31m✗ Missing molecule synthesis subproblem failed in 0.51s[0m
      Filtering reaction mbs_116 (116/491)...
[Atoms → Molecules] Found 3 molecules.
      [32m✓ All goal molecules found.[0m
        [32m✓ Missing molecule synthesis subproblem passed in 0.07s[0m
      Filtering reaction mbs_117 (117/491)...
[Atoms → Molecules] Found 250 molecules.
      [31m✗ Missing goal molecules.[0m
        [31m✗ Missing molecule synthesis subproblem failed in 0.87s[0m
      Filtering reaction mbs_118 (118/491)...
[Atoms → Molecules] Found 12 molecules.
      [32m✓ All goal molecules found.[0m
        [32m✓ Missing molecule synthesis subproblem passed in 0.01s[0m
      Filtering reaction mbs_119 (119/491)...
[Atoms → Molecules] Found 250 molecules.
      [31m✗ Missing goal molecules.[0m
        [31m✗ Missing molecule synthesis subproblem failed in 0.32s[0m
      Filtering reaction mbs_120 (120/491)...
[Atoms → Molecules] Found 3 molecules.
      [32m✓ All goal molecules found.[0m
        [32m✓ Missing molecule synthesis subproblem passed in 0.0s[0m
      Filtering reaction mbs_121 (121/491)...
[Atoms → Molecules] Found 3 molecules.
      [32m✓ All goal molecules found.[0m
        [32m✓ Missing molecule synthesis subproblem passed in 0.0s[0m
      Filtering reaction mbs_122 (122/491)...
[Atoms → Molecules] Found 7 molecules.
      [32m✓ All goal molecules found.[0m
        [32m✓ Missing molecule synthesis subproblem passed in 0.0s[0m
      Filtering reaction mbs_123 (123/491)...
[Atoms → Molecules] Found 5 molecules.
      [32m✓ All goal molecules found.[0m
        [32m✓ Missing molecule synthesis subproblem passed in 0.0s[0m
      Filtering reaction mbs_124 (124/491)...
[Atoms → Molecules] Found 3 molecules.
      [32m✓ All goal molecules found.[0m
        [32m✓ Missing molecule synthesis subproblem passed in 0.0s[0m
      Filtering reaction mbs_125 (125/491)...
[Atoms → Molecules] Found 3 molecules.
      [32m✓ All goal molecules found.[0m
        [32m✓ Missing molecule synthesis subproblem passed in 0.0s[0m
      Filtering reaction mbs_126 (126/491)...
[Atoms → Molecules] Found 6 molecules.
      [32m✓ All goal molecules found.[0m
        [32m✓ Missing molecule synthesis subproblem passed in 0.0s[0m
      Filtering reaction mbs_127 (127/491)...
[Atoms → Molecules] Found 250 molecules.
      [31m✗ Missing goal molecules.[0m
        [31m✗ Missing molecule synthesis subproblem failed in 0.88s[0m
      Filtering reaction mbs_128 (128/491)...
[Atoms → Molecules] Found 6 molecules.
      [32m✓ All goal molecules found.[0m
        [32m✓ Missing molecule synthesis subproblem passed in 0.0s[0m
      Filtering reaction mbs_129 (129/491)...
[Atoms → Molecules] Found 3 molecules.
      [32m✓ All goal molecules found.[0m
        [32m✓ Missing molecule synthesis subproblem passed in 0.0s[0m
      Filtering reaction mbs_130 (130/491)...
[Atoms → Molecules] Found 3 molecules.
      [32m✓ All goal molecules found.[0m
        [32m✓ Missing molecule synthesis subproblem passed in 0.0s[0m
      Filtering reaction mbs_131 (131/491)...
[Atoms → Molecules] Found 5 molecules.
      [32m✓ All goal molecules found.[0m
        [32m✓ Missing molecule synthesis subproblem passed in 0.0s[0m
      Filtering reaction mbs_132 (132/491)...
[Atoms → Molecules] Found 250 molecules.
      [31m✗ Missing goal molecules.[0m
        [31m✗ Missing molecule synthesis subproblem failed in 0.88s[0m
      Filtering reaction mbs_133 (133/491)...
[Atoms → Molecules] Found 5 molecules.
      [32m✓ All goal molecules found.[0m
        [32m✓ Missing molecule synthesis subproblem passed in 0.0s[0m
      Filtering reaction mbs_134 (134/491)...
[Atoms → Molecules] Found 5 molecules.
      [32m✓ All goal molecules found.[0m
        [32m✓ Missing molecule synthesis subproblem passed in 0.0s[0m
      Filtering reaction mbs_135 (135/491)...
[Atoms → Molecules] Found 6 molecules.
      [32m✓ All goal molecules found.[0m
        [32m✓ Missing molecule synthesis subproblem passed in 0.0s[0m
      Filtering reaction mbs_136 (136/491)...
[Atoms → Molecules] Found 3 molecules.
      [32m✓ All goal molecules found.[0m
        [32m✓ Missing molecule synthesis subproblem passed in 0.0s[0m
      Filtering reaction mbs_137 (137/491)...
[Atoms → Molecules] Found 5 molecules.
      [32m✓ All goal molecules found.[0m
        [32m✓ Missing molecule synthesis subproblem passed in 0.0s[0m
      Filtering reaction mbs_138 (138/491)...
[Atoms → Molecules] Found 3 molecules.
      [32m✓ All goal molecules found.[0m
        [32m✓ Missing molecule synthesis subproblem passed in 0.0s[0m
      Filtering reaction mbs_139 (139/491)...
[Atoms → Molecules] Found 10 molecules.
      [32m✓ All goal molecules found.[0m
        [32m✓ Missing molecule synthesis subproblem passed in 0.0s[0m
      Filtering reaction mbs_140 (140/491)...
[Atoms → Molecules] Found 3 molecules.
      [32m✓ All goal molecules found.[0m
        [32m✓ Missing molecule synthesis subproblem passed in 0.0s[0m
      Filtering reaction mbs_141 (141/491)...
[Atoms → Molecules] Found 172 molecules.
      [32m✓ All goal molecules found.[0m
        [32m✓ Missing molecule synthesis subproblem passed in 0.09s[0m
      Filtering reaction mbs_142 (142/491)...
[Atoms → Molecules] Found 250 molecules.
      [31m✗ Missing goal molecules.[0m
        [31m✗ Missing molecule synthesis subproblem failed in 0.5s[0m
      Filtering reaction mbs_143 (143/491)...
[Atoms → Molecules] Found 3 molecules.
      [32m✓ All goal molecules found.[0m
        [32m✓ Missing molecule synthesis subproblem passed in 0.0s[0m
      Filtering reaction mbs_144 (144/491)...
[Atoms → Molecules] Found 250 molecules.
      [31m✗ Missing goal molecules.[0m
        [31m✗ Missing molecule synthesis subproblem failed in 0.32s[0m
      Filtering reaction mbs_145 (145/491)...
[Atoms → Molecules] Found 5 molecules.
      [32m✓ All goal molecules found.[0m
        [32m✓ Missing molecule synthesis subproblem passed in 0.0s[0m
      Filtering reaction mbs_146 (146/491)...
[Atoms → Molecules] Found 17 molecules.
      [32m✓ All goal molecules found.[0m
        [32m✓ Missing molecule synthesis subproblem passed in 0.01s[0m
      Filtering reaction mbs_147 (147/491)...
[Atoms → Molecules] Found 5 molecules.
      [32m✓ All goal molecules found.[0m
        [32m✓ Missing molecule synthesis subproblem passed in 0.0s[0m
      Filtering reaction mbs_148 (148/491)...
[Atoms → Molecules] Found 3 molecules.
      [32m✓ All goal molecules found.[0m
        [32m✓ Missing molecule synthesis subproblem passed in 0.0s[0m
      Filtering reaction mbs_149 (149/491)...
[Atoms → Molecules] Found 250 molecules.
      [31m✗ Missing goal molecules.[0m
        [31m✗ Missing molecule synthesis subproblem failed in 0.87s[0m
      Filtering reaction mbs_150 (150/491)...
[Atoms → Molecules] Found 3 molecules.
      [32m✓ All goal molecules found.[0m
        [32m✓ Missing molecule synthesis subproblem passed in 0.0s[0m
      Filtering reaction mbs_151 (151/491)...
[Atoms → Molecules] Found 3 molecules.
      [32m✓ All goal molecules found.[0m
        [32m✓ Missing molecule synthesis subproblem passed in 0.0s[0m
      Filtering reaction mbs_152 (152/491)...
[Atoms → Molecules] Found 10 molecules.
      [32m✓ All goal molecules found.[0m
        [32m✓ Missing molecule synthesis subproblem passed in 0.0s[0m
      Filtering reaction mbs_153 (153/491)...
[Atoms → Molecules] Found 3 molecules.
      [32m✓ All goal molecules found.[0m
        [32m✓ Missing molecule synthesis subproblem passed in 0.0s[0m
      Filtering reaction mbs_154 (154/491)...
[Atoms → Molecules] Found 250 molecules.
      [31m✗ Missing goal molecules.[0m
        [31m✗ Missing molecule synthesis subproblem failed in 0.87s[0m
      Filtering reaction mbs_155 (155/491)...
[Atoms → Molecules] Found 5 molecules.
      [32m✓ All goal molecules found.[0m
        [32m✓ Missing molecule synthesis subproblem passed in 0.0s[0m
      Filtering reaction mbs_156 (156/491)...
[Atoms → Molecules] Found 3 molecules.
      [32m✓ All goal molecules found.[0m
        [32m✓ Missing molecule synthesis subproblem passed in 0.0s[0m
      Filtering reaction mbs_157 (157/491)...
[Atoms → Molecules] Found 6 molecules.
      [32m✓ All goal molecules found.[0m
        [32m✓ Missing molecule synthesis subproblem passed in 0.0s[0m
      Filtering reaction mbs_158 (158/491)...
[Atoms → Molecules] Found 3 molecules.
      [32m✓ All goal molecules found.[0m
        [32m✓ Missing molecule synthesis subproblem passed in 0.0s[0m
      Filtering reaction mbs_159 (159/491)...
[Atoms → Molecules] Found 6 molecules.
      [32m✓ All goal molecules found.[0m
        [32m✓ Missing molecule synthesis subproblem passed in 0.0s[0m
      Filtering reaction mbs_160 (160/491)...
[Atoms → Molecules] Found 3 molecules.
      [32m✓ All goal molecules found.[0m
        [32m✓ Missing molecule synthesis subproblem passed in 0.0s[0m
      Filtering reaction mbs_161 (161/491)...
[Atoms → Molecules] Found 6 molecules.
      [32m✓ All goal molecules found.[0m
        [32m✓ Missing molecule synthesis subproblem passed in 0.0s[0m
      Filtering reaction mbs_162 (162/491)...
[Atoms → Molecules] Found 6 molecules.
      [32m✓ All goal molecules found.[0m
        [32m✓ Missing molecule synthesis subproblem passed in 0.0s[0m
      Filtering reaction mbs_163 (163/491)...
[Atoms → Molecules] Found 3 molecules.
      [32m✓ All goal molecules found.[0m
        [32m✓ Missing molecule synthesis subproblem passed in 0.0s[0m
      Filtering reaction mbs_164 (164/491)...
[Atoms → Molecules] Found 7 molecules.
      [32m✓ All goal molecules found.[0m
        [32m✓ Missing molecule synthesis subproblem passed in 0.0s[0m
      Filtering reaction mbs_165 (165/491)...
[Atoms → Molecules] Found 3 molecules.
      [32m✓ All goal molecules found.[0m
        [32m✓ Missing molecule synthesis subproblem passed in 0.0s[0m
      Filtering reaction mbs_166 (166/491)...
[Atoms → Molecules] Found 5 molecules.
      [32m✓ All goal molecules found.[0m
        [32m✓ Missing molecule synthesis subproblem passed in 0.0s[0m
      Filtering reaction mbs_167 (167/491)...
[Atoms → Molecules] Found 14 molecules.
      [32m✓ All goal molecules found.[0m
        [32m✓ Missing molecule synthesis subproblem passed in 0.01s[0m
      Filtering reaction mbs_168 (168/491)...
[Atoms → Molecules] Found 3 molecules.
      [32m✓ All goal molecules found.[0m
        [32m✓ Missing molecule synthesis subproblem passed in 0.0s[0m
      Filtering reaction mbs_169 (169/491)...
[Atoms → Molecules] Found 10 molecules.
      [32m✓ All goal molecules found.[0m
        [32m✓ Missing molecule synthesis subproblem passed in 0.0s[0m
      Filtering reaction mbs_170 (170/491)...
[Atoms → Molecules] Found 3 molecules.
      [32m✓ All goal molecules found.[0m
        [32m✓ Missing molecule synthesis subproblem passed in 0.0s[0m
      Filtering reaction mbs_171 (171/491)...
[Atoms → Molecules] Found 5 molecules.
      [32m✓ All goal molecules found.[0m
        [32m✓ Missing molecule synthesis subproblem passed in 0.0s[0m
      Filtering reaction mbs_172 (172/491)...
[Atoms → Molecules] Found 250 molecules.
      [31m✗ Missing goal molecules.[0m
        [31m✗ Missing molecule synthesis subproblem failed in 0.86s[0m
      Filtering reaction mbs_173 (173/491)...
[Atoms → Molecules] Found 5 molecules.
      [32m✓ All goal molecules found.[0m
        [32m✓ Missing molecule synthesis subproblem passed in 0.0s[0m
      Filtering reaction mbs_174 (174/491)...
[Atoms → Molecules] Found 6 molecules.
      [32m✓ All goal molecules found.[0m
        [32m✓ Missing molecule synthesis subproblem passed in 0.0s[0m
      Filtering reaction mbs_175 (175/491)...
[Atoms → Molecules] Found 250 molecules.
      [31m✗ Missing goal molecules.[0m
        [31m✗ Missing molecule synthesis subproblem failed in 0.95s[0m
      Filtering reaction mbs_176 (176/491)...
[Atoms → Molecules] Found 5 molecules.
      [32m✓ All goal molecules found.[0m
        [32m✓ Missing molecule synthesis subproblem passed in 0.0s[0m
      Filtering reaction mbs_177 (177/491)...
[Atoms → Molecules] Found 6 molecules.
      [32m✓ All goal molecules found.[0m
        [32m✓ Missing molecule synthesis subproblem passed in 0.0s[0m
      Filtering reaction mbs_178 (178/491)...
[Atoms → Molecules] Found 250 molecules.
      [31m✗ Missing goal molecules.[0m
        [31m✗ Missing molecule synthesis subproblem failed in 1.72s[0m
      Filtering reaction mbs_179 (179/491)...
[Atoms → Molecules] Found 3 molecules.
      [32m✓ All goal molecules found.[0m
        [32m✓ Missing molecule synthesis subproblem passed in 0.0s[0m
      Filtering reaction mbs_181 (180/491)...
[Atoms → Molecules] Found 250 molecules.
      [31m✗ Missing goal molecules.[0m
        [31m✗ Missing molecule synthesis subproblem failed in 1.05s[0m
      Filtering reaction mbs_182 (181/491)...
[Atoms → Molecules] Found 5 molecules.
      [32m✓ All goal molecules found.[0m
        [32m✓ Missing molecule synthesis subproblem passed in 0.0s[0m
      Filtering reaction mbs_183 (182/491)...
[Atoms → Molecules] Found 4 molecules.
      [32m✓ All goal molecules found.[0m
        [32m✓ Missing molecule synthesis subproblem passed in 0.0s[0m
      Filtering reaction mbs_184 (183/491)...
[Atoms → Molecules] Found 3 molecules.
      [32m✓ All goal molecules found.[0m
        [32m✓ Missing molecule synthesis subproblem passed in 0.0s[0m
      Filtering reaction mbs_185 (184/491)...
[Atoms → Molecules] Found 5 molecules.
      [32m✓ All goal molecules found.[0m
        [32m✓ Missing molecule synthesis subproblem passed in 0.0s[0m
      Filtering reaction mbs_186 (185/491)...
[Atoms → Molecules] Found 3 molecules.
      [32m✓ All goal molecules found.[0m
        [32m✓ Missing molecule synthesis subproblem passed in 0.0s[0m
      Filtering reaction mbs_187 (186/491)...
[Atoms → Molecules] Found 8 molecules.
      [32m✓ All goal molecules found.[0m
        [32m✓ Missing molecule synthesis subproblem passed in 0.0s[0m
      Filtering reaction mbs_188 (187/491)...
[Atoms → Molecules] Found 3 molecules.
      [32m✓ All goal molecules found.[0m
        [32m✓ Missing molecule synthesis subproblem passed in 0.0s[0m
      Filtering reaction mbs_189 (188/491)...
[Atoms → Molecules] Found 3 molecules.
      [32m✓ All goal molecules found.[0m
        [32m✓ Missing molecule synthesis subproblem passed in 0.0s[0m
      Filtering reaction mbs_190 (189/491)...
[Atoms → Molecules] Found 6 molecules.
      [32m✓ All goal molecules found.[0m
        [32m✓ Missing molecule synthesis subproblem passed in 0.0s[0m
      Filtering reaction mbs_191 (190/491)...
[Atoms → Molecules] Found 5 molecules.
      [32m✓ All goal molecules found.[0m
        [32m✓ Missing molecule synthesis subproblem passed in 0.0s[0m
      Filtering reaction mbs_192 (191/491)...
[Atoms → Molecules] Found 3 molecules.
      [32m✓ All goal molecules found.[0m
        [32m✓ Missing molecule synthesis subproblem passed in 0.0s[0m
      Filtering reaction mbs_193 (192/491)...
[Atoms → Molecules] Found 6 molecules.
      [32m✓ All goal molecules found.[0m
        [32m✓ Missing molecule synthesis subproblem passed in 0.0s[0m
      Filtering reaction mbs_194 (193/491)...
[Atoms → Molecules] Found 250 molecules.
      [31m✗ Missing goal molecules.[0m
        [31m✗ Missing molecule synthesis subproblem failed in 0.33s[0m
      Filtering reaction mbs_195 (194/491)...
[Atoms → Molecules] Found 7 molecules.
      [32m✓ All goal molecules found.[0m
        [32m✓ Missing molecule synthesis subproblem passed in 0.0s[0m
      Filtering reaction mbs_196 (195/491)...
[Atoms → Molecules] Found 250 molecules.
      [31m✗ Missing goal molecules.[0m
        [31m✗ Missing molecule synthesis subproblem failed in 0.83s[0m
      Filtering reaction mbs_197 (196/491)...
[Atoms → Molecules] Found 6 molecules.
      [32m✓ All goal molecules found.[0m
        [32m✓ Missing molecule synthesis subproblem passed in 0.01s[0m
      Filtering reaction mbs_198 (197/491)...
[Atoms → Molecules] Found 6 molecules.
      [32m✓ All goal molecules found.[0m
        [32m✓ Missing molecule synthesis subproblem passed in 0.0s[0m
      Filtering reaction mbs_199 (198/491)...
[Atoms → Molecules] Found 10 molecules.
      [32m✓ All goal molecules found.[0m
        [32m✓ Missing molecule synthesis subproblem passed in 0.01s[0m
      Filtering reaction mbs_200 (199/491)...
[Atoms → Molecules] Found 3 molecules.
      [32m✓ All goal molecules found.[0m
        [32m✓ Missing molecule synthesis subproblem passed in 0.0s[0m
      Filtering reaction mbs_201 (200/491)...
[Atoms → Molecules] Found 2 molecules.
      [32m✓ All goal molecules found.[0m
        [32m✓ Missing molecule synthesis subproblem passed in 0.0s[0m
      Filtering reaction mbs_202 (201/491)...
[Atoms → Molecules] Found 6 molecules.
      [32m✓ All goal molecules found.[0m
        [32m✓ Missing molecule synthesis subproblem passed in 0.01s[0m
      Filtering reaction mbs_203 (202/491)...
[Atoms → Molecules] Found 3 molecules.
      [32m✓ All goal molecules found.[0m
        [32m✓ Missing molecule synthesis subproblem passed in 0.0s[0m
      Filtering reaction mbs_204 (203/491)...
[Atoms → Molecules] Found 250 molecules.
      [31m✗ Missing goal molecules.[0m
        [31m✗ Missing molecule synthesis subproblem failed in 0.91s[0m
      Filtering reaction mbs_205 (204/491)...
[Atoms → Molecules] Found 3 molecules.
      [32m✓ All goal molecules found.[0m
        [32m✓ Missing molecule synthesis subproblem passed in 0.0s[0m
      Filtering reaction mbs_206 (205/491)...
[Atoms → Molecules] Found 3 molecules.
      [32m✓ All goal molecules found.[0m
        [32m✓ Missing molecule synthesis subproblem passed in 0.0s[0m
      Filtering reaction mbs_207 (206/491)...
[Atoms → Molecules] Found 2 molecules.
      [32m✓ All goal molecules found.[0m
        [32m✓ Missing molecule synthesis subproblem passed in 0.0s[0m
      Filtering reaction mbs_208 (207/491)...
[Atoms → Molecules] Found 6 molecules.
      [32m✓ All goal molecules found.[0m
        [32m✓ Missing molecule synthesis subproblem passed in 0.0s[0m
      Filtering reaction mbs_209 (208/491)...
[Atoms → Molecules] Found 3 molecules.
      [32m✓ All goal molecules found.[0m
        [32m✓ Missing molecule synthesis subproblem passed in 0.0s[0m
      Filtering reaction mbs_210 (209/491)...
[Atoms → Molecules] Found 5 molecules.
      [32m✓ All goal molecules found.[0m
        [32m✓ Missing molecule synthesis subproblem passed in 0.0s[0m
      Filtering reaction mbs_211 (210/491)...
[Atoms → Molecules] Found 6 molecules.
      [32m✓ All goal molecules found.[0m
        [32m✓ Missing molecule synthesis subproblem passed in 0.0s[0m
      Filtering reaction mbs_212 (211/491)...
[Atoms → Molecules] Found 250 molecules.
      [31m✗ Missing goal molecules.[0m
        [31m✗ Missing molecule synthesis subproblem failed in 0.89s[0m
      Filtering reaction mbs_213 (212/491)...
[Atoms → Molecules] Found 3 molecules.
      [32m✓ All goal molecules found.[0m
        [32m✓ Missing molecule synthesis subproblem passed in 0.0s[0m
      Filtering reaction mbs_214 (213/491)...
[Atoms → Molecules] Found 6 molecules.
      [32m✓ All goal molecules found.[0m
        [32m✓ Missing molecule synthesis subproblem passed in 0.0s[0m
      Filtering reaction mbs_215 (214/491)...
[Atoms → Molecules] Found 3 molecules.
      [32m✓ All goal molecules found.[0m
        [32m✓ Missing molecule synthesis subproblem passed in 0.0s[0m
      Filtering reaction mbs_216 (215/491)...
[Atoms → Molecules] Found 6 molecules.
      [32m✓ All goal molecules found.[0m
        [32m✓ Missing molecule synthesis subproblem passed in 0.0s[0m
      Filtering reaction mbs_217 (216/491)...
[Atoms → Molecules] Found 7 molecules.
      [32m✓ All goal molecules found.[0m
        [32m✓ Missing molecule synthesis subproblem passed in 0.0s[0m
      Filtering reaction mbs_218 (217/491)...
[Atoms → Molecules] Found 3 molecules.
      [32m✓ All goal molecules found.[0m
        [32m✓ Missing molecule synthesis subproblem passed in 0.0s[0m
      Filtering reaction mbs_219 (218/491)...
[Atoms → Molecules] Found 6 molecules.
      [32m✓ All goal molecules found.[0m
        [32m✓ Missing molecule synthesis subproblem passed in 0.0s[0m
      Filtering reaction mbs_220 (219/491)...
[Atoms → Molecules] Found 2 molecules.
      [32m✓ All goal molecules found.[0m
        [32m✓ Missing molecule synthesis subproblem passed in 0.0s[0m
      Filtering reaction mbs_221 (220/491)...
[Atoms → Molecules] Found 5 molecules.
      [32m✓ All goal molecules found.[0m
        [32m✓ Missing molecule synthesis subproblem passed in 0.0s[0m
      Filtering reaction mbs_222 (221/491)...
[Atoms → Molecules] Found 7 molecules.
      [32m✓ All goal molecules found.[0m
        [32m✓ Missing molecule synthesis subproblem passed in 0.0s[0m
      Filtering reaction mbs_223 (222/491)...
[Atoms → Molecules] Found 3 molecules.
      [32m✓ All goal molecules found.[0m
        [32m✓ Missing molecule synthesis subproblem passed in 0.0s[0m
      Filtering reaction mbs_224 (223/491)...
[Atoms → Molecules] Found 250 molecules.
      [31m✗ Missing goal molecules.[0m
        [31m✗ Missing molecule synthesis subproblem failed in 0.89s[0m
      Filtering reaction mbs_225 (224/491)...
[Atoms → Molecules] Found 6 molecules.
      [32m✓ All goal molecules found.[0m
        [32m✓ Missing molecule synthesis subproblem passed in 0.0s[0m
      Filtering reaction mbs_226 (225/491)...
[Atoms → Molecules] Found 3 molecules.
      [32m✓ All goal molecules found.[0m
        [32m✓ Missing molecule synthesis subproblem passed in 0.0s[0m
      Filtering reaction mbs_227 (226/491)...
[Atoms → Molecules] Found 5 molecules.
      [32m✓ All goal molecules found.[0m
        [32m✓ Missing molecule synthesis subproblem passed in 0.0s[0m
      Filtering reaction mbs_228 (227/491)...
[Atoms → Molecules] Found 5 molecules.
      [32m✓ All goal molecules found.[0m
        [32m✓ Missing molecule synthesis subproblem passed in 0.0s[0m
      Filtering reaction mbs_229 (228/491)...
[Atoms → Molecules] Found 4 molecules.
      [32m✓ All goal molecules found.[0m
        [32m✓ Missing molecule synthesis subproblem passed in 0.0s[0m
      Filtering reaction mbs_230 (229/491)...
[Atoms → Molecules] Found 250 molecules.
      [31m✗ Missing goal molecules.[0m
        [31m✗ Missing molecule synthesis subproblem failed in 0.41s[0m
      Filtering reaction mbs_231 (230/491)...
[Atoms → Molecules] Found 7 molecules.
      [32m✓ All goal molecules found.[0m
        [32m✓ Missing molecule synthesis subproblem passed in 0.0s[0m
      Filtering reaction mbs_232 (231/491)...
[Atoms → Molecules] Found 3 molecules.
      [32m✓ All goal molecules found.[0m
        [32m✓ Missing molecule synthesis subproblem passed in 0.0s[0m
      Filtering reaction mbs_233 (232/491)...
[Atoms → Molecules] Found 5 molecules.
      [32m✓ All goal molecules found.[0m
        [32m✓ Missing molecule synthesis subproblem passed in 0.0s[0m
      Filtering reaction mbs_234 (233/491)...
[Atoms → Molecules] Found 5 molecules.
      [32m✓ All goal molecules found.[0m
        [32m✓ Missing molecule synthesis subproblem passed in 0.08s[0m
      Filtering reaction mbs_235 (234/491)...
[Atoms → Molecules] Found 5 molecules.
      [32m✓ All goal molecules found.[0m
        [32m✓ Missing molecule synthesis subproblem passed in 0.0s[0m
      Filtering reaction mbs_236 (235/491)...
[Atoms → Molecules] Found 8 molecules.
      [32m✓ All goal molecules found.[0m
        [32m✓ Missing molecule synthesis subproblem passed in 0.0s[0m
      Filtering reaction mbs_237 (236/491)...
[Atoms → Molecules] Found 250 molecules.
      [31m✗ Missing goal molecules.[0m
        [31m✗ Missing molecule synthesis subproblem failed in 1.14s[0m
      Filtering reaction mbs_238 (237/491)...
[Atoms → Molecules] Found 3 molecules.
      [32m✓ All goal molecules found.[0m
        [32m✓ Missing molecule synthesis subproblem passed in 0.0s[0m
      Filtering reaction mbs_239 (238/491)...
[Atoms → Molecules] Found 5 molecules.
      [32m✓ All goal molecules found.[0m
        [32m✓ Missing molecule synthesis subproblem passed in 0.0s[0m
      Filtering reaction mbs_240 (239/491)...
[Atoms → Molecules] Found 250 molecules.
      [31m✗ Missing goal molecules.[0m
        [31m✗ Missing molecule synthesis subproblem failed in 0.56s[0m
      Filtering reaction mbs_241 (240/491)...
[Atoms → Molecules] Found 5 molecules.
      [32m✓ All goal molecules found.[0m
        [32m✓ Missing molecule synthesis subproblem passed in 0.0s[0m
      Filtering reaction mbs_242 (241/491)...
[Atoms → Molecules] Found 5 molecules.
      [32m✓ All goal molecules found.[0m
        [32m✓ Missing molecule synthesis subproblem passed in 0.0s[0m
      Filtering reaction mbs_243 (242/491)...
[Atoms → Molecules] Found 8 molecules.
      [32m✓ All goal molecules found.[0m
        [32m✓ Missing molecule synthesis subproblem passed in 0.0s[0m
      Filtering reaction mbs_244 (243/491)...
[Atoms → Molecules] Found 10 molecules.
      [32m✓ All goal molecules found.[0m
        [32m✓ Missing molecule synthesis subproblem passed in 0.0s[0m
      Filtering reaction mbs_245 (244/491)...
[Atoms → Molecules] Found 5 molecules.
      [32m✓ All goal molecules found.[0m
        [32m✓ Missing molecule synthesis subproblem passed in 0.0s[0m
      Filtering reaction mbs_246 (245/491)...
[Atoms → Molecules] Found 6 molecules.
      [32m✓ All goal molecules found.[0m
        [32m✓ Missing molecule synthesis subproblem passed in 0.0s[0m
      Filtering reaction mbs_247 (246/491)...
[Atoms → Molecules] Found 5 molecules.
      [32m✓ All goal molecules found.[0m
        [32m✓ Missing molecule synthesis subproblem passed in 0.0s[0m
      Filtering reaction mbs_248 (247/491)...
[Atoms → Molecules] Found 10 molecules.
      [32m✓ All goal molecules found.[0m
        [32m✓ Missing molecule synthesis subproblem passed in 0.0s[0m
      Filtering reaction mbs_249 (248/491)...
[Atoms → Molecules] Found 5 molecules.
      [32m✓ All goal molecules found.[0m
        [32m✓ Missing molecule synthesis subproblem passed in 0.0s[0m
      Filtering reaction mbs_250 (249/491)...
[Atoms → Molecules] Found 6 molecules.
      [32m✓ All goal molecules found.[0m
        [32m✓ Missing molecule synthesis subproblem passed in 0.0s[0m
      Filtering reaction mbs_251 (250/491)...
[Atoms → Molecules] Found 7 molecules.
      [32m✓ All goal molecules found.[0m
        [32m✓ Missing molecule synthesis subproblem passed in 0.01s[0m
      Filtering reaction mbs_252 (251/491)...
[Atoms → Molecules] Found 6 molecules.
      [32m✓ All goal molecules found.[0m
        [32m✓ Missing molecule synthesis subproblem passed in 0.0s[0m
      Filtering reaction mbs_253 (252/491)...
[Atoms → Molecules] Found 3 molecules.
      [32m✓ All goal molecules found.[0m
        [32m✓ Missing molecule synthesis subproblem passed in 0.0s[0m
      Filtering reaction mbs_255 (253/491)...
[Atoms → Molecules] Found 250 molecules.
      [31m✗ Missing goal molecules.[0m
        [31m✗ Missing molecule synthesis subproblem failed in 0.46s[0m
      Filtering reaction mbs_256 (254/491)...
[Atoms → Molecules] Found 250 molecules.
      [31m✗ Missing goal molecules.[0m
        [31m✗ Missing molecule synthesis subproblem failed in 0.33s[0m
      Filtering reaction mbs_257 (255/491)...
[Atoms → Molecules] Found 5 molecules.
      [32m✓ All goal molecules found.[0m
        [32m✓ Missing molecule synthesis subproblem passed in 0.0s[0m
      Filtering reaction mbs_258 (256/491)...
[Atoms → Molecules] Found 5 molecules.
      [32m✓ All goal molecules found.[0m
        [32m✓ Missing molecule synthesis subproblem passed in 0.0s[0m
      Filtering reaction mbs_259 (257/491)...
[Atoms → Molecules] Found 5 molecules.
      [32m✓ All goal molecules found.[0m
        [32m✓ Missing molecule synthesis subproblem passed in 0.0s[0m
      Filtering reaction mbs_260 (258/491)...
[Atoms → Molecules] Found 14 molecules.
      [32m✓ All goal molecules found.[0m
        [32m✓ Missing molecule synthesis subproblem passed in 0.01s[0m
      Filtering reaction mbs_261 (259/491)...
[Atoms → Molecules] Found 3 molecules.
      [32m✓ All goal molecules found.[0m
        [32m✓ Missing molecule synthesis subproblem passed in 0.0s[0m
      Filtering reaction mbs_262 (260/491)...
[Atoms → Molecules] Found 5 molecules.
      [32m✓ All goal molecules found.[0m
        [32m✓ Missing molecule synthesis subproblem passed in 0.0s[0m
      Filtering reaction mbs_263 (261/491)...
[Atoms → Molecules] Found 5 molecules.
      [32m✓ All goal molecules found.[0m
        [32m✓ Missing molecule synthesis subproblem passed in 0.0s[0m
      Filtering reaction mbs_264 (262/491)...
[Atoms → Molecules] Found 3 molecules.
      [32m✓ All goal molecules found.[0m
        [32m✓ Missing molecule synthesis subproblem passed in 0.0s[0m
      Filtering reaction mbs_265 (263/491)...
[Atoms → Molecules] Found 10 molecules.
      [32m✓ All goal molecules found.[0m
        [32m✓ Missing molecule synthesis subproblem passed in 0.01s[0m
      Filtering reaction mbs_266 (264/491)...
[Atoms → Molecules] Found 5 molecules.
      [32m✓ All goal molecules found.[0m
        [32m✓ Missing molecule synthesis subproblem passed in 0.0s[0m
      Filtering reaction mbs_267 (265/491)...
[Atoms → Molecules] Found 5 molecules.
      [32m✓ All goal molecules found.[0m
        [32m✓ Missing molecule synthesis subproblem passed in 0.0s[0m
      Filtering reaction mbs_268 (266/491)...
[Atoms → Molecules] Found 5 molecules.
      [32m✓ All goal molecules found.[0m
        [32m✓ Missing molecule synthesis subproblem passed in 0.0s[0m
      Filtering reaction mbs_269 (267/491)...
[Atoms → Molecules] Found 3 molecules.
      [32m✓ All goal molecules found.[0m
        [32m✓ Missing molecule synthesis subproblem passed in 0.0s[0m
      Filtering reaction mbs_270 (268/491)...
[Atoms → Molecules] Found 3 molecules.
      [32m✓ All goal molecules found.[0m
        [32m✓ Missing molecule synthesis subproblem passed in 0.0s[0m
      Filtering reaction mbs_271 (269/491)...
[Atoms → Molecules] Found 5 molecules.
      [32m✓ All goal molecules found.[0m
        [32m✓ Missing molecule synthesis subproblem passed in 0.05s[0m
      Filtering reaction mbs_272 (270/491)...
[Atoms → Molecules] Found 3 molecules.
      [32m✓ All goal molecules found.[0m
        [32m✓ Missing molecule synthesis subproblem passed in 0.0s[0m
      Filtering reaction mbs_273 (271/491)...
[Atoms → Molecules] Found 3 molecules.
      [32m✓ All goal molecules found.[0m
        [32m✓ Missing molecule synthesis subproblem passed in 0.0s[0m
      Filtering reaction mbs_274 (272/491)...
[Atoms → Molecules] Found 7 molecules.
      [32m✓ All goal molecules found.[0m
        [32m✓ Missing molecule synthesis subproblem passed in 0.01s[0m
      Filtering reaction mbs_275 (273/491)...
[Atoms → Molecules] Found 250 molecules.
      [31m✗ Missing goal molecules.[0m
        [31m✗ Missing molecule synthesis subproblem failed in 0.85s[0m
      Filtering reaction mbs_276 (274/491)...
[Atoms → Molecules] Found 250 molecules.
      [31m✗ Missing goal molecules.[0m
        [31m✗ Missing molecule synthesis subproblem failed in 0.87s[0m
      Filtering reaction mbs_277 (275/491)...
[Atoms → Molecules] Found 3 molecules.
      [32m✓ All goal molecules found.[0m
        [32m✓ Missing molecule synthesis subproblem passed in 0.0s[0m
      Filtering reaction mbs_278 (276/491)...
[Atoms → Molecules] Found 3 molecules.
      [32m✓ All goal molecules found.[0m
        [32m✓ Missing molecule synthesis subproblem passed in 0.0s[0m
      Filtering reaction mbs_279 (277/491)...
[Atoms → Molecules] Found 250 molecules.
      [31m✗ Missing goal molecules.[0m
        [31m✗ Missing molecule synthesis subproblem failed in 0.5s[0m
      Filtering reaction mbs_280 (278/491)...
[Atoms → Molecules] Found 5 molecules.
      [32m✓ All goal molecules found.[0m
        [32m✓ Missing molecule synthesis subproblem passed in 0.0s[0m
      Filtering reaction mbs_281 (279/491)...
[Atoms → Molecules] Found 7 molecules.
      [32m✓ All goal molecules found.[0m
        [32m✓ Missing molecule synthesis subproblem passed in 0.0s[0m
      Filtering reaction mbs_282 (280/491)...
[Atoms → Molecules] Found 3 molecules.
      [32m✓ All goal molecules found.[0m
        [32m✓ Missing molecule synthesis subproblem passed in 0.0s[0m
      Filtering reaction mbs_283 (281/491)...
[Atoms → Molecules] Found 3 molecules.
      [32m✓ All goal molecules found.[0m
        [32m✓ Missing molecule synthesis subproblem passed in 0.0s[0m
      Filtering reaction mbs_284 (282/491)...
[Atoms → Molecules] Found 3 molecules.
      [32m✓ All goal molecules found.[0m
        [32m✓ Missing molecule synthesis subproblem passed in 0.0s[0m
      Filtering reaction mbs_285 (283/491)...
[Atoms → Molecules] Found 3 molecules.
      [32m✓ All goal molecules found.[0m
        [32m✓ Missing molecule synthesis subproblem passed in 0.0s[0m
      Filtering reaction mbs_286 (284/491)...
[Atoms → Molecules] Found 250 molecules.
      [31m✗ Missing goal molecules.[0m
        [31m✗ Missing molecule synthesis subproblem failed in 0.93s[0m
      Filtering reaction mbs_287 (285/491)...
[Atoms → Molecules] Found 3 molecules.
      [32m✓ All goal molecules found.[0m
        [32m✓ Missing molecule synthesis subproblem passed in 0.0s[0m
      Filtering reaction mbs_288 (286/491)...
[Atoms → Molecules] Found 250 molecules.
      [31m✗ Missing goal molecules.[0m
        [31m✗ Missing molecule synthesis subproblem failed in 0.31s[0m
      Filtering reaction mbs_289 (287/491)...
[Atoms → Molecules] Found 5 molecules.
      [32m✓ All goal molecules found.[0m
        [32m✓ Missing molecule synthesis subproblem passed in 0.0s[0m
      Filtering reaction mbs_290 (288/491)...
[Atoms → Molecules] Found 5 molecules.
      [32m✓ All goal molecules found.[0m
        [32m✓ Missing molecule synthesis subproblem passed in 0.0s[0m
      Filtering reaction mbs_291 (289/491)...
[Atoms → Molecules] Found 3 molecules.
      [32m✓ All goal molecules found.[0m
        [32m✓ Missing molecule synthesis subproblem passed in 0.0s[0m
      Filtering reaction mbs_292 (290/491)...
[Atoms → Molecules] Found 3 molecules.
      [32m✓ All goal molecules found.[0m
        [32m✓ Missing molecule synthesis subproblem passed in 0.0s[0m
      Filtering reaction mbs_293 (291/491)...
[Atoms → Molecules] Found 3 molecules.
      [32m✓ All goal molecules found.[0m
        [32m✓ Missing molecule synthesis subproblem passed in 0.0s[0m
      Filtering reaction mbs_294 (292/491)...
[Atoms → Molecules] Found 3 molecules.
      [32m✓ All goal molecules found.[0m
        [32m✓ Missing molecule synthesis subproblem passed in 0.0s[0m
      Filtering reaction mbs_295 (293/491)...
[Atoms → Molecules] Found 3 molecules.
      [32m✓ All goal molecules found.[0m
        [32m✓ Missing molecule synthesis subproblem passed in 0.0s[0m
      Filtering reaction mbs_296 (294/491)...
[Atoms → Molecules] Found 3 molecules.
      [32m✓ All goal molecules found.[0m
        [32m✓ Missing molecule synthesis subproblem passed in 0.0s[0m
      Filtering reaction mbs_297 (295/491)...
[Atoms → Molecules] Found 250 molecules.
      [31m✗ Missing goal molecules.[0m
        [31m✗ Missing molecule synthesis subproblem failed in 0.58s[0m
      Filtering reaction mbs_298 (296/491)...
[Atoms → Molecules] Found 3 molecules.
      [32m✓ All goal molecules found.[0m
        [32m✓ Missing molecule synthesis subproblem passed in 0.0s[0m
      Filtering reaction mbs_299 (297/491)...
[Atoms → Molecules] Found 3 molecules.
      [32m✓ All goal molecules found.[0m
        [32m✓ Missing molecule synthesis subproblem passed in 0.0s[0m
      Filtering reaction mbs_300 (298/491)...
[Atoms → Molecules] Found 3 molecules.
      [32m✓ All goal molecules found.[0m
        [32m✓ Missing molecule synthesis subproblem passed in 0.0s[0m
      Filtering reaction mbs_301 (299/491)...
[Atoms → Molecules] Found 5 molecules.
      [32m✓ All goal molecules found.[0m
        [32m✓ Missing molecule synthesis subproblem passed in 0.0s[0m
      Filtering reaction mbs_302 (300/491)...
[Atoms → Molecules] Found 5 molecules.
      [32m✓ All goal molecules found.[0m
        [32m✓ Missing molecule synthesis subproblem passed in 0.0s[0m
      Filtering reaction mbs_303 (301/491)...
[Atoms → Molecules] Found 3 molecules.
      [32m✓ All goal molecules found.[0m
        [32m✓ Missing molecule synthesis subproblem passed in 0.0s[0m
      Filtering reaction mbs_304 (302/491)...
[Atoms → Molecules] Found 3 molecules.
      [32m✓ All goal molecules found.[0m
        [32m✓ Missing molecule synthesis subproblem passed in 0.0s[0m
      Filtering reaction mbs_305 (303/491)...
[Atoms → Molecules] Found 250 molecules.
      [31m✗ Missing goal molecules.[0m
        [31m✗ Missing molecule synthesis subproblem failed in 0.35s[0m
      Filtering reaction mbs_306 (304/491)...
[Atoms → Molecules] Found 6 molecules.
      [32m✓ All goal molecules found.[0m
        [32m✓ Missing molecule synthesis subproblem passed in 0.0s[0m
      Filtering reaction mbs_307 (305/491)...
[Atoms → Molecules] Found 7 molecules.
      [32m✓ All goal molecules found.[0m
        [32m✓ Missing molecule synthesis subproblem passed in 0.0s[0m
      Filtering reaction mbs_308 (306/491)...
[Atoms → Molecules] Found 250 molecules.
      [31m✗ Missing goal molecules.[0m
        [31m✗ Missing molecule synthesis subproblem failed in 0.88s[0m
      Filtering reaction mbs_309 (307/491)...
[Atoms → Molecules] Found 3 molecules.
      [32m✓ All goal molecules found.[0m
        [32m✓ Missing molecule synthesis subproblem passed in 0.0s[0m
      Filtering reaction mbs_310 (308/491)...
[Atoms → Molecules] Found 5 molecules.
      [32m✓ All goal molecules found.[0m
        [32m✓ Missing molecule synthesis subproblem passed in 0.0s[0m
      Filtering reaction mbs_311 (309/491)...
[Atoms → Molecules] Found 250 molecules.
      [31m✗ Missing goal molecules.[0m
        [31m✗ Missing molecule synthesis subproblem failed in 0.88s[0m
      Filtering reaction mbs_312 (310/491)...
[Atoms → Molecules] Found 6 molecules.
      [32m✓ All goal molecules found.[0m
        [32m✓ Missing molecule synthesis subproblem passed in 0.0s[0m
      Filtering reaction mbs_314 (311/491)...
[Atoms → Molecules] Found 3 molecules.
      [32m✓ All goal molecules found.[0m
        [32m✓ Missing molecule synthesis subproblem passed in 0.0s[0m
      Filtering reaction mbs_315 (312/491)...
[Atoms → Molecules] Found 3 molecules.
      [32m✓ All goal molecules found.[0m
        [32m✓ Missing molecule synthesis subproblem passed in 0.0s[0m
      Filtering reaction mbs_316 (313/491)...
[Atoms → Molecules] Found 5 molecules.
      [32m✓ All goal molecules found.[0m
        [32m✓ Missing molecule synthesis subproblem passed in 0.0s[0m
      Filtering reaction mbs_317 (314/491)...
[Atoms → Molecules] Found 250 molecules.
      [31m✗ Missing goal molecules.[0m
        [31m✗ Missing molecule synthesis subproblem failed in 0.4s[0m
      Filtering reaction mbs_318 (315/491)...
[Atoms → Molecules] Found 7 molecules.
      [32m✓ All goal molecules found.[0m
        [32m✓ Missing molecule synthesis subproblem passed in 0.0s[0m
      Filtering reaction mbs_319 (316/491)...
[Atoms → Molecules] Found 6 molecules.
      [32m✓ All goal molecules found.[0m
        [32m✓ Missing molecule synthesis subproblem passed in 0.0s[0m
      Filtering reaction mbs_320 (317/491)...
[Atoms → Molecules] Found 6 molecules.
      [32m✓ All goal molecules found.[0m
        [32m✓ Missing molecule synthesis subproblem passed in 0.0s[0m
      Filtering reaction mbs_321 (318/491)...
[Atoms → Molecules] Found 3 molecules.
      [32m✓ All goal molecules found.[0m
        [32m✓ Missing molecule synthesis subproblem passed in 0.0s[0m
      Filtering reaction mbs_322 (319/491)...
[Atoms → Molecules] Found 250 molecules.
      [31m✗ Missing goal molecules.[0m
        [31m✗ Missing molecule synthesis subproblem failed in 0.94s[0m
      Filtering reaction mbs_323 (320/491)...
[Atoms → Molecules] Found 5 molecules.
      [32m✓ All goal molecules found.[0m
        [32m✓ Missing molecule synthesis subproblem passed in 0.0s[0m
      Filtering reaction mbs_324 (321/491)...
[Atoms → Molecules] Found 250 molecules.
      [31m✗ Missing goal molecules.[0m
        [31m✗ Missing molecule synthesis subproblem failed in 0.89s[0m
      Filtering reaction mbs_325 (322/491)...
[Atoms → Molecules] Found 6 molecules.
      [32m✓ All goal molecules found.[0m
        [32m✓ Missing molecule synthesis subproblem passed in 0.0s[0m
      Filtering reaction mbs_327 (323/491)...
[Atoms → Molecules] Found 35 molecules.
      [32m✓ All goal molecules found.[0m
        [32m✓ Missing molecule synthesis subproblem passed in 0.06s[0m
      Filtering reaction mbs_328 (324/491)...
[Atoms → Molecules] Found 3 molecules.
      [32m✓ All goal molecules found.[0m
        [32m✓ Missing molecule synthesis subproblem passed in 0.0s[0m
      Filtering reaction mbs_329 (325/491)...
[Atoms → Molecules] Found 3 molecules.
      [32m✓ All goal molecules found.[0m
        [32m✓ Missing molecule synthesis subproblem passed in 0.0s[0m
      Filtering reaction mbs_330 (326/491)...
[Atoms → Molecules] Found 3 molecules.
      [32m✓ All goal molecules found.[0m
        [32m✓ Missing molecule synthesis subproblem passed in 0.0s[0m
      Filtering reaction mbs_331 (327/491)...
[Atoms → Molecules] Found 3 molecules.
      [32m✓ All goal molecules found.[0m
        [32m✓ Missing molecule synthesis subproblem passed in 0.0s[0m
      Filtering reaction mbs_332 (328/491)...
[Atoms → Molecules] Found 5 molecules.
      [32m✓ All goal molecules found.[0m
        [32m✓ Missing molecule synthesis subproblem passed in 0.0s[0m
      Filtering reaction mbs_333 (329/491)...
[Atoms → Molecules] Found 3 molecules.
      [32m✓ All goal molecules found.[0m
        [32m✓ Missing molecule synthesis subproblem passed in 0.0s[0m
      Filtering reaction mbs_334 (330/491)...
[Atoms → Molecules] Found 10 molecules.
      [32m✓ All goal molecules found.[0m
        [32m✓ Missing molecule synthesis subproblem passed in 0.0s[0m
      Filtering reaction mbs_335 (331/491)...
[Atoms → Molecules] Found 3 molecules.
      [32m✓ All goal molecules found.[0m
        [32m✓ Missing molecule synthesis subproblem passed in 0.0s[0m
      Filtering reaction mbs_336 (332/491)...
[Atoms → Molecules] Found 7 molecules.
      [32m✓ All goal molecules found.[0m
        [32m✓ Missing molecule synthesis subproblem passed in 0.0s[0m
      Filtering reaction mbs_337 (333/491)...
[Atoms → Molecules] Found 3 molecules.
      [32m✓ All goal molecules found.[0m
        [32m✓ Missing molecule synthesis subproblem passed in 0.0s[0m
      Filtering reaction mbs_338 (334/491)...
[Atoms → Molecules] Found 250 molecules.
      [31m✗ Missing goal molecules.[0m
        [31m✗ Missing molecule synthesis subproblem failed in 0.89s[0m
      Filtering reaction mbs_339 (335/491)...
[Atoms → Molecules] Found 7 molecules.
      [32m✓ All goal molecules found.[0m
        [32m✓ Missing molecule synthesis subproblem passed in 0.0s[0m
      Filtering reaction mbs_340 (336/491)...
[Atoms → Molecules] Found 5 molecules.
      [32m✓ All goal molecules found.[0m
        [32m✓ Missing molecule synthesis subproblem passed in 0.0s[0m
      Filtering reaction mbs_341 (337/491)...
[Atoms → Molecules] Found 250 molecules.
      [31m✗ Missing goal molecules.[0m
        [31m✗ Missing molecule synthesis subproblem failed in 0.5s[0m
      Filtering reaction mbs_342 (338/491)...
[Atoms → Molecules] Found 3 molecules.
      [32m✓ All goal molecules found.[0m
        [32m✓ Missing molecule synthesis subproblem passed in 0.0s[0m
      Filtering reaction mbs_343 (339/491)...
[Atoms → Molecules] Found 5 molecules.
      [32m✓ All goal molecules found.[0m
        [32m✓ Missing molecule synthesis subproblem passed in 0.0s[0m
      Filtering reaction mbs_344 (340/491)...
[Atoms → Molecules] Found 250 molecules.
      [31m✗ Missing goal molecules.[0m
        [31m✗ Missing molecule synthesis subproblem failed in 0.43s[0m
      Filtering reaction mbs_345 (341/491)...
[Atoms → Molecules] Found 5 molecules.
      [32m✓ All goal molecules found.[0m
        [32m✓ Missing molecule synthesis subproblem passed in 0.0s[0m
      Filtering reaction mbs_346 (342/491)...
[Atoms → Molecules] Found 6 molecules.
      [32m✓ All goal molecules found.[0m
        [32m✓ Missing molecule synthesis subproblem passed in 0.0s[0m
      Filtering reaction mbs_347 (343/491)...
[Atoms → Molecules] Found 3 molecules.
      [32m✓ All goal molecules found.[0m
        [32m✓ Missing molecule synthesis subproblem passed in 0.0s[0m
      Filtering reaction mbs_348 (344/491)...
[Atoms → Molecules] Found 5 molecules.
      [32m✓ All goal molecules found.[0m
        [32m✓ Missing molecule synthesis subproblem passed in 0.0s[0m
      Filtering reaction mbs_349 (345/491)...
[Atoms → Molecules] Found 3 molecules.
      [32m✓ All goal molecules found.[0m
        [32m✓ Missing molecule synthesis subproblem passed in 0.0s[0m
      Filtering reaction mbs_350 (346/491)...
[Atoms → Molecules] Found 3 molecules.
      [32m✓ All goal molecules found.[0m
        [32m✓ Missing molecule synthesis subproblem passed in 0.0s[0m
      Filtering reaction mbs_351 (347/491)...
[Atoms → Molecules] Found 3 molecules.
      [32m✓ All goal molecules found.[0m
        [32m✓ Missing molecule synthesis subproblem passed in 0.0s[0m
      Filtering reaction mbs_352 (348/491)...
[Atoms → Molecules] Found 3 molecules.
      [32m✓ All goal molecules found.[0m
        [32m✓ Missing molecule synthesis subproblem passed in 0.0s[0m
      Filtering reaction mbs_353 (349/491)...
[Atoms → Molecules] Found 3 molecules.
      [32m✓ All goal molecules found.[0m
        [32m✓ Missing molecule synthesis subproblem passed in 0.0s[0m
      Filtering reaction mbs_354 (350/491)...
[Atoms → Molecules] Found 3 molecules.
      [32m✓ All goal molecules found.[0m
        [32m✓ Missing molecule synthesis subproblem passed in 0.0s[0m
      Filtering reaction mbs_355 (351/491)...
[Atoms → Molecules] Found 3 molecules.
      [32m✓ All goal molecules found.[0m
        [32m✓ Missing molecule synthesis subproblem passed in 0.0s[0m
      Filtering reaction mbs_356 (352/491)...
[Atoms → Molecules] Found 3 molecules.
      [32m✓ All goal molecules found.[0m
        [32m✓ Missing molecule synthesis subproblem passed in 0.0s[0m
      Filtering reaction mbs_357 (353/491)...
[Atoms → Molecules] Found 250 molecules.
      [31m✗ Missing goal molecules.[0m
        [31m✗ Missing molecule synthesis subproblem failed in 0.88s[0m
      Filtering reaction mbs_358 (354/491)...
[Atoms → Molecules] Found 5 molecules.
      [32m✓ All goal molecules found.[0m
        [32m✓ Missing molecule synthesis subproblem passed in 0.0s[0m
      Filtering reaction mbs_359 (355/491)...
[Atoms → Molecules] Found 6 molecules.
      [32m✓ All goal molecules found.[0m
        [32m✓ Missing molecule synthesis subproblem passed in 0.0s[0m
      Filtering reaction mbs_360 (356/491)...
[Atoms → Molecules] Found 6 molecules.
      [32m✓ All goal molecules found.[0m
        [32m✓ Missing molecule synthesis subproblem passed in 0.0s[0m
      Filtering reaction mbs_361 (357/491)...
[Atoms → Molecules] Found 5 molecules.
      [32m✓ All goal molecules found.[0m
        [32m✓ Missing molecule synthesis subproblem passed in 0.0s[0m
      Filtering reaction mbs_362 (358/491)...
[Atoms → Molecules] Found 250 molecules.
      [31m✗ Missing goal molecules.[0m
        [31m✗ Missing molecule synthesis subproblem failed in 0.87s[0m
      Filtering reaction mbs_363 (359/491)...
[Atoms → Molecules] Found 5 molecules.
      [32m✓ All goal molecules found.[0m
        [32m✓ Missing molecule synthesis subproblem passed in 0.0s[0m
      Filtering reaction mbs_364 (360/491)...
[Atoms → Molecules] Found 3 molecules.
      [32m✓ All goal molecules found.[0m
        [32m✓ Missing molecule synthesis subproblem passed in 0.0s[0m
      Filtering reaction mbs_365 (361/491)...
[Atoms → Molecules] Found 250 molecules.
      [31m✗ Missing goal molecules.[0m
        [31m✗ Missing molecule synthesis subproblem failed in 0.88s[0m
      Filtering reaction mbs_366 (362/491)...
[Atoms → Molecules] Found 6 molecules.
      [32m✓ All goal molecules found.[0m
        [32m✓ Missing molecule synthesis subproblem passed in 0.0s[0m
      Filtering reaction mbs_367 (363/491)...
[Atoms → Molecules] Found 63 molecules.
      [32m✓ All goal molecules found.[0m
        [32m✓ Missing molecule synthesis subproblem passed in 0.07s[0m
      Filtering reaction mbs_368 (364/491)...
[Atoms → Molecules] Found 6 molecules.
      [32m✓ All goal molecules found.[0m
        [32m✓ Missing molecule synthesis subproblem passed in 0.0s[0m
      Filtering reaction mbs_369 (365/491)...
[Atoms → Molecules] Found 5 molecules.
      [32m✓ All goal molecules found.[0m
        [32m✓ Missing molecule synthesis subproblem passed in 0.0s[0m
      Filtering reaction mbs_370 (366/491)...
[Atoms → Molecules] Found 250 molecules.
      [31m✗ Missing goal molecules.[0m
        [31m✗ Missing molecule synthesis subproblem failed in 0.87s[0m
      Filtering reaction mbs_371 (367/491)...
[Atoms → Molecules] Found 3 molecules.
      [32m✓ All goal molecules found.[0m
        [32m✓ Missing molecule synthesis subproblem passed in 0.0s[0m
      Filtering reaction mbs_372 (368/491)...
[Atoms → Molecules] Found 5 molecules.
      [32m✓ All goal molecules found.[0m
        [32m✓ Missing molecule synthesis subproblem passed in 0.0s[0m
      Filtering reaction mbs_373 (369/491)...
[Atoms → Molecules] Found 3 molecules.
      [32m✓ All goal molecules found.[0m
        [32m✓ Missing molecule synthesis subproblem passed in 0.0s[0m
      Filtering reaction mbs_374 (370/491)...
[Atoms → Molecules] Found 5 molecules.
      [32m✓ All goal molecules found.[0m
        [32m✓ Missing molecule synthesis subproblem passed in 0.0s[0m
      Filtering reaction mbs_375 (371/491)...
[Atoms → Molecules] Found 3 molecules.
      [32m✓ All goal molecules found.[0m
        [32m✓ Missing molecule synthesis subproblem passed in 0.0s[0m
      Filtering reaction mbs_376 (372/491)...
[Atoms → Molecules] Found 3 molecules.
      [32m✓ All goal molecules found.[0m
        [32m✓ Missing molecule synthesis subproblem passed in 0.0s[0m
      Filtering reaction mbs_377 (373/491)...
[Atoms → Molecules] Found 3 molecules.
      [32m✓ All goal molecules found.[0m
        [32m✓ Missing molecule synthesis subproblem passed in 0.0s[0m
      Filtering reaction mbs_378 (374/491)...
[Atoms → Molecules] Found 3 molecules.
      [32m✓ All goal molecules found.[0m
        [32m✓ Missing molecule synthesis subproblem passed in 0.0s[0m
      Filtering reaction mbs_379 (375/491)...
[Atoms → Molecules] Found 250 molecules.
      [31m✗ Missing goal molecules.[0m
        [31m✗ Missing molecule synthesis subproblem failed in 0.94s[0m
      Filtering reaction mbs_380 (376/491)...
[Atoms → Molecules] Found 3 molecules.
      [32m✓ All goal molecules found.[0m
        [32m✓ Missing molecule synthesis subproblem passed in 0.0s[0m
      Filtering reaction mbs_381 (377/491)...
[Atoms → Molecules] Found 6 molecules.
      [32m✓ All goal molecules found.[0m
        [32m✓ Missing molecule synthesis subproblem passed in 0.0s[0m
      Filtering reaction mbs_382 (378/491)...
[Atoms → Molecules] Found 3 molecules.
      [32m✓ All goal molecules found.[0m
        [32m✓ Missing molecule synthesis subproblem passed in 0.0s[0m
      Filtering reaction mbs_383 (379/491)...
[Atoms → Molecules] Found 6 molecules.
      [32m✓ All goal molecules found.[0m
        [32m✓ Missing molecule synthesis subproblem passed in 0.0s[0m
      Filtering reaction mbs_384 (380/491)...
[Atoms → Molecules] Found 3 molecules.
      [32m✓ All goal molecules found.[0m
        [32m✓ Missing molecule synthesis subproblem passed in 0.01s[0m
      Filtering reaction mbs_385 (381/491)...
[Atoms → Molecules] Found 10 molecules.
      [32m✓ All goal molecules found.[0m
        [32m✓ Missing molecule synthesis subproblem passed in 0.01s[0m
      Filtering reaction mbs_386 (382/491)...
[Atoms → Molecules] Found 3 molecules.
      [32m✓ All goal molecules found.[0m
        [32m✓ Missing molecule synthesis subproblem passed in 0.0s[0m
      Filtering reaction mbs_387 (383/491)...
[Atoms → Molecules] Found 7 molecules.
      [32m✓ All goal molecules found.[0m
        [32m✓ Missing molecule synthesis subproblem passed in 0.01s[0m
      Filtering reaction mbs_388 (384/491)...
[Atoms → Molecules] Found 7 molecules.
      [32m✓ All goal molecules found.[0m
        [32m✓ Missing molecule synthesis subproblem passed in 0.0s[0m
      Filtering reaction mbs_389 (385/491)...
[Atoms → Molecules] Found 3 molecules.
      [32m✓ All goal molecules found.[0m
        [32m✓ Missing molecule synthesis subproblem passed in 0.0s[0m
      Filtering reaction mbs_390 (386/491)...
[Atoms → Molecules] Found 5 molecules.
      [32m✓ All goal molecules found.[0m
        [32m✓ Missing molecule synthesis subproblem passed in 0.0s[0m
      Filtering reaction mbs_391 (387/491)...
[Atoms → Molecules] Found 6 molecules.
      [32m✓ All goal molecules found.[0m
        [32m✓ Missing molecule synthesis subproblem passed in 0.0s[0m
      Filtering reaction mbs_392 (388/491)...
[Atoms → Molecules] Found 3 molecules.
      [32m✓ All goal molecules found.[0m
        [32m✓ Missing molecule synthesis subproblem passed in 0.0s[0m
      Filtering reaction mbs_393 (389/491)...
[Atoms → Molecules] Found 250 molecules.
      [31m✗ Missing goal molecules.[0m
        [31m✗ Missing molecule synthesis subproblem failed in 1.69s[0m
      Filtering reaction mbs_394 (390/491)...
[Atoms → Molecules] Found 12 molecules.
      [32m✓ All goal molecules found.[0m
        [32m✓ Missing molecule synthesis subproblem passed in 0.01s[0m
      Filtering reaction mbs_395 (391/491)...
[Atoms → Molecules] Found 6 molecules.
      [32m✓ All goal molecules found.[0m
        [32m✓ Missing molecule synthesis subproblem passed in 0.0s[0m
      Filtering reaction mbs_396 (392/491)...
[Atoms → Molecules] Found 7 molecules.
      [32m✓ All goal molecules found.[0m
        [32m✓ Missing molecule synthesis subproblem passed in 0.0s[0m
      Filtering reaction mbs_397 (393/491)...
[Atoms → Molecules] Found 6 molecules.
      [32m✓ All goal molecules found.[0m
        [32m✓ Missing molecule synthesis subproblem passed in 0.0s[0m
      Filtering reaction mbs_398 (394/491)...
[Atoms → Molecules] Found 7 molecules.
      [32m✓ All goal molecules found.[0m
        [32m✓ Missing molecule synthesis subproblem passed in 0.0s[0m
      Filtering reaction mbs_399 (395/491)...
[Atoms → Molecules] Found 3 molecules.
      [32m✓ All goal molecules found.[0m
        [32m✓ Missing molecule synthesis subproblem passed in 0.0s[0m
      Filtering reaction mbs_400 (396/491)...
[Atoms → Molecules] Found 3 molecules.
      [32m✓ All goal molecules found.[0m
        [32m✓ Missing molecule synthesis subproblem passed in 0.0s[0m
      Filtering reaction mbs_401 (397/491)...
[Atoms → Molecules] Found 3 molecules.
      [32m✓ All goal molecules found.[0m
        [32m✓ Missing molecule synthesis subproblem passed in 0.0s[0m
      Filtering reaction mbs_402 (398/491)...
[Atoms → Molecules] Found 250 molecules.
      [31m✗ Missing goal molecules.[0m
        [31m✗ Missing molecule synthesis subproblem failed in 0.85s[0m
      Filtering reaction mbs_403 (399/491)...
[Atoms → Molecules] Found 3 molecules.
      [32m✓ All goal molecules found.[0m
        [32m✓ Missing molecule synthesis subproblem passed in 0.0s[0m
      Filtering reaction mbs_404 (400/491)...
[Atoms → Molecules] Found 250 molecules.
      [31m✗ Missing goal molecules.[0m
        [31m✗ Missing molecule synthesis subproblem failed in 2.08s[0m
      Filtering reaction mbs_405 (401/491)...
[Atoms → Molecules] Found 6 molecules.
      [32m✓ All goal molecules found.[0m
        [32m✓ Missing molecule synthesis subproblem passed in 0.0s[0m
      Filtering reaction mbs_406 (402/491)...
[Atoms → Molecules] Found 3 molecules.
      [32m✓ All goal molecules found.[0m
        [32m✓ Missing molecule synthesis subproblem passed in 0.0s[0m
      Filtering reaction mbs_407 (403/491)...
[Atoms → Molecules] Found 3 molecules.
      [32m✓ All goal molecules found.[0m
        [32m✓ Missing molecule synthesis subproblem passed in 0.0s[0m
      Filtering reaction mbs_408 (404/491)...
[Atoms → Molecules] Found 5 molecules.
      [32m✓ All goal molecules found.[0m
        [32m✓ Missing molecule synthesis subproblem passed in 0.0s[0m
      Filtering reaction mbs_409 (405/491)...
[Atoms → Molecules] Found 5 molecules.
      [32m✓ All goal molecules found.[0m
        [32m✓ Missing molecule synthesis subproblem passed in 0.0s[0m
      Filtering reaction mbs_410 (406/491)...
[Atoms → Molecules] Found 7 molecules.
      [32m✓ All goal molecules found.[0m
        [32m✓ Missing molecule synthesis subproblem passed in 0.0s[0m
      Filtering reaction mbs_411 (407/491)...
[Atoms → Molecules] Found 10 molecules.
      [32m✓ All goal molecules found.[0m
        [32m✓ Missing molecule synthesis subproblem passed in 0.0s[0m
      Filtering reaction mbs_413 (408/491)...
[Atoms → Molecules] Found 250 molecules.
      [31m✗ Missing goal molecules.[0m
        [31m✗ Missing molecule synthesis subproblem failed in 0.93s[0m
      Filtering reaction mbs_414 (409/491)...
[Atoms → Molecules] Found 7 molecules.
      [32m✓ All goal molecules found.[0m
        [32m✓ Missing molecule synthesis subproblem passed in 0.0s[0m
      Filtering reaction mbs_415 (410/491)...
[Atoms → Molecules] Found 6 molecules.
      [32m✓ All goal molecules found.[0m
        [32m✓ Missing molecule synthesis subproblem passed in 0.0s[0m
      Filtering reaction mbs_416 (411/491)...
[Atoms → Molecules] Found 3 molecules.
      [32m✓ All goal molecules found.[0m
        [32m✓ Missing molecule synthesis subproblem passed in 0.0s[0m
      Filtering reaction mbs_417 (412/491)...
[Atoms → Molecules] Found 5 molecules.
      [32m✓ All goal molecules found.[0m
        [32m✓ Missing molecule synthesis subproblem passed in 0.0s[0m
      Filtering reaction mbs_418 (413/491)...
[Atoms → Molecules] Found 5 molecules.
      [32m✓ All goal molecules found.[0m
        [32m✓ Missing molecule synthesis subproblem passed in 0.0s[0m
      Filtering reaction mbs_419 (414/491)...
[Atoms → Molecules] Found 3 molecules.
      [32m✓ All goal molecules found.[0m
        [32m✓ Missing molecule synthesis subproblem passed in 0.0s[0m
      Filtering reaction mbs_420 (415/491)...
[Atoms → Molecules] Found 7 molecules.
      [32m✓ All goal molecules found.[0m
        [32m✓ Missing molecule synthesis subproblem passed in 0.0s[0m
      Filtering reaction mbs_421 (416/491)...
[Atoms → Molecules] Found 5 molecules.
      [32m✓ All goal molecules found.[0m
        [32m✓ Missing molecule synthesis subproblem passed in 0.0s[0m
      Filtering reaction mbs_422 (417/491)...
[Atoms → Molecules] Found 250 molecules.
      [31m✗ Missing goal molecules.[0m
        [31m✗ Missing molecule synthesis subproblem failed in 0.3s[0m
      Filtering reaction mbs_423 (418/491)...
[Atoms → Molecules] Found 3 molecules.
      [32m✓ All goal molecules found.[0m
        [32m✓ Missing molecule synthesis subproblem passed in 0.0s[0m
      Filtering reaction mbs_424 (419/491)...
[Atoms → Molecules] Found 10 molecules.
      [32m✓ All goal molecules found.[0m
        [32m✓ Missing molecule synthesis subproblem passed in 0.0s[0m
      Filtering reaction mbs_425 (420/491)...
[Atoms → Molecules] Found 3 molecules.
      [32m✓ All goal molecules found.[0m
        [32m✓ Missing molecule synthesis subproblem passed in 0.0s[0m
      Filtering reaction mbs_426 (421/491)...
[Atoms → Molecules] Found 250 molecules.
      [31m✗ Missing goal molecules.[0m
        [31m✗ Missing molecule synthesis subproblem failed in 0.91s[0m
      Filtering reaction mbs_428 (422/491)...
[Atoms → Molecules] Found 6 molecules.
      [32m✓ All goal molecules found.[0m
        [32m✓ Missing molecule synthesis subproblem passed in 0.0s[0m
      Filtering reaction mbs_429 (423/491)...
[Atoms → Molecules] Found 5 molecules.
      [32m✓ All goal molecules found.[0m
        [32m✓ Missing molecule synthesis subproblem passed in 0.0s[0m
      Filtering reaction mbs_430 (424/491)...
[Atoms → Molecules] Found 250 molecules.
      [31m✗ Missing goal molecules.[0m
        [31m✗ Missing molecule synthesis subproblem failed in 0.5s[0m
      Filtering reaction mbs_431 (425/491)...
[Atoms → Molecules] Found 3 molecules.
      [32m✓ All goal molecules found.[0m
        [32m✓ Missing molecule synthesis subproblem passed in 0.0s[0m
      Filtering reaction mbs_432 (426/491)...
[Atoms → Molecules] Found 5 molecules.
      [32m✓ All goal molecules found.[0m
        [32m✓ Missing molecule synthesis subproblem passed in 0.0s[0m
      Filtering reaction mbs_433 (427/491)...
[Atoms → Molecules] Found 5 molecules.
      [32m✓ All goal molecules found.[0m
        [32m✓ Missing molecule synthesis subproblem passed in 0.0s[0m
      Filtering reaction mbs_434 (428/491)...
[Atoms → Molecules] Found 6 molecules.
      [32m✓ All goal molecules found.[0m
        [32m✓ Missing molecule synthesis subproblem passed in 0.0s[0m
      Filtering reaction mbs_435 (429/491)...
[Atoms → Molecules] Found 3 molecules.
      [32m✓ All goal molecules found.[0m
        [32m✓ Missing molecule synthesis subproblem passed in 0.0s[0m
      Filtering reaction mbs_436 (430/491)...
[Atoms → Molecules] Found 3 molecules.
      [32m✓ All goal molecules found.[0m
        [32m✓ Missing molecule synthesis subproblem passed in 0.0s[0m
      Filtering reaction mbs_437 (431/491)...
[Atoms → Molecules] Found 7 molecules.
      [32m✓ All goal molecules found.[0m
        [32m✓ Missing molecule synthesis subproblem passed in 0.0s[0m
      Filtering reaction mbs_438 (432/491)...
[Atoms → Molecules] Found 3 molecules.
      [32m✓ All goal molecules found.[0m
        [32m✓ Missing molecule synthesis subproblem passed in 0.0s[0m
      Filtering reaction mbs_439 (433/491)...
[Atoms → Molecules] Found 3 molecules.
      [32m✓ All goal molecules found.[0m
        [32m✓ Missing molecule synthesis subproblem passed in 0.0s[0m
      Filtering reaction mbs_440 (434/491)...
[Atoms → Molecules] Found 10 molecules.
      [32m✓ All goal molecules found.[0m
        [32m✓ Missing molecule synthesis subproblem passed in 0.0s[0m
      Filtering reaction mbs_442 (435/491)...
[Atoms → Molecules] Found 3 molecules.
      [32m✓ All goal molecules found.[0m
        [32m✓ Missing molecule synthesis subproblem passed in 0.0s[0m
      Filtering reaction mbs_443 (436/491)...
[Atoms → Molecules] Found 250 molecules.
      [31m✗ Missing goal molecules.[0m
        [31m✗ Missing molecule synthesis subproblem failed in 0.88s[0m
      Filtering reaction mbs_444 (437/491)...
[Atoms → Molecules] Found 7 molecules.
      [32m✓ All goal molecules found.[0m
        [32m✓ Missing molecule synthesis subproblem passed in 0.01s[0m
      Filtering reaction mbs_445 (438/491)...
[Atoms → Molecules] Found 6 molecules.
      [32m✓ All goal molecules found.[0m
        [32m✓ Missing molecule synthesis subproblem passed in 0.0s[0m
      Filtering reaction mbs_446 (439/491)...
[Atoms → Molecules] Found 250 molecules.
      [31m✗ Missing goal molecules.[0m
        [31m✗ Missing molecule synthesis subproblem failed in 0.59s[0m
      Filtering reaction mbs_447 (440/491)...
[Atoms → Molecules] Found 250 molecules.
      [31m✗ Missing goal molecules.[0m
        [31m✗ Missing molecule synthesis subproblem failed in 0.79s[0m
      Filtering reaction mbs_448 (441/491)...
[Atoms → Molecules] Found 2 molecules.
      [32m✓ All goal molecules found.[0m
        [32m✓ Missing molecule synthesis subproblem passed in 0.0s[0m
      Filtering reaction mbs_449 (442/491)...
[Atoms → Molecules] Found 250 molecules.
      [31m✗ Missing goal molecules.[0m
        [31m✗ Missing molecule synthesis subproblem failed in 0.57s[0m
      Filtering reaction mbs_450 (443/491)...
[Atoms → Molecules] Found 250 molecules.
      [31m✗ Missing goal molecules.[0m
        [31m✗ Missing molecule synthesis subproblem failed in 0.49s[0m
      Filtering reaction mbs_451 (444/491)...
[Atoms → Molecules] Found 3 molecules.
      [32m✓ All goal molecules found.[0m
        [32m✓ Missing molecule synthesis subproblem passed in 0.0s[0m
      Filtering reaction mbs_452 (445/491)...
[Atoms → Molecules] Found 3 molecules.
      [32m✓ All goal molecules found.[0m
        [32m✓ Missing molecule synthesis subproblem passed in 0.0s[0m
      Filtering reaction mbs_453 (446/491)...
[Atoms → Molecules] Found 6 molecules.
      [32m✓ All goal molecules found.[0m
        [32m✓ Missing molecule synthesis subproblem passed in 0.0s[0m
      Filtering reaction mbs_454 (447/491)...
[Atoms → Molecules] Found 7 molecules.
      [32m✓ All goal molecules found.[0m
        [32m✓ Missing molecule synthesis subproblem passed in 0.0s[0m
      Filtering reaction mbs_455 (448/491)...
[Atoms → Molecules] Found 3 molecules.
      [32m✓ All goal molecules found.[0m
        [32m✓ Missing molecule synthesis subproblem passed in 0.0s[0m
      Filtering reaction mbs_456 (449/491)...
[Atoms → Molecules] Found 3 molecules.
      [32m✓ All goal molecules found.[0m
        [32m✓ Missing molecule synthesis subproblem passed in 0.08s[0m
      Filtering reaction mbs_457 (450/491)...
[Atoms → Molecules] Found 250 molecules.
      [31m✗ Missing goal molecules.[0m
        [31m✗ Missing molecule synthesis subproblem failed in 0.49s[0m
      Filtering reaction mbs_458 (451/491)...
[Atoms → Molecules] Found 3 molecules.
      [32m✓ All goal molecules found.[0m
        [32m✓ Missing molecule synthesis subproblem passed in 0.0s[0m
      Filtering reaction mbs_459 (452/491)...
[Atoms → Molecules] Found 7 molecules.
      [32m✓ All goal molecules found.[0m
        [32m✓ Missing molecule synthesis subproblem passed in 0.0s[0m
      Filtering reaction mbs_460 (453/491)...
[Atoms → Molecules] Found 3 molecules.
      [32m✓ All goal molecules found.[0m
        [32m✓ Missing molecule synthesis subproblem passed in 0.0s[0m
      Filtering reaction mbs_461 (454/491)...
[Atoms → Molecules] Found 5 molecules.
      [32m✓ All goal molecules found.[0m
        [32m✓ Missing molecule synthesis subproblem passed in 0.0s[0m
      Filtering reaction mbs_462 (455/491)...
[Atoms → Molecules] Found 3 molecules.
      [32m✓ All goal molecules found.[0m
        [32m✓ Missing molecule synthesis subproblem passed in 0.0s[0m
      Filtering reaction mbs_463 (456/491)...
[Atoms → Molecules] Found 13 molecules.
      [32m✓ All goal molecules found.[0m
        [32m✓ Missing molecule synthesis subproblem passed in 0.01s[0m
      Filtering reaction mbs_464 (457/491)...
[Atoms → Molecules] Found 7 molecules.
      [32m✓ All goal molecules found.[0m
        [32m✓ Missing molecule synthesis subproblem passed in 0.0s[0m
      Filtering reaction mbs_465 (458/491)...
[Atoms → Molecules] Found 3 molecules.
      [32m✓ All goal molecules found.[0m
        [32m✓ Missing molecule synthesis subproblem passed in 0.0s[0m
      Filtering reaction mbs_466 (459/491)...
[Atoms → Molecules] Found 3 molecules.
      [32m✓ All goal molecules found.[0m
        [32m✓ Missing molecule synthesis subproblem passed in 0.0s[0m
      Filtering reaction mbs_467 (460/491)...
[Atoms → Molecules] Found 3 molecules.
      [32m✓ All goal molecules found.[0m
        [32m✓ Missing molecule synthesis subproblem passed in 0.0s[0m
      Filtering reaction mbs_468 (461/491)...
[Atoms → Molecules] Found 5 molecules.
      [32m✓ All goal molecules found.[0m
        [32m✓ Missing molecule synthesis subproblem passed in 0.0s[0m
      Filtering reaction mbs_469 (462/491)...
[Atoms → Molecules] Found 3 molecules.
      [32m✓ All goal molecules found.[0m
        [32m✓ Missing molecule synthesis subproblem passed in 0.0s[0m
      Filtering reaction mbs_470 (463/491)...
[Atoms → Molecules] Found 7 molecules.
      [32m✓ All goal molecules found.[0m
        [32m✓ Missing molecule synthesis subproblem passed in 0.05s[0m
      Filtering reaction mbs_471 (464/491)...
[Atoms → Molecules] Found 5 molecules.
      [32m✓ All goal molecules found.[0m
        [32m✓ Missing molecule synthesis subproblem passed in 0.0s[0m
      Filtering reaction mbs_472 (465/491)...
[Atoms → Molecules] Found 8 molecules.
      [32m✓ All goal molecules found.[0m
        [32m✓ Missing molecule synthesis subproblem passed in 0.01s[0m
      Filtering reaction mbs_473 (466/491)...
[Atoms → Molecules] Found 3 molecules.
      [32m✓ All goal molecules found.[0m
        [32m✓ Missing molecule synthesis subproblem passed in 0.0s[0m
      Filtering reaction mbs_474 (467/491)...
[Atoms → Molecules] Found 3 molecules.
      [32m✓ All goal molecules found.[0m
        [32m✓ Missing molecule synthesis subproblem passed in 0.0s[0m
      Filtering reaction mbs_476 (468/491)...
[Atoms → Molecules] Found 5 molecules.
      [32m✓ All goal molecules found.[0m
        [32m✓ Missing molecule synthesis subproblem passed in 0.0s[0m
      Filtering reaction mbs_477 (469/491)...
[Atoms → Molecules] Found 3 molecules.
      [32m✓ All goal molecules found.[0m
        [32m✓ Missing molecule synthesis subproblem passed in 0.0s[0m
      Filtering reaction mbs_478 (470/491)...
[Atoms → Molecules] Found 6 molecules.
      [32m✓ All goal molecules found.[0m
        [32m✓ Missing molecule synthesis subproblem passed in 0.0s[0m
      Filtering reaction mbs_479 (471/491)...
[Atoms → Molecules] Found 5 molecules.
      [32m✓ All goal molecules found.[0m
        [32m✓ Missing molecule synthesis subproblem passed in 0.0s[0m
      Filtering reaction mbs_480 (472/491)...
[Atoms → Molecules] Found 5 molecules.
      [32m✓ All goal molecules found.[0m
        [32m✓ Missing molecule synthesis subproblem passed in 0.0s[0m
      Filtering reaction mbs_481 (473/491)...
[Atoms → Molecules] Found 7 molecules.
      [32m✓ All goal molecules found.[0m
        [32m✓ Missing molecule synthesis subproblem passed in 0.0s[0m
      Filtering reaction mbs_482 (474/491)...
[Atoms → Molecules] Found 3 molecules.
      [32m✓ All goal molecules found.[0m
        [32m✓ Missing molecule synthesis subproblem passed in 0.0s[0m
      Filtering reaction mbs_483 (475/491)...
[Atoms → Molecules] Found 3 molecules.
      [32m✓ All goal molecules found.[0m
        [32m✓ Missing molecule synthesis subproblem passed in 0.0s[0m
      Filtering reaction mbs_484 (476/491)...
[Atoms → Molecules] Found 5 molecules.
      [32m✓ All goal molecules found.[0m
        [32m✓ Missing molecule synthesis subproblem passed in 0.0s[0m
      Filtering reaction mbs_485 (477/491)...
[Atoms → Molecules] Found 5 molecules.
      [32m✓ All goal molecules found.[0m
        [32m✓ Missing molecule synthesis subproblem passed in 0.0s[0m
      Filtering reaction mbs_486 (478/491)...
[Atoms → Molecules] Found 5 molecules.
      [32m✓ All goal molecules found.[0m
        [32m✓ Missing molecule synthesis subproblem passed in 0.0s[0m
      Filtering reaction mbs_487 (479/491)...
[Atoms → Molecules] Found 3 molecules.
      [32m✓ All goal molecules found.[0m
        [32m✓ Missing molecule synthesis subproblem passed in 0.02s[0m
      Filtering reaction mbs_488 (480/491)...
[Atoms → Molecules] Found 6 molecules.
      [32m✓ All goal molecules found.[0m
        [32m✓ Missing molecule synthesis subproblem passed in 0.0s[0m
      Filtering reaction mbs_489 (481/491)...
[Atoms → Molecules] Found 3 molecules.
      [32m✓ All goal molecules found.[0m
        [32m✓ Missing molecule synthesis subproblem passed in 0.0s[0m
      Filtering reaction mbs_490 (482/491)...
[Atoms → Molecules] Found 5 molecules.
      [32m✓ All goal molecules found.[0m
        [32m✓ Missing molecule synthesis subproblem passed in 0.0s[0m
      Filtering reaction mbs_491 (483/491)...
[Atoms → Molecules] Found 5 molecules.
      [32m✓ All goal molecules found.[0m
        [32m✓ Missing molecule synthesis subproblem passed in 0.0s[0m
      Filtering reaction mbs_492 (484/491)...
[Atoms → Molecules] Found 6 molecules.
      [32m✓ All goal molecules found.[0m
        [32m✓ Missing molecule synthesis subproblem passed in 0.0s[0m
      Filtering reaction mbs_493 (485/491)...
[Atoms → Molecules] Found 7 molecules.
      [32m✓ All goal molecules found.[0m
        [32m✓ Missing molecule synthesis subproblem passed in 0.0s[0m
      Filtering reaction mbs_494 (486/491)...
[Atoms → Molecules] Found 5 molecules.
      [32m✓ All goal molecules found.[0m
        [32m✓ Missing molecule synthesis subproblem passed in 0.0s[0m
      Filtering reaction mbs_495 (487/491)...
[Atoms → Molecules] Found 6 molecules.
      [32m✓ All goal molecules found.[0m
        [32m✓ Missing molecule synthesis subproblem passed in 0.0s[0m
      Filtering reaction mbs_496 (488/491)...
[Atoms → Molecules] Found 5 molecules.
      [32m✓ All goal molecules found.[0m
        [32m✓ Missing molecule synthesis subproblem passed in 0.0s[0m
      Filtering reaction mbs_497 (489/491)...
[Atoms → Molecules] Found 6 molecules.
      [32m✓ All goal molecules found.[0m
        [32m✓ Missing molecule synthesis subproblem passed in 0.0s[0m
      Filtering reaction mbs_498 (490/491)...
[Atoms → Molecules] Found 3 molecules.
      [32m✓ All goal molecules found.[0m
        [32m✓ Missing molecule synthesis subproblem passed in 0.0s[0m
      Filtering reaction mbs_499 (491/491)...
[Atoms → Molecules] Found 3 molecules.
      [32m✓ All goal molecules found.[0m
        [32m✓ Missing molecule synthesis subproblem passed in 0.0s[0m

  [1mSimilarity Metric: none[0m
      Evaluating reaction mbs_1 (1/491)...
[Problem → Reactions] Found 1064 reactions, 250 molecules.
      [32m✓ All goal molecules found.[0m
      [32m✓ All goal reactions found.[0m
        [32m✓ Target reaction successfully synthesized in 4.7s![0m
      Evaluating reaction mbs_2 (2/491)...
[Problem → Reactions] Found 1064 reactions, 250 molecules.
      [32m✓ All goal molecules found.[0m
      [32m✓ All goal reactions found.[0m
        [32m✓ Target reaction successfully synthesized in 5.85s![0m
      Evaluating reaction mbs_3 (3/491)...
[Problem → Reactions] Found 1064 reactions, 250 molecules.
      [32m✓ All goal molecules found.[0m
      [32m✓ All goal reactions found.[0m
        [32m✓ Target reaction successfully synthesized in 4.63s![0m
      Evaluating reaction mbs_4 (4/491)...
[Problem → Reactions] Found 1056 reactions, 250 molecules.
      [32m✓ All goal molecules found.[0m
      [32m✓ All goal reactions found.[0m
        [32m✓ Target reaction successfully synthesized in 5.69s![0m
      Evaluating reaction mbs_5 (5/491)...
[Problem → Reactions] Found 1022 reactions, 250 molecules.
      [32m✓ All goal molecules found.[0m
      [32m✓ All goal reactions found.[0m
        [32m✓ Target reaction successfully synthesized in 5.81s![0m
      Evaluating reaction mbs_6 (6/491)...
[Problem → Reactions] Found 1261 reactions, 250 molecules.
      [32m✓ All goal molecules found.[0m
      [32m✓ All goal reactions found.[0m
        [32m✓ Target reaction successfully synthesized in 0.67s![0m
      Evaluating reaction mbs_7 (7/491)...
[Problem → Reactions] Found 668 reactions, 250 molecules.
      [32m✓ All goal molecules found.[0m
      [32m✓ All goal reactions found.[0m
        [32m✓ Target reaction successfully synthesized in 4.52s![0m
      Evaluating reaction mbs_8 (8/491)...
        [31m✗ Skipped reaction synthesis (missing molecule synthesis subproblem failed).[0m
      Evaluating reaction mbs_9 (9/491)...
[Problem → Reactions] Found 1252 reactions, 250 molecules.
      [32m✓ All goal molecules found.[0m
      [32m✓ All goal reactions found.[0m
        [32m✓ Target reaction successfully synthesized in 3.95s![0m
      Evaluating reaction mbs_10 (10/491)...
[Problem → Reactions] Found 2502 reactions, 250 molecules.
      [32m✓ All goal molecules found.[0m
      [32m✓ All goal reactions found.[0m
        [32m✓ Target reaction successfully synthesized in 6.71s![0m
      Evaluating reaction mbs_11 (11/491)...
[Problem → Reactions] Found 798 reactions, 250 molecules.
      [32m✓ All goal molecules found.[0m
      [32m✓ All goal reactions found.[0m
        [32m✓ Target reaction successfully synthesized in 4.14s![0m
      Evaluating reaction mbs_12 (12/491)...
[Problem → Reactions] Found 798 reactions, 250 molecules.
      [32m✓ All goal molecules found.[0m
      [32m✓ All goal reactions found.[0m
        [32m✓ Target reaction successfully synthesized in 4.58s![0m
      Evaluating reaction mbs_13 (13/491)...
[Problem → Reactions] Found 1261 reactions, 250 molecules.
      [32m✓ All goal molecules found.[0m
      [32m✓ All goal reactions found.[0m
        [32m✓ Target reaction successfully synthesized in 0.69s![0m
      Evaluating reaction mbs_14 (14/491)...
[Problem → Reactions] Found 461 reactions, 250 molecules.
      [32m✓ All goal molecules found.[0m
      [32m✓ All goal reactions found.[0m
        [32m✓ Target reaction successfully synthesized in 0.65s![0m
      Evaluating reaction mbs_15 (15/491)...
[Problem → Reactions] Found 2164 reactions, 250 molecules.
      [32m✓ All goal molecules found.[0m
      [32m✓ All goal reactions found.[0m
        [32m✓ Target reaction successfully synthesized in 5.47s![0m
      Evaluating reaction mbs_16 (16/491)...
[Problem → Reactions] Found 1064 reactions, 250 molecules.
      [32m✓ All goal molecules found.[0m
      [32m✓ All goal reactions found.[0m
        [32m✓ Target reaction successfully synthesized in 4.62s![0m
      Evaluating reaction mbs_17 (17/491)...
[Problem → Reactions] Found 508 reactions, 250 molecules.
      [32m✓ All goal molecules found.[0m
      [32m✓ All goal reactions found.[0m
        [32m✓ Target reaction successfully synthesized in 3.83s![0m
      Evaluating reaction mbs_18 (18/491)...
[Problem → Reactions] Found 1414 reactions, 250 molecules.
      [32m✓ All goal molecules found.[0m
      [32m✓ All goal reactions found.[0m
        [32m✓ Target reaction successfully synthesized in 6.04s![0m
      Evaluating reaction mbs_19 (19/491)...
[Problem → Reactions] Found 2542 reactions, 250 molecules.
      [32m✓ All goal molecules found.[0m
      [32m✓ All goal reactions found.[0m
        [32m✓ Target reaction successfully synthesized in 5.96s![0m
      Evaluating reaction mbs_20 (20/491)...
[Problem → Reactions] Found 1252 reactions, 250 molecules.
      [32m✓ All goal molecules found.[0m
      [32m✓ All goal reactions found.[0m
        [32m✓ Target reaction successfully synthesized in 5.31s![0m
      Evaluating reaction mbs_21 (21/491)...
        [31m✗ Skipped reaction synthesis (missing molecule synthesis subproblem failed).[0m
      Evaluating reaction mbs_22 (22/491)...
[Problem → Reactions] Found 1261 reactions, 250 molecules.
      [32m✓ All goal molecules found.[0m
      [32m✓ All goal reactions found.[0m
        [32m✓ Target reaction successfully synthesized in 0.69s![0m
      Evaluating reaction mbs_23 (23/491)...
[Problem → Reactions] Found 2542 reactions, 250 molecules.
      [32m✓ All goal molecules found.[0m
      [32m✓ All goal reactions found.[0m
        [32m✓ Target reaction successfully synthesized in 6.33s![0m
      Evaluating reaction mbs_24 (24/491)...
[Problem → Reactions] Found 2524 reactions, 250 molecules.
      [32m✓ All goal molecules found.[0m
      [32m✓ All goal reactions found.[0m
        [32m✓ Target reaction successfully synthesized in 6.71s![0m
      Evaluating reaction mbs_25 (25/491)...
[Problem → Reactions] Found 1261 reactions, 250 molecules.
      [32m✓ All goal molecules found.[0m
      [32m✓ All goal reactions found.[0m
        [32m✓ Target reaction successfully synthesized in 0.65s![0m
      Evaluating reaction mbs_26 (26/491)...
[Problem → Reactions] Found 1056 reactions, 250 molecules.
      [32m✓ All goal molecules found.[0m
      [32m✓ All goal reactions found.[0m
        [32m✓ Target reaction successfully synthesized in 4.85s![0m
      Evaluating reaction mbs_27 (27/491)...
[Problem → Reactions] Found 2524 reactions, 250 molecules.
      [32m✓ All goal molecules found.[0m
      [32m✓ All goal reactions found.[0m
        [32m✓ Target reaction successfully synthesized in 6.72s![0m
      Evaluating reaction mbs_28 (28/491)...
[Problem → Reactions] Found 798 reactions, 250 molecules.
      [32m✓ All goal molecules found.[0m
      [32m✓ All goal reactions found.[0m
        [32m✓ Target reaction successfully synthesized in 4.05s![0m
      Evaluating reaction mbs_29 (29/491)...
[Problem → Reactions] Found 2542 reactions, 250 molecules.
      [32m✓ All goal molecules found.[0m
      [32m✓ All goal reactions found.[0m
        [32m✓ Target reaction successfully synthesized in 7.17s![0m
      Evaluating reaction mbs_30 (30/491)...
[Problem → Reactions] Found 798 reactions, 250 molecules.
      [32m✓ All goal molecules found.[0m
      [32m✓ All goal reactions found.[0m
        [32m✓ Target reaction successfully synthesized in 4.07s![0m
      Evaluating reaction mbs_31 (31/491)...
[Problem → Reactions] Found 497 reactions, 250 molecules.
      [32m✓ All goal molecules found.[0m
      [32m✓ All goal reactions found.[0m
        [32m✓ Target reaction successfully synthesized in 1.76s![0m
      Evaluating reaction mbs_32 (32/491)...
[Problem → Reactions] Found 596 reactions, 250 molecules.
      [32m✓ All goal molecules found.[0m
      [32m✓ All goal reactions found.[0m
        [32m✓ Target reaction successfully synthesized in 5.42s![0m
      Evaluating reaction mbs_33 (33/491)...
[Problem → Reactions] Found 1261 reactions, 250 molecules.
      [32m✓ All goal molecules found.[0m
      [32m✓ All goal reactions found.[0m
        [32m✓ Target reaction successfully synthesized in 0.69s![0m
      Evaluating reaction mbs_34 (34/491)...
        [31m✗ Skipped reaction synthesis (missing molecule synthesis subproblem failed).[0m
      Evaluating reaction mbs_35 (35/491)...
[Problem → Reactions] Found 1252 reactions, 250 molecules.
      [32m✓ All goal molecules found.[0m
      [32m✓ All goal reactions found.[0m
        [32m✓ Target reaction successfully synthesized in 4.35s![0m
      Evaluating reaction mbs_36 (36/491)...
[Problem → Reactions] Found 2524 reactions, 250 molecules.
      [32m✓ All goal molecules found.[0m
      [32m✓ All goal reactions found.[0m
        [32m✓ Target reaction successfully synthesized in 6.27s![0m
      Evaluating reaction mbs_37 (37/491)...
[Problem → Reactions] Found 604 reactions, 250 molecules.
      [32m✓ All goal molecules found.[0m
      [32m✓ All goal reactions found.[0m
        [32m✓ Target reaction successfully synthesized in 4.18s![0m
      Evaluating reaction mbs_38 (38/491)...
[Problem → Reactions] Found 1261 reactions, 250 molecules.
      [32m✓ All goal molecules found.[0m
      [32m✓ All goal reactions found.[0m
        [32m✓ Target reaction successfully synthesized in 0.69s![0m
      Evaluating reaction mbs_39 (39/491)...
[Problem → Reactions] Found 2164 reactions, 250 molecules.
      [32m✓ All goal molecules found.[0m
      [32m✓ All goal reactions found.[0m
        [32m✓ Target reaction successfully synthesized in 4.58s![0m
      Evaluating reaction mbs_40 (40/491)...
[Problem → Reactions] Found 1328 reactions, 250 molecules.
      [32m✓ All goal molecules found.[0m
      [32m✓ All goal reactions found.[0m
        [32m✓ Target reaction successfully synthesized in 4.74s![0m
      Evaluating reaction mbs_41 (41/491)...
[Problem → Reactions] Found 1049 reactions, 250 molecules.
      [32m✓ All goal molecules found.[0m
      [32m✓ All goal reactions found.[0m
        [32m✓ Target reaction successfully synthesized in 2.05s![0m
      Evaluating reaction mbs_42 (42/491)...
[Problem → Reactions] Found 1261 reactions, 250 molecules.
      [32m✓ All goal molecules found.[0m
      [32m✓ All goal reactions found.[0m
        [32m✓ Target reaction successfully synthesized in 0.78s![0m
      Evaluating reaction mbs_43 (43/491)...
[Problem → Reactions] Found 1064 reactions, 250 molecules.
      [32m✓ All goal molecules found.[0m
      [32m✓ All goal reactions found.[0m
        [32m✓ Target reaction successfully synthesized in 4.58s![0m
      Evaluating reaction mbs_44 (44/491)...
[Problem → Reactions] Found 2542 reactions, 250 molecules.
      [32m✓ All goal molecules found.[0m
      [32m✓ All goal reactions found.[0m
        [32m✓ Target reaction successfully synthesized in 6.92s![0m
      Evaluating reaction mbs_45 (45/491)...
[Problem → Reactions] Found 372 reactions, 250 molecules.
      [32m✓ All goal molecules found.[0m
      [32m✓ All goal reactions found.[0m
        [32m✓ Target reaction successfully synthesized in 4.05s![0m
      Evaluating reaction mbs_46 (46/491)...
[Problem → Reactions] Found 508 reactions, 250 molecules.
      [32m✓ All goal molecules found.[0m
      [32m✓ All goal reactions found.[0m
        [32m✓ Target reaction successfully synthesized in 4.52s![0m
      Evaluating reaction mbs_47 (47/491)...
        [31m✗ Skipped reaction synthesis (missing molecule synthesis subproblem failed).[0m
      Evaluating reaction mbs_48 (48/491)...
[Problem → Reactions] Found 1252 reactions, 250 molecules.
      [32m✓ All goal molecules found.[0m
      [32m✓ All goal reactions found.[0m
        [32m✓ Target reaction successfully synthesized in 3.9s![0m
      Evaluating reaction mbs_49 (49/491)...
[Problem → Reactions] Found 1261 reactions, 250 molecules.
      [32m✓ All goal molecules found.[0m
      [32m✓ All goal reactions found.[0m
        [32m✓ Target reaction successfully synthesized in 1.71s![0m
      Evaluating reaction mbs_50 (50/491)...
[Problem → Reactions] Found 1068 reactions, 250 molecules.
      [32m✓ All goal molecules found.[0m
      [32m✓ All goal reactions found.[0m
        [32m✓ Target reaction successfully synthesized in 4.39s![0m
      Evaluating reaction mbs_51 (51/491)...
[Problem → Reactions] Found 750 reactions, 250 molecules.
      [32m✓ All goal molecules found.[0m
      [32m✓ All goal reactions found.[0m
        [32m✓ Target reaction successfully synthesized in 4.53s![0m
      Evaluating reaction mbs_52 (52/491)...
[Problem → Reactions] Found 1261 reactions, 250 molecules.
      [32m✓ All goal molecules found.[0m
      [32m✓ All goal reactions found.[0m
        [32m✓ Target reaction successfully synthesized in 0.69s![0m
      Evaluating reaction mbs_53 (53/491)...
[Problem → Reactions] Found 1064 reactions, 250 molecules.
      [32m✓ All goal molecules found.[0m
      [32m✓ All goal reactions found.[0m
        [32m✓ Target reaction successfully synthesized in 4.63s![0m
      Evaluating reaction mbs_54 (54/491)...
[Problem → Reactions] Found 798 reactions, 250 molecules.
      [32m✓ All goal molecules found.[0m
      [32m✓ All goal reactions found.[0m
        [32m✓ Target reaction successfully synthesized in 5.41s![0m
      Evaluating reaction mbs_55 (55/491)...
[Problem → Reactions] Found 1064 reactions, 250 molecules.
      [32m✓ All goal molecules found.[0m
      [32m✓ All goal reactions found.[0m
        [32m✓ Target reaction successfully synthesized in 4.57s![0m
      Evaluating reaction mbs_56 (56/491)...
[Problem → Reactions] Found 1064 reactions, 250 molecules.
      [32m✓ All goal molecules found.[0m
      [32m✓ All goal reactions found.[0m
        [32m✓ Target reaction successfully synthesized in 4.23s![0m
      Evaluating reaction mbs_57 (57/491)...
[Problem → Reactions] Found 730 reactions, 250 molecules.
      [32m✓ All goal molecules found.[0m
      [32m✓ All goal reactions found.[0m
        [32m✓ Target reaction successfully synthesized in 4.98s![0m
      Evaluating reaction mbs_58 (58/491)...
        [31m✗ Skipped reaction synthesis (missing molecule synthesis subproblem failed).[0m
      Evaluating reaction mbs_59 (59/491)...
[Problem → Reactions] Found 2085 reactions, 250 molecules.
      [32m✓ All goal molecules found.[0m
      [32m✓ All goal reactions found.[0m
        [32m✓ Target reaction successfully synthesized in 1.08s![0m
      Evaluating reaction mbs_60 (60/491)...
[Problem → Reactions] Found 1064 reactions, 250 molecules.
      [32m✓ All goal molecules found.[0m
      [32m✓ All goal reactions found.[0m
        [32m✓ Target reaction successfully synthesized in 4.7s![0m
      Evaluating reaction mbs_61 (61/491)...
        [31m✗ Skipped reaction synthesis (missing molecule synthesis subproblem failed).[0m
      Evaluating reaction mbs_62 (62/491)...
        [31m✗ Skipped reaction synthesis (missing molecule synthesis subproblem failed).[0m
      Evaluating reaction mbs_63 (63/491)...
        [31m✗ Skipped reaction synthesis (missing molecule synthesis subproblem failed).[0m
      Evaluating reaction mbs_64 (64/491)...
[Problem → Reactions] Found 1261 reactions, 250 molecules.
      [32m✓ All goal molecules found.[0m
      [32m✓ All goal reactions found.[0m
        [32m✓ Target reaction successfully synthesized in 0.69s![0m
      Evaluating reaction mbs_65 (65/491)...
[Problem → Reactions] Found 1252 reactions, 250 molecules.
      [32m✓ All goal molecules found.[0m
      [32m✓ All goal reactions found.[0m
        [32m✓ Target reaction successfully synthesized in 4.27s![0m
      Evaluating reaction mbs_66 (66/491)...
[Problem → Reactions] Found 358 reactions, 250 molecules.
      [32m✓ All goal molecules found.[0m
      [32m✓ All goal reactions found.[0m
        [32m✓ Target reaction successfully synthesized in 5.41s![0m
      Evaluating reaction mbs_67 (67/491)...
[Problem → Reactions] Found 759 reactions, 250 molecules.
      [32m✓ All goal molecules found.[0m
      [32m✓ All goal reactions found.[0m
        [32m✓ Target reaction successfully synthesized in 0.69s![0m
      Evaluating reaction mbs_68 (68/491)...
[Problem → Reactions] Found 2542 reactions, 250 molecules.
      [32m✓ All goal molecules found.[0m
      [32m✓ All goal reactions found.[0m
        [32m✓ Target reaction successfully synthesized in 6.87s![0m
      Evaluating reaction mbs_69 (69/491)...
[Problem → Reactions] Found 604 reactions, 250 molecules.
      [32m✓ All goal molecules found.[0m
      [32m✓ All goal reactions found.[0m
        [32m✓ Target reaction successfully synthesized in 4.24s![0m
      Evaluating reaction mbs_70 (70/491)...
[Problem → Reactions] Found 1324 reactions, 250 molecules.
      [32m✓ All goal molecules found.[0m
      [32m✓ All goal reactions found.[0m
        [32m✓ Target reaction successfully synthesized in 4.62s![0m
      Evaluating reaction mbs_71 (71/491)...
        [31m✗ Skipped reaction synthesis (missing molecule synthesis subproblem failed).[0m
      Evaluating reaction mbs_72 (72/491)...
[Problem → Reactions] Found 284 reactions, 250 molecules.
      [32m✓ All goal molecules found.[0m
      [32m✓ All goal reactions found.[0m
        [32m✓ Target reaction successfully synthesized in 4.67s![0m
      Evaluating reaction mbs_73 (73/491)...
[Problem → Reactions] Found 1197 reactions, 250 molecules.
      [32m✓ All goal molecules found.[0m
      [32m✓ All goal reactions found.[0m
        [32m✓ Target reaction successfully synthesized in 0.61s![0m
      Evaluating reaction mbs_74 (74/491)...
[Problem → Reactions] Found 1261 reactions, 250 molecules.
      [32m✓ All goal molecules found.[0m
      [32m✓ All goal reactions found.[0m
        [32m✓ Target reaction successfully synthesized in 1.85s![0m
      Evaluating reaction mbs_75 (75/491)...
        [31m✗ Skipped reaction synthesis (missing molecule synthesis subproblem failed).[0m
      Evaluating reaction mbs_76 (76/491)...
[Problem → Reactions] Found 1064 reactions, 250 molecules.
      [32m✓ All goal molecules found.[0m
      [32m✓ All goal reactions found.[0m
        [32m✓ Target reaction successfully synthesized in 4.64s![0m
      Evaluating reaction mbs_77 (77/491)...
[Problem → Reactions] Found 1261 reactions, 250 molecules.
      [32m✓ All goal molecules found.[0m
      [32m✓ All goal reactions found.[0m
        [32m✓ Target reaction successfully synthesized in 0.68s![0m
      Evaluating reaction mbs_78 (78/491)...
[Problem → Reactions] Found 2542 reactions, 250 molecules.
      [32m✓ All goal molecules found.[0m
      [32m✓ All goal reactions found.[0m
        [32m✓ Target reaction successfully synthesized in 6.09s![0m
      Evaluating reaction mbs_79 (79/491)...
[Problem → Reactions] Found 1261 reactions, 250 molecules.
      [32m✓ All goal molecules found.[0m
      [32m✓ All goal reactions found.[0m
        [32m✓ Target reaction successfully synthesized in 1.71s![0m
      Evaluating reaction mbs_80 (80/491)...
[Problem → Reactions] Found 750 reactions, 250 molecules.
      [32m✓ All goal molecules found.[0m
      [32m✓ All goal reactions found.[0m
        [32m✓ Target reaction successfully synthesized in 4.0s![0m
      Evaluating reaction mbs_81 (81/491)...
[Problem → Reactions] Found 2542 reactions, 250 molecules.
      [32m✓ All goal molecules found.[0m
      [32m✓ All goal reactions found.[0m
        [32m✓ Target reaction successfully synthesized in 6.24s![0m
      Evaluating reaction mbs_82 (82/491)...
[Problem → Reactions] Found 1064 reactions, 250 molecules.
      [32m✓ All goal molecules found.[0m
      [32m✓ All goal reactions found.[0m
        [32m✓ Target reaction successfully synthesized in 4.48s![0m
      Evaluating reaction mbs_83 (83/491)...
[Problem → Reactions] Found 1252 reactions, 250 molecules.
      [32m✓ All goal molecules found.[0m
      [32m✓ All goal reactions found.[0m
        [32m✓ Target reaction successfully synthesized in 5.4s![0m
      Evaluating reaction mbs_84 (84/491)...
[Problem → Reactions] Found 1064 reactions, 250 molecules.
      [32m✓ All goal molecules found.[0m
      [32m✓ All goal reactions found.[0m
        [32m✓ Target reaction successfully synthesized in 4.72s![0m
      Evaluating reaction mbs_85 (85/491)...
[Problem → Reactions] Found 1056 reactions, 250 molecules.
      [32m✓ All goal molecules found.[0m
      [32m✓ All goal reactions found.[0m
        [32m✓ Target reaction successfully synthesized in 4.47s![0m
      Evaluating reaction mbs_86 (86/491)...
[Problem → Reactions] Found 2542 reactions, 250 molecules.
      [32m✓ All goal molecules found.[0m
      [32m✓ All goal reactions found.[0m
        [32m✓ Target reaction successfully synthesized in 5.98s![0m
      Evaluating reaction mbs_87 (87/491)...
[Problem → Reactions] Found 1064 reactions, 250 molecules.
      [32m✓ All goal molecules found.[0m
      [32m✓ All goal reactions found.[0m
        [32m✓ Target reaction successfully synthesized in 5.8s![0m
      Evaluating reaction mbs_88 (88/491)...
        [31m✗ Skipped reaction synthesis (missing molecule synthesis subproblem failed).[0m
      Evaluating reaction mbs_89 (89/491)...
[Problem → Reactions] Found 1064 reactions, 250 molecules.
      [32m✓ All goal molecules found.[0m
      [32m✓ All goal reactions found.[0m
        [32m✓ Target reaction successfully synthesized in 4.45s![0m
      Evaluating reaction mbs_90 (90/491)...
[Problem → Reactions] Found 798 reactions, 250 molecules.
      [32m✓ All goal molecules found.[0m
      [32m✓ All goal reactions found.[0m
        [32m✓ Target reaction successfully synthesized in 4.51s![0m
      Evaluating reaction mbs_91 (91/491)...
        [31m✗ Skipped reaction synthesis (missing molecule synthesis subproblem failed).[0m
      Evaluating reaction mbs_92 (92/491)...
[Problem → Reactions] Found 980 reactions, 250 molecules.
      [32m✓ All goal molecules found.[0m
      [32m✓ All goal reactions found.[0m
        [32m✓ Target reaction successfully synthesized in 5.45s![0m
      Evaluating reaction mbs_93 (93/491)...
[Problem → Reactions] Found 1064 reactions, 250 molecules.
      [32m✓ All goal molecules found.[0m
      [32m✓ All goal reactions found.[0m
        [32m✓ Target reaction successfully synthesized in 6.01s![0m
      Evaluating reaction mbs_94 (94/491)...
[Problem → Reactions] Found 750 reactions, 250 molecules.
      [32m✓ All goal molecules found.[0m
      [32m✓ All goal reactions found.[0m
        [32m✓ Target reaction successfully synthesized in 4.3s![0m
      Evaluating reaction mbs_95 (95/491)...
[Problem → Reactions] Found 2085 reactions, 250 molecules.
      [32m✓ All goal molecules found.[0m
      [32m✓ All goal reactions found.[0m
        [32m✓ Target reaction successfully synthesized in 1.15s![0m
      Evaluating reaction mbs_96 (96/491)...
        [31m✗ Skipped reaction synthesis (missing molecule synthesis subproblem failed).[0m
      Evaluating reaction mbs_97 (97/491)...
[Problem → Reactions] Found 1252 reactions, 250 molecules.
      [32m✓ All goal molecules found.[0m
      [32m✓ All goal reactions found.[0m
        [32m✓ Target reaction successfully synthesized in 4.53s![0m
      Evaluating reaction mbs_98 (98/491)...
[Problem → Reactions] Found 798 reactions, 250 molecules.
      [32m✓ All goal molecules found.[0m
      [32m✓ All goal reactions found.[0m
        [32m✓ Target reaction successfully synthesized in 4.87s![0m
      Evaluating reaction mbs_99 (99/491)...
[Problem → Reactions] Found 1022 reactions, 250 molecules.
      [32m✓ All goal molecules found.[0m
      [32m✓ All goal reactions found.[0m
        [32m✓ Target reaction successfully synthesized in 4.59s![0m
      Evaluating reaction mbs_100 (100/491)...
[Problem → Reactions] Found 2528 reactions, 250 molecules.
      [32m✓ All goal molecules found.[0m
      [32m✓ All goal reactions found.[0m
        [32m✓ Target reaction successfully synthesized in 5.59s![0m
      Evaluating reaction mbs_101 (101/491)...
[Problem → Reactions] Found 1261 reactions, 250 molecules.
      [32m✓ All goal molecules found.[0m
      [32m✓ All goal reactions found.[0m
        [32m✓ Target reaction successfully synthesized in 0.65s![0m
      Evaluating reaction mbs_102 (102/491)...
[Problem → Reactions] Found 1064 reactions, 250 molecules.
      [32m✓ All goal molecules found.[0m
      [32m✓ All goal reactions found.[0m
        [32m✓ Target reaction successfully synthesized in 5.83s![0m
      Evaluating reaction mbs_103 (103/491)...
[Problem → Reactions] Found 668 reactions, 250 molecules.
      [32m✓ All goal molecules found.[0m
      [32m✓ All goal reactions found.[0m
        [32m✓ Target reaction successfully synthesized in 4.14s![0m
      Evaluating reaction mbs_104 (104/491)...
[Problem → Reactions] Found 452 reactions, 250 molecules.
      [32m✓ All goal molecules found.[0m
      [32m✓ All goal reactions found.[0m
        [32m✓ Target reaction successfully synthesized in 4.25s![0m
      Evaluating reaction mbs_105 (105/491)...
[Problem → Reactions] Found 2524 reactions, 250 molecules.
      [32m✓ All goal molecules found.[0m
      [32m✓ All goal reactions found.[0m
        [32m✓ Target reaction successfully synthesized in 6.74s![0m
      Evaluating reaction mbs_106 (106/491)...
        [31m✗ Skipped reaction synthesis (missing molecule synthesis subproblem failed).[0m
      Evaluating reaction mbs_107 (107/491)...
[Problem → Reactions] Found 1252 reactions, 250 molecules.
      [32m✓ All goal molecules found.[0m
      [32m✓ All goal reactions found.[0m
        [32m✓ Target reaction successfully synthesized in 4.0s![0m
      Evaluating reaction mbs_108 (108/491)...
[Problem → Reactions] Found 1064 reactions, 250 molecules.
      [32m✓ All goal molecules found.[0m
      [32m✓ All goal reactions found.[0m
        [32m✓ Target reaction successfully synthesized in 4.86s![0m
      Evaluating reaction mbs_109 (109/491)...
[Problem → Reactions] Found 1064 reactions, 250 molecules.
      [32m✓ All goal molecules found.[0m
      [32m✓ All goal reactions found.[0m
        [32m✓ Target reaction successfully synthesized in 4.59s![0m
      Evaluating reaction mbs_110 (110/491)...
[Problem → Reactions] Found 1261 reactions, 250 molecules.
      [32m✓ All goal molecules found.[0m
      [32m✓ All goal reactions found.[0m
        [32m✓ Target reaction successfully synthesized in 0.69s![0m
      Evaluating reaction mbs_111 (111/491)...
[Problem → Reactions] Found 2502 reactions, 250 molecules.
      [32m✓ All goal molecules found.[0m
      [32m✓ All goal reactions found.[0m
        [32m✓ Target reaction successfully synthesized in 6.66s![0m
      Evaluating reaction mbs_112 (112/491)...
        [31m✗ Skipped reaction synthesis (missing molecule synthesis subproblem failed).[0m
      Evaluating reaction mbs_113 (113/491)...
[Problem → Reactions] Found 750 reactions, 250 molecules.
      [32m✓ All goal molecules found.[0m
      [32m✓ All goal reactions found.[0m
        [32m✓ Target reaction successfully synthesized in 4.13s![0m
      Evaluating reaction mbs_114 (114/491)...
[Problem → Reactions] Found 1064 reactions, 250 molecules.
      [32m✓ All goal molecules found.[0m
      [32m✓ All goal reactions found.[0m
        [32m✓ Target reaction successfully synthesized in 4.92s![0m
      Evaluating reaction mbs_115 (115/491)...
        [31m✗ Skipped reaction synthesis (missing molecule synthesis subproblem failed).[0m
      Evaluating reaction mbs_116 (116/491)...
[Problem → Reactions] Found 1066 reactions, 250 molecules.
      [32m✓ All goal molecules found.[0m
      [32m✓ All goal reactions found.[0m
        [32m✓ Target reaction successfully synthesized in 5.64s![0m
      Evaluating reaction mbs_117 (117/491)...
        [31m✗ Skipped reaction synthesis (missing molecule synthesis subproblem failed).[0m
      Evaluating reaction mbs_118 (118/491)...
[Problem → Reactions] Found 30000 reactions, 250 molecules.
      [32m✓ All goal molecules found.[0m
      [31m✗ Missing goal reactions.[0m
        [31m✗ Synthesis failed or timed out in 65.77s.[0m
      Evaluating reaction mbs_119 (119/491)...
        [31m✗ Skipped reaction synthesis (missing molecule synthesis subproblem failed).[0m
      Evaluating reaction mbs_120 (120/491)...
[Problem → Reactions] Found 2570 reactions, 250 molecules.
      [32m✓ All goal molecules found.[0m
      [32m✓ All goal reactions found.[0m
        [32m✓ Target reaction successfully synthesized in 5.78s![0m
      Evaluating reaction mbs_121 (121/491)...
[Problem → Reactions] Found 2542 reactions, 250 molecules.
      [32m✓ All goal molecules found.[0m
      [32m✓ All goal reactions found.[0m
        [32m✓ Target reaction successfully synthesized in 6.0s![0m
      Evaluating reaction mbs_122 (122/491)...
[Problem → Reactions] Found 750 reactions, 250 molecules.
      [32m✓ All goal molecules found.[0m
      [32m✓ All goal reactions found.[0m
        [32m✓ Target reaction successfully synthesized in 4.01s![0m
      Evaluating reaction mbs_123 (123/491)...
[Problem → Reactions] Found 1261 reactions, 250 molecules.
      [32m✓ All goal molecules found.[0m
      [32m✓ All goal reactions found.[0m
        [32m✓ Target reaction successfully synthesized in 1.64s![0m
      Evaluating reaction mbs_124 (124/491)...
[Problem → Reactions] Found 2115 reactions, 250 molecules.
      [32m✓ All goal molecules found.[0m
      [32m✓ All goal reactions found.[0m
        [32m✓ Target reaction successfully synthesized in 2.31s![0m
      Evaluating reaction mbs_125 (125/491)...
[Problem → Reactions] Found 1064 reactions, 250 molecules.
      [32m✓ All goal molecules found.[0m
      [32m✓ All goal reactions found.[0m
        [32m✓ Target reaction successfully synthesized in 4.79s![0m
      Evaluating reaction mbs_126 (126/491)...
[Problem → Reactions] Found 353 reactions, 250 molecules.
      [32m✓ All goal molecules found.[0m
      [32m✓ All goal reactions found.[0m
        [32m✓ Target reaction successfully synthesized in 0.62s![0m
      Evaluating reaction mbs_127 (127/491)...
        [31m✗ Skipped reaction synthesis (missing molecule synthesis subproblem failed).[0m
      Evaluating reaction mbs_128 (128/491)...
[Problem → Reactions] Found 602 reactions, 250 molecules.
      [32m✓ All goal molecules found.[0m
      [32m✓ All goal reactions found.[0m
        [32m✓ Target reaction successfully synthesized in 4.88s![0m
      Evaluating reaction mbs_129 (129/491)...
[Problem → Reactions] Found 2085 reactions, 250 molecules.
      [32m✓ All goal molecules found.[0m
      [32m✓ All goal reactions found.[0m
        [32m✓ Target reaction successfully synthesized in 1.18s![0m
      Evaluating reaction mbs_130 (130/491)...
[Problem → Reactions] Found 2542 reactions, 250 molecules.
      [32m✓ All goal molecules found.[0m
      [32m✓ All goal reactions found.[0m
        [32m✓ Target reaction successfully synthesized in 7.05s![0m
      Evaluating reaction mbs_131 (131/491)...
[Problem → Reactions] Found 1261 reactions, 250 molecules.
      [32m✓ All goal molecules found.[0m
      [32m✓ All goal reactions found.[0m
        [32m✓ Target reaction successfully synthesized in 0.69s![0m
      Evaluating reaction mbs_132 (132/491)...
        [31m✗ Skipped reaction synthesis (missing molecule synthesis subproblem failed).[0m
      Evaluating reaction mbs_133 (133/491)...
[Problem → Reactions] Found 1252 reactions, 250 molecules.
      [32m✓ All goal molecules found.[0m
      [32m✓ All goal reactions found.[0m
        [32m✓ Target reaction successfully synthesized in 4.08s![0m
      Evaluating reaction mbs_134 (134/491)...
[Problem → Reactions] Found 1261 reactions, 250 molecules.
      [32m✓ All goal molecules found.[0m
      [32m✓ All goal reactions found.[0m
        [32m✓ Target reaction successfully synthesized in 1.73s![0m
      Evaluating reaction mbs_135 (135/491)...
[Problem → Reactions] Found 602 reactions, 250 molecules.
      [32m✓ All goal molecules found.[0m
      [32m✓ All goal reactions found.[0m
        [32m✓ Target reaction successfully synthesized in 4.43s![0m
      Evaluating reaction mbs_136 (136/491)...
[Problem → Reactions] Found 2502 reactions, 250 molecules.
      [32m✓ All goal molecules found.[0m
      [32m✓ All goal reactions found.[0m
        [32m✓ Target reaction successfully synthesized in 5.35s![0m
      Evaluating reaction mbs_137 (137/491)...
[Problem → Reactions] Found 1252 reactions, 250 molecules.
      [32m✓ All goal molecules found.[0m
      [32m✓ All goal reactions found.[0m
        [32m✓ Target reaction successfully synthesized in 5.18s![0m
      Evaluating reaction mbs_138 (138/491)...
[Problem → Reactions] Found 604 reactions, 250 molecules.
      [32m✓ All goal molecules found.[0m
      [32m✓ All goal reactions found.[0m
        [32m✓ Target reaction successfully synthesized in 4.06s![0m
      Evaluating reaction mbs_139 (139/491)...
[Problem → Reactions] Found 452 reactions, 250 molecules.
      [32m✓ All goal molecules found.[0m
      [32m✓ All goal reactions found.[0m
        [32m✓ Target reaction successfully synthesized in 3.78s![0m
      Evaluating reaction mbs_140 (140/491)...
[Problem → Reactions] Found 2526 reactions, 250 molecules.
      [32m✓ All goal molecules found.[0m
      [32m✓ All goal reactions found.[0m
        [32m✓ Target reaction successfully synthesized in 7.21s![0m
      Evaluating reaction mbs_141 (141/491)...
[Problem → Reactions] Found 282 reactions, 250 molecules.
      [32m✓ All goal molecules found.[0m
      [32m✓ All goal reactions found.[0m
        [32m✓ Target reaction successfully synthesized in 4.22s![0m
      Evaluating reaction mbs_142 (142/491)...
        [31m✗ Skipped reaction synthesis (missing molecule synthesis subproblem failed).[0m
      Evaluating reaction mbs_143 (143/491)...
[Problem → Reactions] Found 1064 reactions, 250 molecules.
      [32m✓ All goal molecules found.[0m
      [32m✓ All goal reactions found.[0m
        [32m✓ Target reaction successfully synthesized in 4.53s![0m
      Evaluating reaction mbs_144 (144/491)...
        [31m✗ Skipped reaction synthesis (missing molecule synthesis subproblem failed).[0m
      Evaluating reaction mbs_145 (145/491)...
[Problem → Reactions] Found 1261 reactions, 250 molecules.
      [32m✓ All goal molecules found.[0m
      [32m✓ All goal reactions found.[0m
        [32m✓ Target reaction successfully synthesized in 0.65s![0m
      Evaluating reaction mbs_146 (146/491)...
[Problem → Reactions] Found 30000 reactions, 250 molecules.
      [32m✓ All goal molecules found.[0m
      [31m✗ Missing goal reactions.[0m
        [31m✗ Synthesis failed or timed out in 73.95s.[0m
      Evaluating reaction mbs_147 (147/491)...
[Problem → Reactions] Found 1290 reactions, 250 molecules.
      [32m✓ All goal molecules found.[0m
      [32m✓ All goal reactions found.[0m
        [32m✓ Target reaction successfully synthesized in 3.88s![0m
      Evaluating reaction mbs_148 (148/491)...
[Problem → Reactions] Found 1056 reactions, 250 molecules.
      [32m✓ All goal molecules found.[0m
      [32m✓ All goal reactions found.[0m
        [32m✓ Target reaction successfully synthesized in 4.18s![0m
      Evaluating reaction mbs_149 (149/491)...
        [31m✗ Skipped reaction synthesis (missing molecule synthesis subproblem failed).[0m
      Evaluating reaction mbs_150 (150/491)...
[Problem → Reactions] Found 2524 reactions, 250 molecules.
      [32m✓ All goal molecules found.[0m
      [32m✓ All goal reactions found.[0m
        [32m✓ Target reaction successfully synthesized in 5.85s![0m
      Evaluating reaction mbs_151 (151/491)...
[Problem → Reactions] Found 604 reactions, 250 molecules.
      [32m✓ All goal molecules found.[0m
      [32m✓ All goal reactions found.[0m
        [32m✓ Target reaction successfully synthesized in 5.15s![0m
      Evaluating reaction mbs_152 (152/491)...
[Problem → Reactions] Found 453 reactions, 250 molecules.
      [32m✓ All goal molecules found.[0m
      [32m✓ All goal reactions found.[0m
        [32m✓ Target reaction successfully synthesized in 0.56s![0m
      Evaluating reaction mbs_153 (153/491)...
[Problem → Reactions] Found 1064 reactions, 250 molecules.
      [32m✓ All goal molecules found.[0m
      [32m✓ All goal reactions found.[0m
        [32m✓ Target reaction successfully synthesized in 4.75s![0m
      Evaluating reaction mbs_154 (154/491)...
        [31m✗ Skipped reaction synthesis (missing molecule synthesis subproblem failed).[0m
      Evaluating reaction mbs_155 (155/491)...
[Problem → Reactions] Found 841 reactions, 250 molecules.
      [32m✓ All goal molecules found.[0m
      [32m✓ All goal reactions found.[0m
        [32m✓ Target reaction successfully synthesized in 0.7s![0m
      Evaluating reaction mbs_156 (156/491)...
[Problem → Reactions] Found 2524 reactions, 250 molecules.
      [32m✓ All goal molecules found.[0m
      [32m✓ All goal reactions found.[0m
        [32m✓ Target reaction successfully synthesized in 6.81s![0m
      Evaluating reaction mbs_157 (157/491)...
[Problem → Reactions] Found 602 reactions, 250 molecules.
      [32m✓ All goal molecules found.[0m
      [32m✓ All goal reactions found.[0m
        [32m✓ Target reaction successfully synthesized in 4.3s![0m
      Evaluating reaction mbs_158 (158/491)...
[Problem → Reactions] Found 2528 reactions, 250 molecules.
      [32m✓ All goal molecules found.[0m
      [32m✓ All goal reactions found.[0m
        [32m✓ Target reaction successfully synthesized in 5.31s![0m
      Evaluating reaction mbs_159 (159/491)...
[Problem → Reactions] Found 452 reactions, 250 molecules.
      [32m✓ All goal molecules found.[0m
      [32m✓ All goal reactions found.[0m
        [32m✓ Target reaction successfully synthesized in 5.62s![0m
      Evaluating reaction mbs_160 (160/491)...
[Problem → Reactions] Found 2502 reactions, 250 molecules.
      [32m✓ All goal molecules found.[0m
      [32m✓ All goal reactions found.[0m
        [32m✓ Target reaction successfully synthesized in 5.63s![0m
      Evaluating reaction mbs_161 (161/491)...
[Problem → Reactions] Found 358 reactions, 250 molecules.
      [32m✓ All goal molecules found.[0m
      [32m✓ All goal reactions found.[0m
        [32m✓ Target reaction successfully synthesized in 5.31s![0m
      Evaluating reaction mbs_162 (162/491)...
[Problem → Reactions] Found 452 reactions, 250 molecules.
      [32m✓ All goal molecules found.[0m
      [32m✓ All goal reactions found.[0m
        [32m✓ Target reaction successfully synthesized in 4.26s![0m
      Evaluating reaction mbs_163 (163/491)...
[Problem → Reactions] Found 6169 reactions, 250 molecules.
      [32m✓ All goal molecules found.[0m
      [32m✓ All goal reactions found.[0m
        [32m✓ Target reaction successfully synthesized in 7.47s![0m
      Evaluating reaction mbs_164 (164/491)...
[Problem → Reactions] Found 798 reactions, 250 molecules.
      [32m✓ All goal molecules found.[0m
      [32m✓ All goal reactions found.[0m
        [32m✓ Target reaction successfully synthesized in 3.01s![0m
      Evaluating reaction mbs_165 (165/491)...
[Problem → Reactions] Found 2526 reactions, 250 molecules.
      [32m✓ All goal molecules found.[0m
      [32m✓ All goal reactions found.[0m
        [32m✓ Target reaction successfully synthesized in 5.7s![0m
      Evaluating reaction mbs_166 (166/491)...
[Problem → Reactions] Found 836 reactions, 250 molecules.
      [32m✓ All goal molecules found.[0m
      [32m✓ All goal reactions found.[0m
        [32m✓ Target reaction successfully synthesized in 5.32s![0m
      Evaluating reaction mbs_167 (167/491)...
[Problem → Reactions] Found 321 reactions, 250 molecules.
      [32m✓ All goal molecules found.[0m
      [32m✓ All goal reactions found.[0m
        [32m✓ Target reaction successfully synthesized in 0.38s![0m
      Evaluating reaction mbs_168 (168/491)...
[Problem → Reactions] Found 1064 reactions, 250 molecules.
      [32m✓ All goal molecules found.[0m
      [32m✓ All goal reactions found.[0m
        [32m✓ Target reaction successfully synthesized in 5.07s![0m
      Evaluating reaction mbs_169 (169/491)...
[Problem → Reactions] Found 435 reactions, 250 molecules.
      [32m✓ All goal molecules found.[0m
      [32m✓ All goal reactions found.[0m
        [32m✓ Target reaction successfully synthesized in 0.49s![0m
      Evaluating reaction mbs_170 (170/491)...
[Problem → Reactions] Found 2542 reactions, 250 molecules.
      [32m✓ All goal molecules found.[0m
      [32m✓ All goal reactions found.[0m
        [32m✓ Target reaction successfully synthesized in 7.11s![0m
      Evaluating reaction mbs_171 (171/491)...
[Problem → Reactions] Found 1261 reactions, 250 molecules.
      [32m✓ All goal molecules found.[0m
      [32m✓ All goal reactions found.[0m
        [32m✓ Target reaction successfully synthesized in 0.68s![0m
      Evaluating reaction mbs_172 (172/491)...
        [31m✗ Skipped reaction synthesis (missing molecule synthesis subproblem failed).[0m
      Evaluating reaction mbs_173 (173/491)...
[Problem → Reactions] Found 1197 reactions, 250 molecules.
      [32m✓ All goal molecules found.[0m
      [32m✓ All goal reactions found.[0m
        [32m✓ Target reaction successfully synthesized in 0.63s![0m
      Evaluating reaction mbs_174 (174/491)...
[Problem → Reactions] Found 604 reactions, 250 molecules.
      [32m✓ All goal molecules found.[0m
      [32m✓ All goal reactions found.[0m
        [32m✓ Target reaction successfully synthesized in 5.91s![0m
      Evaluating reaction mbs_175 (175/491)...
        [31m✗ Skipped reaction synthesis (missing molecule synthesis subproblem failed).[0m
      Evaluating reaction mbs_176 (176/491)...
[Problem → Reactions] Found 1252 reactions, 250 molecules.
      [32m✓ All goal molecules found.[0m
      [32m✓ All goal reactions found.[0m
        [32m✓ Target reaction successfully synthesized in 4.21s![0m
      Evaluating reaction mbs_177 (177/491)...
[Problem → Reactions] Found 604 reactions, 250 molecules.
      [32m✓ All goal molecules found.[0m
      [32m✓ All goal reactions found.[0m
        [32m✓ Target reaction successfully synthesized in 4.59s![0m
      Evaluating reaction mbs_178 (178/491)...
        [31m✗ Skipped reaction synthesis (missing molecule synthesis subproblem failed).[0m
      Evaluating reaction mbs_179 (179/491)...
[Problem → Reactions] Found 2526 reactions, 250 molecules.
      [32m✓ All goal molecules found.[0m
      [32m✓ All goal reactions found.[0m
        [32m✓ Target reaction successfully synthesized in 5.8s![0m
      Evaluating reaction mbs_181 (180/491)...
        [31m✗ Skipped reaction synthesis (missing molecule synthesis subproblem failed).[0m
      Evaluating reaction mbs_182 (181/491)...
[Problem → Reactions] Found 1252 reactions, 250 molecules.
      [32m✓ All goal molecules found.[0m
      [32m✓ All goal reactions found.[0m
        [32m✓ Target reaction successfully synthesized in 5.24s![0m
      Evaluating reaction mbs_183 (182/491)...
[Problem → Reactions] Found 1322 reactions, 250 molecules.
      [32m✓ All goal molecules found.[0m
      [32m✓ All goal reactions found.[0m
        [32m✓ Target reaction successfully synthesized in 4.44s![0m
      Evaluating reaction mbs_184 (183/491)...
[Problem → Reactions] Found 1038 reactions, 250 molecules.
      [32m✓ All goal molecules found.[0m
      [32m✓ All goal reactions found.[0m
        [32m✓ Target reaction successfully synthesized in 4.54s![0m
      Evaluating reaction mbs_185 (184/491)...
[Problem → Reactions] Found 1261 reactions, 250 molecules.
      [32m✓ All goal molecules found.[0m
      [32m✓ All goal reactions found.[0m
        [32m✓ Target reaction successfully synthesized in 1.63s![0m
      Evaluating reaction mbs_186 (185/491)...
[Problem → Reactions] Found 1064 reactions, 250 molecules.
      [32m✓ All goal molecules found.[0m
      [32m✓ All goal reactions found.[0m
        [32m✓ Target reaction successfully synthesized in 4.9s![0m
      Evaluating reaction mbs_187 (186/491)...
[Problem → Reactions] Found 668 reactions, 250 molecules.
      [32m✓ All goal molecules found.[0m
      [32m✓ All goal reactions found.[0m
        [32m✓ Target reaction successfully synthesized in 4.12s![0m
      Evaluating reaction mbs_188 (187/491)...
[Problem → Reactions] Found 604 reactions, 250 molecules.
      [32m✓ All goal molecules found.[0m
      [32m✓ All goal reactions found.[0m
        [32m✓ Target reaction successfully synthesized in 4.08s![0m
      Evaluating reaction mbs_189 (188/491)...
[Problem → Reactions] Found 2542 reactions, 250 molecules.
      [32m✓ All goal molecules found.[0m
      [32m✓ All goal reactions found.[0m
        [32m✓ Target reaction successfully synthesized in 5.96s![0m
      Evaluating reaction mbs_190 (189/491)...
[Problem → Reactions] Found 604 reactions, 250 molecules.
      [32m✓ All goal molecules found.[0m
      [32m✓ All goal reactions found.[0m
        [32m✓ Target reaction successfully synthesized in 5.64s![0m
      Evaluating reaction mbs_191 (190/491)...
[Problem → Reactions] Found 1197 reactions, 250 molecules.
      [32m✓ All goal molecules found.[0m
      [32m✓ All goal reactions found.[0m
        [32m✓ Target reaction successfully synthesized in 0.6s![0m
      Evaluating reaction mbs_192 (191/491)...
[Problem → Reactions] Found 1064 reactions, 250 molecules.
      [32m✓ All goal molecules found.[0m
      [32m✓ All goal reactions found.[0m
        [32m✓ Target reaction successfully synthesized in 4.94s![0m
      Evaluating reaction mbs_193 (192/491)...
[Problem → Reactions] Found 604 reactions, 250 molecules.
      [32m✓ All goal molecules found.[0m
      [32m✓ All goal reactions found.[0m
        [32m✓ Target reaction successfully synthesized in 5.7s![0m
      Evaluating reaction mbs_194 (193/491)...
        [31m✗ Skipped reaction synthesis (missing molecule synthesis subproblem failed).[0m
      Evaluating reaction mbs_195 (194/491)...
[Problem → Reactions] Found 798 reactions, 250 molecules.
      [32m✓ All goal molecules found.[0m
      [32m✓ All goal reactions found.[0m
        [32m✓ Target reaction successfully synthesized in 4.29s![0m
      Evaluating reaction mbs_196 (195/491)...
        [31m✗ Skipped reaction synthesis (missing molecule synthesis subproblem failed).[0m
      Evaluating reaction mbs_197 (196/491)...
[Problem → Reactions] Found 604 reactions, 250 molecules.
      [32m✓ All goal molecules found.[0m
      [32m✓ All goal reactions found.[0m
        [32m✓ Target reaction successfully synthesized in 4.44s![0m
      Evaluating reaction mbs_198 (197/491)...
[Problem → Reactions] Found 604 reactions, 250 molecules.
      [32m✓ All goal molecules found.[0m
      [32m✓ All goal reactions found.[0m
        [32m✓ Target reaction successfully synthesized in 4.16s![0m
      Evaluating reaction mbs_199 (198/491)...
[Problem → Reactions] Found 473 reactions, 250 molecules.
      [32m✓ All goal molecules found.[0m
      [32m✓ All goal reactions found.[0m
        [32m✓ Target reaction successfully synthesized in 0.87s![0m
      Evaluating reaction mbs_200 (199/491)...
[Problem → Reactions] Found 1064 reactions, 250 molecules.
      [32m✓ All goal molecules found.[0m
      [32m✓ All goal reactions found.[0m
        [32m✓ Target reaction successfully synthesized in 5.42s![0m
      Evaluating reaction mbs_201 (200/491)...
[Problem → Reactions] Found 1063 reactions, 250 molecules.
      [32m✓ All goal molecules found.[0m
      [32m✓ All goal reactions found.[0m
        [32m✓ Target reaction successfully synthesized in 4.57s![0m
      Evaluating reaction mbs_202 (201/491)...
[Problem → Reactions] Found 1414 reactions, 250 molecules.
      [32m✓ All goal molecules found.[0m
      [32m✓ All goal reactions found.[0m
        [32m✓ Target reaction successfully synthesized in 5.65s![0m
      Evaluating reaction mbs_203 (202/491)...
[Problem → Reactions] Found 1064 reactions, 250 molecules.
      [32m✓ All goal molecules found.[0m
      [32m✓ All goal reactions found.[0m
        [32m✓ Target reaction successfully synthesized in 4.36s![0m
      Evaluating reaction mbs_204 (203/491)...
        [31m✗ Skipped reaction synthesis (missing molecule synthesis subproblem failed).[0m
      Evaluating reaction mbs_205 (204/491)...
[Problem → Reactions] Found 1064 reactions, 250 molecules.
      [32m✓ All goal molecules found.[0m
      [32m✓ All goal reactions found.[0m
        [32m✓ Target reaction successfully synthesized in 4.61s![0m
      Evaluating reaction mbs_206 (205/491)...
[Problem → Reactions] Found 1064 reactions, 250 molecules.
      [32m✓ All goal molecules found.[0m
      [32m✓ All goal reactions found.[0m
        [32m✓ Target reaction successfully synthesized in 5.85s![0m
      Evaluating reaction mbs_207 (206/491)...
[Problem → Reactions] Found 2532 reactions, 250 molecules.
      [32m✓ All goal molecules found.[0m
      [32m✓ All goal reactions found.[0m
        [32m✓ Target reaction successfully synthesized in 6.05s![0m
      Evaluating reaction mbs_208 (207/491)...
[Problem → Reactions] Found 452 reactions, 250 molecules.
      [32m✓ All goal molecules found.[0m
      [32m✓ All goal reactions found.[0m
        [32m✓ Target reaction successfully synthesized in 5.44s![0m
      Evaluating reaction mbs_209 (208/491)...
[Problem → Reactions] Found 2542 reactions, 250 molecules.
      [32m✓ All goal molecules found.[0m
      [32m✓ All goal reactions found.[0m
        [32m✓ Target reaction successfully synthesized in 5.96s![0m
      Evaluating reaction mbs_210 (209/491)...
[Problem → Reactions] Found 1261 reactions, 250 molecules.
      [32m✓ All goal molecules found.[0m
      [32m✓ All goal reactions found.[0m
        [32m✓ Target reaction successfully synthesized in 1.69s![0m
      Evaluating reaction mbs_211 (210/491)...
[Problem → Reactions] Found 604 reactions, 250 molecules.
      [32m✓ All goal molecules found.[0m
      [32m✓ All goal reactions found.[0m
        [32m✓ Target reaction successfully synthesized in 4.29s![0m
      Evaluating reaction mbs_212 (211/491)...
        [31m✗ Skipped reaction synthesis (missing molecule synthesis subproblem failed).[0m
      Evaluating reaction mbs_213 (212/491)...
[Problem → Reactions] Found 1064 reactions, 250 molecules.
      [32m✓ All goal molecules found.[0m
      [32m✓ All goal reactions found.[0m
        [32m✓ Target reaction successfully synthesized in 4.66s![0m
      Evaluating reaction mbs_214 (213/491)...
[Problem → Reactions] Found 358 reactions, 250 molecules.
      [32m✓ All goal molecules found.[0m
      [32m✓ All goal reactions found.[0m
        [32m✓ Target reaction successfully synthesized in 5.33s![0m
      Evaluating reaction mbs_215 (214/491)...
[Problem → Reactions] Found 1049 reactions, 250 molecules.
      [32m✓ All goal molecules found.[0m
      [32m✓ All goal reactions found.[0m
        [32m✓ Target reaction successfully synthesized in 1.1s![0m
      Evaluating reaction mbs_216 (215/491)...
[Problem → Reactions] Found 604 reactions, 250 molecules.
      [32m✓ All goal molecules found.[0m
      [32m✓ All goal reactions found.[0m
        [32m✓ Target reaction successfully synthesized in 4.66s![0m
      Evaluating reaction mbs_217 (216/491)...
[Problem → Reactions] Found 750 reactions, 250 molecules.
      [32m✓ All goal molecules found.[0m
      [32m✓ All goal reactions found.[0m
        [32m✓ Target reaction successfully synthesized in 4.21s![0m
      Evaluating reaction mbs_218 (217/491)...
[Problem → Reactions] Found 1064 reactions, 250 molecules.
      [32m✓ All goal molecules found.[0m
      [32m✓ All goal reactions found.[0m
        [32m✓ Target reaction successfully synthesized in 4.53s![0m
      Evaluating reaction mbs_219 (218/491)...
[Problem → Reactions] Found 1328 reactions, 250 molecules.
      [32m✓ All goal molecules found.[0m
      [32m✓ All goal reactions found.[0m
        [32m✓ Target reaction successfully synthesized in 6.04s![0m
      Evaluating reaction mbs_220 (219/491)...
[Problem → Reactions] Found 1064 reactions, 250 molecules.
      [32m✓ All goal molecules found.[0m
      [32m✓ All goal reactions found.[0m
        [32m✓ Target reaction successfully synthesized in 4.41s![0m
      Evaluating reaction mbs_221 (220/491)...
[Problem → Reactions] Found 640 reactions, 250 molecules.
      [32m✓ All goal molecules found.[0m
      [32m✓ All goal reactions found.[0m
        [32m✓ Target reaction successfully synthesized in 4.34s![0m
      Evaluating reaction mbs_222 (221/491)...
[Problem → Reactions] Found 798 reactions, 250 molecules.
      [32m✓ All goal molecules found.[0m
      [32m✓ All goal reactions found.[0m
        [32m✓ Target reaction successfully synthesized in 5.33s![0m
      Evaluating reaction mbs_223 (222/491)...
[Problem → Reactions] Found 1066 reactions, 250 molecules.
      [32m✓ All goal molecules found.[0m
      [32m✓ All goal reactions found.[0m
        [32m✓ Target reaction successfully synthesized in 4.46s![0m
      Evaluating reaction mbs_224 (223/491)...
        [31m✗ Skipped reaction synthesis (missing molecule synthesis subproblem failed).[0m
      Evaluating reaction mbs_225 (224/491)...
[Problem → Reactions] Found 602 reactions, 250 molecules.
      [32m✓ All goal molecules found.[0m
      [32m✓ All goal reactions found.[0m
        [32m✓ Target reaction successfully synthesized in 4.15s![0m
      Evaluating reaction mbs_226 (225/491)...
[Problem → Reactions] Found 2477 reactions, 250 molecules.
      [32m✓ All goal molecules found.[0m
      [32m✓ All goal reactions found.[0m
        [32m✓ Target reaction successfully synthesized in 3.5s![0m
      Evaluating reaction mbs_227 (226/491)...
[Problem → Reactions] Found 1261 reactions, 250 molecules.
      [32m✓ All goal molecules found.[0m
      [32m✓ All goal reactions found.[0m
        [32m✓ Target reaction successfully synthesized in 0.63s![0m
      Evaluating reaction mbs_228 (227/491)...
[Problem → Reactions] Found 1261 reactions, 250 molecules.
      [32m✓ All goal molecules found.[0m
      [32m✓ All goal reactions found.[0m
        [32m✓ Target reaction successfully synthesized in 0.77s![0m
      Evaluating reaction mbs_229 (228/491)...
[Problem → Reactions] Found 1322 reactions, 250 molecules.
      [32m✓ All goal molecules found.[0m
      [32m✓ All goal reactions found.[0m
        [32m✓ Target reaction successfully synthesized in 5.1s![0m
      Evaluating reaction mbs_230 (229/491)...
        [31m✗ Skipped reaction synthesis (missing molecule synthesis subproblem failed).[0m
      Evaluating reaction mbs_231 (230/491)...
[Problem → Reactions] Found 798 reactions, 250 molecules.
      [32m✓ All goal molecules found.[0m
      [32m✓ All goal reactions found.[0m
        [32m✓ Target reaction successfully synthesized in 4.28s![0m
      Evaluating reaction mbs_232 (231/491)...
[Problem → Reactions] Found 1064 reactions, 250 molecules.
      [32m✓ All goal molecules found.[0m
      [32m✓ All goal reactions found.[0m
        [32m✓ Target reaction successfully synthesized in 4.37s![0m
      Evaluating reaction mbs_233 (232/491)...
[Problem → Reactions] Found 1261 reactions, 250 molecules.
      [32m✓ All goal molecules found.[0m
      [32m✓ All goal reactions found.[0m
        [32m✓ Target reaction successfully synthesized in 0.99s![0m
      Evaluating reaction mbs_234 (233/491)...
[Problem → Reactions] Found 1290 reactions, 250 molecules.
      [32m✓ All goal molecules found.[0m
      [32m✓ All goal reactions found.[0m
        [32m✓ Target reaction successfully synthesized in 3.6s![0m
      Evaluating reaction mbs_235 (234/491)...
[Problem → Reactions] Found 1261 reactions, 250 molecules.
      [32m✓ All goal molecules found.[0m
      [32m✓ All goal reactions found.[0m
        [32m✓ Target reaction successfully synthesized in 1.63s![0m
      Evaluating reaction mbs_236 (235/491)...
[Problem → Reactions] Found 667 reactions, 250 molecules.
      [32m✓ All goal molecules found.[0m
      [32m✓ All goal reactions found.[0m
        [32m✓ Target reaction successfully synthesized in 0.63s![0m
      Evaluating reaction mbs_237 (236/491)...
        [31m✗ Skipped reaction synthesis (missing molecule synthesis subproblem failed).[0m
      Evaluating reaction mbs_238 (237/491)...
[Problem → Reactions] Found 1064 reactions, 250 molecules.
      [32m✓ All goal molecules found.[0m
      [32m✓ All goal reactions found.[0m
        [32m✓ Target reaction successfully synthesized in 4.52s![0m
      Evaluating reaction mbs_239 (238/491)...
[Problem → Reactions] Found 1252 reactions, 250 molecules.
      [32m✓ All goal molecules found.[0m
      [32m✓ All goal reactions found.[0m
        [32m✓ Target reaction successfully synthesized in 4.43s![0m
      Evaluating reaction mbs_240 (239/491)...
        [31m✗ Skipped reaction synthesis (missing molecule synthesis subproblem failed).[0m
      Evaluating reaction mbs_241 (240/491)...
[Problem → Reactions] Found 1261 reactions, 250 molecules.
      [32m✓ All goal molecules found.[0m
      [32m✓ All goal reactions found.[0m
        [32m✓ Target reaction successfully synthesized in 0.68s![0m
      Evaluating reaction mbs_242 (241/491)...
[Problem → Reactions] Found 1261 reactions, 250 molecules.
      [32m✓ All goal molecules found.[0m
      [32m✓ All goal reactions found.[0m
        [32m✓ Target reaction successfully synthesized in 0.71s![0m
      Evaluating reaction mbs_243 (242/491)...
[Problem → Reactions] Found 882 reactions, 250 molecules.
      [32m✓ All goal molecules found.[0m
      [32m✓ All goal reactions found.[0m
        [32m✓ Target reaction successfully synthesized in 5.54s![0m
      Evaluating reaction mbs_244 (243/491)...
[Problem → Reactions] Found 777 reactions, 250 molecules.
      [32m✓ All goal molecules found.[0m
      [32m✓ All goal reactions found.[0m
        [32m✓ Target reaction successfully synthesized in 0.93s![0m
      Evaluating reaction mbs_245 (244/491)...
[Problem → Reactions] Found 1261 reactions, 250 molecules.
      [32m✓ All goal molecules found.[0m
      [32m✓ All goal reactions found.[0m
        [32m✓ Target reaction successfully synthesized in 0.72s![0m
      Evaluating reaction mbs_246 (245/491)...
[Problem → Reactions] Found 596 reactions, 250 molecules.
      [32m✓ All goal molecules found.[0m
      [32m✓ All goal reactions found.[0m
        [32m✓ Target reaction successfully synthesized in 5.71s![0m
      Evaluating reaction mbs_247 (246/491)...
[Problem → Reactions] Found 1261 reactions, 250 molecules.
      [32m✓ All goal molecules found.[0m
      [32m✓ All goal reactions found.[0m
        [32m✓ Target reaction successfully synthesized in 0.65s![0m
      Evaluating reaction mbs_248 (247/491)...
[Problem → Reactions] Found 391 reactions, 250 molecules.
      [32m✓ All goal molecules found.[0m
      [32m✓ All goal reactions found.[0m
        [32m✓ Target reaction successfully synthesized in 0.56s![0m
      Evaluating reaction mbs_249 (248/491)...
[Problem → Reactions] Found 1261 reactions, 250 molecules.
      [32m✓ All goal molecules found.[0m
      [32m✓ All goal reactions found.[0m
        [32m✓ Target reaction successfully synthesized in 1.08s![0m
      Evaluating reaction mbs_250 (249/491)...
[Problem → Reactions] Found 604 reactions, 250 molecules.
      [32m✓ All goal molecules found.[0m
      [32m✓ All goal reactions found.[0m
        [32m✓ Target reaction successfully synthesized in 5.47s![0m
      Evaluating reaction mbs_251 (250/491)...
[Problem → Reactions] Found 30000 reactions, 250 molecules.
      [32m✓ All goal molecules found.[0m
      [31m✗ Missing goal reactions.[0m
        [31m✗ Synthesis failed or timed out in 63.11s.[0m
      Evaluating reaction mbs_252 (251/491)...
[Problem → Reactions] Found 1294 reactions, 250 molecules.
      [32m✓ All goal molecules found.[0m
      [32m✓ All goal reactions found.[0m
        [32m✓ Target reaction successfully synthesized in 4.62s![0m
      Evaluating reaction mbs_253 (252/491)...
[Problem → Reactions] Found 616 reactions, 250 molecules.
      [32m✓ All goal molecules found.[0m
      [32m✓ All goal reactions found.[0m
        [32m✓ Target reaction successfully synthesized in 3.72s![0m
      Evaluating reaction mbs_255 (253/491)...
        [31m✗ Skipped reaction synthesis (missing molecule synthesis subproblem failed).[0m
      Evaluating reaction mbs_256 (254/491)...
        [31m✗ Skipped reaction synthesis (missing molecule synthesis subproblem failed).[0m
      Evaluating reaction mbs_257 (255/491)...
[Problem → Reactions] Found 1261 reactions, 250 molecules.
      [32m✓ All goal molecules found.[0m
      [32m✓ All goal reactions found.[0m
        [32m✓ Target reaction successfully synthesized in 1.1s![0m
      Evaluating reaction mbs_258 (256/491)...
[Problem → Reactions] Found 1261 reactions, 250 molecules.
      [32m✓ All goal molecules found.[0m
      [32m✓ All goal reactions found.[0m
        [32m✓ Target reaction successfully synthesized in 0.6s![0m
      Evaluating reaction mbs_259 (257/491)...
[Problem → Reactions] Found 1261 reactions, 250 molecules.
      [32m✓ All goal molecules found.[0m
      [32m✓ All goal reactions found.[0m
        [32m✓ Target reaction successfully synthesized in 0.66s![0m
      Evaluating reaction mbs_260 (258/491)...
[Problem → Reactions] Found 294 reactions, 250 molecules.
      [32m✓ All goal molecules found.[0m
      [32m✓ All goal reactions found.[0m
        [32m✓ Target reaction successfully synthesized in 5.26s![0m
      Evaluating reaction mbs_261 (259/491)...
[Problem → Reactions] Found 1064 reactions, 250 molecules.
      [32m✓ All goal molecules found.[0m
      [32m✓ All goal reactions found.[0m
        [32m✓ Target reaction successfully synthesized in 4.28s![0m
      Evaluating reaction mbs_262 (260/491)...
[Problem → Reactions] Found 1252 reactions, 250 molecules.
      [32m✓ All goal molecules found.[0m
      [32m✓ All goal reactions found.[0m
        [32m✓ Target reaction successfully synthesized in 4.22s![0m
      Evaluating reaction mbs_263 (261/491)...
[Problem → Reactions] Found 1261 reactions, 250 molecules.
      [32m✓ All goal molecules found.[0m
      [32m✓ All goal reactions found.[0m
        [32m✓ Target reaction successfully synthesized in 1.76s![0m
      Evaluating reaction mbs_264 (262/491)...
[Problem → Reactions] Found 575 reactions, 250 molecules.
      [32m✓ All goal molecules found.[0m
      [32m✓ All goal reactions found.[0m
        [32m✓ Target reaction successfully synthesized in 0.51s![0m
      Evaluating reaction mbs_265 (263/491)...
[Problem → Reactions] Found 30000 reactions, 250 molecules.
      [32m✓ All goal molecules found.[0m
      [31m✗ Missing goal reactions.[0m
        [31m✗ Synthesis failed or timed out in 65.34s.[0m
      Evaluating reaction mbs_266 (264/491)...
[Problem → Reactions] Found 1261 reactions, 250 molecules.
      [32m✓ All goal molecules found.[0m
      [32m✓ All goal reactions found.[0m
        [32m✓ Target reaction successfully synthesized in 0.67s![0m
      Evaluating reaction mbs_267 (265/491)...
[Problem → Reactions] Found 1252 reactions, 250 molecules.
      [32m✓ All goal molecules found.[0m
      [32m✓ All goal reactions found.[0m
        [32m✓ Target reaction successfully synthesized in 4.15s![0m
      Evaluating reaction mbs_268 (266/491)...
[Problem → Reactions] Found 1261 reactions, 250 molecules.
      [32m✓ All goal molecules found.[0m
      [32m✓ All goal reactions found.[0m
        [32m✓ Target reaction successfully synthesized in 0.69s![0m
      Evaluating reaction mbs_269 (267/491)...
[Problem → Reactions] Found 2386 reactions, 250 molecules.
      [32m✓ All goal molecules found.[0m
      [32m✓ All goal reactions found.[0m
        [32m✓ Target reaction successfully synthesized in 6.04s![0m
      Evaluating reaction mbs_270 (268/491)...
[Problem → Reactions] Found 1056 reactions, 250 molecules.
      [32m✓ All goal molecules found.[0m
      [32m✓ All goal reactions found.[0m
        [32m✓ Target reaction successfully synthesized in 5.49s![0m
      Evaluating reaction mbs_271 (269/491)...
[Problem → Reactions] Found 1252 reactions, 250 molecules.
      [32m✓ All goal molecules found.[0m
      [32m✓ All goal reactions found.[0m
        [32m✓ Target reaction successfully synthesized in 3.67s![0m
      Evaluating reaction mbs_272 (270/491)...
[Problem → Reactions] Found 997 reactions, 250 molecules.
      [32m✓ All goal molecules found.[0m
      [32m✓ All goal reactions found.[0m
        [32m✓ Target reaction successfully synthesized in 3.22s![0m
      Evaluating reaction mbs_273 (271/491)...
[Problem → Reactions] Found 1064 reactions, 250 molecules.
      [32m✓ All goal molecules found.[0m
      [32m✓ All goal reactions found.[0m
        [32m✓ Target reaction successfully synthesized in 4.58s![0m
      Evaluating reaction mbs_274 (272/491)...
[Problem → Reactions] Found 30000 reactions, 250 molecules.
      [32m✓ All goal molecules found.[0m
      [31m✗ Missing goal reactions.[0m
        [31m✗ Synthesis failed or timed out in 64.54s.[0m
      Evaluating reaction mbs_275 (273/491)...
        [31m✗ Skipped reaction synthesis (missing molecule synthesis subproblem failed).[0m
      Evaluating reaction mbs_276 (274/491)...
        [31m✗ Skipped reaction synthesis (missing molecule synthesis subproblem failed).[0m
      Evaluating reaction mbs_277 (275/491)...
[Problem → Reactions] Found 1064 reactions, 250 molecules.
      [32m✓ All goal molecules found.[0m
      [32m✓ All goal reactions found.[0m
        [32m✓ Target reaction successfully synthesized in 3.15s![0m
      Evaluating reaction mbs_278 (276/491)...
[Problem → Reactions] Found 2502 reactions, 250 molecules.
      [32m✓ All goal molecules found.[0m
      [32m✓ All goal reactions found.[0m
        [32m✓ Target reaction successfully synthesized in 6.3s![0m
      Evaluating reaction mbs_279 (277/491)...
        [31m✗ Skipped reaction synthesis (missing molecule synthesis subproblem failed).[0m
      Evaluating reaction mbs_280 (278/491)...
[Problem → Reactions] Found 1261 reactions, 250 molecules.
      [32m✓ All goal molecules found.[0m
      [32m✓ All goal reactions found.[0m
        [32m✓ Target reaction successfully synthesized in 0.7s![0m
      Evaluating reaction mbs_281 (279/491)...
[Problem → Reactions] Found 759 reactions, 250 molecules.
      [32m✓ All goal molecules found.[0m
      [32m✓ All goal reactions found.[0m
        [32m✓ Target reaction successfully synthesized in 1.02s![0m
      Evaluating reaction mbs_282 (280/491)...
[Problem → Reactions] Found 1064 reactions, 250 molecules.
      [32m✓ All goal molecules found.[0m
      [32m✓ All goal reactions found.[0m
        [32m✓ Target reaction successfully synthesized in 4.36s![0m
      Evaluating reaction mbs_283 (281/491)...
[Problem → Reactions] Found 508 reactions, 250 molecules.
      [32m✓ All goal molecules found.[0m
      [32m✓ All goal reactions found.[0m
        [32m✓ Target reaction successfully synthesized in 5.47s![0m
      Evaluating reaction mbs_284 (282/491)...
[Problem → Reactions] Found 1064 reactions, 250 molecules.
      [32m✓ All goal molecules found.[0m
      [32m✓ All goal reactions found.[0m
        [32m✓ Target reaction successfully synthesized in 4.53s![0m
      Evaluating reaction mbs_285 (283/491)...
[Problem → Reactions] Found 1064 reactions, 250 molecules.
      [32m✓ All goal molecules found.[0m
      [32m✓ All goal reactions found.[0m
        [32m✓ Target reaction successfully synthesized in 4.77s![0m
      Evaluating reaction mbs_286 (284/491)...
        [31m✗ Skipped reaction synthesis (missing molecule synthesis subproblem failed).[0m
      Evaluating reaction mbs_287 (285/491)...
[Problem → Reactions] Found 1064 reactions, 250 molecules.
      [32m✓ All goal molecules found.[0m
      [32m✓ All goal reactions found.[0m
        [32m✓ Target reaction successfully synthesized in 5.82s![0m
      Evaluating reaction mbs_288 (286/491)...
        [31m✗ Skipped reaction synthesis (missing molecule synthesis subproblem failed).[0m
      Evaluating reaction mbs_289 (287/491)...
[Problem → Reactions] Found 1261 reactions, 250 molecules.
      [32m✓ All goal molecules found.[0m
      [32m✓ All goal reactions found.[0m
        [32m✓ Target reaction successfully synthesized in 0.65s![0m
      Evaluating reaction mbs_290 (288/491)...
[Problem → Reactions] Found 1290 reactions, 250 molecules.
      [32m✓ All goal molecules found.[0m
      [32m✓ All goal reactions found.[0m
        [32m✓ Target reaction successfully synthesized in 3.96s![0m
      Evaluating reaction mbs_291 (289/491)...
[Problem → Reactions] Found 2085 reactions, 250 molecules.
      [32m✓ All goal molecules found.[0m
      [32m✓ All goal reactions found.[0m
        [32m✓ Target reaction successfully synthesized in 1.53s![0m
      Evaluating reaction mbs_292 (290/491)...
[Problem → Reactions] Found 2502 reactions, 250 molecules.
      [32m✓ All goal molecules found.[0m
      [32m✓ All goal reactions found.[0m
        [32m✓ Target reaction successfully synthesized in 6.48s![0m
      Evaluating reaction mbs_293 (291/491)...
[Problem → Reactions] Found 997 reactions, 250 molecules.
      [32m✓ All goal molecules found.[0m
      [32m✓ All goal reactions found.[0m
        [32m✓ Target reaction successfully synthesized in 1.97s![0m
      Evaluating reaction mbs_294 (292/491)...
[Problem → Reactions] Found 1056 reactions, 250 molecules.
      [32m✓ All goal molecules found.[0m
      [32m✓ All goal reactions found.[0m
        [32m✓ Target reaction successfully synthesized in 5.84s![0m
      Evaluating reaction mbs_295 (293/491)...
[Problem → Reactions] Found 1056 reactions, 250 molecules.
      [32m✓ All goal molecules found.[0m
      [32m✓ All goal reactions found.[0m
        [32m✓ Target reaction successfully synthesized in 4.35s![0m
      Evaluating reaction mbs_296 (294/491)...
[Problem → Reactions] Found 2566 reactions, 250 molecules.
      [32m✓ All goal molecules found.[0m
      [32m✓ All goal reactions found.[0m
        [32m✓ Target reaction successfully synthesized in 5.88s![0m
      Evaluating reaction mbs_297 (295/491)...
        [31m✗ Skipped reaction synthesis (missing molecule synthesis subproblem failed).[0m
      Evaluating reaction mbs_298 (296/491)...
[Problem → Reactions] Found 2085 reactions, 250 molecules.
      [32m✓ All goal molecules found.[0m
      [32m✓ All goal reactions found.[0m
        [32m✓ Target reaction successfully synthesized in 2.14s![0m
      Evaluating reaction mbs_299 (297/491)...
[Problem → Reactions] Found 2568 reactions, 250 molecules.
      [32m✓ All goal molecules found.[0m
      [32m✓ All goal reactions found.[0m
        [32m✓ Target reaction successfully synthesized in 5.94s![0m
      Evaluating reaction mbs_300 (298/491)...
[Problem → Reactions] Found 604 reactions, 250 molecules.
      [32m✓ All goal molecules found.[0m
      [32m✓ All goal reactions found.[0m
        [32m✓ Target reaction successfully synthesized in 3.71s![0m
      Evaluating reaction mbs_301 (299/491)...
[Problem → Reactions] Found 836 reactions, 250 molecules.
      [32m✓ All goal molecules found.[0m
      [32m✓ All goal reactions found.[0m
        [32m✓ Target reaction successfully synthesized in 4.12s![0m
      Evaluating reaction mbs_302 (300/491)...
[Problem → Reactions] Found 1261 reactions, 250 molecules.
      [32m✓ All goal molecules found.[0m
      [32m✓ All goal reactions found.[0m
        [32m✓ Target reaction successfully synthesized in 1.67s![0m
      Evaluating reaction mbs_303 (301/491)...
[Problem → Reactions] Found 2568 reactions, 250 molecules.
      [32m✓ All goal molecules found.[0m
      [32m✓ All goal reactions found.[0m
        [32m✓ Target reaction successfully synthesized in 6.1s![0m
      Evaluating reaction mbs_304 (302/491)...
[Problem → Reactions] Found 1064 reactions, 250 molecules.
      [32m✓ All goal molecules found.[0m
      [32m✓ All goal reactions found.[0m
        [32m✓ Target reaction successfully synthesized in 4.44s![0m
      Evaluating reaction mbs_305 (303/491)...
        [31m✗ Skipped reaction synthesis (missing molecule synthesis subproblem failed).[0m
      Evaluating reaction mbs_306 (304/491)...
[Problem → Reactions] Found 1414 reactions, 250 molecules.
      [32m✓ All goal molecules found.[0m
      [32m✓ All goal reactions found.[0m
        [32m✓ Target reaction successfully synthesized in 4.83s![0m
      Evaluating reaction mbs_307 (305/491)...
[Problem → Reactions] Found 750 reactions, 250 molecules.
      [32m✓ All goal molecules found.[0m
      [32m✓ All goal reactions found.[0m
        [32m✓ Target reaction successfully synthesized in 5.41s![0m
      Evaluating reaction mbs_308 (306/491)...
        [31m✗ Skipped reaction synthesis (missing molecule synthesis subproblem failed).[0m
      Evaluating reaction mbs_309 (307/491)...
[Problem → Reactions] Found 1056 reactions, 250 molecules.
      [32m✓ All goal molecules found.[0m
      [32m✓ All goal reactions found.[0m
        [32m✓ Target reaction successfully synthesized in 4.53s![0m
      Evaluating reaction mbs_310 (308/491)...
[Problem → Reactions] Found 1252 reactions, 250 molecules.
      [32m✓ All goal molecules found.[0m
      [32m✓ All goal reactions found.[0m
        [32m✓ Target reaction successfully synthesized in 3.81s![0m
      Evaluating reaction mbs_311 (309/491)...
        [31m✗ Skipped reaction synthesis (missing molecule synthesis subproblem failed).[0m
      Evaluating reaction mbs_312 (310/491)...
[Problem → Reactions] Found 1328 reactions, 250 molecules.
      [32m✓ All goal molecules found.[0m
      [32m✓ All goal reactions found.[0m
        [32m✓ Target reaction successfully synthesized in 6.24s![0m
      Evaluating reaction mbs_314 (311/491)...
[Problem → Reactions] Found 1049 reactions, 250 molecules.
      [32m✓ All goal molecules found.[0m
      [32m✓ All goal reactions found.[0m
        [32m✓ Target reaction successfully synthesized in 1.08s![0m
      Evaluating reaction mbs_315 (312/491)...
[Problem → Reactions] Found 2085 reactions, 250 molecules.
      [32m✓ All goal molecules found.[0m
      [32m✓ All goal reactions found.[0m
        [32m✓ Target reaction successfully synthesized in 1.55s![0m
      Evaluating reaction mbs_316 (313/491)...
[Problem → Reactions] Found 1261 reactions, 250 molecules.
      [32m✓ All goal molecules found.[0m
      [32m✓ All goal reactions found.[0m
        [32m✓ Target reaction successfully synthesized in 0.63s![0m
      Evaluating reaction mbs_317 (314/491)...
        [31m✗ Skipped reaction synthesis (missing molecule synthesis subproblem failed).[0m
      Evaluating reaction mbs_318 (315/491)...
[Problem → Reactions] Found 798 reactions, 250 molecules.
      [32m✓ All goal molecules found.[0m
      [32m✓ All goal reactions found.[0m
        [32m✓ Target reaction successfully synthesized in 5.4s![0m
      Evaluating reaction mbs_319 (316/491)...
[Problem → Reactions] Found 1414 reactions, 250 molecules.
      [32m✓ All goal molecules found.[0m
      [32m✓ All goal reactions found.[0m
        [32m✓ Target reaction successfully synthesized in 4.62s![0m
      Evaluating reaction mbs_320 (317/491)...
[Problem → Reactions] Found 604 reactions, 250 molecules.
      [32m✓ All goal molecules found.[0m
      [32m✓ All goal reactions found.[0m
        [32m✓ Target reaction successfully synthesized in 4.47s![0m
      Evaluating reaction mbs_321 (318/491)...
[Problem → Reactions] Found 2542 reactions, 250 molecules.
      [32m✓ All goal molecules found.[0m
      [32m✓ All goal reactions found.[0m
        [32m✓ Target reaction successfully synthesized in 7.09s![0m
      Evaluating reaction mbs_322 (319/491)...
        [31m✗ Skipped reaction synthesis (missing molecule synthesis subproblem failed).[0m
      Evaluating reaction mbs_323 (320/491)...
[Problem → Reactions] Found 1261 reactions, 250 molecules.
      [32m✓ All goal molecules found.[0m
      [32m✓ All goal reactions found.[0m
        [32m✓ Target reaction successfully synthesized in 0.69s![0m
      Evaluating reaction mbs_324 (321/491)...
        [31m✗ Skipped reaction synthesis (missing molecule synthesis subproblem failed).[0m
      Evaluating reaction mbs_325 (322/491)...
[Problem → Reactions] Found 1324 reactions, 250 molecules.
      [32m✓ All goal molecules found.[0m
      [32m✓ All goal reactions found.[0m
        [32m✓ Target reaction successfully synthesized in 4.8s![0m
      Evaluating reaction mbs_327 (323/491)...
[Problem → Reactions] Found 1164 reactions, 250 molecules.
      [32m✓ All goal molecules found.[0m
      [32m✓ All goal reactions found.[0m
        [32m✓ Target reaction successfully synthesized in 5.86s![0m
      Evaluating reaction mbs_328 (324/491)...
[Problem → Reactions] Found 1064 reactions, 250 molecules.
      [32m✓ All goal molecules found.[0m
      [32m✓ All goal reactions found.[0m
        [32m✓ Target reaction successfully synthesized in 4.53s![0m
      Evaluating reaction mbs_329 (325/491)...
[Problem → Reactions] Found 2568 reactions, 250 molecules.
      [32m✓ All goal molecules found.[0m
      [32m✓ All goal reactions found.[0m
        [32m✓ Target reaction successfully synthesized in 7.15s![0m
      Evaluating reaction mbs_330 (326/491)...
[Problem → Reactions] Found 1064 reactions, 250 molecules.
      [32m✓ All goal molecules found.[0m
      [32m✓ All goal reactions found.[0m
        [32m✓ Target reaction successfully synthesized in 4.45s![0m
      Evaluating reaction mbs_331 (327/491)...
[Problem → Reactions] Found 2542 reactions, 250 molecules.
      [32m✓ All goal molecules found.[0m
      [32m✓ All goal reactions found.[0m
        [32m✓ Target reaction successfully synthesized in 7.21s![0m
      Evaluating reaction mbs_332 (328/491)...
[Problem → Reactions] Found 783 reactions, 250 molecules.
      [32m✓ All goal molecules found.[0m
      [32m✓ All goal reactions found.[0m
        [32m✓ Target reaction successfully synthesized in 0.75s![0m
      Evaluating reaction mbs_333 (329/491)...
[Problem → Reactions] Found 1049 reactions, 250 molecules.
      [32m✓ All goal molecules found.[0m
      [32m✓ All goal reactions found.[0m
        [32m✓ Target reaction successfully synthesized in 1.49s![0m
      Evaluating reaction mbs_334 (330/491)...
[Problem → Reactions] Found 473 reactions, 250 molecules.
      [32m✓ All goal molecules found.[0m
      [32m✓ All goal reactions found.[0m
        [32m✓ Target reaction successfully synthesized in 0.48s![0m
      Evaluating reaction mbs_335 (331/491)...
[Problem → Reactions] Found 2542 reactions, 250 molecules.
      [32m✓ All goal molecules found.[0m
      [32m✓ All goal reactions found.[0m
        [32m✓ Target reaction successfully synthesized in 5.7s![0m
      Evaluating reaction mbs_336 (332/491)...
[Problem → Reactions] Found 528 reactions, 250 molecules.
      [32m✓ All goal molecules found.[0m
      [32m✓ All goal reactions found.[0m
        [32m✓ Target reaction successfully synthesized in 5.38s![0m
      Evaluating reaction mbs_337 (333/491)...
[Problem → Reactions] Found 1064 reactions, 250 molecules.
      [32m✓ All goal molecules found.[0m
      [32m✓ All goal reactions found.[0m
        [32m✓ Target reaction successfully synthesized in 4.37s![0m
      Evaluating reaction mbs_338 (334/491)...
        [31m✗ Skipped reaction synthesis (missing molecule synthesis subproblem failed).[0m
      Evaluating reaction mbs_339 (335/491)...
[Problem → Reactions] Found 750 reactions, 250 molecules.
      [32m✓ All goal molecules found.[0m
      [32m✓ All goal reactions found.[0m
        [32m✓ Target reaction successfully synthesized in 4.2s![0m
      Evaluating reaction mbs_340 (336/491)...
[Problem → Reactions] Found 1252 reactions, 250 molecules.
      [32m✓ All goal molecules found.[0m
      [32m✓ All goal reactions found.[0m
        [32m✓ Target reaction successfully synthesized in 5.37s![0m
      Evaluating reaction mbs_341 (337/491)...
        [31m✗ Skipped reaction synthesis (missing molecule synthesis subproblem failed).[0m
      Evaluating reaction mbs_342 (338/491)...
[Problem → Reactions] Found 1064 reactions, 250 molecules.
      [32m✓ All goal molecules found.[0m
      [32m✓ All goal reactions found.[0m
        [32m✓ Target reaction successfully synthesized in 4.46s![0m
      Evaluating reaction mbs_343 (339/491)...
[Problem → Reactions] Found 1252 reactions, 250 molecules.
      [32m✓ All goal molecules found.[0m
      [32m✓ All goal reactions found.[0m
        [32m✓ Target reaction successfully synthesized in 4.44s![0m
      Evaluating reaction mbs_344 (340/491)...
        [31m✗ Skipped reaction synthesis (missing molecule synthesis subproblem failed).[0m
      Evaluating reaction mbs_345 (341/491)...
[Problem → Reactions] Found 1290 reactions, 250 molecules.
      [32m✓ All goal molecules found.[0m
      [32m✓ All goal reactions found.[0m
        [32m✓ Target reaction successfully synthesized in 3.95s![0m
      Evaluating reaction mbs_346 (342/491)...
[Problem → Reactions] Found 737 reactions, 250 molecules.
      [32m✓ All goal molecules found.[0m
      [32m✓ All goal reactions found.[0m
        [32m✓ Target reaction successfully synthesized in 0.88s![0m
      Evaluating reaction mbs_347 (343/491)...
[Problem → Reactions] Found 2526 reactions, 250 molecules.
      [32m✓ All goal molecules found.[0m
      [32m✓ All goal reactions found.[0m
        [32m✓ Target reaction successfully synthesized in 6.9s![0m
      Evaluating reaction mbs_348 (344/491)...
[Problem → Reactions] Found 1261 reactions, 250 molecules.
      [32m✓ All goal molecules found.[0m
      [32m✓ All goal reactions found.[0m
        [32m✓ Target reaction successfully synthesized in 0.69s![0m
      Evaluating reaction mbs_349 (345/491)...
[Problem → Reactions] Found 497 reactions, 250 molecules.
      [32m✓ All goal molecules found.[0m
      [32m✓ All goal reactions found.[0m
        [32m✓ Target reaction successfully synthesized in 1.74s![0m
      Evaluating reaction mbs_350 (346/491)...
[Problem → Reactions] Found 1056 reactions, 250 molecules.
      [32m✓ All goal molecules found.[0m
      [32m✓ All goal reactions found.[0m
        [32m✓ Target reaction successfully synthesized in 5.85s![0m
      Evaluating reaction mbs_351 (347/491)...
[Problem → Reactions] Found 2164 reactions, 250 molecules.
      [32m✓ All goal molecules found.[0m
      [32m✓ All goal reactions found.[0m
        [32m✓ Target reaction successfully synthesized in 4.27s![0m
      Evaluating reaction mbs_352 (348/491)...
[Problem → Reactions] Found 955 reactions, 250 molecules.
      [32m✓ All goal molecules found.[0m
      [32m✓ All goal reactions found.[0m
        [32m✓ Target reaction successfully synthesized in 0.7s![0m
      Evaluating reaction mbs_353 (349/491)...
[Problem → Reactions] Found 1064 reactions, 250 molecules.
      [32m✓ All goal molecules found.[0m
      [32m✓ All goal reactions found.[0m
        [32m✓ Target reaction successfully synthesized in 4.59s![0m
      Evaluating reaction mbs_354 (350/491)...
[Problem → Reactions] Found 1056 reactions, 250 molecules.
      [32m✓ All goal molecules found.[0m
      [32m✓ All goal reactions found.[0m
        [32m✓ Target reaction successfully synthesized in 5.51s![0m
      Evaluating reaction mbs_355 (351/491)...
[Problem → Reactions] Found 1064 reactions, 250 molecules.
      [32m✓ All goal molecules found.[0m
      [32m✓ All goal reactions found.[0m
        [32m✓ Target reaction successfully synthesized in 4.92s![0m
      Evaluating reaction mbs_356 (352/491)...
[Problem → Reactions] Found 1064 reactions, 250 molecules.
      [32m✓ All goal molecules found.[0m
      [32m✓ All goal reactions found.[0m
        [32m✓ Target reaction successfully synthesized in 5.87s![0m
      Evaluating reaction mbs_357 (353/491)...
        [31m✗ Skipped reaction synthesis (missing molecule synthesis subproblem failed).[0m
      Evaluating reaction mbs_358 (354/491)...
[Problem → Reactions] Found 836 reactions, 250 molecules.
      [32m✓ All goal molecules found.[0m
      [32m✓ All goal reactions found.[0m
        [32m✓ Target reaction successfully synthesized in 3.8s![0m
      Evaluating reaction mbs_359 (355/491)...
[Problem → Reactions] Found 604 reactions, 250 molecules.
      [32m✓ All goal molecules found.[0m
      [32m✓ All goal reactions found.[0m
        [32m✓ Target reaction successfully synthesized in 4.35s![0m
      Evaluating reaction mbs_360 (356/491)...
[Problem → Reactions] Found 1414 reactions, 250 molecules.
      [32m✓ All goal molecules found.[0m
      [32m✓ All goal reactions found.[0m
        [32m✓ Target reaction successfully synthesized in 5.06s![0m
      Evaluating reaction mbs_361 (357/491)...
[Problem → Reactions] Found 1252 reactions, 250 molecules.
      [32m✓ All goal molecules found.[0m
      [32m✓ All goal reactions found.[0m
        [32m✓ Target reaction successfully synthesized in 5.28s![0m
      Evaluating reaction mbs_362 (358/491)...
        [31m✗ Skipped reaction synthesis (missing molecule synthesis subproblem failed).[0m
      Evaluating reaction mbs_363 (359/491)...
[Problem → Reactions] Found 1261 reactions, 250 molecules.
      [32m✓ All goal molecules found.[0m
      [32m✓ All goal reactions found.[0m
        [32m✓ Target reaction successfully synthesized in 0.68s![0m
      Evaluating reaction mbs_364 (360/491)...
[Problem → Reactions] Found 1064 reactions, 250 molecules.
      [32m✓ All goal molecules found.[0m
      [32m✓ All goal reactions found.[0m
        [32m✓ Target reaction successfully synthesized in 4.96s![0m
      Evaluating reaction mbs_365 (361/491)...
        [31m✗ Skipped reaction synthesis (missing molecule synthesis subproblem failed).[0m
      Evaluating reaction mbs_366 (362/491)...
[Problem → Reactions] Found 1294 reactions, 250 molecules.
      [32m✓ All goal molecules found.[0m
      [32m✓ All goal reactions found.[0m
        [32m✓ Target reaction successfully synthesized in 6.03s![0m
      Evaluating reaction mbs_367 (363/491)...
[Problem → Reactions] Found 298 reactions, 250 molecules.
      [32m✓ All goal molecules found.[0m
      [32m✓ All goal reactions found.[0m
        [32m✓ Target reaction successfully synthesized in 4.46s![0m
      Evaluating reaction mbs_368 (364/491)...
[Problem → Reactions] Found 604 reactions, 250 molecules.
      [32m✓ All goal molecules found.[0m
      [32m✓ All goal reactions found.[0m
        [32m✓ Target reaction successfully synthesized in 4.53s![0m
      Evaluating reaction mbs_369 (365/491)...
[Problem → Reactions] Found 1252 reactions, 250 molecules.
      [32m✓ All goal molecules found.[0m
      [32m✓ All goal reactions found.[0m
        [32m✓ Target reaction successfully synthesized in 4.16s![0m
      Evaluating reaction mbs_370 (366/491)...
        [31m✗ Skipped reaction synthesis (missing molecule synthesis subproblem failed).[0m
      Evaluating reaction mbs_371 (367/491)...
[Problem → Reactions] Found 2164 reactions, 250 molecules.
      [32m✓ All goal molecules found.[0m
      [32m✓ All goal reactions found.[0m
        [32m✓ Target reaction successfully synthesized in 4.69s![0m
      Evaluating reaction mbs_372 (368/491)...
[Problem → Reactions] Found 1252 reactions, 250 molecules.
      [32m✓ All goal molecules found.[0m
      [32m✓ All goal reactions found.[0m
        [32m✓ Target reaction successfully synthesized in 3.98s![0m
      Evaluating reaction mbs_373 (369/491)...
[Problem → Reactions] Found 2542 reactions, 250 molecules.
      [32m✓ All goal molecules found.[0m
      [32m✓ All goal reactions found.[0m
        [32m✓ Target reaction successfully synthesized in 6.84s![0m
      Evaluating reaction mbs_374 (370/491)...
[Problem → Reactions] Found 1252 reactions, 250 molecules.
      [32m✓ All goal molecules found.[0m
      [32m✓ All goal reactions found.[0m
        [32m✓ Target reaction successfully synthesized in 4.05s![0m
      Evaluating reaction mbs_375 (371/491)...
[Problem → Reactions] Found 2542 reactions, 250 molecules.
      [32m✓ All goal molecules found.[0m
      [32m✓ All goal reactions found.[0m
        [32m✓ Target reaction successfully synthesized in 6.42s![0m
      Evaluating reaction mbs_376 (372/491)...
[Problem → Reactions] Found 2502 reactions, 250 molecules.
      [32m✓ All goal molecules found.[0m
      [32m✓ All goal reactions found.[0m
        [32m✓ Target reaction successfully synthesized in 5.57s![0m
      Evaluating reaction mbs_377 (373/491)...
[Problem → Reactions] Found 2502 reactions, 250 molecules.
      [32m✓ All goal molecules found.[0m
      [32m✓ All goal reactions found.[0m
        [32m✓ Target reaction successfully synthesized in 5.79s![0m
      Evaluating reaction mbs_378 (374/491)...
[Problem → Reactions] Found 1064 reactions, 250 molecules.
      [32m✓ All goal molecules found.[0m
      [32m✓ All goal reactions found.[0m
        [32m✓ Target reaction successfully synthesized in 5.79s![0m
      Evaluating reaction mbs_379 (375/491)...
        [31m✗ Skipped reaction synthesis (missing molecule synthesis subproblem failed).[0m
      Evaluating reaction mbs_380 (376/491)...
[Problem → Reactions] Found 2568 reactions, 250 molecules.
      [32m✓ All goal molecules found.[0m
      [32m✓ All goal reactions found.[0m
        [32m✓ Target reaction successfully synthesized in 6.04s![0m
      Evaluating reaction mbs_381 (377/491)...
[Problem → Reactions] Found 737 reactions, 250 molecules.
      [32m✓ All goal molecules found.[0m
      [32m✓ All goal reactions found.[0m
        [32m✓ Target reaction successfully synthesized in 1.96s![0m
      Evaluating reaction mbs_382 (378/491)...
[Problem → Reactions] Found 2524 reactions, 250 molecules.
      [32m✓ All goal molecules found.[0m
      [32m✓ All goal reactions found.[0m
        [32m✓ Target reaction successfully synthesized in 5.55s![0m
      Evaluating reaction mbs_383 (379/491)...
[Problem → Reactions] Found 642 reactions, 250 molecules.
      [32m✓ All goal molecules found.[0m
      [32m✓ All goal reactions found.[0m
        [32m✓ Target reaction successfully synthesized in 3.8s![0m
      Evaluating reaction mbs_384 (380/491)...
[Problem → Reactions] Found 1064 reactions, 250 molecules.
      [32m✓ All goal molecules found.[0m
      [32m✓ All goal reactions found.[0m
        [32m✓ Target reaction successfully synthesized in 5.99s![0m
      Evaluating reaction mbs_385 (381/491)...
[Problem → Reactions] Found 1128 reactions, 250 molecules.
      [32m✓ All goal molecules found.[0m
      [32m✓ All goal reactions found.[0m
        [32m✓ Target reaction successfully synthesized in 2.49s![0m
      Evaluating reaction mbs_386 (382/491)...
[Problem → Reactions] Found 1036 reactions, 250 molecules.
      [32m✓ All goal molecules found.[0m
      [32m✓ All goal reactions found.[0m
        [32m✓ Target reaction successfully synthesized in 5.94s![0m
      Evaluating reaction mbs_387 (383/491)...
[Problem → Reactions] Found 30000 reactions, 250 molecules.
      [32m✓ All goal molecules found.[0m
      [31m✗ Missing goal reactions.[0m
        [31m✗ Synthesis failed or timed out in 64.16s.[0m
      Evaluating reaction mbs_388 (384/491)...
[Problem → Reactions] Found 798 reactions, 250 molecules.
      [32m✓ All goal molecules found.[0m
      [32m✓ All goal reactions found.[0m
        [32m✓ Target reaction successfully synthesized in 4.24s![0m
      Evaluating reaction mbs_389 (385/491)...
[Problem → Reactions] Found 1064 reactions, 250 molecules.
      [32m✓ All goal molecules found.[0m
      [32m✓ All goal reactions found.[0m
        [32m✓ Target reaction successfully synthesized in 4.6s![0m
      Evaluating reaction mbs_390 (386/491)...
[Problem → Reactions] Found 1252 reactions, 250 molecules.
      [32m✓ All goal molecules found.[0m
      [32m✓ All goal reactions found.[0m
        [32m✓ Target reaction successfully synthesized in 4.19s![0m
      Evaluating reaction mbs_391 (387/491)...
[Problem → Reactions] Found 604 reactions, 250 molecules.
      [32m✓ All goal molecules found.[0m
      [32m✓ All goal reactions found.[0m
        [32m✓ Target reaction successfully synthesized in 4.03s![0m
      Evaluating reaction mbs_392 (388/491)...
[Problem → Reactions] Found 1064 reactions, 250 molecules.
      [32m✓ All goal molecules found.[0m
      [32m✓ All goal reactions found.[0m
        [32m✓ Target reaction successfully synthesized in 4.65s![0m
      Evaluating reaction mbs_393 (389/491)...
        [31m✗ Skipped reaction synthesis (missing molecule synthesis subproblem failed).[0m
      Evaluating reaction mbs_394 (390/491)...
[Problem → Reactions] Found 30000 reactions, 250 molecules.
      [32m✓ All goal molecules found.[0m
      [31m✗ Missing goal reactions.[0m
        [31m✗ Synthesis failed or timed out in 74.49s.[0m
      Evaluating reaction mbs_395 (391/491)...
[Problem → Reactions] Found 468 reactions, 250 molecules.
      [32m✓ All goal molecules found.[0m
      [32m✓ All goal reactions found.[0m
        [32m✓ Target reaction successfully synthesized in 4.31s![0m
      Evaluating reaction mbs_396 (392/491)...
[Problem → Reactions] Found 1810 reactions, 250 molecules.
      [32m✓ All goal molecules found.[0m
      [32m✓ All goal reactions found.[0m
        [32m✓ Target reaction successfully synthesized in 3.85s![0m
      Evaluating reaction mbs_397 (393/491)...
[Problem → Reactions] Found 1294 reactions, 250 molecules.
      [32m✓ All goal molecules found.[0m
      [32m✓ All goal reactions found.[0m
        [32m✓ Target reaction successfully synthesized in 5.25s![0m
      Evaluating reaction mbs_398 (394/491)...
[Problem → Reactions] Found 750 reactions, 250 molecules.
      [32m✓ All goal molecules found.[0m
      [32m✓ All goal reactions found.[0m
        [32m✓ Target reaction successfully synthesized in 3.94s![0m
      Evaluating reaction mbs_399 (395/491)...
[Problem → Reactions] Found 2502 reactions, 250 molecules.
      [32m✓ All goal molecules found.[0m
      [32m✓ All goal reactions found.[0m
        [32m✓ Target reaction successfully synthesized in 6.3s![0m
      Evaluating reaction mbs_400 (396/491)...
[Problem → Reactions] Found 2542 reactions, 250 molecules.
      [32m✓ All goal molecules found.[0m
      [32m✓ All goal reactions found.[0m
        [32m✓ Target reaction successfully synthesized in 5.53s![0m
      Evaluating reaction mbs_401 (397/491)...
[Problem → Reactions] Found 2568 reactions, 250 molecules.
      [32m✓ All goal molecules found.[0m
      [32m✓ All goal reactions found.[0m
        [32m✓ Target reaction successfully synthesized in 5.93s![0m
      Evaluating reaction mbs_402 (398/491)...
        [31m✗ Skipped reaction synthesis (missing molecule synthesis subproblem failed).[0m
      Evaluating reaction mbs_403 (399/491)...
[Problem → Reactions] Found 1022 reactions, 250 molecules.
      [32m✓ All goal molecules found.[0m
      [32m✓ All goal reactions found.[0m
        [32m✓ Target reaction successfully synthesized in 4.26s![0m
      Evaluating reaction mbs_404 (400/491)...
        [31m✗ Skipped reaction synthesis (missing molecule synthesis subproblem failed).[0m
      Evaluating reaction mbs_405 (401/491)...
[Problem → Reactions] Found 330 reactions, 250 molecules.
      [32m✓ All goal molecules found.[0m
      [32m✓ All goal reactions found.[0m
        [32m✓ Target reaction successfully synthesized in 4.47s![0m
      Evaluating reaction mbs_406 (402/491)...
[Problem → Reactions] Found 1068 reactions, 250 molecules.
      [32m✓ All goal molecules found.[0m
      [32m✓ All goal reactions found.[0m
        [32m✓ Target reaction successfully synthesized in 5.96s![0m
      Evaluating reaction mbs_407 (403/491)...
[Problem → Reactions] Found 2542 reactions, 250 molecules.
      [32m✓ All goal molecules found.[0m
      [32m✓ All goal reactions found.[0m
        [32m✓ Target reaction successfully synthesized in 6.08s![0m
      Evaluating reaction mbs_408 (404/491)...
[Problem → Reactions] Found 1261 reactions, 250 molecules.
      [32m✓ All goal molecules found.[0m
      [32m✓ All goal reactions found.[0m
        [32m✓ Target reaction successfully synthesized in 1.73s![0m
      Evaluating reaction mbs_409 (405/491)...
[Problem → Reactions] Found 1261 reactions, 250 molecules.
      [32m✓ All goal molecules found.[0m
      [32m✓ All goal reactions found.[0m
        [32m✓ Target reaction successfully synthesized in 0.6s![0m
      Evaluating reaction mbs_410 (406/491)...
[Problem → Reactions] Found 759 reactions, 250 molecules.
      [32m✓ All goal molecules found.[0m
      [32m✓ All goal reactions found.[0m
        [32m✓ Target reaction successfully synthesized in 0.8s![0m
      Evaluating reaction mbs_411 (407/491)...
[Problem → Reactions] Found 372 reactions, 250 molecules.
      [32m✓ All goal molecules found.[0m
      [32m✓ All goal reactions found.[0m
        [32m✓ Target reaction successfully synthesized in 3.97s![0m
      Evaluating reaction mbs_413 (408/491)...
        [31m✗ Skipped reaction synthesis (missing molecule synthesis subproblem failed).[0m
      Evaluating reaction mbs_414 (409/491)...
[Problem → Reactions] Found 798 reactions, 250 molecules.
      [32m✓ All goal molecules found.[0m
      [32m✓ All goal reactions found.[0m
        [32m✓ Target reaction successfully synthesized in 4.57s![0m
      Evaluating reaction mbs_415 (410/491)...
[Problem → Reactions] Found 737 reactions, 250 molecules.
      [32m✓ All goal molecules found.[0m
      [32m✓ All goal reactions found.[0m
        [32m✓ Target reaction successfully synthesized in 0.89s![0m
      Evaluating reaction mbs_416 (411/491)...
[Problem → Reactions] Found 497 reactions, 250 molecules.
      [32m✓ All goal molecules found.[0m
      [32m✓ All goal reactions found.[0m
        [32m✓ Target reaction successfully synthesized in 2.6s![0m
      Evaluating reaction mbs_417 (412/491)...
[Problem → Reactions] Found 1261 reactions, 250 molecules.
      [32m✓ All goal molecules found.[0m
      [32m✓ All goal reactions found.[0m
        [32m✓ Target reaction successfully synthesized in 0.62s![0m
      Evaluating reaction mbs_418 (413/491)...
[Problem → Reactions] Found 1261 reactions, 250 molecules.
      [32m✓ All goal molecules found.[0m
      [32m✓ All goal reactions found.[0m
        [32m✓ Target reaction successfully synthesized in 0.74s![0m
      Evaluating reaction mbs_419 (414/491)...
[Problem → Reactions] Found 2502 reactions, 250 molecules.
      [32m✓ All goal molecules found.[0m
      [32m✓ All goal reactions found.[0m
        [32m✓ Target reaction successfully synthesized in 5.69s![0m
      Evaluating reaction mbs_420 (415/491)...
[Problem → Reactions] Found 750 reactions, 250 molecules.
      [32m✓ All goal molecules found.[0m
      [32m✓ All goal reactions found.[0m
        [32m✓ Target reaction successfully synthesized in 4.17s![0m
      Evaluating reaction mbs_421 (416/491)...
[Problem → Reactions] Found 1252 reactions, 250 molecules.
      [32m✓ All goal molecules found.[0m
      [32m✓ All goal reactions found.[0m
        [32m✓ Target reaction successfully synthesized in 4.47s![0m
      Evaluating reaction mbs_422 (417/491)...
        [31m✗ Skipped reaction synthesis (missing molecule synthesis subproblem failed).[0m
      Evaluating reaction mbs_423 (418/491)...
[Problem → Reactions] Found 1056 reactions, 250 molecules.
      [32m✓ All goal molecules found.[0m
      [32m✓ All goal reactions found.[0m
        [32m✓ Target reaction successfully synthesized in 5.75s![0m
      Evaluating reaction mbs_424 (419/491)...
[Problem → Reactions] Found 322 reactions, 250 molecules.
      [32m✓ All goal molecules found.[0m
      [32m✓ All goal reactions found.[0m
        [32m✓ Target reaction successfully synthesized in 4.47s![0m
      Evaluating reaction mbs_425 (420/491)...
[Problem → Reactions] Found 2502 reactions, 250 molecules.
      [32m✓ All goal molecules found.[0m
      [32m✓ All goal reactions found.[0m
        [32m✓ Target reaction successfully synthesized in 5.84s![0m
      Evaluating reaction mbs_426 (421/491)...
        [31m✗ Skipped reaction synthesis (missing molecule synthesis subproblem failed).[0m
      Evaluating reaction mbs_428 (422/491)...
[Problem → Reactions] Found 507 reactions, 250 molecules.
      [32m✓ All goal molecules found.[0m
      [32m✓ All goal reactions found.[0m
        [32m✓ Target reaction successfully synthesized in 0.62s![0m
      Evaluating reaction mbs_429 (423/491)...
[Problem → Reactions] Found 1197 reactions, 250 molecules.
      [32m✓ All goal molecules found.[0m
      [32m✓ All goal reactions found.[0m
        [32m✓ Target reaction successfully synthesized in 0.62s![0m
      Evaluating reaction mbs_430 (424/491)...
        [31m✗ Skipped reaction synthesis (missing molecule synthesis subproblem failed).[0m
      Evaluating reaction mbs_431 (425/491)...
[Problem → Reactions] Found 602 reactions, 250 molecules.
      [32m✓ All goal molecules found.[0m
      [32m✓ All goal reactions found.[0m
        [32m✓ Target reaction successfully synthesized in 5.44s![0m
      Evaluating reaction mbs_432 (426/491)...
[Problem → Reactions] Found 1252 reactions, 250 molecules.
      [32m✓ All goal molecules found.[0m
      [32m✓ All goal reactions found.[0m
        [32m✓ Target reaction successfully synthesized in 4.16s![0m
      Evaluating reaction mbs_433 (427/491)...
[Problem → Reactions] Found 1252 reactions, 250 molecules.
      [32m✓ All goal molecules found.[0m
      [32m✓ All goal reactions found.[0m
        [32m✓ Target reaction successfully synthesized in 3.88s![0m
      Evaluating reaction mbs_434 (428/491)...
[Problem → Reactions] Found 602 reactions, 250 molecules.
      [32m✓ All goal molecules found.[0m
      [32m✓ All goal reactions found.[0m
        [32m✓ Target reaction successfully synthesized in 4.62s![0m
      Evaluating reaction mbs_435 (429/491)...
[Problem → Reactions] Found 2542 reactions, 250 molecules.
      [32m✓ All goal molecules found.[0m
      [32m✓ All goal reactions found.[0m
        [32m✓ Target reaction successfully synthesized in 6.98s![0m
      Evaluating reaction mbs_436 (430/491)...
[Problem → Reactions] Found 1068 reactions, 250 molecules.
      [32m✓ All goal molecules found.[0m
      [32m✓ All goal reactions found.[0m
        [32m✓ Target reaction successfully synthesized in 4.35s![0m
      Evaluating reaction mbs_437 (431/491)...
[Problem → Reactions] Found 750 reactions, 250 molecules.
      [32m✓ All goal molecules found.[0m
      [32m✓ All goal reactions found.[0m
        [32m✓ Target reaction successfully synthesized in 4.2s![0m
      Evaluating reaction mbs_438 (432/491)...
[Problem → Reactions] Found 1049 reactions, 250 molecules.
      [32m✓ All goal molecules found.[0m
      [32m✓ All goal reactions found.[0m
        [32m✓ Target reaction successfully synthesized in 2.0s![0m
      Evaluating reaction mbs_439 (433/491)...
[Problem → Reactions] Found 2542 reactions, 250 molecules.
      [32m✓ All goal molecules found.[0m
      [32m✓ All goal reactions found.[0m
        [32m✓ Target reaction successfully synthesized in 6.08s![0m
      Evaluating reaction mbs_440 (434/491)...
[Problem → Reactions] Found 250 reactions, 250 molecules.
      [32m✓ All goal molecules found.[0m
      [32m✓ All goal reactions found.[0m
        [32m✓ Target reaction successfully synthesized in 4.1s![0m
      Evaluating reaction mbs_442 (435/491)...
[Problem → Reactions] Found 1068 reactions, 250 molecules.
      [32m✓ All goal molecules found.[0m
      [32m✓ All goal reactions found.[0m
        [32m✓ Target reaction successfully synthesized in 4.52s![0m
      Evaluating reaction mbs_443 (436/491)...
        [31m✗ Skipped reaction synthesis (missing molecule synthesis subproblem failed).[0m
      Evaluating reaction mbs_444 (437/491)...
[Problem → Reactions] Found 30000 reactions, 250 molecules.
      [32m✓ All goal molecules found.[0m
      [31m✗ Missing goal reactions.[0m
        [31m✗ Synthesis failed or timed out in 65.14s.[0m
      Evaluating reaction mbs_445 (438/491)...
[Problem → Reactions] Found 1294 reactions, 250 molecules.
      [32m✓ All goal molecules found.[0m
      [32m✓ All goal reactions found.[0m
        [32m✓ Target reaction successfully synthesized in 4.71s![0m
      Evaluating reaction mbs_446 (439/491)...
        [31m✗ Skipped reaction synthesis (missing molecule synthesis subproblem failed).[0m
      Evaluating reaction mbs_447 (440/491)...
        [31m✗ Skipped reaction synthesis (missing molecule synthesis subproblem failed).[0m
      Evaluating reaction mbs_448 (441/491)...
[Problem → Reactions] Found 1064 reactions, 250 molecules.
      [32m✓ All goal molecules found.[0m
      [32m✓ All goal reactions found.[0m
        [32m✓ Target reaction successfully synthesized in 4.74s![0m
      Evaluating reaction mbs_449 (442/491)...
        [31m✗ Skipped reaction synthesis (missing molecule synthesis subproblem failed).[0m
      Evaluating reaction mbs_450 (443/491)...
        [31m✗ Skipped reaction synthesis (missing molecule synthesis subproblem failed).[0m
      Evaluating reaction mbs_451 (444/491)...
[Problem → Reactions] Found 2542 reactions, 250 molecules.
      [32m✓ All goal molecules found.[0m
      [32m✓ All goal reactions found.[0m
        [32m✓ Target reaction successfully synthesized in 6.64s![0m
      Evaluating reaction mbs_452 (445/491)...
[Problem → Reactions] Found 497 reactions, 250 molecules.
      [32m✓ All goal molecules found.[0m
      [32m✓ All goal reactions found.[0m
        [32m✓ Target reaction successfully synthesized in 1.32s![0m
      Evaluating reaction mbs_453 (446/491)...
[Problem → Reactions] Found 604 reactions, 250 molecules.
      [32m✓ All goal molecules found.[0m
      [32m✓ All goal reactions found.[0m
        [32m✓ Target reaction successfully synthesized in 4.69s![0m
      Evaluating reaction mbs_454 (447/491)...
[Problem → Reactions] Found 528 reactions, 250 molecules.
      [32m✓ All goal molecules found.[0m
      [32m✓ All goal reactions found.[0m
        [32m✓ Target reaction successfully synthesized in 4.3s![0m
      Evaluating reaction mbs_455 (448/491)...
[Problem → Reactions] Found 1064 reactions, 250 molecules.
      [32m✓ All goal molecules found.[0m
      [32m✓ All goal reactions found.[0m
        [32m✓ Target reaction successfully synthesized in 4.42s![0m
      Evaluating reaction mbs_456 (449/491)...
[Problem → Reactions] Found 2542 reactions, 250 molecules.
      [32m✓ All goal molecules found.[0m
      [32m✓ All goal reactions found.[0m
        [32m✓ Target reaction successfully synthesized in 5.97s![0m
      Evaluating reaction mbs_457 (450/491)...
        [31m✗ Skipped reaction synthesis (missing molecule synthesis subproblem failed).[0m
      Evaluating reaction mbs_458 (451/491)...
[Problem → Reactions] Found 1064 reactions, 250 molecules.
      [32m✓ All goal molecules found.[0m
      [32m✓ All goal reactions found.[0m
        [32m✓ Target reaction successfully synthesized in 5.73s![0m
      Evaluating reaction mbs_459 (452/491)...
[Problem → Reactions] Found 798 reactions, 250 molecules.
      [32m✓ All goal molecules found.[0m
      [32m✓ All goal reactions found.[0m
        [32m✓ Target reaction successfully synthesized in 4.24s![0m
      Evaluating reaction mbs_460 (453/491)...
[Problem → Reactions] Found 2524 reactions, 250 molecules.
      [32m✓ All goal molecules found.[0m
      [32m✓ All goal reactions found.[0m
        [32m✓ Target reaction successfully synthesized in 5.52s![0m
      Evaluating reaction mbs_461 (454/491)...
[Problem → Reactions] Found 766 reactions, 250 molecules.
      [32m✓ All goal molecules found.[0m
      [32m✓ All goal reactions found.[0m
        [32m✓ Target reaction successfully synthesized in 5.37s![0m
      Evaluating reaction mbs_462 (455/491)...
[Problem → Reactions] Found 497 reactions, 250 molecules.
      [32m✓ All goal molecules found.[0m
      [32m✓ All goal reactions found.[0m
        [32m✓ Target reaction successfully synthesized in 1.5s![0m
      Evaluating reaction mbs_463 (456/491)...
[Problem → Reactions] Found 30000 reactions, 250 molecules.
      [32m✓ All goal molecules found.[0m
      [31m✗ Missing goal reactions.[0m
        [31m✗ Synthesis failed or timed out in 69.74s.[0m
      Evaluating reaction mbs_464 (457/491)...
[Problem → Reactions] Found 798 reactions, 250 molecules.
      [32m✓ All goal molecules found.[0m
      [32m✓ All goal reactions found.[0m
        [32m✓ Target reaction successfully synthesized in 4.18s![0m
      Evaluating reaction mbs_465 (458/491)...
[Problem → Reactions] Found 1064 reactions, 250 molecules.
      [32m✓ All goal molecules found.[0m
      [32m✓ All goal reactions found.[0m
        [32m✓ Target reaction successfully synthesized in 4.45s![0m
      Evaluating reaction mbs_466 (459/491)...
[Problem → Reactions] Found 1049 reactions, 250 molecules.
      [32m✓ All goal molecules found.[0m
      [32m✓ All goal reactions found.[0m
        [32m✓ Target reaction successfully synthesized in 1.04s![0m
      Evaluating reaction mbs_467 (460/491)...
[Problem → Reactions] Found 6169 reactions, 250 molecules.
      [32m✓ All goal molecules found.[0m
      [32m✓ All goal reactions found.[0m
        [32m✓ Target reaction successfully synthesized in 7.55s![0m
      Evaluating reaction mbs_468 (461/491)...
[Problem → Reactions] Found 1261 reactions, 250 molecules.
      [32m✓ All goal molecules found.[0m
      [32m✓ All goal reactions found.[0m
        [32m✓ Target reaction successfully synthesized in 0.6s![0m
      Evaluating reaction mbs_469 (462/491)...
[Problem → Reactions] Found 2542 reactions, 250 molecules.
      [32m✓ All goal molecules found.[0m
      [32m✓ All goal reactions found.[0m
        [32m✓ Target reaction successfully synthesized in 5.75s![0m
      Evaluating reaction mbs_470 (463/491)...
[Problem → Reactions] Found 798 reactions, 250 molecules.
      [32m✓ All goal molecules found.[0m
      [32m✓ All goal reactions found.[0m
        [32m✓ Target reaction successfully synthesized in 4.39s![0m
      Evaluating reaction mbs_471 (464/491)...
[Problem → Reactions] Found 1290 reactions, 250 molecules.
      [32m✓ All goal molecules found.[0m
      [32m✓ All goal reactions found.[0m
        [32m✓ Target reaction successfully synthesized in 5.19s![0m
      Evaluating reaction mbs_472 (465/491)...
[Problem → Reactions] Found 30000 reactions, 250 molecules.
      [32m✓ All goal molecules found.[0m
      [31m✗ Missing goal reactions.[0m
        [31m✗ Synthesis failed or timed out in 68.88s.[0m
      Evaluating reaction mbs_473 (466/491)...
[Problem → Reactions] Found 1172 reactions, 250 molecules.
      [32m✓ All goal molecules found.[0m
      [32m✓ All goal reactions found.[0m
        [32m✓ Target reaction successfully synthesized in 4.75s![0m
      Evaluating reaction mbs_474 (467/491)...
[Problem → Reactions] Found 2542 reactions, 250 molecules.
      [32m✓ All goal molecules found.[0m
      [32m✓ All goal reactions found.[0m
        [32m✓ Target reaction successfully synthesized in 6.21s![0m
      Evaluating reaction mbs_476 (468/491)...
[Problem → Reactions] Found 1261 reactions, 250 molecules.
      [32m✓ All goal molecules found.[0m
      [32m✓ All goal reactions found.[0m
        [32m✓ Target reaction successfully synthesized in 0.65s![0m
      Evaluating reaction mbs_477 (469/491)...
[Problem → Reactions] Found 497 reactions, 250 molecules.
      [32m✓ All goal molecules found.[0m
      [32m✓ All goal reactions found.[0m
        [32m✓ Target reaction successfully synthesized in 2.55s![0m
      Evaluating reaction mbs_478 (470/491)...
[Problem → Reactions] Found 507 reactions, 250 molecules.
      [32m✓ All goal molecules found.[0m
      [32m✓ All goal reactions found.[0m
        [32m✓ Target reaction successfully synthesized in 0.6s![0m
      Evaluating reaction mbs_479 (471/491)...
[Problem → Reactions] Found 476 reactions, 250 molecules.
      [32m✓ All goal molecules found.[0m
      [32m✓ All goal reactions found.[0m
        [32m✓ Target reaction successfully synthesized in 4.12s![0m
      Evaluating reaction mbs_480 (472/491)...
[Problem → Reactions] Found 1252 reactions, 250 molecules.
      [32m✓ All goal molecules found.[0m
      [32m✓ All goal reactions found.[0m
        [32m✓ Target reaction successfully synthesized in 4.4s![0m
      Evaluating reaction mbs_481 (473/491)...
[Problem → Reactions] Found 798 reactions, 250 molecules.
      [32m✓ All goal molecules found.[0m
      [32m✓ All goal reactions found.[0m
        [32m✓ Target reaction successfully synthesized in 4.23s![0m
      Evaluating reaction mbs_482 (474/491)...
[Problem → Reactions] Found 2528 reactions, 250 molecules.
      [32m✓ All goal molecules found.[0m
      [32m✓ All goal reactions found.[0m
        [32m✓ Target reaction successfully synthesized in 6.18s![0m
      Evaluating reaction mbs_483 (475/491)...
[Problem → Reactions] Found 1064 reactions, 250 molecules.
      [32m✓ All goal molecules found.[0m
      [32m✓ All goal reactions found.[0m
        [32m✓ Target reaction successfully synthesized in 4.7s![0m
      Evaluating reaction mbs_484 (476/491)...
[Problem → Reactions] Found 1261 reactions, 250 molecules.
      [32m✓ All goal molecules found.[0m
      [32m✓ All goal reactions found.[0m
        [32m✓ Target reaction successfully synthesized in 0.68s![0m
      Evaluating reaction mbs_485 (477/491)...
[Problem → Reactions] Found 1261 reactions, 250 molecules.
      [32m✓ All goal molecules found.[0m
      [32m✓ All goal reactions found.[0m
        [32m✓ Target reaction successfully synthesized in 0.71s![0m
      Evaluating reaction mbs_486 (478/491)...
[Problem → Reactions] Found 567 reactions, 250 molecules.
      [32m✓ All goal molecules found.[0m
      [32m✓ All goal reactions found.[0m
        [32m✓ Target reaction successfully synthesized in 0.98s![0m
      Evaluating reaction mbs_487 (479/491)...
[Problem → Reactions] Found 1056 reactions, 250 molecules.
      [32m✓ All goal molecules found.[0m
      [32m✓ All goal reactions found.[0m
        [32m✓ Target reaction successfully synthesized in 5.39s![0m
      Evaluating reaction mbs_488 (480/491)...
[Problem → Reactions] Found 358 reactions, 250 molecules.
      [32m✓ All goal molecules found.[0m
      [32m✓ All goal reactions found.[0m
        [32m✓ Target reaction successfully synthesized in 4.42s![0m
      Evaluating reaction mbs_489 (481/491)...
[Problem → Reactions] Found 1064 reactions, 250 molecules.
      [32m✓ All goal molecules found.[0m
      [32m✓ All goal reactions found.[0m
        [32m✓ Target reaction successfully synthesized in 4.68s![0m
      Evaluating reaction mbs_490 (482/491)...
[Problem → Reactions] Found 1261 reactions, 250 molecules.
      [32m✓ All goal molecules found.[0m
      [32m✓ All goal reactions found.[0m
        [32m✓ Target reaction successfully synthesized in 0.64s![0m
      Evaluating reaction mbs_491 (483/491)...
[Problem → Reactions] Found 1261 reactions, 250 molecules.
      [32m✓ All goal molecules found.[0m
      [32m✓ All goal reactions found.[0m
        [32m✓ Target reaction successfully synthesized in 0.7s![0m
      Evaluating reaction mbs_492 (484/491)...
[Problem → Reactions] Found 604 reactions, 250 molecules.
      [32m✓ All goal molecules found.[0m
      [32m✓ All goal reactions found.[0m
        [32m✓ Target reaction successfully synthesized in 5.89s![0m
      Evaluating reaction mbs_493 (485/491)...
[Problem → Reactions] Found 750 reactions, 250 molecules.
      [32m✓ All goal molecules found.[0m
      [32m✓ All goal reactions found.[0m
        [32m✓ Target reaction successfully synthesized in 4.27s![0m
      Evaluating reaction mbs_494 (486/491)...
[Problem → Reactions] Found 1252 reactions, 250 molecules.
      [32m✓ All goal molecules found.[0m
      [32m✓ All goal reactions found.[0m
        [32m✓ Target reaction successfully synthesized in 3.94s![0m
      Evaluating reaction mbs_495 (487/491)...
[Problem → Reactions] Found 1414 reactions, 250 molecules.
      [32m✓ All goal molecules found.[0m
      [32m✓ All goal reactions found.[0m
        [32m✓ Target reaction successfully synthesized in 4.75s![0m
      Evaluating reaction mbs_496 (488/491)...
[Problem → Reactions] Found 1252 reactions, 250 molecules.
      [32m✓ All goal molecules found.[0m
      [32m✓ All goal reactions found.[0m
        [32m✓ Target reaction successfully synthesized in 5.43s![0m
      Evaluating reaction mbs_497 (489/491)...
[Problem → Reactions] Found 604 reactions, 250 molecules.
      [32m✓ All goal molecules found.[0m
      [32m✓ All goal reactions found.[0m
        [32m✓ Target reaction successfully synthesized in 4.69s![0m
      Evaluating reaction mbs_498 (490/491)...
[Problem → Reactions] Found 1056 reactions, 250 molecules.
      [32m✓ All goal molecules found.[0m
      [32m✓ All goal reactions found.[0m
        [32m✓ Target reaction successfully synthesized in 4.7s![0m
      Evaluating reaction mbs_499 (491/491)...
[Problem → Reactions] Found 2164 reactions, 250 molecules.
      [32m✓ All goal molecules found.[0m
      [32m✓ All goal reactions found.[0m
        [32m✓ Target reaction successfully synthesized in 4.8s![0m

      Synthesis Performance (Metric: none, Without fragments) on Tractable Subspace:
        - Evaluated runs: 491
        - Success rate:   83.5%
        - Average time:   4.02s

  [1mSimilarity Metric: tanimoto[0m
      Evaluating reaction mbs_1 (1/491)...
[Problem → Reactions] Found 1638 reactions, 250 molecules.
      [32m✓ All goal molecules found.[0m
      [32m✓ All goal reactions found.[0m
        [32m✓ Target reaction successfully synthesized in 6.45s![0m
      Evaluating reaction mbs_2 (2/491)...
[Problem → Reactions] Found 1760 reactions, 250 molecules.
      [32m✓ All goal molecules found.[0m
      [32m✓ All goal reactions found.[0m
        [32m✓ Target reaction successfully synthesized in 6.27s![0m
      Evaluating reaction mbs_3 (3/491)...
[Problem → Reactions] Found 1700 reactions, 250 molecules.
      [32m✓ All goal molecules found.[0m
      [32m✓ All goal reactions found.[0m
        [32m✓ Target reaction successfully synthesized in 5.53s![0m
      Evaluating reaction mbs_4 (4/491)...
[Problem → Reactions] Found 1682 reactions, 250 molecules.
      [32m✓ All goal molecules found.[0m
      [32m✓ All goal reactions found.[0m
        [32m✓ Target reaction successfully synthesized in 6.64s![0m
      Evaluating reaction mbs_5 (5/491)...
[Problem → Reactions] Found 1652 reactions, 250 molecules.
      [32m✓ All goal molecules found.[0m
      [32m✓ All goal reactions found.[0m
        [32m✓ Target reaction successfully synthesized in 6.45s![0m
      Evaluating reaction mbs_6 (6/491)...
[Problem → Reactions] Found 1321 reactions, 250 molecules.
      [32m✓ All goal molecules found.[0m
      [32m✓ All goal reactions found.[0m
        [32m✓ Target reaction successfully synthesized in 0.62s![0m
      Evaluating reaction mbs_7 (7/491)...
[Problem → Reactions] Found 754 reactions, 250 molecules.
      [32m✓ All goal molecules found.[0m
      [32m✓ All goal reactions found.[0m
        [32m✓ Target reaction successfully synthesized in 4.32s![0m
      Evaluating reaction mbs_8 (8/491)...
        [31m✗ Skipped reaction synthesis (missing molecule synthesis subproblem failed).[0m
      Evaluating reaction mbs_9 (9/491)...
[Problem → Reactions] Found 1324 reactions, 250 molecules.
      [32m✓ All goal molecules found.[0m
      [32m✓ All goal reactions found.[0m
        [32m✓ Target reaction successfully synthesized in 4.0s![0m
      Evaluating reaction mbs_10 (10/491)...
[Problem → Reactions] Found 3896 reactions, 250 molecules.
      [32m✓ All goal molecules found.[0m
      [32m✓ All goal reactions found.[0m
        [32m✓ Target reaction successfully synthesized in 7.3s![0m
      Evaluating reaction mbs_11 (11/491)...
[Problem → Reactions] Found 908 reactions, 250 molecules.
      [32m✓ All goal molecules found.[0m
      [32m✓ All goal reactions found.[0m
        [32m✓ Target reaction successfully synthesized in 4.02s![0m
      Evaluating reaction mbs_12 (12/491)...
[Problem → Reactions] Found 846 reactions, 250 molecules.
      [32m✓ All goal molecules found.[0m
      [32m✓ All goal reactions found.[0m
        [32m✓ Target reaction successfully synthesized in 4.12s![0m
      Evaluating reaction mbs_13 (13/491)...
[Problem → Reactions] Found 1371 reactions, 250 molecules.
      [32m✓ All goal molecules found.[0m
      [32m✓ All goal reactions found.[0m
        [32m✓ Target reaction successfully synthesized in 0.65s![0m
      Evaluating reaction mbs_14 (14/491)...
[Problem → Reactions] Found 767 reactions, 250 molecules.
      [32m✓ All goal molecules found.[0m
      [32m✓ All goal reactions found.[0m
        [32m✓ Target reaction successfully synthesized in 1.89s![0m
      Evaluating reaction mbs_15 (15/491)...
[Problem → Reactions] Found 2662 reactions, 250 molecules.
      [32m✓ All goal molecules found.[0m
      [32m✓ All goal reactions found.[0m
        [32m✓ Target reaction successfully synthesized in 5.14s![0m
      Evaluating reaction mbs_16 (16/491)...
[Problem → Reactions] Found 1708 reactions, 250 molecules.
      [32m✓ All goal molecules found.[0m
      [32m✓ All goal reactions found.[0m
        [32m✓ Target reaction successfully synthesized in 6.31s![0m
      Evaluating reaction mbs_17 (17/491)...
[Problem → Reactions] Found 746 reactions, 250 molecules.
      [32m✓ All goal molecules found.[0m
      [32m✓ All goal reactions found.[0m
        [32m✓ Target reaction successfully synthesized in 4.46s![0m
      Evaluating reaction mbs_18 (18/491)...
[Problem → Reactions] Found 1942 reactions, 250 molecules.
      [32m✓ All goal molecules found.[0m
      [32m✓ All goal reactions found.[0m
        [32m✓ Target reaction successfully synthesized in 6.36s![0m
      Evaluating reaction mbs_19 (19/491)...
[Problem → Reactions] Found 3704 reactions, 250 molecules.
      [32m✓ All goal molecules found.[0m
      [32m✓ All goal reactions found.[0m
        [32m✓ Target reaction successfully synthesized in 7.04s![0m
      Evaluating reaction mbs_20 (20/491)...
[Problem → Reactions] Found 1370 reactions, 250 molecules.
      [32m✓ All goal molecules found.[0m
      [32m✓ All goal reactions found.[0m
        [32m✓ Target reaction successfully synthesized in 5.31s![0m
      Evaluating reaction mbs_21 (21/491)...
        [31m✗ Skipped reaction synthesis (missing molecule synthesis subproblem failed).[0m
      Evaluating reaction mbs_22 (22/491)...
[Problem → Reactions] Found 1371 reactions, 250 molecules.
      [32m✓ All goal molecules found.[0m
      [32m✓ All goal reactions found.[0m
        [32m✓ Target reaction successfully synthesized in 0.79s![0m
      Evaluating reaction mbs_23 (23/491)...
[Problem → Reactions] Found 3712 reactions, 250 molecules.
      [32m✓ All goal molecules found.[0m
      [32m✓ All goal reactions found.[0m
        [32m✓ Target reaction successfully synthesized in 7.78s![0m
      Evaluating reaction mbs_24 (24/491)...
[Problem → Reactions] Found 3958 reactions, 250 molecules.
      [32m✓ All goal molecules found.[0m
      [32m✓ All goal reactions found.[0m
        [32m✓ Target reaction successfully synthesized in 6.18s![0m
      Evaluating reaction mbs_25 (25/491)...
[Problem → Reactions] Found 1311 reactions, 250 molecules.
      [32m✓ All goal molecules found.[0m
      [32m✓ All goal reactions found.[0m
        [32m✓ Target reaction successfully synthesized in 0.62s![0m
      Evaluating reaction mbs_26 (26/491)...
[Problem → Reactions] Found 1654 reactions, 250 molecules.
      [32m✓ All goal molecules found.[0m
      [32m✓ All goal reactions found.[0m
        [32m✓ Target reaction successfully synthesized in 5.38s![0m
      Evaluating reaction mbs_27 (27/491)...
[Problem → Reactions] Found 3062 reactions, 250 molecules.
      [32m✓ All goal molecules found.[0m
      [32m✓ All goal reactions found.[0m
        [32m✓ Target reaction successfully synthesized in 7.28s![0m
      Evaluating reaction mbs_28 (28/491)...
[Problem → Reactions] Found 846 reactions, 250 molecules.
      [32m✓ All goal molecules found.[0m
      [32m✓ All goal reactions found.[0m
        [32m✓ Target reaction successfully synthesized in 4.39s![0m
      Evaluating reaction mbs_29 (29/491)...
[Problem → Reactions] Found 3944 reactions, 250 molecules.
      [32m✓ All goal molecules found.[0m
      [32m✓ All goal reactions found.[0m
        [32m✓ Target reaction successfully synthesized in 8.72s![0m
      Evaluating reaction mbs_30 (30/491)...
[Problem → Reactions] Found 874 reactions, 250 molecules.
      [32m✓ All goal molecules found.[0m
      [32m✓ All goal reactions found.[0m
        [32m✓ Target reaction successfully synthesized in 3.05s![0m
      Evaluating reaction mbs_31 (31/491)...
[Problem → Reactions] Found 829 reactions, 250 molecules.
      [32m✓ All goal molecules found.[0m
      [32m✓ All goal reactions found.[0m
        [32m✓ Target reaction successfully synthesized in 2.91s![0m
      Evaluating reaction mbs_32 (32/491)...
[Problem → Reactions] Found 940 reactions, 250 molecules.
      [32m✓ All goal molecules found.[0m
      [32m✓ All goal reactions found.[0m
        [32m✓ Target reaction successfully synthesized in 5.05s![0m
      Evaluating reaction mbs_33 (33/491)...
[Problem → Reactions] Found 1385 reactions, 250 molecules.
      [32m✓ All goal molecules found.[0m
      [32m✓ All goal reactions found.[0m
        [32m✓ Target reaction successfully synthesized in 0.77s![0m
      Evaluating reaction mbs_34 (34/491)...
        [31m✗ Skipped reaction synthesis (missing molecule synthesis subproblem failed).[0m
      Evaluating reaction mbs_35 (35/491)...
[Problem → Reactions] Found 1324 reactions, 250 molecules.
      [32m✓ All goal molecules found.[0m
      [32m✓ All goal reactions found.[0m
        [32m✓ Target reaction successfully synthesized in 5.41s![0m
      Evaluating reaction mbs_36 (36/491)...
[Problem → Reactions] Found 3930 reactions, 250 molecules.
      [32m✓ All goal molecules found.[0m
      [32m✓ All goal reactions found.[0m
        [32m✓ Target reaction successfully synthesized in 7.52s![0m
      Evaluating reaction mbs_37 (37/491)...
[Problem → Reactions] Found 992 reactions, 250 molecules.
      [32m✓ All goal molecules found.[0m
      [32m✓ All goal reactions found.[0m
        [32m✓ Target reaction successfully synthesized in 4.94s![0m
      Evaluating reaction mbs_38 (38/491)...
[Problem → Reactions] Found 1397 reactions, 250 molecules.
      [32m✓ All goal molecules found.[0m
      [32m✓ All goal reactions found.[0m
        [32m✓ Target reaction successfully synthesized in 1.09s![0m
      Evaluating reaction mbs_39 (39/491)...
[Problem → Reactions] Found 2736 reactions, 250 molecules.
      [32m✓ All goal molecules found.[0m
      [32m✓ All goal reactions found.[0m
        [32m✓ Target reaction successfully synthesized in 5.73s![0m
      Evaluating reaction mbs_40 (40/491)...
[Problem → Reactions] Found 1908 reactions, 250 molecules.
      [32m✓ All goal molecules found.[0m
      [32m✓ All goal reactions found.[0m
        [32m✓ Target reaction successfully synthesized in 5.58s![0m
      Evaluating reaction mbs_41 (41/491)...
[Problem → Reactions] Found 1667 reactions, 250 molecules.
      [32m✓ All goal molecules found.[0m
      [32m✓ All goal reactions found.[0m
        [32m✓ Target reaction successfully synthesized in 2.53s![0m
      Evaluating reaction mbs_42 (42/491)...
[Problem → Reactions] Found 1371 reactions, 250 molecules.
      [32m✓ All goal molecules found.[0m
      [32m✓ All goal reactions found.[0m
        [32m✓ Target reaction successfully synthesized in 0.7s![0m
      Evaluating reaction mbs_43 (43/491)...
[Problem → Reactions] Found 1722 reactions, 250 molecules.
      [32m✓ All goal molecules found.[0m
      [32m✓ All goal reactions found.[0m
        [32m✓ Target reaction successfully synthesized in 6.08s![0m
      Evaluating reaction mbs_44 (44/491)...
[Problem → Reactions] Found 3932 reactions, 250 molecules.
      [32m✓ All goal molecules found.[0m
      [32m✓ All goal reactions found.[0m
        [32m✓ Target reaction successfully synthesized in 7.93s![0m
      Evaluating reaction mbs_45 (45/491)...
[Problem → Reactions] Found 414 reactions, 250 molecules.
      [32m✓ All goal molecules found.[0m
      [32m✓ All goal reactions found.[0m
        [32m✓ Target reaction successfully synthesized in 4.4s![0m
      Evaluating reaction mbs_46 (46/491)...
[Problem → Reactions] Found 904 reactions, 250 molecules.
      [32m✓ All goal molecules found.[0m
      [32m✓ All goal reactions found.[0m
        [32m✓ Target reaction successfully synthesized in 4.8s![0m
      Evaluating reaction mbs_47 (47/491)...
        [31m✗ Skipped reaction synthesis (missing molecule synthesis subproblem failed).[0m
      Evaluating reaction mbs_48 (48/491)...
[Problem → Reactions] Found 1394 reactions, 250 molecules.
      [32m✓ All goal molecules found.[0m
      [32m✓ All goal reactions found.[0m
        [32m✓ Target reaction successfully synthesized in 4.18s![0m
      Evaluating reaction mbs_49 (49/491)...
[Problem → Reactions] Found 1377 reactions, 250 molecules.
      [32m✓ All goal molecules found.[0m
      [32m✓ All goal reactions found.[0m
        [32m✓ Target reaction successfully synthesized in 1.65s![0m
      Evaluating reaction mbs_50 (50/491)...
[Problem → Reactions] Found 1664 reactions, 250 molecules.
      [32m✓ All goal molecules found.[0m
      [32m✓ All goal reactions found.[0m
        [32m✓ Target reaction successfully synthesized in 5.49s![0m
      Evaluating reaction mbs_51 (51/491)...
[Problem → Reactions] Found 798 reactions, 250 molecules.
      [32m✓ All goal molecules found.[0m
      [32m✓ All goal reactions found.[0m
        [32m✓ Target reaction successfully synthesized in 4.02s![0m
      Evaluating reaction mbs_52 (52/491)...
[Problem → Reactions] Found 1371 reactions, 250 molecules.
      [32m✓ All goal molecules found.[0m
      [32m✓ All goal reactions found.[0m
        [32m✓ Target reaction successfully synthesized in 1.81s![0m
      Evaluating reaction mbs_53 (53/491)...
[Problem → Reactions] Found 1750 reactions, 250 molecules.
      [32m✓ All goal molecules found.[0m
      [32m✓ All goal reactions found.[0m
        [32m✓ Target reaction successfully synthesized in 5.99s![0m
      Evaluating reaction mbs_54 (54/491)...
[Problem → Reactions] Found 896 reactions, 250 molecules.
      [32m✓ All goal molecules found.[0m
      [32m✓ All goal reactions found.[0m
        [32m✓ Target reaction successfully synthesized in 4.48s![0m
      Evaluating reaction mbs_55 (55/491)...
[Problem → Reactions] Found 1700 reactions, 250 molecules.
      [32m✓ All goal molecules found.[0m
      [32m✓ All goal reactions found.[0m
        [32m✓ Target reaction successfully synthesized in 5.28s![0m
      Evaluating reaction mbs_56 (56/491)...
[Problem → Reactions] Found 1750 reactions, 250 molecules.
      [32m✓ All goal molecules found.[0m
      [32m✓ All goal reactions found.[0m
        [32m✓ Target reaction successfully synthesized in 6.51s![0m
      Evaluating reaction mbs_57 (57/491)...
[Problem → Reactions] Found 764 reactions, 250 molecules.
      [32m✓ All goal molecules found.[0m
      [32m✓ All goal reactions found.[0m
        [32m✓ Target reaction successfully synthesized in 5.32s![0m
      Evaluating reaction mbs_58 (58/491)...
        [31m✗ Skipped reaction synthesis (missing molecule synthesis subproblem failed).[0m
      Evaluating reaction mbs_59 (59/491)...
[Problem → Reactions] Found 2647 reactions, 250 molecules.
      [32m✓ All goal molecules found.[0m
      [32m✓ All goal reactions found.[0m
        [32m✓ Target reaction successfully synthesized in 1.91s![0m
      Evaluating reaction mbs_60 (60/491)...
[Problem → Reactions] Found 1678 reactions, 250 molecules.
      [32m✓ All goal molecules found.[0m
      [32m✓ All goal reactions found.[0m
        [32m✓ Target reaction successfully synthesized in 6.36s![0m
      Evaluating reaction mbs_61 (61/491)...
        [31m✗ Skipped reaction synthesis (missing molecule synthesis subproblem failed).[0m
      Evaluating reaction mbs_62 (62/491)...
        [31m✗ Skipped reaction synthesis (missing molecule synthesis subproblem failed).[0m
      Evaluating reaction mbs_63 (63/491)...
        [31m✗ Skipped reaction synthesis (missing molecule synthesis subproblem failed).[0m
      Evaluating reaction mbs_64 (64/491)...
[Problem → Reactions] Found 1371 reactions, 250 molecules.
      [32m✓ All goal molecules found.[0m
      [32m✓ All goal reactions found.[0m
        [32m✓ Target reaction successfully synthesized in 0.66s![0m
      Evaluating reaction mbs_65 (65/491)...
[Problem → Reactions] Found 1324 reactions, 250 molecules.
      [32m✓ All goal molecules found.[0m
      [32m✓ All goal reactions found.[0m
        [32m✓ Target reaction successfully synthesized in 4.41s![0m
      Evaluating reaction mbs_66 (66/491)...
[Problem → Reactions] Found 560 reactions, 250 molecules.
      [32m✓ All goal molecules found.[0m
      [32m✓ All goal reactions found.[0m
        [32m✓ Target reaction successfully synthesized in 4.67s![0m
      Evaluating reaction mbs_67 (67/491)...
[Problem → Reactions] Found 839 reactions, 250 molecules.
      [32m✓ All goal molecules found.[0m
      [32m✓ All goal reactions found.[0m
        [32m✓ Target reaction successfully synthesized in 0.7s![0m
      Evaluating reaction mbs_68 (68/491)...
[Problem → Reactions] Found 3874 reactions, 250 molecules.
      [32m✓ All goal molecules found.[0m
      [32m✓ All goal reactions found.[0m
        [32m✓ Target reaction successfully synthesized in 7.86s![0m
      Evaluating reaction mbs_69 (69/491)...
[Problem → Reactions] Found 978 reactions, 250 molecules.
      [32m✓ All goal molecules found.[0m
      [32m✓ All goal reactions found.[0m
        [32m✓ Target reaction successfully synthesized in 4.39s![0m
      Evaluating reaction mbs_70 (70/491)...
[Problem → Reactions] Found 1912 reactions, 250 molecules.
      [32m✓ All goal molecules found.[0m
      [32m✓ All goal reactions found.[0m
        [32m✓ Target reaction successfully synthesized in 6.6s![0m
      Evaluating reaction mbs_71 (71/491)...
        [31m✗ Skipped reaction synthesis (missing molecule synthesis subproblem failed).[0m
      Evaluating reaction mbs_72 (72/491)...
[Problem → Reactions] Found 404 reactions, 250 molecules.
      [32m✓ All goal molecules found.[0m
      [32m✓ All goal reactions found.[0m
        [32m✓ Target reaction successfully synthesized in 4.45s![0m
      Evaluating reaction mbs_73 (73/491)...
[Problem → Reactions] Found 1395 reactions, 250 molecules.
      [32m✓ All goal molecules found.[0m
      [32m✓ All goal reactions found.[0m
        [32m✓ Target reaction successfully synthesized in 1.11s![0m
      Evaluating reaction mbs_74 (74/491)...
[Problem → Reactions] Found 1371 reactions, 250 molecules.
      [32m✓ All goal molecules found.[0m
      [32m✓ All goal reactions found.[0m
        [32m✓ Target reaction successfully synthesized in 0.69s![0m
      Evaluating reaction mbs_75 (75/491)...
        [31m✗ Skipped reaction synthesis (missing molecule synthesis subproblem failed).[0m
      Evaluating reaction mbs_76 (76/491)...
[Problem → Reactions] Found 1636 reactions, 250 molecules.
      [32m✓ All goal molecules found.[0m
      [32m✓ All goal reactions found.[0m
        [32m✓ Target reaction successfully synthesized in 6.2s![0m
      Evaluating reaction mbs_77 (77/491)...
[Problem → Reactions] Found 1351 reactions, 250 molecules.
      [32m✓ All goal molecules found.[0m
      [32m✓ All goal reactions found.[0m
        [32m✓ Target reaction successfully synthesized in 0.98s![0m
      Evaluating reaction mbs_78 (78/491)...
[Problem → Reactions] Found 3936 reactions, 250 molecules.
      [32m✓ All goal molecules found.[0m
      [32m✓ All goal reactions found.[0m
        [32m✓ Target reaction successfully synthesized in 9.3s![0m
      Evaluating reaction mbs_79 (79/491)...
[Problem → Reactions] Found 1321 reactions, 250 molecules.
      [32m✓ All goal molecules found.[0m
      [32m✓ All goal reactions found.[0m
        [32m✓ Target reaction successfully synthesized in 0.71s![0m
      Evaluating reaction mbs_80 (80/491)...
[Problem → Reactions] Found 854 reactions, 250 molecules.
      [32m✓ All goal molecules found.[0m
      [32m✓ All goal reactions found.[0m
        [32m✓ Target reaction successfully synthesized in 4.48s![0m
      Evaluating reaction mbs_81 (81/491)...
[Problem → Reactions] Found 3882 reactions, 250 molecules.
      [32m✓ All goal molecules found.[0m
      [32m✓ All goal reactions found.[0m
        [32m✓ Target reaction successfully synthesized in 8.27s![0m
      Evaluating reaction mbs_82 (82/491)...
[Problem → Reactions] Found 1666 reactions, 250 molecules.
      [32m✓ All goal molecules found.[0m
      [32m✓ All goal reactions found.[0m
        [32m✓ Target reaction successfully synthesized in 5.7s![0m
      Evaluating reaction mbs_83 (83/491)...
[Problem → Reactions] Found 1344 reactions, 250 molecules.
      [32m✓ All goal molecules found.[0m
      [32m✓ All goal reactions found.[0m
        [32m✓ Target reaction successfully synthesized in 4.37s![0m
      Evaluating reaction mbs_84 (84/491)...
[Problem → Reactions] Found 1626 reactions, 250 molecules.
      [32m✓ All goal molecules found.[0m
      [32m✓ All goal reactions found.[0m
        [32m✓ Target reaction successfully synthesized in 8.0s![0m
      Evaluating reaction mbs_85 (85/491)...
[Problem → Reactions] Found 1316 reactions, 250 molecules.
      [32m✓ All goal molecules found.[0m
      [32m✓ All goal reactions found.[0m
        [32m✓ Target reaction successfully synthesized in 7.71s![0m
      Evaluating reaction mbs_86 (86/491)...
[Problem → Reactions] Found 3902 reactions, 250 molecules.
      [32m✓ All goal molecules found.[0m
      [32m✓ All goal reactions found.[0m
        [32m✓ Target reaction successfully synthesized in 11.34s![0m
      Evaluating reaction mbs_87 (87/491)...
[Problem → Reactions] Found 1504 reactions, 250 molecules.
      [32m✓ All goal molecules found.[0m
      [32m✓ All goal reactions found.[0m
        [32m✓ Target reaction successfully synthesized in 6.91s![0m
      Evaluating reaction mbs_88 (88/491)...
        [31m✗ Skipped reaction synthesis (missing molecule synthesis subproblem failed).[0m
      Evaluating reaction mbs_89 (89/491)...
[Problem → Reactions] Found 1736 reactions, 250 molecules.
      [32m✓ All goal molecules found.[0m
      [32m✓ All goal reactions found.[0m
        [32m✓ Target reaction successfully synthesized in 6.38s![0m
      Evaluating reaction mbs_90 (90/491)...
[Problem → Reactions] Found 878 reactions, 250 molecules.
      [32m✓ All goal molecules found.[0m
      [32m✓ All goal reactions found.[0m
        [32m✓ Target reaction successfully synthesized in 6.79s![0m
      Evaluating reaction mbs_91 (91/491)...
        [31m✗ Skipped reaction synthesis (missing molecule synthesis subproblem failed).[0m
      Evaluating reaction mbs_92 (92/491)...
[Problem → Reactions] Found 1508 reactions, 250 molecules.
      [32m✓ All goal molecules found.[0m
      [32m✓ All goal reactions found.[0m
        [32m✓ Target reaction successfully synthesized in 8.83s![0m
      Evaluating reaction mbs_93 (93/491)...
[Problem → Reactions] Found 1714 reactions, 250 molecules.
      [32m✓ All goal molecules found.[0m
      [32m✓ All goal reactions found.[0m
        [32m✓ Target reaction successfully synthesized in 6.01s![0m
      Evaluating reaction mbs_94 (94/491)...
[Problem → Reactions] Found 818 reactions, 250 molecules.
      [32m✓ All goal molecules found.[0m
      [32m✓ All goal reactions found.[0m
        [32m✓ Target reaction successfully synthesized in 4.98s![0m
      Evaluating reaction mbs_95 (95/491)...
[Problem → Reactions] Found 2561 reactions, 250 molecules.
      [32m✓ All goal molecules found.[0m
      [32m✓ All goal reactions found.[0m
        [32m✓ Target reaction successfully synthesized in 2.2s![0m
      Evaluating reaction mbs_96 (96/491)...
        [31m✗ Skipped reaction synthesis (missing molecule synthesis subproblem failed).[0m
      Evaluating reaction mbs_97 (97/491)...
[Problem → Reactions] Found 1340 reactions, 250 molecules.
      [32m✓ All goal molecules found.[0m
      [32m✓ All goal reactions found.[0m
        [32m✓ Target reaction successfully synthesized in 6.5s![0m
      Evaluating reaction mbs_98 (98/491)...
[Problem → Reactions] Found 868 reactions, 250 molecules.
      [32m✓ All goal molecules found.[0m
      [32m✓ All goal reactions found.[0m
        [32m✓ Target reaction successfully synthesized in 4.66s![0m
      Evaluating reaction mbs_99 (99/491)...
[Problem → Reactions] Found 1610 reactions, 250 molecules.
      [32m✓ All goal molecules found.[0m
      [32m✓ All goal reactions found.[0m
        [32m✓ Target reaction successfully synthesized in 7.02s![0m
      Evaluating reaction mbs_100 (100/491)...
[Problem → Reactions] Found 4024 reactions, 250 molecules.
      [32m✓ All goal molecules found.[0m
      [32m✓ All goal reactions found.[0m
        [32m✓ Target reaction successfully synthesized in 8.91s![0m
      Evaluating reaction mbs_101 (101/491)...
[Problem → Reactions] Found 1371 reactions, 250 molecules.
      [32m✓ All goal molecules found.[0m
      [32m✓ All goal reactions found.[0m
        [32m✓ Target reaction successfully synthesized in 0.78s![0m
      Evaluating reaction mbs_102 (102/491)...
[Problem → Reactions] Found 1690 reactions, 250 molecules.
      [32m✓ All goal molecules found.[0m
      [32m✓ All goal reactions found.[0m
        [32m✓ Target reaction successfully synthesized in 6.12s![0m
      Evaluating reaction mbs_103 (103/491)...
[Problem → Reactions] Found 712 reactions, 250 molecules.
      [32m✓ All goal molecules found.[0m
      [32m✓ All goal reactions found.[0m
        [32m✓ Target reaction successfully synthesized in 5.04s![0m
      Evaluating reaction mbs_104 (104/491)...
[Problem → Reactions] Found 728 reactions, 250 molecules.
      [32m✓ All goal molecules found.[0m
      [32m✓ All goal reactions found.[0m
        [32m✓ Target reaction successfully synthesized in 6.05s![0m
      Evaluating reaction mbs_105 (105/491)...
[Problem → Reactions] Found 4010 reactions, 250 molecules.
      [32m✓ All goal molecules found.[0m
      [32m✓ All goal reactions found.[0m
        [32m✓ Target reaction successfully synthesized in 10.04s![0m
      Evaluating reaction mbs_106 (106/491)...
        [31m✗ Skipped reaction synthesis (missing molecule synthesis subproblem failed).[0m
      Evaluating reaction mbs_107 (107/491)...
[Problem → Reactions] Found 1340 reactions, 250 molecules.
      [32m✓ All goal molecules found.[0m
      [32m✓ All goal reactions found.[0m
        [32m✓ Target reaction successfully synthesized in 5.15s![0m
      Evaluating reaction mbs_108 (108/491)...
[Problem → Reactions] Found 1732 reactions, 250 molecules.
      [32m✓ All goal molecules found.[0m
      [32m✓ All goal reactions found.[0m
        [32m✓ Target reaction successfully synthesized in 8.04s![0m
      Evaluating reaction mbs_109 (109/491)...
[Problem → Reactions] Found 1730 reactions, 250 molecules.
      [32m✓ All goal molecules found.[0m
      [32m✓ All goal reactions found.[0m
        [32m✓ Target reaction successfully synthesized in 5.71s![0m
      Evaluating reaction mbs_110 (110/491)...
[Problem → Reactions] Found 1371 reactions, 250 molecules.
      [32m✓ All goal molecules found.[0m
      [32m✓ All goal reactions found.[0m
        [32m✓ Target reaction successfully synthesized in 1.15s![0m
      Evaluating reaction mbs_111 (111/491)...
[Problem → Reactions] Found 3516 reactions, 250 molecules.
      [32m✓ All goal molecules found.[0m
      [32m✓ All goal reactions found.[0m
        [32m✓ Target reaction successfully synthesized in 7.23s![0m
      Evaluating reaction mbs_112 (112/491)...
        [31m✗ Skipped reaction synthesis (missing molecule synthesis subproblem failed).[0m
      Evaluating reaction mbs_113 (113/491)...
[Problem → Reactions] Found 820 reactions, 250 molecules.
      [32m✓ All goal molecules found.[0m
      [32m✓ All goal reactions found.[0m
        [32m✓ Target reaction successfully synthesized in 4.63s![0m
      Evaluating reaction mbs_114 (114/491)...
[Problem → Reactions] Found 1748 reactions, 250 molecules.
      [32m✓ All goal molecules found.[0m
      [32m✓ All goal reactions found.[0m
        [32m✓ Target reaction successfully synthesized in 6.86s![0m
      Evaluating reaction mbs_115 (115/491)...
        [31m✗ Skipped reaction synthesis (missing molecule synthesis subproblem failed).[0m
      Evaluating reaction mbs_116 (116/491)...
[Problem → Reactions] Found 1700 reactions, 250 molecules.
      [32m✓ All goal molecules found.[0m
      [32m✓ All goal reactions found.[0m
        [32m✓ Target reaction successfully synthesized in 6.04s![0m
      Evaluating reaction mbs_117 (117/491)...
        [31m✗ Skipped reaction synthesis (missing molecule synthesis subproblem failed).[0m
      Evaluating reaction mbs_118 (118/491)...
[Problem → Reactions] Found 30000 reactions, 250 molecules.
      [32m✓ All goal molecules found.[0m
      [31m✗ Missing goal reactions.[0m
        [31m✗ Synthesis failed or timed out in 78.51s.[0m
      Evaluating reaction mbs_119 (119/491)...
        [31m✗ Skipped reaction synthesis (missing molecule synthesis subproblem failed).[0m
      Evaluating reaction mbs_120 (120/491)...
[Problem → Reactions] Found 3894 reactions, 250 molecules.
      [32m✓ All goal molecules found.[0m
      [32m✓ All goal reactions found.[0m
        [32m✓ Target reaction successfully synthesized in 8.93s![0m
      Evaluating reaction mbs_121 (121/491)...
[Problem → Reactions] Found 3936 reactions, 250 molecules.
      [32m✓ All goal molecules found.[0m
      [32m✓ All goal reactions found.[0m
        [32m✓ Target reaction successfully synthesized in 9.19s![0m
      Evaluating reaction mbs_122 (122/491)...
[Problem → Reactions] Found 848 reactions, 250 molecules.
      [32m✓ All goal molecules found.[0m
      [32m✓ All goal reactions found.[0m
        [32m✓ Target reaction successfully synthesized in 4.82s![0m
      Evaluating reaction mbs_123 (123/491)...
[Problem → Reactions] Found 1381 reactions, 250 molecules.
      [32m✓ All goal molecules found.[0m
      [32m✓ All goal reactions found.[0m
        [32m✓ Target reaction successfully synthesized in 0.89s![0m
      Evaluating reaction mbs_124 (124/491)...
[Problem → Reactions] Found 3031 reactions, 250 molecules.
      [32m✓ All goal molecules found.[0m
      [32m✓ All goal reactions found.[0m
        [32m✓ Target reaction successfully synthesized in 5.01s![0m
      Evaluating reaction mbs_125 (125/491)...
[Problem → Reactions] Found 1778 reactions, 250 molecules.
      [32m✓ All goal molecules found.[0m
      [32m✓ All goal reactions found.[0m
        [32m✓ Target reaction successfully synthesized in 6.94s![0m
      Evaluating reaction mbs_126 (126/491)...
[Problem → Reactions] Found 563 reactions, 250 molecules.
      [32m✓ All goal molecules found.[0m
      [32m✓ All goal reactions found.[0m
        [32m✓ Target reaction successfully synthesized in 2.0s![0m
      Evaluating reaction mbs_127 (127/491)...
        [31m✗ Skipped reaction synthesis (missing molecule synthesis subproblem failed).[0m
      Evaluating reaction mbs_128 (128/491)...
[Problem → Reactions] Found 942 reactions, 250 molecules.
      [32m✓ All goal molecules found.[0m
      [32m✓ All goal reactions found.[0m
        [32m✓ Target reaction successfully synthesized in 6.25s![0m
      Evaluating reaction mbs_129 (129/491)...
[Problem → Reactions] Found 2469 reactions, 250 molecules.
      [32m✓ All goal molecules found.[0m
      [32m✓ All goal reactions found.[0m
        [32m✓ Target reaction successfully synthesized in 2.74s![0m
      Evaluating reaction mbs_130 (130/491)...
[Problem → Reactions] Found 3856 reactions, 250 molecules.
      [32m✓ All goal molecules found.[0m
      [32m✓ All goal reactions found.[0m
        [32m✓ Target reaction successfully synthesized in 8.93s![0m
      Evaluating reaction mbs_131 (131/491)...
[Problem → Reactions] Found 1343 reactions, 250 molecules.
      [32m✓ All goal molecules found.[0m
      [32m✓ All goal reactions found.[0m
        [32m✓ Target reaction successfully synthesized in 0.68s![0m
      Evaluating reaction mbs_132 (132/491)...
        [31m✗ Skipped reaction synthesis (missing molecule synthesis subproblem failed).[0m
      Evaluating reaction mbs_133 (133/491)...
[Problem → Reactions] Found 1372 reactions, 250 molecules.
      [32m✓ All goal molecules found.[0m
      [32m✓ All goal reactions found.[0m
        [32m✓ Target reaction successfully synthesized in 4.87s![0m
      Evaluating reaction mbs_134 (134/491)...
[Problem → Reactions] Found 1341 reactions, 250 molecules.
      [32m✓ All goal molecules found.[0m
      [32m✓ All goal reactions found.[0m
        [32m✓ Target reaction successfully synthesized in 0.85s![0m
      Evaluating reaction mbs_135 (135/491)...
[Problem → Reactions] Found 950 reactions, 250 molecules.
      [32m✓ All goal molecules found.[0m
      [32m✓ All goal reactions found.[0m
        [32m✓ Target reaction successfully synthesized in 6.54s![0m
      Evaluating reaction mbs_136 (136/491)...
[Problem → Reactions] Found 4006 reactions, 250 molecules.
      [32m✓ All goal molecules found.[0m
      [32m✓ All goal reactions found.[0m
        [32m✓ Target reaction successfully synthesized in 8.79s![0m
      Evaluating reaction mbs_137 (137/491)...
[Problem → Reactions] Found 1324 reactions, 250 molecules.
      [32m✓ All goal molecules found.[0m
      [32m✓ All goal reactions found.[0m
        [32m✓ Target reaction successfully synthesized in 4.52s![0m
      Evaluating reaction mbs_138 (138/491)...
[Problem → Reactions] Found 986 reactions, 250 molecules.
      [32m✓ All goal molecules found.[0m
      [32m✓ All goal reactions found.[0m
        [32m✓ Target reaction successfully synthesized in 4.91s![0m
      Evaluating reaction mbs_139 (139/491)...
[Problem → Reactions] Found 492 reactions, 250 molecules.
      [32m✓ All goal molecules found.[0m
      [32m✓ All goal reactions found.[0m
        [32m✓ Target reaction successfully synthesized in 5.48s![0m
      Evaluating reaction mbs_140 (140/491)...
[Problem → Reactions] Found 3886 reactions, 250 molecules.
      [32m✓ All goal molecules found.[0m
      [32m✓ All goal reactions found.[0m
        [32m✓ Target reaction successfully synthesized in 10.38s![0m
      Evaluating reaction mbs_141 (141/491)...
[Problem → Reactions] Found 290 reactions, 250 molecules.
      [32m✓ All goal molecules found.[0m
      [32m✓ All goal reactions found.[0m
        [32m✓ Target reaction successfully synthesized in 2.94s![0m
      Evaluating reaction mbs_142 (142/491)...
        [31m✗ Skipped reaction synthesis (missing molecule synthesis subproblem failed).[0m
      Evaluating reaction mbs_143 (143/491)...
[Problem → Reactions] Found 1760 reactions, 250 molecules.
      [32m✓ All goal molecules found.[0m
      [32m✓ All goal reactions found.[0m
        [32m✓ Target reaction successfully synthesized in 7.32s![0m
      Evaluating reaction mbs_144 (144/491)...
        [31m✗ Skipped reaction synthesis (missing molecule synthesis subproblem failed).[0m
      Evaluating reaction mbs_145 (145/491)...
[Problem → Reactions] Found 1321 reactions, 250 molecules.
      [32m✓ All goal molecules found.[0m
      [32m✓ All goal reactions found.[0m
        [32m✓ Target reaction successfully synthesized in 0.96s![0m
      Evaluating reaction mbs_146 (146/491)...
[Problem → Reactions] Found 30000 reactions, 250 molecules.
      [32m✓ All goal molecules found.[0m
      [31m✗ Missing goal reactions.[0m
        [31m✗ Synthesis failed or timed out in 78.75s.[0m
      Evaluating reaction mbs_147 (147/491)...
[Problem → Reactions] Found 1502 reactions, 250 molecules.
      [32m✓ All goal molecules found.[0m
      [32m✓ All goal reactions found.[0m
        [32m✓ Target reaction successfully synthesized in 4.54s![0m
      Evaluating reaction mbs_148 (148/491)...
[Problem → Reactions] Found 1700 reactions, 250 molecules.
      [32m✓ All goal molecules found.[0m
      [32m✓ All goal reactions found.[0m
        [32m✓ Target reaction successfully synthesized in 5.64s![0m
      Evaluating reaction mbs_149 (149/491)...
        [31m✗ Skipped reaction synthesis (missing molecule synthesis subproblem failed).[0m
      Evaluating reaction mbs_150 (150/491)...
[Problem → Reactions] Found 3998 reactions, 250 molecules.
      [32m✓ All goal molecules found.[0m
      [32m✓ All goal reactions found.[0m
        [32m✓ Target reaction successfully synthesized in 10.92s![0m
      Evaluating reaction mbs_151 (151/491)...
[Problem → Reactions] Found 994 reactions, 250 molecules.
      [32m✓ All goal molecules found.[0m
      [32m✓ All goal reactions found.[0m
        [32m✓ Target reaction successfully synthesized in 5.24s![0m
      Evaluating reaction mbs_152 (152/491)...
[Problem → Reactions] Found 657 reactions, 250 molecules.
      [32m✓ All goal molecules found.[0m
      [32m✓ All goal reactions found.[0m
        [32m✓ Target reaction successfully synthesized in 1.1s![0m
      Evaluating reaction mbs_153 (153/491)...
[Problem → Reactions] Found 1672 reactions, 250 molecules.
      [32m✓ All goal molecules found.[0m
      [32m✓ All goal reactions found.[0m
        [32m✓ Target reaction successfully synthesized in 7.56s![0m
      Evaluating reaction mbs_154 (154/491)...
        [31m✗ Skipped reaction synthesis (missing molecule synthesis subproblem failed).[0m
      Evaluating reaction mbs_155 (155/491)...
[Problem → Reactions] Found 929 reactions, 250 molecules.
      [32m✓ All goal molecules found.[0m
      [32m✓ All goal reactions found.[0m
        [32m✓ Target reaction successfully synthesized in 1.07s![0m
      Evaluating reaction mbs_156 (156/491)...
[Problem → Reactions] Found 4042 reactions, 250 molecules.
      [32m✓ All goal molecules found.[0m
      [32m✓ All goal reactions found.[0m
        [32m✓ Target reaction successfully synthesized in 9.69s![0m
      Evaluating reaction mbs_157 (157/491)...
[Problem → Reactions] Found 948 reactions, 250 molecules.
      [32m✓ All goal molecules found.[0m
      [32m✓ All goal reactions found.[0m
        [32m✓ Target reaction successfully synthesized in 5.65s![0m
      Evaluating reaction mbs_158 (158/491)...
[Problem → Reactions] Found 4094 reactions, 250 molecules.
      [32m✓ All goal molecules found.[0m
      [32m✓ All goal reactions found.[0m
        [32m✓ Target reaction successfully synthesized in 8.56s![0m
      Evaluating reaction mbs_159 (159/491)...
[Problem → Reactions] Found 750 reactions, 250 molecules.
      [32m✓ All goal molecules found.[0m
      [32m✓ All goal reactions found.[0m
        [32m✓ Target reaction successfully synthesized in 5.54s![0m
      Evaluating reaction mbs_160 (160/491)...
[Problem → Reactions] Found 4030 reactions, 250 molecules.
      [32m✓ All goal molecules found.[0m
      [32m✓ All goal reactions found.[0m
        [32m✓ Target reaction successfully synthesized in 8.13s![0m
      Evaluating reaction mbs_161 (161/491)...
[Problem → Reactions] Found 554 reactions, 250 molecules.
      [32m✓ All goal molecules found.[0m
      [32m✓ All goal reactions found.[0m
        [32m✓ Target reaction successfully synthesized in 4.59s![0m
      Evaluating reaction mbs_162 (162/491)...
[Problem → Reactions] Found 746 reactions, 250 molecules.
      [32m✓ All goal molecules found.[0m
      [32m✓ All goal reactions found.[0m
        [32m✓ Target reaction successfully synthesized in 5.1s![0m
      Evaluating reaction mbs_163 (163/491)...
[Problem → Reactions] Found 8933 reactions, 250 molecules.
      [32m✓ All goal molecules found.[0m
      [32m✓ All goal reactions found.[0m
        [32m✓ Target reaction successfully synthesized in 10.32s![0m
      Evaluating reaction mbs_164 (164/491)...
[Problem → Reactions] Found 896 reactions, 250 molecules.
      [32m✓ All goal molecules found.[0m
      [32m✓ All goal reactions found.[0m
        [32m✓ Target reaction successfully synthesized in 4.41s![0m
      Evaluating reaction mbs_165 (165/491)...
[Problem → Reactions] Found 3858 reactions, 250 molecules.
      [32m✓ All goal molecules found.[0m
      [32m✓ All goal reactions found.[0m
        [32m✓ Target reaction successfully synthesized in 9.15s![0m
      Evaluating reaction mbs_166 (166/491)...
[Problem → Reactions] Found 924 reactions, 250 molecules.
      [32m✓ All goal molecules found.[0m
      [32m✓ All goal reactions found.[0m
        [32m✓ Target reaction successfully synthesized in 4.33s![0m
      Evaluating reaction mbs_167 (167/491)...
[Problem → Reactions] Found 339 reactions, 250 molecules.
      [32m✓ All goal molecules found.[0m
      [32m✓ All goal reactions found.[0m
        [32m✓ Target reaction successfully synthesized in 0.39s![0m
      Evaluating reaction mbs_168 (168/491)...
[Problem → Reactions] Found 1668 reactions, 250 molecules.
      [32m✓ All goal molecules found.[0m
      [32m✓ All goal reactions found.[0m
        [32m✓ Target reaction successfully synthesized in 6.32s![0m
      Evaluating reaction mbs_169 (169/491)...
[Problem → Reactions] Found 479 reactions, 250 molecules.
      [32m✓ All goal molecules found.[0m
      [32m✓ All goal reactions found.[0m
        [32m✓ Target reaction successfully synthesized in 0.48s![0m
      Evaluating reaction mbs_170 (170/491)...
[Problem → Reactions] Found 3936 reactions, 250 molecules.
      [32m✓ All goal molecules found.[0m
      [32m✓ All goal reactions found.[0m
        [32m✓ Target reaction successfully synthesized in 9.78s![0m
      Evaluating reaction mbs_171 (171/491)...
[Problem → Reactions] Found 1371 reactions, 250 molecules.
      [32m✓ All goal molecules found.[0m
      [32m✓ All goal reactions found.[0m
        [32m✓ Target reaction successfully synthesized in 0.78s![0m
      Evaluating reaction mbs_172 (172/491)...
        [31m✗ Skipped reaction synthesis (missing molecule synthesis subproblem failed).[0m
      Evaluating reaction mbs_173 (173/491)...
[Problem → Reactions] Found 1403 reactions, 250 molecules.
      [32m✓ All goal molecules found.[0m
      [32m✓ All goal reactions found.[0m
        [32m✓ Target reaction successfully synthesized in 0.85s![0m
      Evaluating reaction mbs_174 (174/491)...
[Problem → Reactions] Found 940 reactions, 250 molecules.
      [32m✓ All goal molecules found.[0m
      [32m✓ All goal reactions found.[0m
        [32m✓ Target reaction successfully synthesized in 6.04s![0m
      Evaluating reaction mbs_175 (175/491)...
        [31m✗ Skipped reaction synthesis (missing molecule synthesis subproblem failed).[0m
      Evaluating reaction mbs_176 (176/491)...
[Problem → Reactions] Found 1330 reactions, 250 molecules.
      [32m✓ All goal molecules found.[0m
      [32m✓ All goal reactions found.[0m
        [32m✓ Target reaction successfully synthesized in 5.41s![0m
      Evaluating reaction mbs_177 (177/491)...
[Problem → Reactions] Found 898 reactions, 250 molecules.
      [32m✓ All goal molecules found.[0m
      [32m✓ All goal reactions found.[0m
        [32m✓ Target reaction successfully synthesized in 6.34s![0m
      Evaluating reaction mbs_178 (178/491)...
        [31m✗ Skipped reaction synthesis (missing molecule synthesis subproblem failed).[0m
      Evaluating reaction mbs_179 (179/491)...
[Problem → Reactions] Found 3848 reactions, 250 molecules.
      [32m✓ All goal molecules found.[0m
      [32m✓ All goal reactions found.[0m
        [32m✓ Target reaction successfully synthesized in 10.31s![0m
      Evaluating reaction mbs_181 (180/491)...
        [31m✗ Skipped reaction synthesis (missing molecule synthesis subproblem failed).[0m
      Evaluating reaction mbs_182 (181/491)...
[Problem → Reactions] Found 1372 reactions, 250 molecules.
      [32m✓ All goal molecules found.[0m
      [32m✓ All goal reactions found.[0m
        [32m✓ Target reaction successfully synthesized in 4.86s![0m
      Evaluating reaction mbs_183 (182/491)...
[Problem → Reactions] Found 1902 reactions, 250 molecules.
      [32m✓ All goal molecules found.[0m
      [32m✓ All goal reactions found.[0m
        [32m✓ Target reaction successfully synthesized in 7.44s![0m
      Evaluating reaction mbs_184 (183/491)...
[Problem → Reactions] Found 1522 reactions, 250 molecules.
      [32m✓ All goal molecules found.[0m
      [32m✓ All goal reactions found.[0m
        [32m✓ Target reaction successfully synthesized in 5.32s![0m
      Evaluating reaction mbs_185 (184/491)...
[Problem → Reactions] Found 1325 reactions, 250 molecules.
      [32m✓ All goal molecules found.[0m
      [32m✓ All goal reactions found.[0m
        [32m✓ Target reaction successfully synthesized in 0.94s![0m
      Evaluating reaction mbs_186 (185/491)...
[Problem → Reactions] Found 1724 reactions, 250 molecules.
      [32m✓ All goal molecules found.[0m
      [32m✓ All goal reactions found.[0m
        [32m✓ Target reaction successfully synthesized in 6.6s![0m
      Evaluating reaction mbs_187 (186/491)...
[Problem → Reactions] Found 744 reactions, 250 molecules.
      [32m✓ All goal molecules found.[0m
      [32m✓ All goal reactions found.[0m
        [32m✓ Target reaction successfully synthesized in 4.7s![0m
      Evaluating reaction mbs_188 (187/491)...
[Problem → Reactions] Found 1008 reactions, 250 molecules.
      [32m✓ All goal molecules found.[0m
      [32m✓ All goal reactions found.[0m
        [32m✓ Target reaction successfully synthesized in 5.35s![0m
      Evaluating reaction mbs_189 (188/491)...
[Problem → Reactions] Found 3722 reactions, 250 molecules.
      [32m✓ All goal molecules found.[0m
      [32m✓ All goal reactions found.[0m
        [32m✓ Target reaction successfully synthesized in 9.53s![0m
      Evaluating reaction mbs_190 (189/491)...
[Problem → Reactions] Found 946 reactions, 250 molecules.
      [32m✓ All goal molecules found.[0m
      [32m✓ All goal reactions found.[0m
        [32m✓ Target reaction successfully synthesized in 5.54s![0m
      Evaluating reaction mbs_191 (190/491)...
[Problem → Reactions] Found 1395 reactions, 250 molecules.
      [32m✓ All goal molecules found.[0m
      [32m✓ All goal reactions found.[0m
        [32m✓ Target reaction successfully synthesized in 1.8s![0m
      Evaluating reaction mbs_192 (191/491)...
[Problem → Reactions] Found 1674 reactions, 250 molecules.
      [32m✓ All goal molecules found.[0m
      [32m✓ All goal reactions found.[0m
        [32m✓ Target reaction successfully synthesized in 5.89s![0m
      Evaluating reaction mbs_193 (192/491)...
[Problem → Reactions] Found 880 reactions, 250 molecules.
      [32m✓ All goal molecules found.[0m
      [32m✓ All goal reactions found.[0m
        [32m✓ Target reaction successfully synthesized in 6.05s![0m
      Evaluating reaction mbs_194 (193/491)...
        [31m✗ Skipped reaction synthesis (missing molecule synthesis subproblem failed).[0m
      Evaluating reaction mbs_195 (194/491)...
[Problem → Reactions] Found 888 reactions, 250 molecules.
      [32m✓ All goal molecules found.[0m
      [32m✓ All goal reactions found.[0m
        [32m✓ Target reaction successfully synthesized in 4.55s![0m
      Evaluating reaction mbs_196 (195/491)...
        [31m✗ Skipped reaction synthesis (missing molecule synthesis subproblem failed).[0m
      Evaluating reaction mbs_197 (196/491)...
[Problem → Reactions] Found 764 reactions, 250 molecules.
      [32m✓ All goal molecules found.[0m
      [32m✓ All goal reactions found.[0m
        [32m✓ Target reaction successfully synthesized in 4.86s![0m
      Evaluating reaction mbs_198 (197/491)...
[Problem → Reactions] Found 774 reactions, 250 molecules.
      [32m✓ All goal molecules found.[0m
      [32m✓ All goal reactions found.[0m
        [32m✓ Target reaction successfully synthesized in 5.05s![0m
      Evaluating reaction mbs_199 (198/491)...
[Problem → Reactions] Found 523 reactions, 250 molecules.
      [32m✓ All goal molecules found.[0m
      [32m✓ All goal reactions found.[0m
        [32m✓ Target reaction successfully synthesized in 1.59s![0m
      Evaluating reaction mbs_200 (199/491)...
[Problem → Reactions] Found 1658 reactions, 250 molecules.
      [32m✓ All goal molecules found.[0m
      [32m✓ All goal reactions found.[0m
        [32m✓ Target reaction successfully synthesized in 5.65s![0m
      Evaluating reaction mbs_201 (200/491)...
[Problem → Reactions] Found 1726 reactions, 250 molecules.
      [32m✓ All goal molecules found.[0m
      [32m✓ All goal reactions found.[0m
        [32m✓ Target reaction successfully synthesized in 6.59s![0m
      Evaluating reaction mbs_202 (201/491)...
[Problem → Reactions] Found 2018 reactions, 250 molecules.
      [32m✓ All goal molecules found.[0m
      [32m✓ All goal reactions found.[0m
        [32m✓ Target reaction successfully synthesized in 6.36s![0m
      Evaluating reaction mbs_203 (202/491)...
[Problem → Reactions] Found 1710 reactions, 250 molecules.
      [32m✓ All goal molecules found.[0m
      [32m✓ All goal reactions found.[0m
        [32m✓ Target reaction successfully synthesized in 7.35s![0m
      Evaluating reaction mbs_204 (203/491)...
        [31m✗ Skipped reaction synthesis (missing molecule synthesis subproblem failed).[0m
      Evaluating reaction mbs_205 (204/491)...
[Problem → Reactions] Found 1738 reactions, 250 molecules.
      [32m✓ All goal molecules found.[0m
      [32m✓ All goal reactions found.[0m
        [32m✓ Target reaction successfully synthesized in 6.53s![0m
      Evaluating reaction mbs_206 (205/491)...
[Problem → Reactions] Found 1506 reactions, 250 molecules.
      [32m✓ All goal molecules found.[0m
      [32m✓ All goal reactions found.[0m
        [32m✓ Target reaction successfully synthesized in 5.35s![0m
      Evaluating reaction mbs_207 (206/491)...
[Problem → Reactions] Found 3880 reactions, 250 molecules.
      [32m✓ All goal molecules found.[0m
      [32m✓ All goal reactions found.[0m
        [32m✓ Target reaction successfully synthesized in 9.74s![0m
      Evaluating reaction mbs_208 (207/491)...
[Problem → Reactions] Found 626 reactions, 250 molecules.
      [32m✓ All goal molecules found.[0m
      [32m✓ All goal reactions found.[0m
        [32m✓ Target reaction successfully synthesized in 4.7s![0m
      Evaluating reaction mbs_209 (208/491)...
[Problem → Reactions] Found 3912 reactions, 250 molecules.
      [32m✓ All goal molecules found.[0m
      [32m✓ All goal reactions found.[0m
        [32m✓ Target reaction successfully synthesized in 8.71s![0m
      Evaluating reaction mbs_210 (209/491)...
[Problem → Reactions] Found 1365 reactions, 250 molecules.
      [32m✓ All goal molecules found.[0m
      [32m✓ All goal reactions found.[0m
        [32m✓ Target reaction successfully synthesized in 0.91s![0m
      Evaluating reaction mbs_211 (210/491)...
[Problem → Reactions] Found 940 reactions, 250 molecules.
      [32m✓ All goal molecules found.[0m
      [32m✓ All goal reactions found.[0m
        [32m✓ Target reaction successfully synthesized in 5.26s![0m
      Evaluating reaction mbs_212 (211/491)...
        [31m✗ Skipped reaction synthesis (missing molecule synthesis subproblem failed).[0m
      Evaluating reaction mbs_213 (212/491)...
[Problem → Reactions] Found 1730 reactions, 250 molecules.
      [32m✓ All goal molecules found.[0m
      [32m✓ All goal reactions found.[0m
        [32m✓ Target reaction successfully synthesized in 8.37s![0m
      Evaluating reaction mbs_214 (213/491)...
[Problem → Reactions] Found 552 reactions, 250 molecules.
      [32m✓ All goal molecules found.[0m
      [32m✓ All goal reactions found.[0m
        [32m✓ Target reaction successfully synthesized in 5.68s![0m
      Evaluating reaction mbs_215 (214/491)...
[Problem → Reactions] Found 1519 reactions, 250 molecules.
      [32m✓ All goal molecules found.[0m
      [32m✓ All goal reactions found.[0m
        [32m✓ Target reaction successfully synthesized in 3.1s![0m
      Evaluating reaction mbs_216 (215/491)...
[Problem → Reactions] Found 932 reactions, 250 molecules.
      [32m✓ All goal molecules found.[0m
      [32m✓ All goal reactions found.[0m
        [32m✓ Target reaction successfully synthesized in 6.46s![0m
      Evaluating reaction mbs_217 (216/491)...
[Problem → Reactions] Found 868 reactions, 250 molecules.
      [32m✓ All goal molecules found.[0m
      [32m✓ All goal reactions found.[0m
        [32m✓ Target reaction successfully synthesized in 6.09s![0m
      Evaluating reaction mbs_218 (217/491)...
[Problem → Reactions] Found 1750 reactions, 250 molecules.
      [32m✓ All goal molecules found.[0m
      [32m✓ All goal reactions found.[0m
        [32m✓ Target reaction successfully synthesized in 8.3s![0m
      Evaluating reaction mbs_219 (218/491)...
[Problem → Reactions] Found 1868 reactions, 250 molecules.
      [32m✓ All goal molecules found.[0m
      [32m✓ All goal reactions found.[0m
        [32m✓ Target reaction successfully synthesized in 6.99s![0m
      Evaluating reaction mbs_220 (219/491)...
[Problem → Reactions] Found 1734 reactions, 250 molecules.
      [32m✓ All goal molecules found.[0m
      [32m✓ All goal reactions found.[0m
        [32m✓ Target reaction successfully synthesized in 6.94s![0m
      Evaluating reaction mbs_221 (220/491)...
[Problem → Reactions] Found 730 reactions, 250 molecules.
      [32m✓ All goal molecules found.[0m
      [32m✓ All goal reactions found.[0m
        [32m✓ Target reaction successfully synthesized in 5.89s![0m
      Evaluating reaction mbs_222 (221/491)...
[Problem → Reactions] Found 846 reactions, 250 molecules.
      [32m✓ All goal molecules found.[0m
      [32m✓ All goal reactions found.[0m
        [32m✓ Target reaction successfully synthesized in 5.34s![0m
      Evaluating reaction mbs_223 (222/491)...
[Problem → Reactions] Found 1634 reactions, 250 molecules.
      [32m✓ All goal molecules found.[0m
      [32m✓ All goal reactions found.[0m
        [32m✓ Target reaction successfully synthesized in 8.31s![0m
      Evaluating reaction mbs_224 (223/491)...
        [31m✗ Skipped reaction synthesis (missing molecule synthesis subproblem failed).[0m
      Evaluating reaction mbs_225 (224/491)...
[Problem → Reactions] Found 914 reactions, 250 molecules.
      [32m✓ All goal molecules found.[0m
      [32m✓ All goal reactions found.[0m
        [32m✓ Target reaction successfully synthesized in 6.12s![0m
      Evaluating reaction mbs_226 (225/491)...
[Problem → Reactions] Found 3667 reactions, 250 molecules.
      [32m✓ All goal molecules found.[0m
      [32m✓ All goal reactions found.[0m
        [32m✓ Target reaction successfully synthesized in 5.39s![0m
      Evaluating reaction mbs_227 (226/491)...
[Problem → Reactions] Found 1371 reactions, 250 molecules.
      [32m✓ All goal molecules found.[0m
      [32m✓ All goal reactions found.[0m
        [32m✓ Target reaction successfully synthesized in 0.8s![0m
      Evaluating reaction mbs_228 (227/491)...
[Problem → Reactions] Found 1371 reactions, 250 molecules.
      [32m✓ All goal molecules found.[0m
      [32m✓ All goal reactions found.[0m
        [32m✓ Target reaction successfully synthesized in 1.18s![0m
      Evaluating reaction mbs_229 (228/491)...
[Problem → Reactions] Found 1910 reactions, 250 molecules.
      [32m✓ All goal molecules found.[0m
      [32m✓ All goal reactions found.[0m
        [32m✓ Target reaction successfully synthesized in 7.32s![0m
      Evaluating reaction mbs_230 (229/491)...
        [31m✗ Skipped reaction synthesis (missing molecule synthesis subproblem failed).[0m
      Evaluating reaction mbs_231 (230/491)...
[Problem → Reactions] Found 886 reactions, 250 molecules.
      [32m✓ All goal molecules found.[0m
      [32m✓ All goal reactions found.[0m
        [32m✓ Target reaction successfully synthesized in 6.25s![0m
      Evaluating reaction mbs_232 (231/491)...
[Problem → Reactions] Found 1742 reactions, 250 molecules.
      [32m✓ All goal molecules found.[0m
      [32m✓ All goal reactions found.[0m
        [32m✓ Target reaction successfully synthesized in 5.89s![0m
      Evaluating reaction mbs_233 (232/491)...
[Problem → Reactions] Found 1371 reactions, 250 molecules.
      [32m✓ All goal molecules found.[0m
      [32m✓ All goal reactions found.[0m
        [32m✓ Target reaction successfully synthesized in 2.14s![0m
      Evaluating reaction mbs_234 (233/491)...
[Problem → Reactions] Found 1466 reactions, 250 molecules.
      [32m✓ All goal molecules found.[0m
      [32m✓ All goal reactions found.[0m
        [32m✓ Target reaction successfully synthesized in 4.96s![0m
      Evaluating reaction mbs_235 (234/491)...
[Problem → Reactions] Found 1371 reactions, 250 molecules.
      [32m✓ All goal molecules found.[0m
      [32m✓ All goal reactions found.[0m
        [32m✓ Target reaction successfully synthesized in 1.16s![0m
      Evaluating reaction mbs_236 (235/491)...
[Problem → Reactions] Found 743 reactions, 250 molecules.
      [32m✓ All goal molecules found.[0m
      [32m✓ All goal reactions found.[0m
        [32m✓ Target reaction successfully synthesized in 0.97s![0m
      Evaluating reaction mbs_237 (236/491)...
        [31m✗ Skipped reaction synthesis (missing molecule synthesis subproblem failed).[0m
      Evaluating reaction mbs_238 (237/491)...
[Problem → Reactions] Found 1708 reactions, 250 molecules.
      [32m✓ All goal molecules found.[0m
      [32m✓ All goal reactions found.[0m
        [32m✓ Target reaction successfully synthesized in 7.24s![0m
      Evaluating reaction mbs_239 (238/491)...
[Problem → Reactions] Found 1334 reactions, 250 molecules.
      [32m✓ All goal molecules found.[0m
      [32m✓ All goal reactions found.[0m
        [32m✓ Target reaction successfully synthesized in 5.92s![0m
      Evaluating reaction mbs_240 (239/491)...
        [31m✗ Skipped reaction synthesis (missing molecule synthesis subproblem failed).[0m
      Evaluating reaction mbs_241 (240/491)...
[Problem → Reactions] Found 1371 reactions, 250 molecules.
      [32m✓ All goal molecules found.[0m
      [32m✓ All goal reactions found.[0m
        [32m✓ Target reaction successfully synthesized in 0.79s![0m
      Evaluating reaction mbs_242 (241/491)...
[Problem → Reactions] Found 1343 reactions, 250 molecules.
      [32m✓ All goal molecules found.[0m
      [32m✓ All goal reactions found.[0m
        [32m✓ Target reaction successfully synthesized in 0.92s![0m
      Evaluating reaction mbs_243 (242/491)...
[Problem → Reactions] Found 972 reactions, 250 molecules.
      [32m✓ All goal molecules found.[0m
      [32m✓ All goal reactions found.[0m
        [32m✓ Target reaction successfully synthesized in 4.95s![0m
      Evaluating reaction mbs_244 (243/491)...
[Problem → Reactions] Found 1151 reactions, 250 molecules.
      [32m✓ All goal molecules found.[0m
      [32m✓ All goal reactions found.[0m
        [32m✓ Target reaction successfully synthesized in 2.65s![0m
      Evaluating reaction mbs_245 (244/491)...
[Problem → Reactions] Found 1373 reactions, 250 molecules.
      [32m✓ All goal molecules found.[0m
      [32m✓ All goal reactions found.[0m
        [32m✓ Target reaction successfully synthesized in 0.87s![0m
      Evaluating reaction mbs_246 (245/491)...
[Problem → Reactions] Found 936 reactions, 250 molecules.
      [32m✓ All goal molecules found.[0m
      [32m✓ All goal reactions found.[0m
        [32m✓ Target reaction successfully synthesized in 6.15s![0m
      Evaluating reaction mbs_247 (246/491)...
[Problem → Reactions] Found 1371 reactions, 250 molecules.
      [32m✓ All goal molecules found.[0m
      [32m✓ All goal reactions found.[0m
        [32m✓ Target reaction successfully synthesized in 1.24s![0m
      Evaluating reaction mbs_248 (247/491)...
[Problem → Reactions] Found 421 reactions, 250 molecules.
      [32m✓ All goal molecules found.[0m
      [32m✓ All goal reactions found.[0m
        [32m✓ Target reaction successfully synthesized in 1.61s![0m
      Evaluating reaction mbs_249 (248/491)...
[Problem → Reactions] Found 1321 reactions, 250 molecules.
      [32m✓ All goal molecules found.[0m
      [32m✓ All goal reactions found.[0m
        [32m✓ Target reaction successfully synthesized in 0.74s![0m
      Evaluating reaction mbs_250 (249/491)...
[Problem → Reactions] Found 944 reactions, 250 molecules.
      [32m✓ All goal molecules found.[0m
      [32m✓ All goal reactions found.[0m
        [32m✓ Target reaction successfully synthesized in 6.08s![0m
      Evaluating reaction mbs_251 (250/491)...
[Problem → Reactions] Found 30000 reactions, 250 molecules.
      [32m✓ All goal molecules found.[0m
      [31m✗ Missing goal reactions.[0m
        [31m✗ Synthesis failed or timed out in 75.39s.[0m
      Evaluating reaction mbs_252 (251/491)...
[Problem → Reactions] Found 1774 reactions, 250 molecules.
      [32m✓ All goal molecules found.[0m
      [32m✓ All goal reactions found.[0m
        [32m✓ Target reaction successfully synthesized in 5.93s![0m
      Evaluating reaction mbs_253 (252/491)...
[Problem → Reactions] Found 1026 reactions, 250 molecules.
      [32m✓ All goal molecules found.[0m
      [32m✓ All goal reactions found.[0m
        [32m✓ Target reaction successfully synthesized in 6.02s![0m
      Evaluating reaction mbs_255 (253/491)...
        [31m✗ Skipped reaction synthesis (missing molecule synthesis subproblem failed).[0m
      Evaluating reaction mbs_256 (254/491)...
        [31m✗ Skipped reaction synthesis (missing molecule synthesis subproblem failed).[0m
      Evaluating reaction mbs_257 (255/491)...
[Problem → Reactions] Found 1343 reactions, 250 molecules.
      [32m✓ All goal molecules found.[0m
      [32m✓ All goal reactions found.[0m
        [32m✓ Target reaction successfully synthesized in 1.11s![0m
      Evaluating reaction mbs_258 (256/491)...
[Problem → Reactions] Found 1387 reactions, 250 molecules.
      [32m✓ All goal molecules found.[0m
      [32m✓ All goal reactions found.[0m
        [32m✓ Target reaction successfully synthesized in 0.73s![0m
      Evaluating reaction mbs_259 (257/491)...
[Problem → Reactions] Found 1371 reactions, 250 molecules.
      [32m✓ All goal molecules found.[0m
      [32m✓ All goal reactions found.[0m
        [32m✓ Target reaction successfully synthesized in 1.84s![0m
      Evaluating reaction mbs_260 (258/491)...
[Problem → Reactions] Found 312 reactions, 250 molecules.
      [32m✓ All goal molecules found.[0m
      [32m✓ All goal reactions found.[0m
        [32m✓ Target reaction successfully synthesized in 4.68s![0m
      Evaluating reaction mbs_261 (259/491)...
[Problem → Reactions] Found 1694 reactions, 250 molecules.
      [32m✓ All goal molecules found.[0m
      [32m✓ All goal reactions found.[0m
        [32m✓ Target reaction successfully synthesized in 6.71s![0m
      Evaluating reaction mbs_262 (260/491)...
[Problem → Reactions] Found 1312 reactions, 250 molecules.
      [32m✓ All goal molecules found.[0m
      [32m✓ All goal reactions found.[0m
        [32m✓ Target reaction successfully synthesized in 4.08s![0m
      Evaluating reaction mbs_263 (261/491)...
[Problem → Reactions] Found 1371 reactions, 250 molecules.
      [32m✓ All goal molecules found.[0m
      [32m✓ All goal reactions found.[0m
        [32m✓ Target reaction successfully synthesized in 0.69s![0m
      Evaluating reaction mbs_264 (262/491)...
[Problem → Reactions] Found 929 reactions, 250 molecules.
      [32m✓ All goal molecules found.[0m
      [32m✓ All goal reactions found.[0m
        [32m✓ Target reaction successfully synthesized in 1.02s![0m
      Evaluating reaction mbs_265 (263/491)...
[Problem → Reactions] Found 30000 reactions, 250 molecules.
      [32m✓ All goal molecules found.[0m
      [31m✗ Missing goal reactions.[0m
        [31m✗ Synthesis failed or timed out in 76.38s.[0m
      Evaluating reaction mbs_266 (264/491)...
[Problem → Reactions] Found 1381 reactions, 250 molecules.
      [32m✓ All goal molecules found.[0m
      [32m✓ All goal reactions found.[0m
        [32m✓ Target reaction successfully synthesized in 0.8s![0m
      Evaluating reaction mbs_267 (265/491)...
[Problem → Reactions] Found 1334 reactions, 250 molecules.
      [32m✓ All goal molecules found.[0m
      [32m✓ All goal reactions found.[0m
        [32m✓ Target reaction successfully synthesized in 4.54s![0m
      Evaluating reaction mbs_268 (266/491)...
[Problem → Reactions] Found 1379 reactions, 250 molecules.
      [32m✓ All goal molecules found.[0m
      [32m✓ All goal reactions found.[0m
        [32m✓ Target reaction successfully synthesized in 0.83s![0m
      Evaluating reaction mbs_269 (267/491)...
[Problem → Reactions] Found 3158 reactions, 250 molecules.
      [32m✓ All goal molecules found.[0m
      [32m✓ All goal reactions found.[0m
        [32m✓ Target reaction successfully synthesized in 8.22s![0m
      Evaluating reaction mbs_270 (268/491)...
[Problem → Reactions] Found 1688 reactions, 250 molecules.
      [32m✓ All goal molecules found.[0m
      [32m✓ All goal reactions found.[0m
        [32m✓ Target reaction successfully synthesized in 5.94s![0m
      Evaluating reaction mbs_271 (269/491)...
[Problem → Reactions] Found 1362 reactions, 250 molecules.
      [32m✓ All goal molecules found.[0m
      [32m✓ All goal reactions found.[0m
        [32m✓ Target reaction successfully synthesized in 5.49s![0m
      Evaluating reaction mbs_272 (270/491)...
[Problem → Reactions] Found 1531 reactions, 250 molecules.
      [32m✓ All goal molecules found.[0m
      [32m✓ All goal reactions found.[0m
        [32m✓ Target reaction successfully synthesized in 4.06s![0m
      Evaluating reaction mbs_273 (271/491)...
[Problem → Reactions] Found 1700 reactions, 250 molecules.
      [32m✓ All goal molecules found.[0m
      [32m✓ All goal reactions found.[0m
        [32m✓ Target reaction successfully synthesized in 5.31s![0m
      Evaluating reaction mbs_274 (272/491)...
[Problem → Reactions] Found 30000 reactions, 250 molecules.
      [32m✓ All goal molecules found.[0m
      [31m✗ Missing goal reactions.[0m
        [31m✗ Synthesis failed or timed out in 67.73s.[0m
      Evaluating reaction mbs_275 (273/491)...
        [31m✗ Skipped reaction synthesis (missing molecule synthesis subproblem failed).[0m
      Evaluating reaction mbs_276 (274/491)...
        [31m✗ Skipped reaction synthesis (missing molecule synthesis subproblem failed).[0m
      Evaluating reaction mbs_277 (275/491)...
[Problem → Reactions] Found 1710 reactions, 250 molecules.
      [32m✓ All goal molecules found.[0m
      [32m✓ All goal reactions found.[0m
        [32m✓ Target reaction successfully synthesized in 5.71s![0m
      Evaluating reaction mbs_278 (276/491)...
[Problem → Reactions] Found 4208 reactions, 250 molecules.
      [32m✓ All goal molecules found.[0m
      [32m✓ All goal reactions found.[0m
        [32m✓ Target reaction successfully synthesized in 9.46s![0m
      Evaluating reaction mbs_279 (277/491)...
        [31m✗ Skipped reaction synthesis (missing molecule synthesis subproblem failed).[0m
      Evaluating reaction mbs_280 (278/491)...
[Problem → Reactions] Found 1371 reactions, 250 molecules.
      [32m✓ All goal molecules found.[0m
      [32m✓ All goal reactions found.[0m
        [32m✓ Target reaction successfully synthesized in 0.78s![0m
      Evaluating reaction mbs_281 (279/491)...
[Problem → Reactions] Found 811 reactions, 250 molecules.
      [32m✓ All goal molecules found.[0m
      [32m✓ All goal reactions found.[0m
        [32m✓ Target reaction successfully synthesized in 0.66s![0m
      Evaluating reaction mbs_282 (280/491)...
[Problem → Reactions] Found 1732 reactions, 250 molecules.
      [32m✓ All goal molecules found.[0m
      [32m✓ All goal reactions found.[0m
        [32m✓ Target reaction successfully synthesized in 6.92s![0m
      Evaluating reaction mbs_283 (281/491)...
[Problem → Reactions] Found 898 reactions, 250 molecules.
      [32m✓ All goal molecules found.[0m
      [32m✓ All goal reactions found.[0m
        [32m✓ Target reaction successfully synthesized in 5.3s![0m
      Evaluating reaction mbs_284 (282/491)...
[Problem → Reactions] Found 1630 reactions, 250 molecules.
      [32m✓ All goal molecules found.[0m
      [32m✓ All goal reactions found.[0m
        [32m✓ Target reaction successfully synthesized in 6.54s![0m
      Evaluating reaction mbs_285 (283/491)...
[Problem → Reactions] Found 1740 reactions, 250 molecules.
      [32m✓ All goal molecules found.[0m
      [32m✓ All goal reactions found.[0m
        [32m✓ Target reaction successfully synthesized in 5.81s![0m
      Evaluating reaction mbs_286 (284/491)...
        [31m✗ Skipped reaction synthesis (missing molecule synthesis subproblem failed).[0m
      Evaluating reaction mbs_287 (285/491)...
[Problem → Reactions] Found 1722 reactions, 250 molecules.
      [32m✓ All goal molecules found.[0m
      [32m✓ All goal reactions found.[0m
        [32m✓ Target reaction successfully synthesized in 6.39s![0m
      Evaluating reaction mbs_288 (286/491)...
        [31m✗ Skipped reaction synthesis (missing molecule synthesis subproblem failed).[0m
      Evaluating reaction mbs_289 (287/491)...
[Problem → Reactions] Found 1321 reactions, 250 molecules.
      [32m✓ All goal molecules found.[0m
      [32m✓ All goal reactions found.[0m
        [32m✓ Target reaction successfully synthesized in 0.73s![0m
      Evaluating reaction mbs_290 (288/491)...
[Problem → Reactions] Found 1484 reactions, 250 molecules.
      [32m✓ All goal molecules found.[0m
      [32m✓ All goal reactions found.[0m
        [32m✓ Target reaction successfully synthesized in 4.84s![0m
      Evaluating reaction mbs_291 (289/491)...
[Problem → Reactions] Found 2557 reactions, 250 molecules.
      [32m✓ All goal molecules found.[0m
      [32m✓ All goal reactions found.[0m
        [32m✓ Target reaction successfully synthesized in 3.07s![0m
      Evaluating reaction mbs_292 (290/491)...
[Problem → Reactions] Found 4042 reactions, 250 molecules.
      [32m✓ All goal molecules found.[0m
      [32m✓ All goal reactions found.[0m
        [32m✓ Target reaction successfully synthesized in 8.46s![0m
      Evaluating reaction mbs_293 (291/491)...
[Problem → Reactions] Found 1519 reactions, 250 molecules.
      [32m✓ All goal molecules found.[0m
      [32m✓ All goal reactions found.[0m
        [32m✓ Target reaction successfully synthesized in 2.47s![0m
      Evaluating reaction mbs_294 (292/491)...
[Problem → Reactions] Found 1668 reactions, 250 molecules.
      [32m✓ All goal molecules found.[0m
      [32m✓ All goal reactions found.[0m
        [32m✓ Target reaction successfully synthesized in 6.13s![0m
      Evaluating reaction mbs_295 (293/491)...
[Problem → Reactions] Found 1762 reactions, 250 molecules.
      [32m✓ All goal molecules found.[0m
      [32m✓ All goal reactions found.[0m
        [32m✓ Target reaction successfully synthesized in 5.14s![0m
      Evaluating reaction mbs_296 (294/491)...
[Problem → Reactions] Found 3856 reactions, 250 molecules.
      [32m✓ All goal molecules found.[0m
      [32m✓ All goal reactions found.[0m
        [32m✓ Target reaction successfully synthesized in 8.19s![0m
      Evaluating reaction mbs_297 (295/491)...
        [31m✗ Skipped reaction synthesis (missing molecule synthesis subproblem failed).[0m
      Evaluating reaction mbs_298 (296/491)...
[Problem → Reactions] Found 2527 reactions, 250 molecules.
      [32m✓ All goal molecules found.[0m
      [32m✓ All goal reactions found.[0m
        [32m✓ Target reaction successfully synthesized in 1.45s![0m
      Evaluating reaction mbs_299 (297/491)...
[Problem → Reactions] Found 3660 reactions, 250 molecules.
      [32m✓ All goal molecules found.[0m
      [32m✓ All goal reactions found.[0m
        [32m✓ Target reaction successfully synthesized in 7.78s![0m
      Evaluating reaction mbs_300 (298/491)...
[Problem → Reactions] Found 994 reactions, 250 molecules.
      [32m✓ All goal molecules found.[0m
      [32m✓ All goal reactions found.[0m
        [32m✓ Target reaction successfully synthesized in 4.98s![0m
      Evaluating reaction mbs_301 (299/491)...
[Problem → Reactions] Found 872 reactions, 250 molecules.
      [32m✓ All goal molecules found.[0m
      [32m✓ All goal reactions found.[0m
        [32m✓ Target reaction successfully synthesized in 4.51s![0m
      Evaluating reaction mbs_302 (300/491)...
[Problem → Reactions] Found 1371 reactions, 250 molecules.
      [32m✓ All goal molecules found.[0m
      [32m✓ All goal reactions found.[0m
        [32m✓ Target reaction successfully synthesized in 0.72s![0m
      Evaluating reaction mbs_303 (301/491)...
[Problem → Reactions] Found 3784 reactions, 250 molecules.
      [32m✓ All goal molecules found.[0m
      [32m✓ All goal reactions found.[0m
        [32m✓ Target reaction successfully synthesized in 9.47s![0m
      Evaluating reaction mbs_304 (302/491)...
[Problem → Reactions] Found 1756 reactions, 250 molecules.
      [32m✓ All goal molecules found.[0m
      [32m✓ All goal reactions found.[0m
        [32m✓ Target reaction successfully synthesized in 5.65s![0m
      Evaluating reaction mbs_305 (303/491)...
        [31m✗ Skipped reaction synthesis (missing molecule synthesis subproblem failed).[0m
      Evaluating reaction mbs_306 (304/491)...
[Problem → Reactions] Found 1948 reactions, 250 molecules.
      [32m✓ All goal molecules found.[0m
      [32m✓ All goal reactions found.[0m
        [32m✓ Target reaction successfully synthesized in 6.7s![0m
      Evaluating reaction mbs_307 (305/491)...
[Problem → Reactions] Found 868 reactions, 250 molecules.
      [32m✓ All goal molecules found.[0m
      [32m✓ All goal reactions found.[0m
        [32m✓ Target reaction successfully synthesized in 4.32s![0m
      Evaluating reaction mbs_308 (306/491)...
        [31m✗ Skipped reaction synthesis (missing molecule synthesis subproblem failed).[0m
      Evaluating reaction mbs_309 (307/491)...
[Problem → Reactions] Found 1704 reactions, 250 molecules.
      [32m✓ All goal molecules found.[0m
      [32m✓ All goal reactions found.[0m
        [32m✓ Target reaction successfully synthesized in 6.56s![0m
      Evaluating reaction mbs_310 (308/491)...
[Problem → Reactions] Found 1340 reactions, 250 molecules.
      [32m✓ All goal molecules found.[0m
      [32m✓ All goal reactions found.[0m
        [32m✓ Target reaction successfully synthesized in 4.31s![0m
      Evaluating reaction mbs_311 (309/491)...
        [31m✗ Skipped reaction synthesis (missing molecule synthesis subproblem failed).[0m
      Evaluating reaction mbs_312 (310/491)...
[Problem → Reactions] Found 1908 reactions, 250 molecules.
      [32m✓ All goal molecules found.[0m
      [32m✓ All goal reactions found.[0m
        [32m✓ Target reaction successfully synthesized in 6.46s![0m
      Evaluating reaction mbs_314 (311/491)...
[Problem → Reactions] Found 1627 reactions, 250 molecules.
      [32m✓ All goal molecules found.[0m
      [32m✓ All goal reactions found.[0m
        [32m✓ Target reaction successfully synthesized in 1.53s![0m
      Evaluating reaction mbs_315 (312/491)...
[Problem → Reactions] Found 2463 reactions, 250 molecules.
      [32m✓ All goal molecules found.[0m
      [32m✓ All goal reactions found.[0m
        [32m✓ Target reaction successfully synthesized in 1.41s![0m
      Evaluating reaction mbs_316 (313/491)...
[Problem → Reactions] Found 1371 reactions, 250 molecules.
      [32m✓ All goal molecules found.[0m
      [32m✓ All goal reactions found.[0m
        [32m✓ Target reaction successfully synthesized in 0.76s![0m
      Evaluating reaction mbs_317 (314/491)...
        [31m✗ Skipped reaction synthesis (missing molecule synthesis subproblem failed).[0m
      Evaluating reaction mbs_318 (315/491)...
[Problem → Reactions] Found 906 reactions, 250 molecules.
      [32m✓ All goal molecules found.[0m
      [32m✓ All goal reactions found.[0m
        [32m✓ Target reaction successfully synthesized in 4.44s![0m
      Evaluating reaction mbs_319 (316/491)...
[Problem → Reactions] Found 1960 reactions, 250 molecules.
      [32m✓ All goal molecules found.[0m
      [32m✓ All goal reactions found.[0m
        [32m✓ Target reaction successfully synthesized in 6.44s![0m
      Evaluating reaction mbs_320 (317/491)...
[Problem → Reactions] Found 730 reactions, 250 molecules.
      [32m✓ All goal molecules found.[0m
      [32m✓ All goal reactions found.[0m
        [32m✓ Target reaction successfully synthesized in 4.59s![0m
      Evaluating reaction mbs_321 (318/491)...
[Problem → Reactions] Found 3928 reactions, 250 molecules.
      [32m✓ All goal molecules found.[0m
      [32m✓ All goal reactions found.[0m
        [32m✓ Target reaction successfully synthesized in 8.04s![0m
      Evaluating reaction mbs_322 (319/491)...
        [31m✗ Skipped reaction synthesis (missing molecule synthesis subproblem failed).[0m
      Evaluating reaction mbs_323 (320/491)...
[Problem → Reactions] Found 1371 reactions, 250 molecules.
      [32m✓ All goal molecules found.[0m
      [32m✓ All goal reactions found.[0m
        [32m✓ Target reaction successfully synthesized in 0.76s![0m
      Evaluating reaction mbs_324 (321/491)...
        [31m✗ Skipped reaction synthesis (missing molecule synthesis subproblem failed).[0m
      Evaluating reaction mbs_325 (322/491)...
[Problem → Reactions] Found 1902 reactions, 250 molecules.
      [32m✓ All goal molecules found.[0m
      [32m✓ All goal reactions found.[0m
        [32m✓ Target reaction successfully synthesized in 5.1s![0m
      Evaluating reaction mbs_327 (323/491)...
[Problem → Reactions] Found 1312 reactions, 250 molecules.
      [32m✓ All goal molecules found.[0m
      [32m✓ All goal reactions found.[0m
        [32m✓ Target reaction successfully synthesized in 4.72s![0m
      Evaluating reaction mbs_328 (324/491)...
[Problem → Reactions] Found 1698 reactions, 250 molecules.
      [32m✓ All goal molecules found.[0m
      [32m✓ All goal reactions found.[0m
        [32m✓ Target reaction successfully synthesized in 6.2s![0m
      Evaluating reaction mbs_329 (325/491)...
[Problem → Reactions] Found 3780 reactions, 250 molecules.
      [32m✓ All goal molecules found.[0m
      [32m✓ All goal reactions found.[0m
        [32m✓ Target reaction successfully synthesized in 8.31s![0m
      Evaluating reaction mbs_330 (326/491)...
[Problem → Reactions] Found 1708 reactions, 250 molecules.
      [32m✓ All goal molecules found.[0m
      [32m✓ All goal reactions found.[0m
        [32m✓ Target reaction successfully synthesized in 5.5s![0m
      Evaluating reaction mbs_331 (327/491)...
[Problem → Reactions] Found 3874 reactions, 250 molecules.
      [32m✓ All goal molecules found.[0m
      [32m✓ All goal reactions found.[0m
        [32m✓ Target reaction successfully synthesized in 7.68s![0m
      Evaluating reaction mbs_332 (328/491)...
[Problem → Reactions] Found 865 reactions, 250 molecules.
      [32m✓ All goal molecules found.[0m
      [32m✓ All goal reactions found.[0m
        [32m✓ Target reaction successfully synthesized in 0.82s![0m
      Evaluating reaction mbs_333 (329/491)...
[Problem → Reactions] Found 1527 reactions, 250 molecules.
      [32m✓ All goal molecules found.[0m
      [32m✓ All goal reactions found.[0m
        [32m✓ Target reaction successfully synthesized in 1.52s![0m
      Evaluating reaction mbs_334 (330/491)...
[Problem → Reactions] Found 521 reactions, 250 molecules.
      [32m✓ All goal molecules found.[0m
      [32m✓ All goal reactions found.[0m
        [32m✓ Target reaction successfully synthesized in 0.52s![0m
      Evaluating reaction mbs_335 (331/491)...
[Problem → Reactions] Found 3932 reactions, 250 molecules.
      [32m✓ All goal molecules found.[0m
      [32m✓ All goal reactions found.[0m
        [32m✓ Target reaction successfully synthesized in 8.48s![0m
      Evaluating reaction mbs_336 (332/491)...
[Problem → Reactions] Found 582 reactions, 250 molecules.
      [32m✓ All goal molecules found.[0m
      [32m✓ All goal reactions found.[0m
        [32m✓ Target reaction successfully synthesized in 4.49s![0m
      Evaluating reaction mbs_337 (333/491)...
[Problem → Reactions] Found 1730 reactions, 250 molecules.
      [32m✓ All goal molecules found.[0m
      [32m✓ All goal reactions found.[0m
        [32m✓ Target reaction successfully synthesized in 5.4s![0m
      Evaluating reaction mbs_338 (334/491)...
        [31m✗ Skipped reaction synthesis (missing molecule synthesis subproblem failed).[0m
      Evaluating reaction mbs_339 (335/491)...
[Problem → Reactions] Found 848 reactions, 250 molecules.
      [32m✓ All goal molecules found.[0m
      [32m✓ All goal reactions found.[0m
        [32m✓ Target reaction successfully synthesized in 5.04s![0m
      Evaluating reaction mbs_340 (336/491)...
[Problem → Reactions] Found 1312 reactions, 250 molecules.
      [32m✓ All goal molecules found.[0m
      [32m✓ All goal reactions found.[0m
        [32m✓ Target reaction successfully synthesized in 4.22s![0m
      Evaluating reaction mbs_341 (337/491)...
        [31m✗ Skipped reaction synthesis (missing molecule synthesis subproblem failed).[0m
      Evaluating reaction mbs_342 (338/491)...
[Problem → Reactions] Found 1728 reactions, 250 molecules.
      [32m✓ All goal molecules found.[0m
      [32m✓ All goal reactions found.[0m
        [32m✓ Target reaction successfully synthesized in 6.07s![0m
      Evaluating reaction mbs_343 (339/491)...
[Problem → Reactions] Found 1334 reactions, 250 molecules.
      [32m✓ All goal molecules found.[0m
      [32m✓ All goal reactions found.[0m
        [32m✓ Target reaction successfully synthesized in 4.17s![0m
      Evaluating reaction mbs_344 (340/491)...
        [31m✗ Skipped reaction synthesis (missing molecule synthesis subproblem failed).[0m
      Evaluating reaction mbs_345 (341/491)...
[Problem → Reactions] Found 1474 reactions, 250 molecules.
      [32m✓ All goal molecules found.[0m
      [32m✓ All goal reactions found.[0m
        [32m✓ Target reaction successfully synthesized in 4.32s![0m
      Evaluating reaction mbs_346 (342/491)...
[Problem → Reactions] Found 1209 reactions, 250 molecules.
      [32m✓ All goal molecules found.[0m
      [32m✓ All goal reactions found.[0m
        [32m✓ Target reaction successfully synthesized in 1.78s![0m
      Evaluating reaction mbs_347 (343/491)...
[Problem → Reactions] Found 3772 reactions, 250 molecules.
      [32m✓ All goal molecules found.[0m
      [32m✓ All goal reactions found.[0m
        [32m✓ Target reaction successfully synthesized in 9.23s![0m
      Evaluating reaction mbs_348 (344/491)...
[Problem → Reactions] Found 1371 reactions, 250 molecules.
      [32m✓ All goal molecules found.[0m
      [32m✓ All goal reactions found.[0m
        [32m✓ Target reaction successfully synthesized in 0.75s![0m
      Evaluating reaction mbs_349 (345/491)...
[Problem → Reactions] Found 837 reactions, 250 molecules.
      [32m✓ All goal molecules found.[0m
      [32m✓ All goal reactions found.[0m
        [32m✓ Target reaction successfully synthesized in 1.79s![0m
      Evaluating reaction mbs_350 (346/491)...
[Problem → Reactions] Found 1734 reactions, 250 molecules.
      [32m✓ All goal molecules found.[0m
      [32m✓ All goal reactions found.[0m
        [32m✓ Target reaction successfully synthesized in 5.47s![0m
      Evaluating reaction mbs_351 (347/491)...
[Problem → Reactions] Found 2634 reactions, 250 molecules.
      [32m✓ All goal molecules found.[0m
      [32m✓ All goal reactions found.[0m
        [32m✓ Target reaction successfully synthesized in 5.52s![0m
      Evaluating reaction mbs_352 (348/491)...
[Problem → Reactions] Found 1021 reactions, 250 molecules.
      [32m✓ All goal molecules found.[0m
      [32m✓ All goal reactions found.[0m
        [32m✓ Target reaction successfully synthesized in 0.7s![0m
      Evaluating reaction mbs_353 (349/491)...
[Problem → Reactions] Found 1626 reactions, 250 molecules.
      [32m✓ All goal molecules found.[0m
      [32m✓ All goal reactions found.[0m
        [32m✓ Target reaction successfully synthesized in 5.53s![0m
      Evaluating reaction mbs_354 (350/491)...
[Problem → Reactions] Found 1618 reactions, 250 molecules.
      [32m✓ All goal molecules found.[0m
      [32m✓ All goal reactions found.[0m
        [32m✓ Target reaction successfully synthesized in 5.87s![0m
      Evaluating reaction mbs_355 (351/491)...
[Problem → Reactions] Found 1690 reactions, 250 molecules.
      [32m✓ All goal molecules found.[0m
      [32m✓ All goal reactions found.[0m
        [32m✓ Target reaction successfully synthesized in 5.02s![0m
      Evaluating reaction mbs_356 (352/491)...
[Problem → Reactions] Found 1738 reactions, 250 molecules.
      [32m✓ All goal molecules found.[0m
      [32m✓ All goal reactions found.[0m
        [32m✓ Target reaction successfully synthesized in 5.61s![0m
      Evaluating reaction mbs_357 (353/491)...
        [31m✗ Skipped reaction synthesis (missing molecule synthesis subproblem failed).[0m
      Evaluating reaction mbs_358 (354/491)...
[Problem → Reactions] Found 916 reactions, 250 molecules.
      [32m✓ All goal molecules found.[0m
      [32m✓ All goal reactions found.[0m
        [32m✓ Target reaction successfully synthesized in 4.05s![0m
      Evaluating reaction mbs_359 (355/491)...
[Problem → Reactions] Found 954 reactions, 250 molecules.
      [32m✓ All goal molecules found.[0m
      [32m✓ All goal reactions found.[0m
        [32m✓ Target reaction successfully synthesized in 5.61s![0m
      Evaluating reaction mbs_360 (356/491)...
[Problem → Reactions] Found 1958 reactions, 250 molecules.
      [32m✓ All goal molecules found.[0m
      [32m✓ All goal reactions found.[0m
        [32m✓ Target reaction successfully synthesized in 5.7s![0m
      Evaluating reaction mbs_361 (357/491)...
[Problem → Reactions] Found 1312 reactions, 250 molecules.
      [32m✓ All goal molecules found.[0m
      [32m✓ All goal reactions found.[0m
        [32m✓ Target reaction successfully synthesized in 4.15s![0m
      Evaluating reaction mbs_362 (358/491)...
        [31m✗ Skipped reaction synthesis (missing molecule synthesis subproblem failed).[0m
      Evaluating reaction mbs_363 (359/491)...
[Problem → Reactions] Found 1371 reactions, 250 molecules.
      [32m✓ All goal molecules found.[0m
      [32m✓ All goal reactions found.[0m
        [32m✓ Target reaction successfully synthesized in 1.82s![0m
      Evaluating reaction mbs_364 (360/491)...
[Problem → Reactions] Found 1784 reactions, 250 molecules.
      [32m✓ All goal molecules found.[0m
      [32m✓ All goal reactions found.[0m
        [32m✓ Target reaction successfully synthesized in 6.15s![0m
      Evaluating reaction mbs_365 (361/491)...
        [31m✗ Skipped reaction synthesis (missing molecule synthesis subproblem failed).[0m
      Evaluating reaction mbs_366 (362/491)...
[Problem → Reactions] Found 1776 reactions, 250 molecules.
      [32m✓ All goal molecules found.[0m
      [32m✓ All goal reactions found.[0m
        [32m✓ Target reaction successfully synthesized in 5.46s![0m
      Evaluating reaction mbs_367 (363/491)...
[Problem → Reactions] Found 306 reactions, 250 molecules.
      [32m✓ All goal molecules found.[0m
      [32m✓ All goal reactions found.[0m
        [32m✓ Target reaction successfully synthesized in 4.17s![0m
      Evaluating reaction mbs_368 (364/491)...
[Problem → Reactions] Found 950 reactions, 250 molecules.
      [32m✓ All goal molecules found.[0m
      [32m✓ All goal reactions found.[0m
        [32m✓ Target reaction successfully synthesized in 5.61s![0m
      Evaluating reaction mbs_369 (365/491)...
[Problem → Reactions] Found 1366 reactions, 250 molecules.
      [32m✓ All goal molecules found.[0m
      [32m✓ All goal reactions found.[0m
        [32m✓ Target reaction successfully synthesized in 4.26s![0m
      Evaluating reaction mbs_370 (366/491)...
        [31m✗ Skipped reaction synthesis (missing molecule synthesis subproblem failed).[0m
      Evaluating reaction mbs_371 (367/491)...
[Problem → Reactions] Found 2712 reactions, 250 molecules.
      [32m✓ All goal molecules found.[0m
      [32m✓ All goal reactions found.[0m
        [32m✓ Target reaction successfully synthesized in 5.02s![0m
      Evaluating reaction mbs_372 (368/491)...
[Problem → Reactions] Found 1348 reactions, 250 molecules.
      [32m✓ All goal molecules found.[0m
      [32m✓ All goal reactions found.[0m
        [32m✓ Target reaction successfully synthesized in 3.72s![0m
      Evaluating reaction mbs_373 (369/491)...
[Problem → Reactions] Found 3814 reactions, 250 molecules.
      [32m✓ All goal molecules found.[0m
      [32m✓ All goal reactions found.[0m
        [32m✓ Target reaction successfully synthesized in 9.39s![0m
      Evaluating reaction mbs_374 (370/491)...
[Problem → Reactions] Found 1372 reactions, 250 molecules.
      [32m✓ All goal molecules found.[0m
      [32m✓ All goal reactions found.[0m
        [32m✓ Target reaction successfully synthesized in 4.29s![0m
      Evaluating reaction mbs_375 (371/491)...
[Problem → Reactions] Found 3776 reactions, 250 molecules.
      [32m✓ All goal molecules found.[0m
      [32m✓ All goal reactions found.[0m
        [32m✓ Target reaction successfully synthesized in 8.28s![0m
      Evaluating reaction mbs_376 (372/491)...
[Problem → Reactions] Found 4030 reactions, 250 molecules.
      [32m✓ All goal molecules found.[0m
      [32m✓ All goal reactions found.[0m
        [32m✓ Target reaction successfully synthesized in 7.68s![0m
      Evaluating reaction mbs_377 (373/491)...
[Problem → Reactions] Found 4046 reactions, 250 molecules.
      [32m✓ All goal molecules found.[0m
      [32m✓ All goal reactions found.[0m
        [32m✓ Target reaction successfully synthesized in 8.0s![0m
      Evaluating reaction mbs_378 (374/491)...
[Problem → Reactions] Found 1732 reactions, 250 molecules.
      [32m✓ All goal molecules found.[0m
      [32m✓ All goal reactions found.[0m
        [32m✓ Target reaction successfully synthesized in 5.57s![0m
      Evaluating reaction mbs_379 (375/491)...
        [31m✗ Skipped reaction synthesis (missing molecule synthesis subproblem failed).[0m
      Evaluating reaction mbs_380 (376/491)...
[Problem → Reactions] Found 3784 reactions, 250 molecules.
      [32m✓ All goal molecules found.[0m
      [32m✓ All goal reactions found.[0m
        [32m✓ Target reaction successfully synthesized in 7.89s![0m
      Evaluating reaction mbs_381 (377/491)...
[Problem → Reactions] Found 1157 reactions, 250 molecules.
      [32m✓ All goal molecules found.[0m
      [32m✓ All goal reactions found.[0m
        [32m✓ Target reaction successfully synthesized in 1.29s![0m
      Evaluating reaction mbs_382 (378/491)...
[Problem → Reactions] Found 4026 reactions, 250 molecules.
      [32m✓ All goal molecules found.[0m
      [32m✓ All goal reactions found.[0m
        [32m✓ Target reaction successfully synthesized in 7.58s![0m
      Evaluating reaction mbs_383 (379/491)...
[Problem → Reactions] Found 854 reactions, 250 molecules.
      [32m✓ All goal molecules found.[0m
      [32m✓ All goal reactions found.[0m
        [32m✓ Target reaction successfully synthesized in 4.66s![0m
      Evaluating reaction mbs_384 (380/491)...
[Problem → Reactions] Found 1730 reactions, 250 molecules.
      [32m✓ All goal molecules found.[0m
      [32m✓ All goal reactions found.[0m
        [32m✓ Target reaction successfully synthesized in 6.18s![0m
      Evaluating reaction mbs_385 (381/491)...
[Problem → Reactions] Found 1200 reactions, 250 molecules.
      [32m✓ All goal molecules found.[0m
      [32m✓ All goal reactions found.[0m
        [32m✓ Target reaction successfully synthesized in 4.15s![0m
      Evaluating reaction mbs_386 (382/491)...
[Problem → Reactions] Found 1598 reactions, 250 molecules.
      [32m✓ All goal molecules found.[0m
      [32m✓ All goal reactions found.[0m
        [32m✓ Target reaction successfully synthesized in 6.62s![0m
      Evaluating reaction mbs_387 (383/491)...
[Problem → Reactions] Found 30000 reactions, 250 molecules.
      [32m✓ All goal molecules found.[0m
      [31m✗ Missing goal reactions.[0m
        [31m✗ Synthesis failed or timed out in 62.88s.[0m
      Evaluating reaction mbs_388 (384/491)...
[Problem → Reactions] Found 870 reactions, 250 molecules.
      [32m✓ All goal molecules found.[0m
      [32m✓ All goal reactions found.[0m
        [32m✓ Target reaction successfully synthesized in 4.43s![0m
      Evaluating reaction mbs_389 (385/491)...
[Problem → Reactions] Found 1566 reactions, 250 molecules.
      [32m✓ All goal molecules found.[0m
      [32m✓ All goal reactions found.[0m
        [32m✓ Target reaction successfully synthesized in 5.26s![0m
      Evaluating reaction mbs_390 (386/491)...
[Problem → Reactions] Found 1334 reactions, 250 molecules.
      [32m✓ All goal molecules found.[0m
      [32m✓ All goal reactions found.[0m
        [32m✓ Target reaction successfully synthesized in 4.18s![0m
      Evaluating reaction mbs_391 (387/491)...
[Problem → Reactions] Found 950 reactions, 250 molecules.
      [32m✓ All goal molecules found.[0m
      [32m✓ All goal reactions found.[0m
        [32m✓ Target reaction successfully synthesized in 5.94s![0m
      Evaluating reaction mbs_392 (388/491)...
[Problem → Reactions] Found 1778 reactions, 250 molecules.
      [32m✓ All goal molecules found.[0m
      [32m✓ All goal reactions found.[0m
        [32m✓ Target reaction successfully synthesized in 6.87s![0m
      Evaluating reaction mbs_393 (389/491)...
        [31m✗ Skipped reaction synthesis (missing molecule synthesis subproblem failed).[0m
      Evaluating reaction mbs_394 (390/491)...
[Problem → Reactions] Found 30000 reactions, 250 molecules.
      [32m✓ All goal molecules found.[0m
      [31m✗ Missing goal reactions.[0m
        [31m✗ Synthesis failed or timed out in 84.13s.[0m
      Evaluating reaction mbs_395 (391/491)...
[Problem → Reactions] Found 664 reactions, 250 molecules.
      [32m✓ All goal molecules found.[0m
      [32m✓ All goal reactions found.[0m
        [32m✓ Target reaction successfully synthesized in 5.08s![0m
      Evaluating reaction mbs_396 (392/491)...
[Problem → Reactions] Found 1926 reactions, 250 molecules.
      [32m✓ All goal molecules found.[0m
      [32m✓ All goal reactions found.[0m
        [32m✓ Target reaction successfully synthesized in 4.14s![0m
      Evaluating reaction mbs_397 (393/491)...
[Problem → Reactions] Found 1744 reactions, 250 molecules.
      [32m✓ All goal molecules found.[0m
      [32m✓ All goal reactions found.[0m
        [32m✓ Target reaction successfully synthesized in 8.64s![0m
      Evaluating reaction mbs_398 (394/491)...
[Problem → Reactions] Found 826 reactions, 250 molecules.
      [32m✓ All goal molecules found.[0m
      [32m✓ All goal reactions found.[0m
        [32m✓ Target reaction successfully synthesized in 5.61s![0m
      Evaluating reaction mbs_399 (395/491)...
[Problem → Reactions] Found 4208 reactions, 250 molecules.
      [32m✓ All goal molecules found.[0m
      [32m✓ All goal reactions found.[0m
        [32m✓ Target reaction successfully synthesized in 9.2s![0m
      Evaluating reaction mbs_400 (396/491)...
[Problem → Reactions] Found 3692 reactions, 250 molecules.
      [32m✓ All goal molecules found.[0m
      [32m✓ All goal reactions found.[0m
        [32m✓ Target reaction successfully synthesized in 9.6s![0m
      Evaluating reaction mbs_401 (397/491)...
[Problem → Reactions] Found 3792 reactions, 250 molecules.
      [32m✓ All goal molecules found.[0m
      [32m✓ All goal reactions found.[0m
        [32m✓ Target reaction successfully synthesized in 10.47s![0m
      Evaluating reaction mbs_402 (398/491)...
        [31m✗ Skipped reaction synthesis (missing molecule synthesis subproblem failed).[0m
      Evaluating reaction mbs_403 (399/491)...
[Problem → Reactions] Found 1646 reactions, 250 molecules.
      [32m✓ All goal molecules found.[0m
      [32m✓ All goal reactions found.[0m
        [32m✓ Target reaction successfully synthesized in 6.08s![0m
      Evaluating reaction mbs_404 (400/491)...
        [31m✗ Skipped reaction synthesis (missing molecule synthesis subproblem failed).[0m
      Evaluating reaction mbs_405 (401/491)...
[Problem → Reactions] Found 476 reactions, 250 molecules.
      [32m✓ All goal molecules found.[0m
      [32m✓ All goal reactions found.[0m
        [32m✓ Target reaction successfully synthesized in 5.2s![0m
      Evaluating reaction mbs_406 (402/491)...
[Problem → Reactions] Found 1734 reactions, 250 molecules.
      [32m✓ All goal molecules found.[0m
      [32m✓ All goal reactions found.[0m
        [32m✓ Target reaction successfully synthesized in 7.32s![0m
      Evaluating reaction mbs_407 (403/491)...
[Problem → Reactions] Found 3860 reactions, 250 molecules.
      [32m✓ All goal molecules found.[0m
      [32m✓ All goal reactions found.[0m
        [32m✓ Target reaction successfully synthesized in 8.95s![0m
      Evaluating reaction mbs_408 (404/491)...
[Problem → Reactions] Found 1369 reactions, 250 molecules.
      [32m✓ All goal molecules found.[0m
      [32m✓ All goal reactions found.[0m
        [32m✓ Target reaction successfully synthesized in 0.79s![0m
      Evaluating reaction mbs_409 (405/491)...
[Problem → Reactions] Found 1383 reactions, 250 molecules.
      [32m✓ All goal molecules found.[0m
      [32m✓ All goal reactions found.[0m
        [32m✓ Target reaction successfully synthesized in 0.81s![0m
      Evaluating reaction mbs_410 (406/491)...
[Problem → Reactions] Found 823 reactions, 250 molecules.
      [32m✓ All goal molecules found.[0m
      [32m✓ All goal reactions found.[0m
        [32m✓ Target reaction successfully synthesized in 0.7s![0m
      Evaluating reaction mbs_411 (407/491)...
[Problem → Reactions] Found 430 reactions, 250 molecules.
      [32m✓ All goal molecules found.[0m
      [32m✓ All goal reactions found.[0m
        [32m✓ Target reaction successfully synthesized in 4.54s![0m
      Evaluating reaction mbs_413 (408/491)...
        [31m✗ Skipped reaction synthesis (missing molecule synthesis subproblem failed).[0m
      Evaluating reaction mbs_414 (409/491)...
[Problem → Reactions] Found 886 reactions, 250 molecules.
      [32m✓ All goal molecules found.[0m
      [32m✓ All goal reactions found.[0m
        [32m✓ Target reaction successfully synthesized in 4.66s![0m
      Evaluating reaction mbs_415 (410/491)...
[Problem → Reactions] Found 1211 reactions, 250 molecules.
      [32m✓ All goal molecules found.[0m
      [32m✓ All goal reactions found.[0m
        [32m✓ Target reaction successfully synthesized in 2.29s![0m
      Evaluating reaction mbs_416 (411/491)...
[Problem → Reactions] Found 809 reactions, 250 molecules.
      [32m✓ All goal molecules found.[0m
      [32m✓ All goal reactions found.[0m
        [32m✓ Target reaction successfully synthesized in 1.82s![0m
      Evaluating reaction mbs_417 (412/491)...
[Problem → Reactions] Found 1341 reactions, 250 molecules.
      [32m✓ All goal molecules found.[0m
      [32m✓ All goal reactions found.[0m
        [32m✓ Target reaction successfully synthesized in 0.75s![0m
      Evaluating reaction mbs_418 (413/491)...
[Problem → Reactions] Found 1371 reactions, 250 molecules.
      [32m✓ All goal molecules found.[0m
      [32m✓ All goal reactions found.[0m
        [32m✓ Target reaction successfully synthesized in 0.75s![0m
      Evaluating reaction mbs_419 (414/491)...
[Problem → Reactions] Found 3940 reactions, 250 molecules.
      [32m✓ All goal molecules found.[0m
      [32m✓ All goal reactions found.[0m
        [32m✓ Target reaction successfully synthesized in 7.53s![0m
      Evaluating reaction mbs_420 (415/491)...
[Problem → Reactions] Found 848 reactions, 250 molecules.
      [32m✓ All goal molecules found.[0m
      [32m✓ All goal reactions found.[0m
        [32m✓ Target reaction successfully synthesized in 4.51s![0m
      Evaluating reaction mbs_421 (416/491)...
[Problem → Reactions] Found 1352 reactions, 250 molecules.
      [32m✓ All goal molecules found.[0m
      [32m✓ All goal reactions found.[0m
        [32m✓ Target reaction successfully synthesized in 4.87s![0m
      Evaluating reaction mbs_422 (417/491)...
        [31m✗ Skipped reaction synthesis (missing molecule synthesis subproblem failed).[0m
      Evaluating reaction mbs_423 (418/491)...
[Problem → Reactions] Found 1708 reactions, 250 molecules.
      [32m✓ All goal molecules found.[0m
      [32m✓ All goal reactions found.[0m
        [32m✓ Target reaction successfully synthesized in 6.47s![0m
      Evaluating reaction mbs_424 (419/491)...
[Problem → Reactions] Found 490 reactions, 250 molecules.
      [32m✓ All goal molecules found.[0m
      [32m✓ All goal reactions found.[0m
        [32m✓ Target reaction successfully synthesized in 5.2s![0m
      Evaluating reaction mbs_425 (420/491)...
[Problem → Reactions] Found 3964 reactions, 250 molecules.
      [32m✓ All goal molecules found.[0m
      [32m✓ All goal reactions found.[0m
        [32m✓ Target reaction successfully synthesized in 8.13s![0m
      Evaluating reaction mbs_426 (421/491)...
        [31m✗ Skipped reaction synthesis (missing molecule synthesis subproblem failed).[0m
      Evaluating reaction mbs_428 (422/491)...
[Problem → Reactions] Found 783 reactions, 250 molecules.
      [32m✓ All goal molecules found.[0m
      [32m✓ All goal reactions found.[0m
        [32m✓ Target reaction successfully synthesized in 0.92s![0m
      Evaluating reaction mbs_429 (423/491)...
[Problem → Reactions] Found 1393 reactions, 250 molecules.
      [32m✓ All goal molecules found.[0m
      [32m✓ All goal reactions found.[0m
        [32m✓ Target reaction successfully synthesized in 0.79s![0m
      Evaluating reaction mbs_430 (424/491)...
        [31m✗ Skipped reaction synthesis (missing molecule synthesis subproblem failed).[0m
      Evaluating reaction mbs_431 (425/491)...
[Problem → Reactions] Found 1008 reactions, 250 molecules.
      [32m✓ All goal molecules found.[0m
      [32m✓ All goal reactions found.[0m
        [32m✓ Target reaction successfully synthesized in 4.81s![0m
      Evaluating reaction mbs_432 (426/491)...
[Problem → Reactions] Found 1334 reactions, 250 molecules.
      [32m✓ All goal molecules found.[0m
      [32m✓ All goal reactions found.[0m
        [32m✓ Target reaction successfully synthesized in 4.7s![0m
      Evaluating reaction mbs_433 (427/491)...
[Problem → Reactions] Found 1340 reactions, 250 molecules.
      [32m✓ All goal molecules found.[0m
      [32m✓ All goal reactions found.[0m
        [32m✓ Target reaction successfully synthesized in 4.51s![0m
      Evaluating reaction mbs_434 (428/491)...
[Problem → Reactions] Found 916 reactions, 250 molecules.
      [32m✓ All goal molecules found.[0m
      [32m✓ All goal reactions found.[0m
        [32m✓ Target reaction successfully synthesized in 5.1s![0m
      Evaluating reaction mbs_435 (429/491)...
[Problem → Reactions] Found 3938 reactions, 250 molecules.
      [32m✓ All goal molecules found.[0m
      [32m✓ All goal reactions found.[0m
        [32m✓ Target reaction successfully synthesized in 9.83s![0m
      Evaluating reaction mbs_436 (430/491)...
[Problem → Reactions] Found 1608 reactions, 250 molecules.
      [32m✓ All goal molecules found.[0m
      [32m✓ All goal reactions found.[0m
        [32m✓ Target reaction successfully synthesized in 5.85s![0m
      Evaluating reaction mbs_437 (431/491)...
[Problem → Reactions] Found 848 reactions, 250 molecules.
      [32m✓ All goal molecules found.[0m
      [32m✓ All goal reactions found.[0m
        [32m✓ Target reaction successfully synthesized in 5.69s![0m
      Evaluating reaction mbs_438 (432/491)...
[Problem → Reactions] Found 1513 reactions, 250 molecules.
      [32m✓ All goal molecules found.[0m
      [32m✓ All goal reactions found.[0m
        [32m✓ Target reaction successfully synthesized in 1.59s![0m
      Evaluating reaction mbs_439 (433/491)...
[Problem → Reactions] Found 3938 reactions, 250 molecules.
      [32m✓ All goal molecules found.[0m
      [32m✓ All goal reactions found.[0m
        [32m✓ Target reaction successfully synthesized in 9.75s![0m
      Evaluating reaction mbs_440 (434/491)...
[Problem → Reactions] Found 422 reactions, 250 molecules.
      [32m✓ All goal molecules found.[0m
      [32m✓ All goal reactions found.[0m
        [32m✓ Target reaction successfully synthesized in 5.02s![0m
      Evaluating reaction mbs_442 (435/491)...
[Problem → Reactions] Found 1692 reactions, 250 molecules.
      [32m✓ All goal molecules found.[0m
      [32m✓ All goal reactions found.[0m
        [32m✓ Target reaction successfully synthesized in 6.98s![0m
      Evaluating reaction mbs_443 (436/491)...
        [31m✗ Skipped reaction synthesis (missing molecule synthesis subproblem failed).[0m
      Evaluating reaction mbs_444 (437/491)...
[Problem → Reactions] Found 30000 reactions, 250 molecules.
      [32m✓ All goal molecules found.[0m
      [31m✗ Missing goal reactions.[0m
        [31m✗ Synthesis failed or timed out in 93.54s.[0m
      Evaluating reaction mbs_445 (438/491)...
[Problem → Reactions] Found 1748 reactions, 250 molecules.
      [32m✓ All goal molecules found.[0m
      [32m✓ All goal reactions found.[0m
        [32m✓ Target reaction successfully synthesized in 6.61s![0m
      Evaluating reaction mbs_446 (439/491)...
        [31m✗ Skipped reaction synthesis (missing molecule synthesis subproblem failed).[0m
      Evaluating reaction mbs_447 (440/491)...
        [31m✗ Skipped reaction synthesis (missing molecule synthesis subproblem failed).[0m
      Evaluating reaction mbs_448 (441/491)...
[Problem → Reactions] Found 1586 reactions, 250 molecules.
      [32m✓ All goal molecules found.[0m
      [32m✓ All goal reactions found.[0m
        [32m✓ Target reaction successfully synthesized in 7.19s![0m
      Evaluating reaction mbs_449 (442/491)...
        [31m✗ Skipped reaction synthesis (missing molecule synthesis subproblem failed).[0m
      Evaluating reaction mbs_450 (443/491)...
        [31m✗ Skipped reaction synthesis (missing molecule synthesis subproblem failed).[0m
      Evaluating reaction mbs_451 (444/491)...
[Problem → Reactions] Found 3928 reactions, 250 molecules.
      [32m✓ All goal molecules found.[0m
      [32m✓ All goal reactions found.[0m
        [32m✓ Target reaction successfully synthesized in 9.0s![0m
      Evaluating reaction mbs_452 (445/491)...
[Problem → Reactions] Found 815 reactions, 250 molecules.
      [32m✓ All goal molecules found.[0m
      [32m✓ All goal reactions found.[0m
        [32m✓ Target reaction successfully synthesized in 2.23s![0m
      Evaluating reaction mbs_453 (446/491)...
[Problem → Reactions] Found 864 reactions, 250 molecules.
      [32m✓ All goal molecules found.[0m
      [32m✓ All goal reactions found.[0m
        [32m✓ Target reaction successfully synthesized in 4.69s![0m
      Evaluating reaction mbs_454 (447/491)...
[Problem → Reactions] Found 594 reactions, 250 molecules.
      [32m✓ All goal molecules found.[0m
      [32m✓ All goal reactions found.[0m
        [32m✓ Target reaction successfully synthesized in 4.35s![0m
      Evaluating reaction mbs_455 (448/491)...
[Problem → Reactions] Found 1724 reactions, 250 molecules.
      [32m✓ All goal molecules found.[0m
      [32m✓ All goal reactions found.[0m
        [32m✓ Target reaction successfully synthesized in 6.77s![0m
      Evaluating reaction mbs_456 (449/491)...
[Problem → Reactions] Found 3722 reactions, 250 molecules.
      [32m✓ All goal molecules found.[0m
      [32m✓ All goal reactions found.[0m
        [32m✓ Target reaction successfully synthesized in 8.46s![0m
      Evaluating reaction mbs_457 (450/491)...
        [31m✗ Skipped reaction synthesis (missing molecule synthesis subproblem failed).[0m
      Evaluating reaction mbs_458 (451/491)...
[Problem → Reactions] Found 1596 reactions, 250 molecules.
      [32m✓ All goal molecules found.[0m
      [32m✓ All goal reactions found.[0m
        [32m✓ Target reaction successfully synthesized in 5.36s![0m
      Evaluating reaction mbs_459 (452/491)...
[Problem → Reactions] Found 866 reactions, 250 molecules.
      [32m✓ All goal molecules found.[0m
      [32m✓ All goal reactions found.[0m
        [32m✓ Target reaction successfully synthesized in 4.26s![0m
      Evaluating reaction mbs_460 (453/491)...
[Problem → Reactions] Found 3930 reactions, 250 molecules.
      [32m✓ All goal molecules found.[0m
      [32m✓ All goal reactions found.[0m
        [32m✓ Target reaction successfully synthesized in 8.46s![0m
      Evaluating reaction mbs_461 (454/491)...
[Problem → Reactions] Found 822 reactions, 250 molecules.
      [32m✓ All goal molecules found.[0m
      [32m✓ All goal reactions found.[0m
        [32m✓ Target reaction successfully synthesized in 4.72s![0m
      Evaluating reaction mbs_462 (455/491)...
[Problem → Reactions] Found 803 reactions, 250 molecules.
      [32m✓ All goal molecules found.[0m
      [32m✓ All goal reactions found.[0m
        [32m✓ Target reaction successfully synthesized in 2.24s![0m
      Evaluating reaction mbs_463 (456/491)...
[Problem → Reactions] Found 30000 reactions, 250 molecules.
      [32m✓ All goal molecules found.[0m
      [31m✗ Missing goal reactions.[0m
        [31m✗ Synthesis failed or timed out in 75.22s.[0m
      Evaluating reaction mbs_464 (457/491)...
[Problem → Reactions] Found 874 reactions, 250 molecules.
      [32m✓ All goal molecules found.[0m
      [32m✓ All goal reactions found.[0m
        [32m✓ Target reaction successfully synthesized in 4.54s![0m
      Evaluating reaction mbs_465 (458/491)...
[Problem → Reactions] Found 1778 reactions, 250 molecules.
      [32m✓ All goal molecules found.[0m
      [32m✓ All goal reactions found.[0m
        [32m✓ Target reaction successfully synthesized in 6.16s![0m
      Evaluating reaction mbs_466 (459/491)...
[Problem → Reactions] Found 1551 reactions, 250 molecules.
      [32m✓ All goal molecules found.[0m
      [32m✓ All goal reactions found.[0m
        [32m✓ Target reaction successfully synthesized in 3.21s![0m
      Evaluating reaction mbs_467 (460/491)...
[Problem → Reactions] Found 9097 reactions, 250 molecules.
      [32m✓ All goal molecules found.[0m
      [32m✓ All goal reactions found.[0m
        [32m✓ Target reaction successfully synthesized in 10.63s![0m
      Evaluating reaction mbs_468 (461/491)...
[Problem → Reactions] Found 1371 reactions, 250 molecules.
      [32m✓ All goal molecules found.[0m
      [32m✓ All goal reactions found.[0m
        [32m✓ Target reaction successfully synthesized in 0.95s![0m
      Evaluating reaction mbs_469 (462/491)...
[Problem → Reactions] Found 3700 reactions, 250 molecules.
      [32m✓ All goal molecules found.[0m
      [32m✓ All goal reactions found.[0m
        [32m✓ Target reaction successfully synthesized in 10.62s![0m
      Evaluating reaction mbs_470 (463/491)...
[Problem → Reactions] Found 864 reactions, 250 molecules.
      [32m✓ All goal molecules found.[0m
      [32m✓ All goal reactions found.[0m
        [32m✓ Target reaction successfully synthesized in 5.35s![0m
      Evaluating reaction mbs_471 (464/491)...
[Problem → Reactions] Found 1468 reactions, 250 molecules.
      [32m✓ All goal molecules found.[0m
      [32m✓ All goal reactions found.[0m
        [32m✓ Target reaction successfully synthesized in 6.85s![0m
      Evaluating reaction mbs_472 (465/491)...
[Problem → Reactions] Found 30000 reactions, 250 molecules.
      [32m✓ All goal molecules found.[0m
      [31m✗ Missing goal reactions.[0m
        [31m✗ Synthesis failed or timed out in 101.88s.[0m
      Evaluating reaction mbs_473 (466/491)...
[Problem → Reactions] Found 1576 reactions, 250 molecules.
      [32m✓ All goal molecules found.[0m
      [32m✓ All goal reactions found.[0m
        [32m✓ Target reaction successfully synthesized in 6.17s![0m
      Evaluating reaction mbs_474 (467/491)...
[Problem → Reactions] Found 3858 reactions, 250 molecules.
      [32m✓ All goal molecules found.[0m
      [32m✓ All goal reactions found.[0m
        [32m✓ Target reaction successfully synthesized in 9.28s![0m
      Evaluating reaction mbs_476 (468/491)...
[Problem → Reactions] Found 1327 reactions, 250 molecules.
      [32m✓ All goal molecules found.[0m
      [32m✓ All goal reactions found.[0m
        [32m✓ Target reaction successfully synthesized in 1.03s![0m
      Evaluating reaction mbs_477 (469/491)...
[Problem → Reactions] Found 787 reactions, 250 molecules.
      [32m✓ All goal molecules found.[0m
      [32m✓ All goal reactions found.[0m
        [32m✓ Target reaction successfully synthesized in 2.44s![0m
      Evaluating reaction mbs_478 (470/491)...
[Problem → Reactions] Found 803 reactions, 250 molecules.
      [32m✓ All goal molecules found.[0m
      [32m✓ All goal reactions found.[0m
        [32m✓ Target reaction successfully synthesized in 1.63s![0m
      Evaluating reaction mbs_479 (471/491)...
[Problem → Reactions] Found 542 reactions, 250 molecules.
      [32m✓ All goal molecules found.[0m
      [32m✓ All goal reactions found.[0m
        [32m✓ Target reaction successfully synthesized in 6.48s![0m
      Evaluating reaction mbs_480 (472/491)...
[Problem → Reactions] Found 1362 reactions, 250 molecules.
      [32m✓ All goal molecules found.[0m
      [32m✓ All goal reactions found.[0m
        [32m✓ Target reaction successfully synthesized in 5.29s![0m
      Evaluating reaction mbs_481 (473/491)...
[Problem → Reactions] Found 874 reactions, 250 molecules.
      [32m✓ All goal molecules found.[0m
      [32m✓ All goal reactions found.[0m
        [32m✓ Target reaction successfully synthesized in 4.67s![0m
      Evaluating reaction mbs_482 (474/491)...
[Problem → Reactions] Found 4226 reactions, 250 molecules.
      [32m✓ All goal molecules found.[0m
      [32m✓ All goal reactions found.[0m
        [32m✓ Target reaction successfully synthesized in 10.76s![0m
      Evaluating reaction mbs_483 (475/491)...
[Problem → Reactions] Found 1704 reactions, 250 molecules.
      [32m✓ All goal molecules found.[0m
      [32m✓ All goal reactions found.[0m
        [32m✓ Target reaction successfully synthesized in 6.06s![0m
      Evaluating reaction mbs_484 (476/491)...
[Problem → Reactions] Found 1363 reactions, 250 molecules.
      [32m✓ All goal molecules found.[0m
      [32m✓ All goal reactions found.[0m
        [32m✓ Target reaction successfully synthesized in 1.07s![0m
      Evaluating reaction mbs_485 (477/491)...
[Problem → Reactions] Found 1383 reactions, 250 molecules.
      [32m✓ All goal molecules found.[0m
      [32m✓ All goal reactions found.[0m
        [32m✓ Target reaction successfully synthesized in 1.85s![0m
      Evaluating reaction mbs_486 (478/491)...
[Problem → Reactions] Found 675 reactions, 250 molecules.
      [32m✓ All goal molecules found.[0m
      [32m✓ All goal reactions found.[0m
        [32m✓ Target reaction successfully synthesized in 0.75s![0m
      Evaluating reaction mbs_487 (479/491)...
[Problem → Reactions] Found 1678 reactions, 250 molecules.
      [32m✓ All goal molecules found.[0m
      [32m✓ All goal reactions found.[0m
        [32m✓ Target reaction successfully synthesized in 5.72s![0m
      Evaluating reaction mbs_488 (480/491)...
[Problem → Reactions] Found 564 reactions, 250 molecules.
      [32m✓ All goal molecules found.[0m
      [32m✓ All goal reactions found.[0m
        [32m✓ Target reaction successfully synthesized in 6.66s![0m
      Evaluating reaction mbs_489 (481/491)...
[Problem → Reactions] Found 1776 reactions, 250 molecules.
      [32m✓ All goal molecules found.[0m
      [32m✓ All goal reactions found.[0m
        [32m✓ Target reaction successfully synthesized in 7.28s![0m
      Evaluating reaction mbs_490 (482/491)...
[Problem → Reactions] Found 1333 reactions, 250 molecules.
      [32m✓ All goal molecules found.[0m
      [32m✓ All goal reactions found.[0m
        [32m✓ Target reaction successfully synthesized in 0.66s![0m
      Evaluating reaction mbs_491 (483/491)...
[Problem → Reactions] Found 1371 reactions, 250 molecules.
      [32m✓ All goal molecules found.[0m
      [32m✓ All goal reactions found.[0m
        [32m✓ Target reaction successfully synthesized in 0.89s![0m
      Evaluating reaction mbs_492 (484/491)...
[Problem → Reactions] Found 888 reactions, 250 molecules.
      [32m✓ All goal molecules found.[0m
      [32m✓ All goal reactions found.[0m
        [32m✓ Target reaction successfully synthesized in 4.84s![0m
      Evaluating reaction mbs_493 (485/491)...
[Problem → Reactions] Found 766 reactions, 250 molecules.
      [32m✓ All goal molecules found.[0m
      [32m✓ All goal reactions found.[0m
        [32m✓ Target reaction successfully synthesized in 4.47s![0m
      Evaluating reaction mbs_494 (486/491)...
[Problem → Reactions] Found 1324 reactions, 250 molecules.
      [32m✓ All goal molecules found.[0m
      [32m✓ All goal reactions found.[0m
        [32m✓ Target reaction successfully synthesized in 5.42s![0m
      Evaluating reaction mbs_495 (487/491)...
[Problem → Reactions] Found 1940 reactions, 250 molecules.
      [32m✓ All goal molecules found.[0m
      [32m✓ All goal reactions found.[0m
        [32m✓ Target reaction successfully synthesized in 5.94s![0m
      Evaluating reaction mbs_496 (488/491)...
[Problem → Reactions] Found 1372 reactions, 250 molecules.
      [32m✓ All goal molecules found.[0m
      [32m✓ All goal reactions found.[0m
        [32m✓ Target reaction successfully synthesized in 5.54s![0m
      Evaluating reaction mbs_497 (489/491)...
[Problem → Reactions] Found 818 reactions, 250 molecules.
      [32m✓ All goal molecules found.[0m
      [32m✓ All goal reactions found.[0m
        [32m✓ Target reaction successfully synthesized in 5.29s![0m
      Evaluating reaction mbs_498 (490/491)...
[Problem → Reactions] Found 1730 reactions, 250 molecules.
      [32m✓ All goal molecules found.[0m
      [32m✓ All goal reactions found.[0m
        [32m✓ Target reaction successfully synthesized in 7.95s![0m
      Evaluating reaction mbs_499 (491/491)...
[Problem → Reactions] Found 2662 reactions, 250 molecules.
      [32m✓ All goal molecules found.[0m
      [32m✓ All goal reactions found.[0m
        [32m✓ Target reaction successfully synthesized in 6.7s![0m

      Synthesis Performance (Metric: tanimoto, Without fragments) on Tractable Subspace:
        - Evaluated runs: 491
        - Success rate:   83.5%
        - Average time:   5.02s

=======================================================
✓ Benchmark results successfully recorded!
  - Run Folder:  /home/puzzl3dtur7le/Workspace/CRNSynthesizer/benchmark/results/2026-06-08_07-10-02
=======================================================
=======================================================
